ID,Node1,Node2,Marker
0,4776,4730,0
1,4776,4611,0
2,4782,4611,0
3,4782,4730,0
4,4782,4776,0
5,4611,4730,0
6,4213,4396,0
7,4213,4308,0
8,4455,4308,0
9,4455,4396,0
10,4455,4213,0
11,4308,4396,0
12,2597,2737,0
13,2597,2540,0
14,2543,2540,0
15,2543,2737,0
16,2543,2597,0
17,2540,2737,0
18,4856,4852,0
19,4856,4707,0
20,4634,4707,0
21,4634,4852,0
22,4634,4856,0
23,4707,4852,0
24,6638,2876,0
25,6638,6647,0
26,2994,6647,0
27,2994,2876,0
28,2994,6638,0
29,6647,2876,0
30,5080,5079,0
31,5080,5049,0
32,5157,5049,0
33,5157,5079,0
34,5157,5080,0
35,5049,5079,0
36,3570,3723,0
37,3570,3534,0
38,3828,3534,0
39,3828,3723,0
40,3828,3570,0
41,3534,3723,0
42,4903,4895,0
43,4903,5013,0
44,4904,5013,0
45,4904,4895,0
46,4904,4903,0
47,5013,4895,0
48,3537,3598,0
49,3537,3475,0
50,3618,3475,0
51,3618,3598,0
52,3618,3537,0
53,3475,3598,0
54,3455,4096,0
55,3455,4101,0
56,3808,4101,0
57,3808,4096,0
58,3808,3455,0
59,4101,4096,0
60,4177,4281,0
61,4177,4219,0
62,4354,4219,1
63,4354,4281,0
64,4354,4177,0
65,4219,4281,0
66,4937,4790,0
67,4937,4701,0
68,4620,4701,0
69,4620,4790,0
70,4620,4937,0
71,4701,4790,0
72,5390,5244,0
73,5390,5033,0
74,4775,5033,0
75,4775,5244,0
76,4775,5390,0
77,5033,5244,0
78,6247,6525,0
79,6247,6376,0
80,6467,6376,0
81,6467,6525,0
82,6467,6247,0
83,6376,6525,0
84,758,787,0
85,758,772,0
86,569,772,0
87,569,787,0
88,569,758,0
89,772,787,0
90,3249,3046,0
91,3249,3106,0
92,3222,3106,0
93,3222,3046,0
94,3222,3249,0
95,3106,3046,0
96,3581,3578,0
97,3581,3373,0
98,3588,3373,0
99,3588,3578,0
100,3588,3581,0
101,3373,3578,0
102,4554,4648,0
103,4554,4736,0
104,4542,4736,0
105,4542,4648,0
106,4542,4554,0
107,4736,4648,0
108,3436,3288,0
109,3436,3148,0
110,3245,3148,0
111,3245,3288,0
112,3245,3436,0
113,3148,3288,0
114,4049,4128,0
115,4049,4051,0
116,4088,4051,0
117,4088,4128,0
118,4088,4049,0
119,4051,4128,0
120,2611,2517,0
121,2611,2716,0
122,2607,2716,0
123,2607,2517,0
124,2607,2611,0
125,2716,2517,0
126,3617,3801,0
127,3617,3638,0
128,3678,3638,0
129,3678,3801,0
130,3678,3617,0
131,3638,3801,0
132,1016,1060,0
133,1016,884,1
134,923,884,0
135,923,1060,0
136,923,1016,0
137,884,1060,0
138,2128,2119,0
139,2128,2415,0
140,2057,2415,0
141,2057,2119,0
142,2057,2128,0
143,2415,2119,0
144,2155,2054,0
145,2155,2126,0
146,2140,2126,0
147,2140,2054,0
148,2140,2155,0
149,2126,2054,0
150,3338,3478,0
151,3338,3628,0
152,3619,3628,0
153,3619,3478,0
154,3619,3338,0
155,3628,3478,0
156,1662,1658,0
157,1662,1335,0
158,1594,1335,0
159,1594,1658,0
160,1594,1662,0
161,1335,1658,0
162,2040,2423,0
163,2040,2365,0
164,2234,2365,0
165,2234,2423,0
166,2234,2040,0
167,2365,2423,0
168,1755,1750,0
169,1755,1954,0
170,1821,1954,0
171,1821,1750,0
172,1821,1755,0
173,1954,1750,0
174,4604,4557,0
175,4604,4540,0
176,4707,4540,0
177,4707,4557,0
178,4707,4604,0
179,4540,4557,0
180,2258,2188,0
181,2258,2194,0
182,2226,2194,0
183,2226,2188,0
184,2226,2258,0
185,2194,2188,0
186,3239,3570,0
187,3239,3342,0
188,3536,3342,0
189,3536,3570,0
190,3536,3239,0
191,3342,3570,0
192,2992,2995,0
193,2992,2878,0
194,2753,2878,0
195,2753,2995,0
196,2753,2992,0
197,2878,2995,0
198,3299,3253,0
199,3299,3327,0
200,3476,3327,0
201,3476,3253,0
202,3476,3299,0
203,3327,3253,0
204,2481,2614,0
205,2481,2475,0
206,2442,2475,0
207,2442,2614,0
208,2442,2481,0
209,2475,2614,0
210,933,1065,0
211,933,1132,0
212,1118,1132,0
213,1118,1065,0
214,1118,933,0
215,1132,1065,0
216,3144,2883,0
217,3144,2798,0
218,3152,2798,0
219,3152,2883,0
220,3152,3144,0
221,2798,2883,0
222,6030,6066,0
223,6030,6014,0
224,5907,6014,0
225,5907,6066,0
226,5907,6030,0
227,6014,6066,0
228,3674,3562,0
229,3674,3557,0
230,3795,3557,0
231,3795,3562,0
232,3795,3674,0
233,3557,3562,0
234,6211,6500,0
235,6211,6167,0
236,6320,6167,0
237,6320,6500,0
238,6320,6211,0
239,6167,6500,0
240,2112,2150,0
241,2112,2322,0
242,2315,2322,0
243,2315,2150,0
244,2315,2112,0
245,2322,2150,0
246,716,935,0
247,716,779,0
248,919,779,0
249,919,935,0
250,919,716,0
251,779,935,0
252,5958,5995,0
253,5958,6093,0
254,6101,6093,0
255,6101,5995,0
256,6101,5958,0
257,6093,5995,0
258,643,476,0
259,643,317,0
260,406,317,0
261,406,476,0
262,406,643,0
263,317,476,0
264,2370,2500,0
265,2370,2744,0
266,2472,2744,0
267,2472,2500,0
268,2472,2370,0
269,2744,2500,0
270,688,827,0
271,688,817,0
272,698,817,0
273,698,827,0
274,698,688,0
275,817,827,0
276,3778,3859,0
277,3778,3926,0
278,3881,3926,0
279,3881,3859,0
280,3881,3778,0
281,3926,3859,0
282,1762,6595,0
283,1762,1868,0
284,1743,1868,0
285,1743,6595,0
286,1743,1762,0
287,1868,6595,0
288,6550,5041,0
289,6550,5042,0
290,5264,5042,0
291,5264,5041,0
292,5264,6550,0
293,5042,5041,0
294,6103,6294,0
295,6103,6140,0
296,6115,6140,0
297,6115,6294,0
298,6115,6103,0
299,6140,6294,0
300,2338,2359,0
301,2338,2383,0
302,2147,2383,0
303,2147,2359,0
304,2147,2338,0
305,2383,2359,0
306,5281,5346,0
307,5281,5472,0
308,5251,5472,0
309,5251,5346,0
310,5251,5281,0
311,5472,5346,0
312,2464,2544,0
313,2464,2368,0
314,2297,2368,0
315,2297,2544,0
316,2297,2464,0
317,2368,2544,0
318,4776,4755,0
319,4776,4522,0
320,4730,4522,0
321,4730,4755,0
322,4522,4755,0
323,2125,2183,0
324,2125,2074,0
325,2149,2074,0
326,2149,2183,0
327,2149,2125,0
328,2074,2183,0
329,1397,1412,0
330,1397,1244,0
331,1274,1244,0
332,1274,1412,0
333,1274,1397,0
334,1244,1412,0
335,3393,3486,1
336,3393,3483,0
337,3430,3483,0
338,3430,3486,1
339,3430,3393,1
340,3483,3486,0
341,6224,6064,0
342,6224,5588,0
343,6201,5588,0
344,6201,6064,0
345,6201,6224,0
346,5588,6064,0
347,2439,2128,0
348,2439,2387,0
349,2373,2387,0
350,2373,2128,0
351,2373,2439,0
352,2387,2128,0
353,1748,1636,0
354,1748,1679,0
355,1655,1679,0
356,1655,1636,0
357,1655,1748,0
358,1679,1636,1
359,5201,5279,0
360,5201,5360,0
361,5284,5360,0
362,5284,5279,0
363,5284,5201,0
364,5360,5279,0
365,3181,3071,0
366,3181,3479,0
367,3441,3479,0
368,3441,3071,0
369,3441,3181,0
370,3479,3071,0
371,246,54,1
372,246,6525,0
373,6160,6525,0
374,6160,54,1
375,6160,246,1
376,6525,54,0
377,2713,3028,0
378,2713,3658,0
379,3791,3658,1
380,3791,3028,0
381,3791,2713,0
382,3658,3028,0
383,2776,2539,0
384,2776,2879,0
385,2544,2879,0
386,2544,2539,0
387,2544,2776,0
388,2879,2539,0
389,2409,2366,0
390,2409,2259,0
391,2134,2259,0
392,2134,2366,0
393,2134,2409,0
394,2259,2366,0
395,5147,5061,0
396,5147,5143,0
397,4882,5143,0
398,4882,5061,0
399,4882,5147,0
400,5143,5061,0
401,192,427,0
402,192,246,0
403,6376,246,1
404,6376,427,0
405,6376,192,0
406,246,427,0
407,450,240,0
408,450,124,0
409,6402,124,0
410,6402,240,0
411,6402,450,0
412,124,240,0
413,6518,6522,0
414,6518,11,0
415,6320,11,0
416,6320,6522,0
417,6320,6518,0
418,11,6522,0
419,3861,3974,0
420,3861,3783,0
421,3801,3783,0
422,3801,3974,0
423,3801,3861,0
424,3783,3974,0
425,3323,3442,0
426,3323,3359,0
427,3316,3359,0
428,3316,3442,0
429,3316,3323,0
430,3359,3442,0
431,6662,4052,0
432,6662,4303,0
433,4268,4303,0
434,4268,4052,0
435,4268,6662,0
436,4303,4052,0
437,3346,3219,0
438,3346,3448,0
439,3504,3448,0
440,3504,3219,0
441,3504,3346,0
442,3448,3219,0
443,2974,3057,0
444,2974,3102,0
445,3233,3102,0
446,3233,3057,0
447,3233,2974,0
448,3102,3057,0
449,3749,3751,0
450,3749,3810,0
451,3666,3810,0
452,3666,3751,0
453,3666,3749,0
454,3810,3751,0
455,2977,2756,0
456,2977,3103,0
457,3564,3103,0
458,3564,2756,0
459,3564,2977,0
460,3103,2756,0
461,3671,3726,0
462,3671,3952,0
463,3730,3952,0
464,3730,3726,0
465,3730,3671,0
466,3952,3726,0
467,2809,2802,0
468,2809,2775,0
469,2984,2775,0
470,2984,2802,0
471,2984,2809,0
472,2775,2802,0
473,711,674,0
474,711,746,0
475,792,746,0
476,792,674,0
477,792,711,0
478,746,674,0
479,4645,4602,0
480,4645,4555,0
481,4748,4555,0
482,4748,4602,0
483,4748,4645,0
484,4555,4602,0
485,5719,5705,0
486,5719,5608,0
487,5645,5608,0
488,5645,5705,0
489,5645,5719,0
490,5608,5705,0
491,5431,5622,0
492,5431,5713,0
493,5704,5713,0
494,5704,5622,0
495,5704,5431,0
496,5713,5622,0
497,2158,2151,0
498,2158,2510,0
499,2603,2510,0
500,2603,2151,0
501,2603,2158,0
502,2510,2151,0
503,302,90,0
504,302,268,0
505,121,268,0
506,121,90,0
507,121,302,0
508,268,90,0
509,3848,3797,0
510,3848,4082,1
511,3679,4082,1
512,3679,3797,0
513,3679,3848,1
514,4082,3797,0
515,3603,4407,0
516,3603,3792,0
517,3296,3792,0
518,3296,4407,0
519,3296,3603,0
520,3792,4407,0
521,5663,5557,1
522,5663,5628,0
523,5463,5628,0
524,5463,5557,0
525,5463,5663,0
526,5628,5557,0
527,4361,4294,0
528,4361,4434,0
529,4265,4434,0
530,4265,4294,0
531,4265,4361,0
532,4434,4294,0
533,4378,4375,0
534,4378,4590,0
535,4519,4590,0
536,4519,4375,0
537,4519,4378,0
538,4590,4375,0
539,4737,4645,0
540,4737,4595,0
541,4660,4595,0
542,4660,4645,0
543,4660,4737,0
544,4595,4645,0
545,4395,4346,0
546,4395,4442,0
547,4370,4442,0
548,4370,4346,0
549,4370,4395,0
550,4442,4346,0
551,2501,2787,0
552,2501,2817,0
553,2841,2817,0
554,2841,2787,0
555,2841,2501,0
556,2817,2787,0
557,962,985,0
558,962,1158,0
559,986,1158,0
560,986,985,0
561,986,962,0
562,1158,985,0
563,6087,6287,0
564,6087,6163,0
565,6318,6163,0
566,6318,6287,0
567,6318,6087,0
568,6163,6287,0
569,2703,2936,0
570,2703,2754,0
571,2788,2754,0
572,2788,2936,0
573,2788,2703,0
574,2754,2936,0
575,3685,3725,0
576,3685,3900,0
577,3613,3900,0
578,3613,3725,0
579,3613,3685,0
580,3900,3725,0
581,1392,1620,0
582,1392,1645,0
583,1668,1645,0
584,1668,1620,0
585,1668,1392,0
586,1645,1620,0
587,3724,3690,0
588,3724,3576,0
589,3543,3576,0
590,3543,3690,0
591,3543,3724,0
592,3576,3690,0
593,4004,4178,0
594,4004,4001,0
595,4151,4001,0
596,4151,4178,0
597,4151,4004,0
598,4001,4178,0
599,4330,4119,0
600,4330,4414,0
601,4632,4414,0
602,4632,4119,0
603,4632,4330,0
604,4414,4119,0
605,5218,5391,0
606,5218,5117,0
607,6690,5117,0
608,6690,5391,0
609,6690,5218,0
610,5117,5391,0
611,2339,2428,0
612,2339,2287,0
613,2163,2287,0
614,2163,2428,0
615,2163,2339,0
616,2287,2428,0
617,4014,4163,0
618,4014,4059,0
619,4208,4059,0
620,4208,4163,0
621,4208,4014,0
622,4059,4163,0
623,1248,1327,0
624,1248,1162,0
625,1141,1162,0
626,1141,1327,0
627,1141,1248,0
628,1162,1327,0
629,4936,5028,0
630,4936,4904,0
631,4808,4904,0
632,4808,5028,0
633,4808,4936,0
634,4904,5028,0
635,4193,4533,0
636,4193,4522,0
637,4262,4522,0
638,4262,4533,0
639,4262,4193,0
640,4522,4533,0
641,3979,4069,0
642,3979,3966,0
643,4001,3966,0
644,4001,4069,0
645,4001,3979,0
646,3966,4069,0
647,1962,1948,0
648,1962,2016,0
649,1996,2016,0
650,1996,1948,0
651,1996,1962,0
652,2016,1948,0
653,6214,6152,0
654,6214,6109,0
655,5996,6109,0
656,5996,6152,0
657,5996,6214,0
658,6109,6152,0
659,2242,2028,0
660,2242,2206,0
661,2213,2206,0
662,2213,2028,0
663,2213,2242,0
664,2206,2028,0
665,2206,1979,0
666,2206,2212,0
667,1957,2212,0
668,1957,1979,0
669,1957,2206,0
670,2212,1979,0
671,3645,3532,0
672,3645,3693,0
673,3554,3693,0
674,3554,3532,0
675,3554,3645,0
676,3693,3532,0
677,2121,2199,0
678,2121,2337,0
679,2372,2337,0
680,2372,2199,0
681,2372,2121,0
682,2337,2199,0
683,4967,4727,0
684,4967,4671,0
685,4024,4671,0
686,4024,4727,0
687,4024,4967,0
688,4671,4727,0
689,3051,2825,0
690,3051,2983,0
691,2932,2983,0
692,2932,2825,0
693,2932,3051,0
694,2983,2825,0
695,4048,3788,0
696,4048,3707,0
697,3723,3707,0
698,3723,3788,0
699,3723,4048,0
700,3707,3788,0
701,3892,3970,0
702,3892,4234,0
703,4227,4234,0
704,4227,3970,0
705,4227,3892,0
706,4234,3970,0
707,3185,3316,0
708,3185,3250,0
709,3313,3250,0
710,3313,3316,0
711,3313,3185,0
712,3250,3316,0
713,1357,1329,1
714,1357,1452,0
715,1564,1452,0
716,1564,1329,1
717,1564,1357,1
718,1452,1329,0
719,646,200,0
720,646,719,0
721,341,719,0
722,341,200,0
723,341,646,0
724,719,200,0
725,4682,4770,0
726,4682,4697,0
727,4724,4697,0
728,4724,4770,0
729,4724,4682,0
730,4697,4770,0
731,1773,1744,0
732,1773,1696,0
733,1930,1696,0
734,1930,1744,0
735,1930,1773,0
736,1696,1744,0
737,2813,2938,0
738,2813,2971,0
739,2782,2971,0
740,2782,2938,0
741,2782,2813,0
742,2971,2938,0
743,3544,3698,0
744,3544,3542,0
745,3617,3542,0
746,3617,3698,0
747,3617,3544,0
748,3542,3698,0
749,6715,83,0
750,6715,6492,0
751,93,6492,0
752,93,83,0
753,93,6715,0
754,6492,83,0
755,1300,1355,0
756,1300,6585,0
757,1424,6585,0
758,1424,1355,0
759,1424,1300,0
760,6585,1355,0
761,4880,4414,0
762,4880,4894,0
763,4429,4894,0
764,4429,4414,0
765,4429,4880,0
766,4894,4414,0
767,5666,5916,0
768,5666,6439,0
769,6175,6439,0
770,6175,5916,0
771,6175,5666,0
772,6439,5916,0
773,4480,4692,0
774,4480,4749,0
775,4574,4749,0
776,4574,4692,0
777,4574,4480,0
778,4749,4692,0
779,6082,6312,0
780,6082,6242,0
781,6215,6242,0
782,6215,6312,0
783,6215,6082,0
784,6242,6312,0
785,4193,4187,0
786,4193,4249,0
787,4415,4249,0
788,4415,4187,0
789,4415,4193,0
790,4249,4187,0
791,2756,2521,0
792,2756,3202,0
793,1778,3202,0
794,1778,2521,0
795,1778,2756,0
796,3202,2521,0
797,4569,4309,0
798,4569,4174,0
799,4459,4174,0
800,4459,4309,0
801,4459,4569,0
802,4174,4309,0
803,4854,6680,0
804,4854,5024,0
805,4747,5024,0
806,4747,6680,0
807,4747,4854,0
808,5024,6680,0
809,2689,2529,0
810,2689,2697,0
811,2781,2697,0
812,2781,2529,0
813,2781,2689,0
814,2697,2529,0
815,3457,3533,0
816,3457,3229,0
817,3325,3229,0
818,3325,3533,0
819,3325,3457,0
820,3229,3533,0
821,3120,3191,0
822,3120,3197,0
823,2899,3197,0
824,2899,3191,0
825,2899,3120,0
826,3197,3191,0
827,4559,4391,0
828,4559,4600,0
829,4502,4600,0
830,4502,4391,0
831,4502,4559,0
832,4600,4391,0
833,5516,5714,0
834,5516,5300,0
835,5538,5300,0
836,5538,5714,0
837,5538,5516,0
838,5300,5714,0
839,1848,1644,0
840,1848,1839,0
841,1685,1839,0
842,1685,1644,0
843,1685,1848,0
844,1839,1644,0
845,4957,4904,0
846,4957,5013,0
847,4957,4895,0
848,4874,4934,0
849,4874,4885,0
850,4796,4885,0
851,4796,4934,0
852,4796,4874,0
853,4885,4934,0
854,3196,3201,0
855,3196,3263,0
856,3354,3263,0
857,3354,3201,0
858,3354,3196,0
859,3263,3201,0
860,1561,1647,0
861,1561,1604,0
862,1597,1604,0
863,1597,1647,0
864,1597,1561,0
865,1604,1647,0
866,4034,3880,0
867,4034,3840,0
868,3871,3840,0
869,3871,3880,0
870,3871,4034,0
871,3840,3880,0
872,6119,6061,0
873,6119,6189,0
874,6106,6189,0
875,6106,6061,0
876,6106,6119,0
877,6189,6061,0
878,1588,1591,0
879,1588,1688,0
880,1471,1688,0
881,1471,1591,0
882,1471,1588,0
883,1688,1591,0
884,4834,4819,0
885,4834,4698,0
886,4585,4698,0
887,4585,4819,0
888,4585,4834,0
889,4698,4819,0
890,5191,5055,0
891,5191,5159,0
892,5211,5159,0
893,5211,5055,0
894,5211,5191,0
895,5159,5055,0
896,2327,2442,0
897,2327,2485,0
898,2562,2485,0
899,2562,2442,0
900,2562,2327,0
901,2485,2442,0
902,5807,5713,0
903,5807,5767,0
904,5777,5767,0
905,5777,5713,0
906,5777,5807,0
907,5767,5713,0
908,180,179,0
909,180,86,0
910,6483,86,0
911,6483,179,0
912,6483,180,0
913,86,179,0
914,2592,2519,0
915,2592,2341,0
916,2507,2341,0
917,2507,2519,0
918,2507,2592,0
919,2341,2519,0
920,3619,3635,0
921,3409,3628,0
922,3409,3635,0
923,3409,3619,0
924,3628,3635,0
925,4072,4094,0
926,4072,3981,0
927,4190,3981,0
928,4190,4094,0
929,4190,4072,0
930,3981,4094,0
931,1944,1932,0
932,1944,1753,0
933,2002,1753,0
934,2002,1932,0
935,2002,1944,0
936,1753,1932,0
937,1791,1897,0
938,1791,1884,0
939,1700,1884,0
940,1700,1897,0
941,1700,1791,0
942,1884,1897,0
943,1507,1806,0
944,1507,1782,0
945,1557,1782,0
946,1557,1806,0
947,1557,1507,0
948,1782,1806,0
949,925,731,0
950,925,643,0
951,747,643,0
952,747,731,0
953,747,925,0
954,643,731,0
955,2930,2955,0
956,2930,2811,0
957,2985,2811,0
958,2985,2955,0
959,2985,2930,0
960,2811,2955,0
961,4990,5137,0
962,4990,5010,0
963,5016,5010,0
964,5016,5137,0
965,5016,4990,0
966,5010,5137,0
967,2725,2764,0
968,2725,2912,0
969,2786,2912,0
970,2786,2764,0
971,2786,2725,0
972,2912,2764,0
973,5144,5008,0
974,5144,4957,0
975,5133,4957,0
976,5133,5008,0
977,5133,5144,0
978,4957,5008,0
979,1826,1896,0
980,1826,1841,0
981,1792,1841,0
982,1792,1896,0
983,1792,1826,0
984,1841,1896,0
985,3540,3724,0
986,3540,3730,0
987,3775,3730,0
988,3775,3724,0
989,3775,3540,0
990,3730,3724,0
991,3500,3734,0
992,3500,3683,0
993,3580,3683,0
994,3580,3734,0
995,3580,3500,0
996,3683,3734,0
997,4159,4098,0
998,4159,3889,0
999,4068,3889,0
1000,4068,4098,0
1001,4068,4159,0
1002,3889,4098,0
1003,2662,2818,0
1004,2662,2681,0
1005,2668,2681,0
1006,2668,2818,0
1007,2668,2662,0
1008,2681,2818,0
1009,2782,3164,0
1010,2782,3215,0
1011,2949,3215,0
1012,2949,3164,0
1013,2949,2782,0
1014,3215,3164,0
1015,4171,3898,0
1016,4171,3936,0
1017,4001,3936,0
1018,4001,3898,0
1019,4001,4171,0
1020,3936,3898,0
1021,3196,3203,0
1022,3161,3354,0
1023,3161,3203,0
1024,3161,3196,0
1025,3354,3203,0
1026,3960,3993,0
1027,3960,4037,0
1028,4030,4037,0
1029,4030,3993,0
1030,4030,3960,0
1031,4037,3993,0
1032,4183,4177,0
1033,4183,4080,0
1034,4147,4080,0
1035,4147,4177,0
1036,4147,4183,0
1037,4080,4177,0
1038,3249,3270,0
1039,3228,3106,0
1040,3228,3270,0
1041,3228,3249,0
1042,3106,3270,0
1043,5865,5764,0
1044,5865,5819,0
1045,5983,5819,0
1046,5983,5764,0
1047,5983,5865,0
1048,5819,5764,0
1049,2452,2403,0
1050,2452,2248,0
1051,2275,2248,0
1052,2275,2403,0
1053,2275,2452,0
1054,2248,2403,0
1055,3458,3198,0
1056,3458,3352,0
1057,3438,3352,0
1058,3438,3198,0
1059,3438,3458,0
1060,3352,3198,0
1061,4666,4599,0
1062,4666,4613,0
1063,4618,4613,0
1064,4618,4599,0
1065,4618,4666,0
1066,4613,4599,0
1067,3401,3703,0
1068,3401,3628,0
1069,3619,3703,0
1070,3619,3401,0
1071,3628,3703,0
1072,388,1047,0
1073,388,1004,0
1074,1034,1004,0
1075,1034,1047,0
1076,1034,388,0
1077,1004,1047,0
1078,4072,4116,0
1079,4072,4021,0
1080,4085,4021,0
1081,4085,4116,0
1082,4085,4072,0
1083,4021,4116,0
1084,3605,3486,0
1085,3605,3744,0
1086,3483,3744,0
1087,3483,3605,0
1088,3744,3486,0
1089,680,564,0
1090,680,719,0
1091,800,719,0
1092,800,564,0
1093,800,680,0
1094,719,564,0
1095,6677,6673,0
1096,6677,4561,0
1097,6670,4561,0
1098,6670,6673,0
1099,6670,6677,0
1100,4561,6673,0
1101,3570,3707,0
1102,3828,3707,0
1103,2691,2414,0
1104,2691,2523,0
1105,2533,2523,0
1106,2533,2414,0
1107,2533,2691,0
1108,2523,2414,0
1109,6422,6708,0
1110,6422,6020,0
1111,5820,6020,0
1112,5820,6708,0
1113,5820,6422,0
1114,6020,6708,0
1115,5569,5521,0
1116,5569,5674,0
1117,5476,5674,0
1118,5476,5521,0
1119,5476,5569,0
1120,5674,5521,0
1121,2366,2331,0
1122,2509,2331,0
1123,2509,2259,0
1124,2509,2366,0
1125,2331,2259,0
1126,6498,6495,0
1127,6498,6474,0
1128,6533,6474,0
1129,6533,6495,0
1130,6533,6498,0
1131,6474,6495,0
1132,2369,2276,0
1133,2369,2239,0
1134,2007,2239,0
1135,2007,2276,0
1136,2007,2369,0
1137,2239,2276,0
1138,1245,1301,0
1139,1245,1174,0
1140,1145,1174,0
1141,1145,1301,0
1142,1145,1245,0
1143,1174,1301,0
1144,3333,3476,0
1145,3333,3563,0
1146,3475,3563,0
1147,3475,3476,0
1148,3475,3333,0
1149,3563,3476,0
1150,2689,2801,0
1151,2689,2880,0
1152,2781,2880,0
1153,2781,2801,0
1154,2880,2801,0
1155,2839,2997,0
1156,2839,3071,0
1157,3032,3071,0
1158,3032,2997,0
1159,3032,2839,0
1160,3071,2997,0
1161,2126,2164,0
1162,2126,2099,0
1163,2038,2099,0
1164,2038,2164,0
1165,2038,2126,0
1166,2099,2164,0
1167,2567,2592,0
1168,2567,2519,0
1169,2690,2519,0
1170,2690,2592,0
1171,2690,2567,0
1172,3126,3184,0
1173,3126,2972,0
1174,2978,2972,0
1175,2978,3184,0
1176,2978,3126,0
1177,2972,3184,0
1178,5576,5809,0
1179,5576,5403,0
1180,6041,5403,0
1181,6041,5809,0
1182,6041,5576,0
1183,5403,5809,0
1184,2413,2498,0
1185,2413,2332,0
1186,2769,2332,0
1187,2769,2498,0
1188,2769,2413,0
1189,2332,2498,0
1190,5342,5296,0
1191,5342,5286,0
1192,5072,5286,0
1193,5072,5296,0
1194,5072,5342,0
1195,5286,5296,0
1196,4459,4535,0
1197,4459,4349,0
1198,4360,4349,0
1199,4360,4535,0
1200,4360,4459,0
1201,4349,4535,0
1202,2167,2084,0
1203,2167,2568,0
1204,2362,2568,0
1205,2362,2084,0
1206,2362,2167,0
1207,2568,2084,1
1208,1191,1356,0
1209,1191,1274,0
1210,1137,1274,0
1211,1137,1356,0
1212,1137,1191,0
1213,1274,1356,0
1214,1647,1773,0
1215,1647,1744,0
1216,1691,1744,0
1217,1691,1773,0
1218,1691,1647,0
1219,2927,3453,0
1220,2927,4422,0
1221,4184,4422,0
1222,4184,3453,0
1223,4184,2927,0
1224,4422,3453,0
1225,942,737,0
1226,942,927,0
1227,823,927,0
1228,823,737,0
1229,823,942,0
1230,927,737,0
1231,2091,2067,0
1232,2091,1992,0
1233,1963,1992,0
1234,1963,2067,0
1235,1963,2091,1
1236,1992,2067,0
1237,3201,3121,0
1238,3263,3121,0
1239,3121,3354,0
1240,4073,4294,0
1241,4073,4195,0
1242,4276,4195,0
1243,4276,4294,0
1244,4276,4073,0
1245,4195,4294,0
1246,931,614,0
1247,931,666,0
1248,693,666,0
1249,693,614,0
1250,693,931,0
1251,666,614,0
1252,2594,2104,0
1253,2594,2488,0
1254,2132,2488,0
1255,2132,2104,0
1256,2132,2594,0
1257,2488,2104,0
1258,5832,5739,0
1259,5832,5750,0
1260,5930,5750,0
1261,5930,5739,0
1262,5930,5832,0
1263,5750,5739,0
1264,4507,4297,0
1265,4507,4492,0
1266,4370,4492,0
1267,4370,4297,0
1268,4370,4507,0
1269,4492,4297,0
1270,4681,4801,0
1271,4681,4714,0
1272,4688,4714,0
1273,4688,4801,0
1274,4688,4681,0
1275,4714,4801,0
1276,4159,4183,0
1277,4159,3950,0
1278,4098,3950,0
1279,4098,4183,0
1280,3950,4183,0
1281,4235,4061,0
1282,4235,4134,0
1283,4089,4134,0
1284,4089,4061,0
1285,4089,4235,0
1286,4134,4061,0
1287,2793,2614,0
1288,2793,2562,0
1289,2589,2562,0
1290,2589,2614,0
1291,2589,2793,0
1292,2562,2614,0
1293,4241,4033,0
1294,4241,4005,0
1295,4020,4005,0
1296,4020,4033,0
1297,4020,4241,0
1298,4005,4033,0
1299,516,602,0
1300,516,316,0
1301,486,316,0
1302,486,602,0
1303,486,516,0
1304,316,602,0
1305,1123,1157,0
1306,1123,633,0
1307,1181,633,0
1308,1181,1157,0
1309,1181,1123,0
1310,633,1157,0
1311,3647,3440,0
1312,3647,3666,0
1313,3504,3666,0
1314,3504,3440,0
1315,3504,3647,0
1316,3666,3440,0
1317,6604,1976,0
1318,6604,1972,0
1319,1695,1972,0
1320,1695,1976,0
1321,1695,6604,0
1322,1972,1976,0
1323,5948,5796,0
1324,5948,5525,0
1325,5979,5525,0
1326,5979,5796,0
1327,5979,5948,0
1328,5525,5796,0
1329,2167,2006,0
1330,2019,2006,0
1331,2019,2084,0
1332,2019,2167,0
1333,2006,2084,0
1334,4693,4487,0
1335,4693,4504,0
1336,4672,4504,0
1337,4672,4487,0
1338,4672,4693,0
1339,4504,4487,0
1340,6530,113,0
1341,6530,101,0
1342,359,101,0
1343,359,113,0
1344,359,6530,0
1345,101,113,0
1346,4745,4594,0
1347,4745,4460,0
1348,4598,4460,0
1349,4598,4594,0
1350,4598,4745,0
1351,4460,4594,0
1352,6227,6090,0
1353,6227,6232,0
1354,6360,6232,0
1355,6360,6090,0
1356,6360,6227,0
1357,6232,6090,0
1358,4395,4377,0
1359,4442,4377,1
1360,4370,4377,0
1361,4580,4593,0
1362,4580,4512,0
1363,4610,4512,0
1364,4610,4593,0
1365,4610,4580,0
1366,4512,4593,0
1367,91,136,0
1368,91,6460,0
1369,25,6460,0
1370,25,136,0
1371,25,91,0
1372,6460,136,0
1373,2911,2961,0
1374,2911,2897,0
1375,3154,2897,0
1376,3154,2961,0
1377,3154,2911,0
1378,2897,2961,0
1379,4037,4213,0
1380,4037,4112,0
1381,4126,4112,0
1382,4126,4213,0
1383,4126,4037,0
1384,4112,4213,0
1385,3574,3305,0
1386,3574,3497,0
1387,3129,3497,0
1388,3129,3305,0
1389,3129,3574,0
1390,3497,3305,0
1391,1762,1784,0
1392,1743,1784,0
1393,1784,1868,0
1394,2455,2053,0
1395,2455,1989,0
1396,1855,1989,0
1397,1855,2053,0
1398,1855,2455,0
1399,1989,2053,0
1400,4335,4441,0
1401,4335,4183,0
1402,4177,4441,0
1403,4177,4335,0
1404,4183,4441,0
1405,5859,5537,0
1406,5859,208,0
1407,5500,208,0
1408,5500,5537,0
1409,5500,5859,0
1410,208,5537,0
1411,1101,1025,0
1412,1101,1153,0
1413,1201,1153,0
1414,1201,1025,0
1415,1201,1101,0
1416,1153,1025,0
1417,6610,3190,0
1418,6610,6665,0
1419,6642,6665,0
1420,6642,3190,0
1421,6642,6610,0
1422,6665,3190,0
1423,3767,3861,0
1424,3767,4095,0
1425,3801,4095,0
1426,3801,3767,0
1427,4095,3861,0
1428,5736,5805,0
1429,5736,5846,0
1430,5619,5846,0
1431,5619,5805,0
1432,5619,5736,0
1433,5846,5805,0
1434,1530,1338,0
1435,1530,1330,0
1436,1408,1330,0
1437,1408,1338,0
1438,1408,1530,0
1439,1330,1338,0
1440,812,862,0
1441,812,605,0
1442,624,605,1
1443,624,862,1
1444,624,812,0
1445,605,862,1
1446,1898,1944,0
1447,1898,1756,0
1448,1753,1756,0
1449,1753,1898,0
1450,1756,1944,0
1451,4091,3995,0
1452,4091,4054,0
1453,4233,4054,0
1454,4233,3995,0
1455,4233,4091,0
1456,4054,3995,0
1457,3054,2873,0
1458,3054,2991,0
1459,3058,2991,0
1460,3058,2873,0
1461,3058,3054,0
1462,2991,2873,0
1463,4676,4328,0
1464,4676,4458,0
1465,4568,4458,0
1466,4568,4328,0
1467,4568,4676,0
1468,4458,4328,0
1469,4676,4635,0
1470,4568,4635,0
1471,4328,4635,0
1472,4572,4639,0
1473,4572,4130,0
1474,4211,4130,0
1475,4211,4639,0
1476,4211,4572,0
1477,4130,4639,0
1478,3867,4059,0
1479,3867,4067,0
1480,3875,4067,0
1481,3875,4059,1
1482,3875,3867,0
1483,4067,4059,0
1484,3843,3894,0
1485,3843,3975,0
1486,4015,3975,0
1487,4015,3894,0
1488,4015,3843,0
1489,3975,3894,0
1490,828,764,0
1491,828,829,0
1492,855,829,0
1493,855,764,0
1494,855,828,0
1495,829,764,0
1496,4043,3797,0
1497,4043,3679,0
1498,4082,4043,1
1499,1130,1074,0
1500,1130,1098,0
1501,1251,1098,0
1502,1251,1074,0
1503,1251,1130,0
1504,1098,1074,0
1505,2023,1812,0
1506,2023,1880,0
1507,1753,1880,0
1508,1753,1812,0
1509,1753,2023,0
1510,1880,1812,0
1511,2849,2937,0
1512,2849,2947,0
1513,2789,2947,0
1514,2789,2937,0
1515,2789,2849,0
1516,2947,2937,0
1517,2384,2484,0
1518,2384,2480,0
1519,2376,2480,0
1520,2376,2484,0
1521,2376,2384,0
1522,2480,2484,0
1523,3211,3197,0
1524,3211,3385,0
1525,3241,3385,0
1526,3241,3197,0
1527,3241,3211,0
1528,3385,3197,0
1529,4436,4251,0
1530,4436,4565,0
1531,3949,4565,0
1532,3949,4251,0
1533,3949,4436,0
1534,4565,4251,0
1535,2908,2885,0
1536,2908,2930,0
1537,3097,2930,0
1538,3097,2885,0
1539,3097,2908,0
1540,2930,2885,0
1541,1671,1611,0
1542,1671,1710,0
1543,1769,1710,0
1544,1769,1611,0
1545,1769,1671,0
1546,1710,1611,0
1547,3402,3401,0
1548,3402,3635,0
1549,3619,3402,0
1550,3635,3401,0
1551,2649,2639,0
1552,2649,2596,0
1553,2517,2596,0
1554,2517,2639,0
1555,2517,2649,0
1556,2596,2639,0
1557,4468,4403,0
1558,4468,4232,0
1559,4305,4232,0
1560,4305,4403,0
1561,4305,4468,0
1562,4232,4403,0
1563,3479,3748,0
1564,3479,3694,0
1565,3706,3694,0
1566,3706,3748,0
1567,3706,3479,0
1568,3694,3748,0
1569,122,4086,0
1570,122,2143,0
1571,5500,2143,0
1572,5500,4086,0
1573,5500,122,0
1574,2143,4086,0
1575,640,392,0
1576,640,553,0
1577,183,553,0
1578,183,392,0
1579,183,640,0
1580,553,392,0
1581,4030,4126,0
1582,4030,4213,0
1583,2386,2420,0
1584,2386,2390,0
1585,2548,2390,0
1586,2548,2420,0
1587,2548,2386,0
1588,2390,2420,0
1589,1534,1536,0
1590,1534,1667,0
1591,1486,1667,0
1592,1486,1536,0
1593,1486,1534,0
1594,1667,1536,0
1595,2052,2070,0
1596,2052,2056,0
1597,2175,2056,0
1598,2175,2070,0
1599,2175,2052,0
1600,2056,2070,0
1601,6680,4821,0
1602,4672,4747,0
1603,4672,4821,0
1604,4672,6680,0
1605,4747,4821,0
1606,2893,2903,0
1607,2893,3083,0
1608,3063,3083,0
1609,3063,2903,0
1610,3063,2893,0
1611,3083,2903,0
1612,172,237,0
1613,172,6456,0
1614,6349,6456,0
1615,6349,237,0
1616,6349,172,0
1617,6456,237,0
1618,2633,2693,0
1619,2633,2724,0
1620,2842,2724,0
1621,2842,2693,0
1622,2842,2633,0
1623,2724,2693,0
1624,1864,1809,0
1625,1864,1845,0
1626,1781,1845,0
1627,1781,1809,0
1628,1781,1864,0
1629,1845,1809,0
1630,4589,4731,0
1631,4589,4705,0
1632,4685,4705,0
1633,4685,4731,0
1634,4685,4589,0
1635,4705,4731,0
1636,4315,4205,0
1637,4315,4290,0
1638,4032,4290,0
1639,4032,4205,0
1640,4032,4315,0
1641,4290,4205,0
1642,1437,1369,0
1643,1437,1308,0
1644,1384,1308,0
1645,1384,1369,0
1646,1384,1437,0
1647,1308,1369,0
1648,3442,3424,0
1649,3442,3365,0
1650,3316,3365,0
1651,3316,3424,0
1652,3365,3424,0
1653,1925,1759,0
1654,1925,1844,0
1655,1824,1844,0
1656,1824,1759,0
1657,1824,1925,0
1658,1844,1759,0
1659,5162,5043,0
1660,5162,5151,0
1661,5119,5151,0
1662,5119,5043,0
1663,5119,5162,0
1664,5151,5043,0
1665,4574,4606,0
1666,4574,4440,0
1667,4733,4440,0
1668,4733,4606,0
1669,4733,4574,0
1670,4440,4606,0
1671,1869,1755,0
1672,1869,1750,0
1673,1923,1750,0
1674,1923,1755,0
1675,1923,1869,0
1676,33,95,0
1677,33,6441,0
1678,24,6441,0
1679,24,95,0
1680,24,33,0
1681,6441,95,0
1682,335,1378,0
1683,335,1846,0
1684,2207,1846,0
1685,2207,1378,0
1686,2207,335,0
1687,1846,1378,0
1688,3788,3819,0
1689,3788,3647,0
1690,3621,3647,0
1691,3621,3819,0
1692,3621,3788,0
1693,3647,3819,0
1694,285,306,0
1695,285,231,0
1696,169,231,0
1697,169,306,0
1698,169,285,0
1699,231,306,0
1700,2804,2676,0
1701,2804,2650,0
1702,2651,2650,0
1703,2651,2676,0
1704,2651,2804,0
1705,2650,2676,0
1706,2555,2746,0
1707,2555,2605,0
1708,2800,2605,0
1709,2800,2746,0
1710,2800,2555,0
1711,2605,2746,0
1712,3289,3397,0
1713,3289,3477,0
1714,3461,3477,0
1715,3461,3397,0
1716,3461,3289,0
1717,3477,3397,0
1718,3200,3122,0
1719,3200,3030,0
1720,3040,3030,0
1721,3040,3122,0
1722,3040,3200,0
1723,3030,3122,0
1724,1441,1464,0
1725,1441,1287,0
1726,1259,1287,0
1727,1259,1464,0
1728,1259,1441,0
1729,1287,1464,0
1730,3597,3616,0
1731,3597,3706,0
1732,3559,3706,0
1733,3559,3616,0
1734,3559,3597,0
1735,3706,3616,0
1736,3350,3048,0
1737,3350,3175,0
1738,3206,3175,0
1739,3206,3048,0
1740,3206,3350,0
1741,3175,3048,0
1742,2639,2395,0
1743,2596,2395,0
1744,2395,2517,0
1745,2865,2900,0
1746,2865,2849,0
1747,2693,2849,0
1748,2693,2900,0
1749,2693,2865,0
1750,2849,2900,0
1751,2587,2469,0
1752,2587,2654,0
1753,2528,2654,0
1754,2528,2469,0
1755,2528,2587,0
1756,2654,2469,0
1757,4533,4598,0
1758,4755,4598,0
1759,4755,4533,0
1760,4522,4598,0
1761,4539,4511,0
1762,4539,4528,0
1763,4642,4528,0
1764,4642,4511,0
1765,4642,4539,0
1766,4528,4511,0
1767,3893,4057,0
1768,3893,4043,0
1769,3797,4057,0
1770,3797,3893,0
1771,4043,4057,0
1772,1394,1258,0
1773,1394,1140,0
1774,1273,1140,0
1775,1273,1258,0
1776,1273,1394,0
1777,1140,1258,0
1778,6038,6118,0
1779,6038,5894,0
1780,5935,5894,0
1781,5935,6118,0
1782,5935,6038,0
1783,5894,6118,0
1784,4677,4515,0
1785,4677,4534,0
1786,4555,4534,0
1787,4555,4515,0
1788,4555,4677,0
1789,4534,4515,0
1790,4837,4962,0
1791,4837,4778,0
1792,5050,4778,0
1793,5050,4962,0
1794,5050,4837,0
1795,4778,4962,0
1796,1766,1767,0
1797,1766,1719,0
1798,1802,1719,0
1799,1802,1767,0
1800,1802,1766,0
1801,1719,1767,0
1802,4056,3937,0
1803,4056,4007,0
1804,3740,4007,0
1805,3740,3937,0
1806,3740,4056,0
1807,4007,3937,0
1808,6424,6357,0
1809,6424,6096,0
1810,6244,6096,0
1811,6244,6357,0
1812,6244,6424,0
1813,6096,6357,0
1814,3670,3629,0
1815,3670,3605,0
1816,3519,3605,0
1817,3519,3629,0
1818,3519,3670,0
1819,3605,3629,0
1820,3746,3609,0
1821,3746,4211,0
1822,3539,4211,0
1823,3539,3609,0
1824,3539,3746,0
1825,4211,3609,0
1826,3605,3729,0
1827,3538,3729,0
1828,3538,3483,0
1829,3538,3605,0
1830,3729,3483,0
1831,2985,3095,0
1832,2985,2866,0
1833,3115,2866,0
1834,3115,3095,0
1835,3115,2985,0
1836,2866,3095,0
1837,4880,4877,0
1838,4880,5272,0
1839,4986,5272,0
1840,4986,4877,0
1841,4986,4880,0
1842,5272,4877,0
1843,5397,4857,1
1844,5397,5145,0
1845,5354,5145,0
1846,5354,4857,1
1847,5354,5397,1
1848,5145,4857,0
1849,2287,2199,0
1850,2205,2163,0
1851,2205,2199,0
1852,2205,2287,0
1853,2163,2199,0
1854,2339,2541,0
1855,2339,2360,0
1856,2287,2360,0
1857,2287,2541,0
1858,2360,2541,0
1859,4147,4281,0
1860,4080,4281,0
1861,4713,4675,0
1862,4713,4663,0
1863,4583,4663,0
1864,4583,4675,0
1865,4583,4713,0
1866,4663,4675,0
1867,2583,2297,0
1868,2583,2182,0
1869,2260,2182,0
1870,2260,2297,0
1871,2260,2583,0
1872,2182,2297,0
1873,2271,1935,0
1874,2271,2422,0
1875,2560,2422,0
1876,2560,1935,0
1877,2560,2271,0
1878,2422,1935,0
1879,2095,2029,0
1880,2095,2215,0
1881,2101,2215,0
1882,2101,2029,0
1883,2101,2095,0
1884,2215,2029,0
1885,1568,1601,0
1886,1568,1630,0
1887,1662,1630,0
1888,1662,1601,0
1889,1662,1568,0
1890,1630,1601,0
1891,1002,1141,0
1892,1002,1162,0
1893,1198,1162,0
1894,1198,1141,0
1895,1198,1002,0
1896,1864,1991,0
1897,1864,1921,0
1898,1878,1921,0
1899,1878,1991,0
1900,1878,1864,0
1901,1921,1991,0
1902,2616,2639,0
1903,2616,2411,0
1904,2517,2411,0
1905,2517,2616,0
1906,2411,2639,0
1907,2096,2210,0
1908,2096,2055,0
1909,2279,2055,0
1910,2279,2210,1
1911,2279,2096,0
1912,2055,2210,0
1913,5033,5249,0
1914,5033,4986,0
1915,5259,4986,0
1916,5259,5249,0
1917,5259,5033,0
1918,4986,5249,0
1919,5482,5503,0
1920,5482,5471,0
1921,5387,5471,0
1922,5387,5503,0
1923,5387,5482,0
1924,5471,5503,0
1925,4106,4210,0
1926,4106,4216,0
1927,4138,4216,0
1928,4138,4210,0
1929,4138,4106,0
1930,4216,4210,0
1931,3124,3047,0
1932,3124,2889,0
1933,2943,2889,0
1934,2943,3047,0
1935,2943,3124,0
1936,2889,3047,0
1937,328,340,0
1938,328,324,0
1939,412,324,0
1940,412,340,0
1941,412,328,0
1942,324,340,0
1943,5955,5983,0
1944,5955,5988,0
1945,5819,5988,0
1946,5819,5955,0
1947,5988,5983,0
1948,3187,3162,0
1949,3187,3457,0
1950,3212,3457,0
1951,3212,3162,0
1952,3212,3187,0
1953,3457,3162,0
1954,2302,2471,0
1955,2302,2393,0
1956,2635,2393,0
1957,2635,2471,0
1958,2635,2302,0
1959,2393,2471,0
1960,2053,1782,0
1961,1989,1782,0
1962,1782,1855,0
1963,1918,1888,0
1964,1918,2090,0
1965,1903,2090,0
1966,1903,1888,0
1967,1903,1918,0
1968,2090,1888,0
1969,3310,3364,0
1970,3310,3243,0
1971,3641,3243,0
1972,3641,3364,0
1973,3641,3310,0
1974,3243,3364,0
1975,2096,1982,0
1976,1909,1982,0
1977,1909,2210,1
1978,1909,2096,0
1979,1982,2210,0
1980,3602,3546,0
1981,3602,3856,0
1982,3391,3856,0
1983,3391,3546,0
1984,3391,3602,0
1985,3856,3546,0
1986,1800,1901,0
1987,1800,1807,0
1988,1886,1807,0
1989,1886,1901,0
1990,1886,1800,0
1991,1807,1901,0
1992,5493,5281,0
1993,5493,5401,0
1994,5562,5401,0
1995,5562,5281,0
1996,5562,5493,0
1997,5401,5281,0
1998,4554,4575,0
1999,4542,4575,0
2000,4648,4575,0
2001,5701,5815,0
2002,5701,5821,0
2003,5779,5821,0
2004,5779,5815,0
2005,5779,5701,0
2006,5821,5815,0
2007,2679,2582,0
2008,2679,2526,0
2009,2662,2526,0
2010,2662,2582,0
2011,2662,2679,0
2012,2526,2582,0
2013,5280,5124,0
2014,5280,5117,0
2015,5225,5117,0
2016,5225,5124,0
2017,5225,5280,0
2018,5117,5124,0
2019,2480,2787,0
2020,2480,2771,0
2021,2567,2771,0
2022,2567,2787,0
2023,2567,2480,0
2024,2771,2787,0
2025,6660,4447,0
2026,6660,4204,0
2027,4103,4204,0
2028,4103,4447,0
2029,4103,6660,0
2030,4204,4447,0
2031,1375,1256,0
2032,1375,1386,0
2033,1215,1386,0
2034,1215,1256,0
2035,1215,1375,0
2036,1386,1256,0
2037,1374,1338,0
2038,1374,1352,0
2039,1314,1352,0
2040,1314,1338,0
2041,1314,1374,0
2042,1352,1338,0
2043,2783,2665,0
2044,2783,2642,0
2045,2694,2642,0
2046,2694,2665,0
2047,2694,2783,0
2048,2642,2665,0
2049,2780,2778,0
2050,2780,2552,0
2051,2706,2552,0
2052,2706,2778,0
2053,2706,2780,0
2054,2552,2778,0
2055,3889,3950,0
2056,1990,2222,1
2057,1990,2218,1
2058,2113,2218,0
2059,2113,2222,0
2060,2113,1990,0
2061,2218,2222,1
2062,5946,6036,0
2063,5946,5841,0
2064,6024,5841,0
2065,6024,6036,0
2066,6024,5946,0
2067,5841,6036,0
2068,1620,1597,0
2069,1620,1744,0
2070,1696,1597,0
2071,1696,1620,0
2072,1744,1597,0
2073,5683,5865,0
2074,5683,5764,0
2075,5819,5683,0
2076,333,180,0
2077,333,476,0
2078,86,476,0
2079,86,333,0
2080,476,180,0
2081,4028,3921,0
2082,4028,4060,0
2083,3853,4060,0
2084,3853,3921,0
2085,3853,4028,0
2086,4060,3921,0
2087,4623,4564,0
2088,4623,4554,0
2089,4700,4554,0
2090,4700,4564,0
2091,4700,4623,0
2092,4554,4564,0
2093,862,963,1
2094,862,499,1
2095,624,499,1
2096,624,963,0
2097,499,963,1
2098,3636,3455,0
2099,3636,4096,0
2100,3360,4096,0
2101,3360,3455,0
2102,3360,3636,0
2103,6425,6261,0
2104,6425,6513,0
2105,6246,6513,0
2106,6246,6261,0
2107,6246,6425,0
2108,6513,6261,0
2109,3011,2984,0
2110,3011,3128,0
2111,3109,3128,0
2112,3109,2984,0
2113,3109,3011,0
2114,3128,2984,0
2115,1966,1835,0
2116,1966,1803,0
2117,1872,1803,0
2118,1872,1835,0
2119,1872,1966,0
2120,1803,1835,0
2121,6358,5859,0
2122,6358,5537,0
2123,208,6358,0
2124,4304,4244,0
2125,4304,4206,0
2126,4163,4206,0
2127,4163,4244,0
2128,4163,4304,0
2129,4206,4244,0
2130,3670,3571,0
2131,3670,3661,0
2132,3594,3661,0
2133,3594,3571,0
2134,3594,3670,0
2135,3661,3571,0
2136,4861,4772,0
2137,4861,4712,0
2138,4815,4712,0
2139,4815,4772,0
2140,4815,4861,0
2141,4712,4772,0
2142,2847,2811,0
2143,2847,2812,0
2144,2716,2812,0
2145,2716,2811,0
2146,2716,2847,0
2147,2812,2811,0
2148,5924,6072,0
2149,5924,6080,0
2150,6102,6080,0
2151,6102,6072,0
2152,6102,5924,0
2153,6080,6072,0
2154,2378,2176,0
2155,2378,2053,0
2156,2224,2053,0
2157,2224,2176,0
2158,2224,2378,0
2159,2053,2176,0
2160,2061,1901,0
2161,2061,2014,0
2162,1813,2014,0
2163,1813,1901,0
2164,1813,2061,0
2165,2014,1901,0
2166,1815,1891,0
2167,1815,1680,0
2168,1903,1680,0
2169,1903,1891,0
2170,1903,1815,0
2171,1680,1891,0
2172,4158,4159,0
2173,4158,4326,0
2174,4169,4326,0
2175,4169,4159,0
2176,4169,4158,0
2177,4326,4159,0
2178,735,718,0
2179,735,793,0
2180,816,793,0
2181,816,718,0
2182,816,735,0
2183,793,718,0
2184,3767,3854,0
2185,3767,3638,0
2186,3783,3638,1
2187,3783,3854,0
2188,3783,3767,0
2189,3638,3854,1
2190,546,561,0
2191,546,617,0
2192,557,617,0
2193,557,561,0
2194,557,546,0
2195,617,561,0
2196,2173,2137,0
2197,2173,2024,0
2198,1856,2024,0
2199,1856,2137,0
2200,1856,2173,0
2201,2024,2137,0
2202,5617,5497,0
2203,5617,5457,0
2204,5467,5457,0
2205,5467,5497,0
2206,5467,5617,0
2207,5457,5497,0
2208,2693,2789,0
2209,2693,2641,0
2210,2644,2641,0
2211,2644,2789,0
2212,2644,2693,0
2213,2641,2789,0
2214,675,700,0
2215,675,563,0
2216,589,563,0
2217,589,700,0
2218,589,675,0
2219,563,700,0
2220,679,866,0
2221,679,651,0
2222,780,651,1
2223,780,866,1
2224,780,679,0
2225,651,866,1
2226,3994,3858,0
2227,3994,3978,0
2228,4035,3978,0
2229,4035,3858,0
2230,4035,3994,0
2231,3978,3858,0
2232,4655,4712,0
2233,4655,4825,0
2234,4485,4825,0
2235,4485,4712,0
2236,4485,4655,0
2237,4825,4712,0
2238,5071,5005,0
2239,5071,4763,0
2240,4753,4763,0
2241,4753,5005,0
2242,4753,5071,0
2243,4763,5005,0
2244,1281,1811,0
2245,1281,3786,0
2246,3609,3786,0
2247,3609,1811,0
2248,3609,1281,0
2249,3786,1811,0
2250,5514,5317,0
2251,5514,5401,0
2252,5307,5401,0
2253,5307,5317,0
2254,5307,5514,0
2255,5401,5317,0
2256,1801,1881,0
2257,1801,1912,0
2258,2076,1912,0
2259,2076,1881,0
2260,2076,1801,0
2261,1912,1881,0
2262,2235,2410,0
2263,2235,2144,0
2264,2213,2144,0
2265,2213,2410,0
2266,2213,2235,0
2267,2144,2410,0
2268,4869,4677,0
2269,4869,4826,0
2270,4805,4826,0
2271,4805,4677,0
2272,4805,4869,0
2273,4826,4677,0
2274,1413,1601,0
2275,1413,1630,0
2276,1335,1630,0
2277,1335,1601,0
2278,1335,1413,0
2279,478,284,1
2280,478,410,0
2281,605,410,0
2282,605,284,0
2283,605,478,1
2284,410,284,0
2285,956,1059,0
2286,956,760,0
2287,633,760,0
2288,633,1059,0
2289,633,956,0
2290,760,1059,0
2291,400,448,0
2292,400,264,0
2293,227,264,0
2294,227,448,0
2295,227,400,0
2296,264,448,0
2297,4990,4754,0
2298,4961,4754,0
2299,4961,5010,0
2300,4961,4990,0
2301,4754,5010,0
2302,5450,5447,0
2303,5450,5477,0
2304,5448,5477,0
2305,5448,5447,0
2306,5448,5450,0
2307,5477,5447,0
2308,3046,3228,0
2309,3070,3106,0
2310,3070,3228,0
2311,3070,3046,0
2312,4979,4845,0
2313,4979,4811,0
2314,4903,4811,0
2315,4903,4845,0
2316,4903,4979,0
2317,4811,4845,0
2318,1805,1673,0
2319,1805,1625,0
2320,6595,1625,0
2321,6595,1673,0
2322,6595,1805,0
2323,1625,1673,0
2324,4423,4781,0
2325,4423,4529,0
2326,4506,4529,0
2327,4506,4781,0
2328,4506,4423,0
2329,4529,4781,0
2330,4846,4820,0
2331,4846,3913,1
2332,4411,3913,0
2333,4411,4820,0
2334,4411,4846,0
2335,3913,4820,0
2336,762,343,0
2337,762,499,0
2338,457,499,0
2339,457,343,0
2340,457,762,0
2341,499,343,0
2342,6292,6167,0
2343,6292,6327,0
2344,6446,6327,0
2345,6446,6167,0
2346,6446,6292,0
2347,6327,6167,0
2348,769,972,0
2349,769,844,0
2350,779,844,0
2351,779,972,0
2352,779,769,0
2353,844,972,0
2354,561,512,0
2355,682,617,0
2356,682,512,0
2357,682,561,0
2358,617,512,0
2359,792,866,0
2360,792,861,0
2361,651,861,1
2362,651,792,0
2363,861,866,1
2364,15,103,0
2365,15,6456,0
2366,6429,6456,0
2367,6429,103,0
2368,6429,15,0
2369,6456,103,0
2370,4086,3899,0
2371,4086,3027,0
2372,3023,3027,0
2373,3023,3899,0
2374,3023,4086,0
2375,3027,3899,0
2376,6247,5920,0
2377,6394,5920,0
2378,6394,6376,0
2379,6394,6247,0
2380,5920,6376,0
2381,2421,2477,0
2382,2421,2520,0
2383,2668,2520,0
2384,2668,2477,0
2385,2668,2421,0
2386,2520,2477,0
2387,6512,6239,0
2388,6512,6332,0
2389,6398,6332,0
2390,6398,6239,0
2391,6398,6512,0
2392,6332,6239,0
2393,3214,3067,0
2394,3214,2989,0
2395,3033,2989,0
2396,3033,3067,0
2397,3033,3214,0
2398,2989,3067,0
2399,1055,1148,0
2400,1055,972,0
2401,951,972,0
2402,951,1148,0
2403,951,1055,0
2404,972,1148,0
2405,3313,3355,0
2406,3409,3355,0
2407,3409,3250,0
2408,3409,3313,0
2409,3355,3250,0
2410,3227,3406,0
2411,3227,3537,0
2412,3604,3537,0
2413,3604,3406,0
2414,3604,3227,0
2415,3537,3406,0
2416,2508,2590,0
2417,2508,2502,0
2418,2372,2502,0
2419,2372,2590,0
2420,2372,2508,0
2421,2502,2590,0
2422,5873,5685,0
2423,5873,5799,0
2424,5771,5799,0
2425,5771,5685,0
2426,5771,5873,0
2427,5799,5685,0
2428,643,456,0
2429,643,616,0
2430,491,616,0
2431,491,456,0
2432,491,643,0
2433,616,456,0
2434,2233,2327,0
2435,2233,2386,0
2436,2389,2386,0
2437,2389,2327,0
2438,2389,2233,0
2439,2386,2327,0
2440,806,835,0
2441,806,1024,0
2442,6564,1024,0
2443,6564,835,0
2444,6564,806,0
2445,1024,835,0
2446,5448,5412,0
2447,5448,5212,0
2448,5326,5212,0
2449,5326,5412,0
2450,5326,5448,0
2451,5212,5412,0
2452,1503,1762,0
2453,1503,1761,0
2454,1784,1761,0
2455,1784,1503,0
2456,1761,1762,0
2457,1781,6609,0
2458,1781,1878,0
2459,1817,1878,0
2460,1817,6609,0
2461,1817,1781,0
2462,1878,6609,0
2463,1442,1492,0
2464,1442,1677,0
2465,1418,1677,0
2466,1418,1492,0
2467,1418,1442,0
2468,1677,1492,0
2469,4466,4146,0
2470,4466,3906,0
2471,4144,3906,0
2472,4144,4146,0
2473,4144,4466,0
2474,3906,4146,0
2475,55,238,0
2476,55,23,0
2477,62,23,0
2478,62,238,0
2479,62,55,0
2480,23,238,0
2481,6644,3503,0
2482,6644,3376,0
2483,2401,3376,0
2484,2401,3503,0
2485,2401,6644,0
2486,3376,3503,0
2487,1421,6579,0
2488,1421,1355,0
2489,6585,6579,0
2490,6585,1421,0
2491,1355,6579,0
2492,6279,5727,0
2493,6279,6050,0
2494,6120,6050,0
2495,6120,5727,0
2496,6120,6279,0
2497,6050,5727,0
2498,5452,5236,0
2499,5452,5401,0
2500,5104,5401,0
2501,5104,5236,0
2502,5104,5452,0
2503,5401,5236,0
2504,3712,3781,0
2505,3712,3706,0
2506,3849,3706,0
2507,3849,3781,0
2508,3849,3712,0
2509,3706,3781,0
2510,1823,1790,0
2511,1823,2146,0
2512,2093,2146,0
2513,2093,1790,0
2514,2093,1823,0
2515,2146,1790,0
2516,594,736,0
2517,594,435,0
2518,703,435,0
2519,703,736,0
2520,703,594,0
2521,435,736,0
2522,896,999,0
2523,896,998,0
2524,905,998,0
2525,905,999,0
2526,905,896,0
2527,998,999,0
2528,4989,5638,0
2529,4989,3841,0
2530,3658,3841,0
2531,3658,5638,0
2532,3658,4989,0
2533,3841,5638,0
2534,4368,4285,0
2535,4368,4276,0
2536,4195,4285,0
2537,4195,4368,0
2538,4276,4285,0
2539,2997,3178,0
2540,2997,3080,0
2541,3230,3080,0
2542,3230,3178,0
2543,3230,2997,0
2544,3080,3178,0
2545,2977,3455,0
2546,3188,3455,0
2547,3188,2756,0
2548,3188,2977,0
2549,3455,2756,0
2550,2198,2165,0
2551,2198,2205,0
2552,2278,2205,0
2553,2278,2165,0
2554,2278,2198,0
2555,2205,2165,0
2556,3804,3350,0
2557,3804,6648,0
2558,3561,6648,0
2559,3561,3350,0
2560,3561,3804,0
2561,6648,3350,0
2562,3208,3002,0
2563,3208,3013,0
2564,2973,3013,0
2565,2973,3002,0
2566,2973,3208,0
2567,3013,3002,0
2568,6455,6422,0
2569,6455,5567,0
2570,5422,5567,0
2571,5422,6422,0
2572,5422,6455,0
2573,5567,6422,0
2574,3636,3118,0
2575,3636,3587,0
2576,3304,3587,0
2577,3304,3118,0
2578,3304,3636,0
2579,3587,3118,0
2580,25,58,0
2581,25,132,0
2582,6450,132,0
2583,6450,58,0
2584,6450,25,0
2585,132,58,0
2586,305,330,0
2587,305,370,0
2588,519,370,0
2589,519,330,0
2590,519,305,0
2591,370,330,0
2592,5900,5953,0
2593,5900,5980,0
2594,5897,5980,0
2595,5897,5953,0
2596,5897,5900,0
2597,5980,5953,0
2598,4574,4573,0
2599,4657,4573,0
2600,4657,4440,0
2601,4657,4574,0
2602,4573,4440,0
2603,2414,2494,0
2604,2414,2419,0
2605,2392,2419,0
2606,2392,2494,0
2607,2392,2414,0
2608,2419,2494,0
2609,2958,2537,0
2610,2958,2766,0
2611,2674,2766,0
2612,2674,2537,0
2613,2674,2958,0
2614,2766,2537,0
2615,6451,6142,0
2616,6451,6161,0
2617,6365,6161,0
2618,6365,6142,0
2619,6365,6451,0
2620,6161,6142,0
2621,5543,5413,0
2622,5543,5357,0
2623,5320,5357,0
2624,5320,5413,0
2625,5320,5543,0
2626,5357,5413,0
2627,6523,19,0
2628,6523,6011,0
2629,5979,6011,0
2630,5979,19,0
2631,5979,6523,0
2632,6011,19,0
2633,702,762,0
2634,702,850,0
2635,457,850,0
2636,457,702,0
2637,850,762,0
2638,4396,4145,0
2639,4396,4500,0
2640,4606,4500,0
2641,4606,4145,0
2642,4606,4396,0
2643,4500,4145,0
2644,570,399,0
2645,570,675,0
2646,346,675,0
2647,346,399,0
2648,346,570,0
2649,675,399,0
2650,1448,1664,0
2651,1448,1631,0
2652,1644,1631,0
2653,1644,1664,0
2654,1644,1448,0
2655,1631,1664,0
2656,5663,5858,1
2657,5663,5791,1
2658,5675,5791,0
2659,5675,5858,0
2660,5675,5663,0
2661,5791,5858,1
2662,396,292,0
2663,396,235,0
2664,364,235,0
2665,364,292,0
2666,364,396,0
2667,235,292,0
2668,1572,1532,0
2669,1572,1470,0
2670,1446,1470,0
2671,1446,1532,0
2672,1446,1572,0
2673,1470,1532,0
2674,6035,6107,0
2675,6035,5982,0
2676,6014,5982,0
2677,6014,6107,0
2678,6014,6035,0
2679,5982,6107,0
2680,5883,5952,0
2681,5883,5895,0
2682,5966,5895,0
2683,5966,5952,0
2684,5966,5883,0
2685,5895,5952,0
2686,1280,1421,0
2687,1280,1761,0
2688,6581,1761,0
2689,6581,1421,0
2690,6581,1280,0
2691,1761,1421,0
2692,5148,5317,0
2693,5148,5306,0
2694,5307,5306,0
2695,5307,5148,0
2696,5306,5317,0
2697,5961,5825,0
2698,5961,5802,0
2699,5845,5802,0
2700,5845,5825,1
2701,5845,5961,0
2702,5802,5825,0
2703,3141,3066,0
2704,3141,3031,0
2705,3108,3031,0
2706,3108,3066,0
2707,3108,3141,0
2708,3031,3066,0
2709,509,557,0
2710,509,606,0
2711,687,606,0
2712,687,557,0
2713,687,509,0
2714,606,557,0
2715,1242,1277,0
2716,1242,1604,0
2717,1312,1604,0
2718,1312,1277,0
2719,1312,1242,0
2720,1604,1277,0
2721,1281,1599,0
2722,1653,1811,0
2723,1653,1599,0
2724,1653,1281,0
2725,1811,1599,0
2726,2270,2519,0
2727,2270,2414,0
2728,2341,2414,0
2729,2341,2270,0
2730,2414,2519,0
2731,762,450,0
2732,343,450,0
2733,499,450,0
2734,4606,4684,0
2735,4606,4625,0
2736,4733,4625,0
2737,4733,4684,0
2738,4625,4684,0
2739,1713,1930,0
2740,1713,1696,0
2741,1713,1744,0
2742,2517,2308,0
2743,2342,2308,0
2744,2342,2411,0
2745,2342,2517,0
2746,2308,2411,0
2747,3932,3839,0
2748,3932,3785,0
2749,3936,3785,0
2750,3936,3839,0
2751,3936,3932,0
2752,3785,3839,0
2753,27,6441,0
2754,27,6438,0
2755,6471,6438,0
2756,6471,6441,0
2757,6471,27,0
2758,6438,6441,0
2759,2628,2796,0
2760,2628,2639,0
2761,2596,2796,0
2762,2596,2628,0
2763,2639,2796,0
2764,1102,1066,0
2765,1102,1112,0
2766,1104,1112,0
2767,1104,1066,0
2768,1104,1102,0
2769,1112,1066,0
2770,290,165,0
2771,290,143,0
2772,203,143,0
2773,203,165,0
2774,203,290,0
2775,143,165,0
2776,5703,5819,0
2777,5703,5983,0
2778,5703,5955,0
2779,340,263,0
2780,340,138,0
2781,360,138,0
2782,360,263,0
2783,360,340,0
2784,138,263,0
2785,4495,4335,0
2786,4495,4287,0
2787,4288,4287,0
2788,4288,4335,0
2789,4288,4495,0
2790,4287,4335,0
2791,4569,4535,0
2792,4569,4360,0
2793,4483,4360,0
2794,4483,4535,0
2795,4483,4569,0
2796,1671,1618,0
2797,1671,1702,0
2798,1753,1702,0
2799,1753,1618,0
2800,1753,1671,0
2801,1702,1618,0
2802,4653,4545,0
2803,4653,4797,0
2804,4211,4797,0
2805,4211,4545,0
2806,4211,4653,0
2807,4797,4545,0
2808,745,691,0
2809,745,744,0
2810,812,744,0
2811,812,691,0
2812,812,745,0
2813,744,691,0
2814,1737,1654,0
2815,1737,1699,0
2816,1870,1699,0
2817,1870,1654,0
2818,1870,1737,0
2819,1699,1654,0
2820,4095,3783,0
2821,4095,3854,1
2822,1750,1641,0
2823,1609,1821,0
2824,1609,1641,0
2825,1609,1750,0
2826,1821,1641,0
2827,1741,1637,0
2828,1741,1759,0
2829,1740,1759,0
2830,1740,1637,0
2831,1740,1741,0
2832,1759,1637,0
2833,1265,1189,0
2834,1265,1243,0
2835,1245,1243,0
2836,1245,1189,0
2837,1245,1265,0
2838,1243,1189,0
2839,1358,1622,0
2840,1358,1658,0
2841,1594,1622,0
2842,1594,1358,0
2843,1658,1622,0
2844,2024,2192,0
2845,2024,2147,0
2846,2166,2147,0
2847,2166,2192,0
2848,2166,2024,0
2849,2147,2192,0
2850,3061,3391,0
2851,3061,3210,0
2852,3382,3210,0
2853,3382,3391,0
2854,3382,3061,0
2855,3210,3391,0
2856,371,522,0
2857,371,461,0
2858,419,461,0
2859,419,522,0
2860,419,371,0
2861,461,522,0
2862,441,5847,0
2863,441,6644,0
2864,5140,6644,0
2865,5140,5847,0
2866,5140,441,0
2867,6644,5847,0
2868,2111,1992,0
2869,2111,2140,0
2870,2037,2140,0
2871,2037,1992,0
2872,2037,2111,0
2873,2140,1992,0
2874,2155,2117,0
2875,2126,2117,0
2876,2117,2054,0
2877,2306,2121,0
2878,2306,2168,0
2879,2337,2168,0
2880,2337,2306,0
2881,2168,2121,0
2882,6523,6456,0
2883,6523,6429,0
2884,5948,6429,0
2885,5948,6456,0
2886,5948,6523,0
2887,4607,4336,1
2888,4607,4533,0
2889,4262,4336,0
2890,4262,4607,0
2891,4533,4336,0
2892,5842,5805,0
2893,5842,5827,0
2894,5846,5827,0
2895,5846,5842,0
2896,5827,5805,0
2897,4155,4158,0
2898,4155,4051,0
2899,4203,4051,0
2900,4203,4158,0
2901,4203,4155,0
2902,4051,4158,0
2903,5345,5173,0
2904,5345,5430,0
2905,5436,5430,0
2906,5436,5173,0
2907,5436,5345,0
2908,5430,5173,0
2909,2632,2531,0
2910,2632,2602,0
2911,2612,2602,0
2912,2612,2531,0
2913,2612,2632,0
2914,2602,2531,0
2915,920,1240,0
2916,920,1163,0
2917,978,1163,0
2918,978,1240,0
2919,978,920,0
2920,1163,1240,0
2921,1492,1598,0
2922,1492,1685,0
2923,1669,1685,0
2924,1669,1598,0
2925,1669,1492,0
2926,1685,1598,0
2927,239,742,0
2928,239,223,0
2929,141,223,0
2930,141,742,0
2931,141,239,0
2932,223,742,0
2933,262,308,0
2934,262,227,0
2935,274,227,0
2936,274,308,0
2937,274,262,0
2938,227,308,0
2939,2869,2761,0
2940,2869,2657,0
2941,2736,2657,0
2942,2736,2761,0
2943,2736,2869,0
2944,2657,2761,0
2945,646,704,0
2946,692,704,0
2947,692,719,0
2948,692,646,0
2949,704,719,0
2950,45,6480,0
2951,45,130,0
2952,167,130,0
2953,167,6480,0
2954,167,45,0
2955,130,6480,0
2956,106,0,0
2957,106,89,0
2958,6490,89,0
2959,6490,0,0
2960,6490,106,0
2961,89,0,0
2962,5634,6050,0
2963,5634,5735,0
2964,5441,5735,0
2965,5441,6050,0
2966,5441,5634,0
2967,5735,6050,0
2968,2867,2896,0
2969,2867,2821,0
2970,3018,2821,0
2971,3018,2896,0
2972,3018,2867,0
2973,2821,2896,0
2974,4396,4030,0
2975,4396,4037,0
2976,4396,3993,0
2977,3808,3874,0
2978,3808,4328,0
2979,3933,4328,0
2980,3933,3874,0
2981,3933,3808,0
2982,4328,3874,0
2983,6174,6390,0
2984,6174,6199,0
2985,6270,6199,0
2986,6270,6390,0
2987,6270,6174,0
2988,6199,6390,0
2989,6597,1615,0
2990,6597,1683,0
2991,1626,1683,0
2992,1626,1615,0
2993,1626,6597,0
2994,1683,1615,0
2995,2775,2888,0
2996,2775,2695,0
2997,2800,2695,0
2998,2800,2888,0
2999,2800,2775,0
3000,2695,2888,0
3001,38,6360,0
3002,38,6519,0
3003,6473,6519,0
3004,6473,6360,0
3005,6473,38,0
3006,6519,6360,0
3007,6152,6332,0
3008,6152,6364,0
3009,6341,6364,0
3010,6341,6332,0
3011,6341,6152,0
3012,6364,6332,0
3013,6503,6388,0
3014,6503,111,0
3015,82,111,0
3016,82,6388,0
3017,82,6503,0
3018,111,6388,0
3019,3939,3995,0
3020,3939,3833,0
3021,4009,3833,0
3022,4009,3995,0
3023,4009,3939,0
3024,3833,3995,0
3025,2813,3164,0
3026,2565,3164,0
3027,2565,2938,0
3028,2565,2813,0
3029,3164,2938,0
3030,6105,5822,0
3031,6105,5832,0
3032,5739,5822,0
3033,5739,6105,0
3034,5832,5822,0
3035,3988,3987,0
3036,3988,3896,0
3037,4181,3896,0
3038,4181,3987,0
3039,4181,3988,0
3040,3896,3987,0
3041,4172,4073,0
3042,4172,4195,0
3043,4276,4172,0
3044,6042,6087,0
3045,6042,5957,0
3046,6056,5957,0
3047,6056,6087,0
3048,6056,6042,0
3049,5957,6087,0
3050,5144,5023,0
3051,5144,5013,0
3052,5047,5013,0
3053,5047,5023,0
3054,5047,5144,0
3055,5013,5023,0
3056,6211,6298,0
3057,6211,6327,0
3058,6417,6327,0
3059,6417,6298,0
3060,6417,6211,0
3061,6327,6298,0
3062,5294,6697,0
3063,5294,5440,0
3064,5315,5440,0
3065,5315,6697,0
3066,5315,5294,0
3067,5440,6697,0
3068,4572,3624,0
3069,4572,4513,0
3070,4130,4513,0
3071,4130,3624,0
3072,4513,3624,0
3073,25,6443,0
3074,6405,6450,0
3075,6405,6443,0
3076,6405,25,0
3077,6450,6443,0
3078,4620,4489,0
3079,4620,4403,0
3080,4448,4403,0
3081,4448,4489,0
3082,4448,4620,0
3083,4403,4489,0
3084,5422,5255,0
3085,5422,6677,0
3086,4739,6677,0
3087,4739,5255,0
3088,4739,5422,0
3089,6677,5255,0
3090,3043,2713,0
3091,3043,2949,0
3092,3127,2949,0
3093,3127,2713,0
3094,3127,3043,0
3095,2949,2713,0
3096,5864,5853,0
3097,5864,5836,0
3098,5775,5836,0
3099,5775,5853,0
3100,5775,5864,0
3101,5836,5853,0
3102,5593,5524,0
3103,5593,5481,0
3104,5603,5481,0
3105,5603,5524,0
3106,5603,5593,0
3107,5481,5524,0
3108,3832,3886,0
3109,3832,4098,0
3110,3875,4098,0
3111,3875,3886,0
3112,3875,3832,0
3113,4098,3886,0
3114,1955,1808,0
3115,1955,1884,0
3116,1700,1808,0
3117,1700,1955,0
3118,1884,1808,0
3119,4304,4205,0
3120,4270,4206,0
3121,4270,4205,0
3122,4270,4304,0
3123,4206,4205,0
3124,5219,5221,0
3125,5219,5330,0
3126,5415,5330,0
3127,5415,5221,0
3128,5415,5219,0
3129,5330,5221,0
3130,3910,6654,0
3131,3910,3834,0
3132,4089,3834,0
3133,4089,6654,0
3134,4089,3910,0
3135,3834,6654,0
3136,5642,5626,0
3137,5642,5664,0
3138,5440,5664,0
3139,5440,5626,0
3140,5440,5642,0
3141,5664,5626,0
3142,2691,2592,0
3143,2691,2625,0
3144,2523,2625,0
3145,2523,2592,0
3146,2625,2592,0
3147,897,924,0
3148,897,980,0
3149,684,980,0
3150,684,924,0
3151,684,897,0
3152,980,924,0
3153,3184,3079,0
3154,3184,3045,0
3155,3199,3045,0
3156,3199,3079,0
3157,3199,3184,0
3158,3045,3079,0
3159,5624,5582,0
3160,5624,5723,0
3161,5542,5723,0
3162,5542,5582,0
3163,5542,5624,0
3164,5723,5582,0
3165,1311,886,0
3166,1311,854,0
3167,1082,854,0
3168,1082,886,0
3169,1082,1311,0
3170,854,886,0
3171,1340,1038,0
3172,1340,1077,0
3173,1497,1077,0
3174,1497,1038,0
3175,1497,1340,0
3176,1077,1038,0
3177,612,656,0
3178,612,616,0
3179,491,656,0
3180,491,612,0
3181,616,656,0
3182,3364,3282,0
3183,3364,3807,0
3184,3470,3807,0
3185,3470,3282,0
3186,3470,3364,0
3187,3807,3282,0
3188,6253,6444,0
3189,6253,2,0
3190,18,2,0
3191,18,6444,0
3192,18,6253,0
3193,2,6444,0
3194,2512,2605,0
3195,2512,2800,0
3196,2512,2555,0
3197,5050,5360,0
3198,5050,5284,0
3199,5050,5201,0
3200,6367,6464,0
3201,6367,6483,0
3202,86,6464,0
3203,86,6367,0
3204,6483,6464,0
3205,2872,2422,0
3206,2872,2066,0
3207,2560,2066,0
3208,2560,2872,0
3209,2066,2422,0
3210,5893,5974,0
3211,5893,6197,0
3212,5925,6197,0
3213,5925,5974,0
3214,5925,5893,0
3215,6197,5974,0
3216,3844,4071,0
3217,3844,3936,0
3218,4167,3936,0
3219,4167,4071,0
3220,4167,3844,0
3221,3936,4071,0
3222,5713,5712,0
3223,5713,5795,0
3224,5529,5795,0
3225,5529,5712,0
3226,5529,5713,0
3227,5795,5712,0
3228,6660,4375,0
3229,6668,4375,0
3230,6668,4447,0
3231,6668,6660,0
3232,4375,4447,0
3233,3211,3325,0
3234,3241,3325,0
3235,3325,3385,0
3236,4821,4984,0
3237,4821,4918,0
3238,4841,4918,0
3239,4841,4984,0
3240,4841,4821,0
3241,4918,4984,0
3242,5221,5373,0
3243,5221,5305,0
3244,5329,5305,0
3245,5329,5373,0
3246,5329,5221,0
3247,5305,5373,0
3248,6686,4954,0
3249,6686,4710,0
3250,5070,4710,0
3251,5070,4954,0
3252,5070,6686,0
3253,4710,4954,0
3254,3187,3017,0
3255,2861,3017,0
3256,2861,3162,0
3257,2861,3187,0
3258,3017,3162,0
3259,4294,4356,0
3260,4409,4356,0
3261,4409,4434,0
3262,4409,4294,0
3263,4356,4434,0
3264,4322,4115,0
3265,4322,4168,0
3266,3908,4168,0
3267,3908,4115,0
3268,3908,4322,0
3269,4168,4115,0
3270,723,552,0
3271,723,751,0
3272,838,751,0
3273,838,552,0
3274,838,723,0
3275,751,552,0
3276,2403,2265,0
3277,2403,2218,0
3278,2248,2218,0
3279,2248,2265,0
3280,2218,2265,0
3281,4874,4960,0
3282,4885,4960,0
3283,4960,4934,0
3284,351,95,0
3285,351,254,0
3286,54,254,0
3287,54,95,0
3288,54,351,1
3289,254,95,0
3290,6372,6437,0
3291,6372,6511,0
3292,6482,6511,0
3293,6482,6437,0
3294,6482,6372,0
3295,6511,6437,0
3296,5142,5248,0
3297,5142,5009,0
3298,4994,5009,0
3299,4994,5248,0
3300,4994,5142,0
3301,5009,5248,0
3302,219,194,0
3303,219,31,0
3304,94,31,0
3305,94,194,0
3306,94,219,0
3307,31,194,0
3308,5573,5650,0
3309,5573,5608,0
3310,5445,5608,0
3311,5445,5650,0
3312,5445,5573,0
3313,5608,5650,0
3314,4532,4497,0
3315,4532,4789,0
3316,4688,4789,0
3317,4688,4497,0
3318,4688,4532,0
3319,4789,4497,0
3320,4559,4345,0
3321,4559,4447,0
3322,6667,4447,0
3323,6667,4345,0
3324,6667,4559,0
3325,4447,4345,0
3326,1527,1656,0
3327,1527,1594,0
3328,1642,1594,0
3329,1642,1656,0
3330,1642,1527,0
3331,1594,1656,0
3332,222,285,0
3333,222,6546,0
3334,6524,6546,0
3335,6524,285,0
3336,6524,222,0
3337,6546,285,0
3338,4322,4446,0
3339,4322,4379,0
3340,4214,4379,0
3341,4214,4446,0
3342,4214,4322,0
3343,4379,4446,0
3344,4329,4524,0
3345,4329,4181,0
3346,4517,4181,0
3347,4517,4524,0
3348,4517,4329,0
3349,4181,4524,0
3350,2938,2964,0
3351,2938,3142,0
3352,2987,3142,0
3353,2987,2964,0
3354,2987,2938,0
3355,3142,2964,0
3356,2367,2545,0
3357,2367,2467,0
3358,2449,2467,0
3359,2449,2545,0
3360,2449,2367,0
3361,2467,2545,0
3362,2738,2927,0
3363,2738,4422,0
3364,4451,4422,0
3365,4451,2927,0
3366,4451,2738,0
3367,1297,1347,0
3368,1297,1475,0
3369,1332,1475,0
3370,1332,1347,0
3371,1332,1297,0
3372,1475,1347,0
3373,6444,6312,0
3374,6444,36,0
3375,18,36,0
3376,18,6312,0
3377,36,6312,0
3378,5313,5451,0
3379,5313,5402,0
3380,5413,5402,0
3381,5413,5451,0
3382,5413,5313,0
3383,5402,5451,0
3384,2291,2046,0
3385,2291,2482,0
3386,2447,2482,0
3387,2447,2046,0
3388,2447,2291,0
3389,2482,2046,0
3390,1281,239,0
3391,1281,1451,0
3392,628,1451,0
3393,628,239,0
3394,628,1281,0
3395,1451,239,0
3396,4878,5060,0
3397,4878,4934,0
3398,4885,5060,0
3399,4885,4878,0
3400,4934,5060,0
3401,170,510,0
3402,170,382,0
3403,368,382,0
3404,368,510,0
3405,368,170,0
3406,382,510,0
3407,1414,1287,0
3408,1414,1154,0
3409,1425,1154,0
3410,1425,1287,0
3411,1425,1414,0
3412,1154,1287,0
3413,279,170,0
3414,279,382,0
3415,194,382,0
3416,194,170,0
3417,194,279,0
3418,6132,6086,0
3419,6132,6343,0
3420,6284,6343,0
3421,6284,6086,0
3422,6284,6132,0
3423,6343,6086,0
3424,701,716,0
3425,701,779,0
3426,682,779,0
3427,682,716,0
3428,682,701,0
3429,1125,1317,0
3430,1125,1105,0
3431,1365,1105,0
3432,1365,1317,0
3433,1365,1125,0
3434,1105,1317,0
3435,430,582,0
3436,430,556,0
3437,626,556,0
3438,626,582,0
3439,626,430,0
3440,556,582,0
3441,475,168,0
3442,475,815,0
3443,777,815,0
3444,777,168,0
3445,777,475,0
3446,815,168,0
3447,1587,2145,0
3448,1587,2129,0
3449,1763,2129,0
3450,1763,2145,0
3451,1763,1587,0
3452,2129,2145,0
3453,317,134,0
3454,317,267,0
3455,302,267,0
3456,302,134,0
3457,302,317,0
3458,267,134,0
3459,6139,6100,0
3460,6139,6255,0
3461,6342,6255,0
3462,6342,6100,0
3463,6342,6139,0
3464,6255,6100,0
3465,4218,4065,0
3466,4218,4238,0
3467,4194,4238,0
3468,4194,4065,0
3469,4194,4218,0
3470,4238,4065,0
3471,4258,4480,0
3472,4258,4320,0
3473,4418,4320,0
3474,4418,4480,0
3475,4418,4258,0
3476,4320,4480,0
3477,4212,4034,0
3478,4212,3944,1
3479,3840,3944,0
3480,3840,4212,0
3481,3944,4034,0
3482,643,613,0
3483,643,261,0
3484,267,261,0
3485,267,613,0
3486,267,643,0
3487,261,613,0
3488,4922,4682,0
3489,4922,4728,0
3490,4770,4728,0
3491,4770,4922,0
3492,4728,4682,0
3493,882,1232,0
3494,882,1096,0
3495,1165,1096,0
3496,1165,1232,0
3497,1165,882,0
3498,1096,1232,0
3499,4137,4169,0
3500,4137,4259,0
3501,4238,4259,0
3502,4238,4169,0
3503,4238,4137,0
3504,4259,4169,0
3505,6258,6029,0
3506,6258,6170,0
3507,6349,6170,0
3508,6349,6029,0
3509,6349,6258,0
3510,6170,6029,0
3511,5736,5677,0
3512,5736,5928,0
3513,5894,5928,0
3514,5894,5677,0
3515,5894,5736,0
3516,5928,5677,0
3517,3990,4015,0
3518,3990,4187,0
3519,4193,4015,0
3520,4193,3990,0
3521,4187,4015,0
3522,4942,4687,0
3523,4942,4570,0
3524,4732,4570,0
3525,4732,4687,0
3526,4732,4942,0
3527,4570,4687,0
3528,2862,2793,0
3529,2862,2749,0
3530,2704,2749,0
3531,2704,2793,0
3532,2704,2862,0
3533,2749,2793,0
3534,4635,4781,0
3535,4635,4529,0
3536,4601,4529,0
3537,4601,4781,0
3538,4601,4635,0
3539,3582,3431,0
3540,3582,3450,0
3541,3448,3450,0
3542,3448,3431,0
3543,3448,3582,0
3544,3450,3431,0
3545,3126,3207,0
3546,3126,3093,0
3547,3008,3093,0
3548,3008,3207,0
3549,3008,3126,0
3550,3093,3207,0
3551,4385,4343,0
3552,4385,4472,0
3553,4313,4472,0
3554,4313,4343,0
3555,4313,4385,0
3556,4472,4343,0
3557,6356,6401,0
3558,6356,30,0
3559,112,30,0
3560,112,6401,0
3561,112,6356,0
3562,30,6401,0
3563,5698,5524,0
3564,5698,5603,0
3565,5481,5698,0
3566,3037,3290,0
3567,3037,3399,0
3568,3564,3399,0
3569,3564,3290,0
3570,3564,3037,0
3571,3399,3290,0
3572,5617,5437,0
3573,5301,5457,0
3574,5301,5437,0
3575,5301,5617,0
3576,5457,5437,0
3577,2530,2672,0
3578,2530,2522,0
3579,2577,2522,0
3580,2577,2672,0
3581,2577,2530,0
3582,2522,2672,0
3583,4101,3933,0
3584,3403,3933,0
3585,3403,3808,0
3586,3403,4101,0
3587,2808,2826,0
3588,2808,2859,0
3589,2573,2859,0
3590,2573,2826,0
3591,2573,2808,0
3592,2859,2826,0
3593,3338,3321,0
3594,3338,3447,0
3595,3478,3447,0
3596,3478,3321,0
3597,3447,3321,0
3598,5288,5318,0
3599,5288,5428,0
3600,5398,5428,0
3601,5398,5318,0
3602,5398,5288,0
3603,5428,5318,0
3604,5924,5876,0
3605,5924,5956,0
3606,6102,5956,0
3607,6102,5876,0
3608,5956,5876,0
3609,4457,4299,0
3610,4457,4208,0
3611,4347,4208,0
3612,4347,4299,0
3613,4347,4457,0
3614,4208,4299,0
3615,4267,4327,0
3616,4267,4279,0
3617,4307,4279,0
3618,4307,4327,0
3619,4307,4267,0
3620,4279,4327,0
3621,4177,4326,0
3622,4177,4169,0
3623,4281,4169,0
3624,4281,4326,0
3625,4008,3979,0
3626,4008,4178,0
3627,4069,4178,0
3628,4069,4008,0
3629,4178,3979,0
3630,2465,2428,0
3631,2465,2323,0
3632,2163,2323,0
3633,2163,2465,0
3634,2323,2428,0
3635,2501,2692,0
3636,2501,2620,0
3637,2945,2620,0
3638,2945,2692,0
3639,2945,2501,0
3640,2620,2692,0
3641,4093,4135,0
3642,4093,4201,0
3643,3956,4201,0
3644,3956,4135,0
3645,3956,4093,0
3646,4201,4135,0
3647,4287,4183,0
3648,4287,4098,0
3649,4125,4098,0
3650,4125,4183,0
3651,4125,4287,0
3652,4387,4360,0
3653,4387,4104,0
3654,4236,4104,0
3655,4236,4360,0
3656,4236,4387,0
3657,4104,4360,0
3658,3922,3997,0
3659,3922,3798,0
3660,3832,3798,0
3661,3832,3997,0
3662,3832,3922,0
3663,3798,3997,0
3664,6211,6078,0
3665,6211,6162,0
3666,6266,6162,0
3667,6266,6078,0
3668,6266,6211,0
3669,6162,6078,0
3670,4722,4661,0
3671,4722,4621,0
3672,4670,4621,0
3673,4670,4661,0
3674,4670,4722,0
3675,4621,4661,0
3676,3944,3761,0
3677,3944,3922,0
3678,3848,3922,0
3679,3848,3761,0
3680,3848,3944,1
3681,3922,3761,0
3682,4216,4188,0
3683,4216,4208,0
3684,4129,4208,0
3685,4129,4188,0
3686,4129,4216,0
3687,4208,4188,0
3688,5536,5585,0
3689,5536,5550,0
3690,5614,5550,0
3691,5614,5585,0
3692,5614,5536,0
3693,5550,5585,0
3694,4198,4176,0
3695,4198,4229,0
3696,3879,4229,0
3697,3879,4176,0
3698,3879,4198,0
3699,4229,4176,0
3700,6326,6248,0
3701,6326,6460,0
3702,6181,6460,0
3703,6181,6248,0
3704,6181,6326,0
3705,6460,6248,0
3706,4971,4903,0
3707,4971,5013,0
3708,5023,4903,0
3709,5023,4971,0
3710,4682,4723,0
3711,4682,4625,0
3712,4684,4723,0
3713,4684,4682,0
3714,4625,4723,0
3715,1965,2077,0
3716,1965,2260,0
3717,2082,2260,0
3718,2082,2077,0
3719,2082,1965,0
3720,2260,2077,0
3721,4309,4351,0
3722,4309,4404,0
3723,4828,4404,0
3724,4828,4351,0
3725,4828,4309,0
3726,4404,4351,0
3727,5024,4881,0
3728,5024,4961,0
3729,5073,4961,0
3730,5073,4881,0
3731,5073,5024,0
3732,4961,4881,0
3733,5676,5750,0
3734,5676,5930,0
3735,5816,5930,0
3736,5816,5750,0
3737,5816,5676,0
3738,5571,5622,0
3739,5571,5641,0
3740,5659,5641,0
3741,5659,5622,0
3742,5659,5571,0
3743,5641,5622,0
3744,273,196,0
3745,273,466,0
3746,6714,466,0
3747,6714,196,0
3748,6714,273,0
3749,466,196,0
3750,6078,6238,0
3751,6078,6171,0
3752,6179,6171,0
3753,6179,6238,0
3754,6179,6078,0
3755,6171,6238,0
3756,6013,5946,0
3757,6013,6008,0
3758,6230,6008,0
3759,6230,5946,0
3760,6230,6013,0
3761,6008,5946,0
3762,456,463,0
3763,456,276,0
3764,289,276,0
3765,289,463,0
3766,289,456,0
3767,276,463,0
3768,1111,1407,0
3769,1111,1376,0
3770,1317,1376,0
3771,1317,1407,0
3772,1317,1111,0
3773,1376,1407,0
3774,5908,5638,0
3775,5908,4800,0
3776,5127,4800,0
3777,5127,5638,0
3778,5127,5908,0
3779,4800,5638,0
3780,6094,6216,0
3781,6094,6018,0
3782,6010,6018,0
3783,6010,6216,0
3784,6010,6094,0
3785,6018,6216,0
3786,3877,3255,0
3787,3877,6651,0
3788,6650,6651,0
3789,6650,3255,0
3790,6650,3877,0
3791,6651,3255,0
3792,3798,4098,0
3793,3798,3875,0
3794,2848,2625,0
3795,2848,2588,0
3796,2832,2588,0
3797,2832,2625,0
3798,2832,2848,0
3799,2588,2625,0
3800,5554,5590,0
3801,5554,5807,0
3802,5659,5807,0
3803,5659,5590,0
3804,5659,5554,0
3805,5807,5590,0
3806,4183,4219,0
3807,4354,4183,0
3808,4107,4054,0
3809,4107,4009,0
3810,4000,4009,0
3811,4000,4054,0
3812,4000,4107,0
3813,4009,4054,0
3814,5857,5829,0
3815,5857,5898,0
3816,5938,5898,0
3817,5938,5829,0
3818,5938,5857,0
3819,5898,5829,0
3820,4157,3862,0
3821,4157,4115,0
3822,4153,4115,0
3823,4153,3862,0
3824,4153,4157,0
3825,4115,3862,0
3826,5949,5989,0
3827,5949,5926,0
3828,6122,5926,0
3829,6122,5989,0
3830,6122,5949,0
3831,5926,5989,0
3832,3215,3289,0
3833,3215,3488,0
3834,3156,3488,0
3835,3156,3289,0
3836,3156,3215,0
3837,3488,3289,0
3838,2937,3072,0
3839,2996,3072,0
3840,2996,2947,0
3841,2996,2937,0
3842,3072,2947,0
3843,5642,5755,0
3844,5768,5755,0
3845,5768,5664,0
3846,5768,5642,0
3847,5755,5664,0
3848,2977,3118,0
3849,3636,3564,0
3850,3636,2977,0
3851,3118,3564,0
3852,4574,4396,0
3853,4574,4455,0
3854,4440,4455,0
3855,4440,4396,0
3856,3814,3939,0
3857,3814,3833,0
3858,3943,3833,0
3859,3943,3939,0
3860,3943,3814,0
3861,1387,1259,0
3862,1387,1156,0
3863,1287,1156,0
3864,1287,1387,0
3865,1156,1259,0
3866,1250,1261,0
3867,1250,1449,0
3868,1419,1449,0
3869,1419,1261,0
3870,1419,1250,0
3871,1449,1261,0
3872,1945,1851,0
3873,1945,1793,0
3874,1853,1793,0
3875,1853,1851,0
3876,1853,1945,0
3877,1793,1851,0
3878,1134,1131,0
3879,1134,854,0
3880,868,854,0
3881,868,1131,0
3882,868,1134,0
3883,854,1131,0
3884,2780,2875,0
3885,2860,2875,0
3886,2860,2778,0
3887,2860,2780,0
3888,2875,2778,0
3889,6677,4656,0
3890,4140,4561,0
3891,4140,4656,0
3892,4140,6677,0
3893,4561,4656,0
3894,1073,1008,0
3895,1073,1049,0
3896,1250,1049,0
3897,1250,1008,0
3898,1250,1073,0
3899,1049,1008,0
3900,3119,3049,0
3901,3119,2967,0
3902,2856,2967,0
3903,2856,3049,0
3904,2856,3119,0
3905,2967,3049,0
3906,1704,1717,0
3907,1704,1792,0
3908,1725,1792,0
3909,1725,1717,0
3910,1725,1704,0
3911,1792,1717,0
3912,4679,4738,0
3913,4679,4707,0
3914,4540,4738,0
3915,4540,4679,0
3916,4707,4738,0
3917,5405,5395,0
3918,5405,5304,0
3919,5273,5304,0
3920,5273,5395,0
3921,5273,5405,0
3922,5304,5395,0
3923,571,660,0
3924,571,698,1
3925,655,698,0
3926,655,660,0
3927,655,571,0
3928,698,660,0
3929,1285,1448,0
3930,1285,1203,0
3931,1303,1203,0
3932,1303,1448,0
3933,1303,1285,0
3934,1203,1448,0
3935,2397,2158,0
3936,2397,2316,0
3937,2511,2316,0
3938,2511,2158,0
3939,2511,2397,0
3940,2316,2158,0
3941,4850,4742,0
3942,4850,4691,0
3943,4657,4691,0
3944,4657,4742,0
3945,4657,4850,0
3946,4691,4742,0
3947,3600,3605,0
3948,3600,3790,0
3949,3771,3790,0
3950,3771,3605,0
3951,3771,3600,0
3952,3790,3605,0
3953,2025,2030,0
3954,2025,2188,0
3955,2194,2030,0
3956,2194,2025,0
3957,2188,2030,0
3958,3753,3105,0
3959,3753,3530,0
3960,3427,3530,0
3961,3427,3105,0
3962,3427,3753,0
3963,3530,3105,0
3964,5718,5127,0
3965,5718,4992,0
3966,5168,4992,0
3967,5168,5127,0
3968,5168,5718,0
3969,4992,5127,0
3970,5101,4922,0
3971,5101,4906,1
3972,5156,4906,1
3973,5156,4922,0
3974,5156,5101,1
3975,4906,4922,0
3976,4335,4354,0
3977,4469,4354,0
3978,4469,4177,0
3979,4469,4335,0
3980,5593,5708,0
3981,5698,5708,0
3982,5698,5593,0
3983,5603,5708,0
3984,4723,4733,0
3985,4723,4657,0
3986,4625,4657,0
3987,4657,4733,0
3988,5914,6100,0
3989,5914,6158,0
3990,6081,6158,0
3991,6081,6100,0
3992,6081,5914,0
3993,6158,6100,0
3994,4591,4589,0
3995,4591,4740,0
3996,4731,4740,0
3997,4731,4591,0
3998,4740,4589,0
3999,3647,3707,0
4000,3440,3707,0
4001,3666,3707,0
4002,4802,4644,0
4003,4802,4601,0
4004,4704,4601,0
4005,4704,4644,0
4006,4704,4802,0
4007,4601,4644,0
4008,5234,5167,0
4009,5234,5196,0
4010,5125,5196,0
4011,5125,5167,0
4012,5125,5234,0
4013,5196,5167,0
4014,4013,4100,0
4015,4013,4366,0
4016,4501,4366,0
4017,4501,4100,0
4018,4501,4013,0
4019,4366,4100,0
4020,6148,5954,0
4021,6148,6196,0
4022,6454,6196,0
4023,6454,5954,0
4024,6454,6148,0
4025,6196,5954,0
4026,6084,6248,0
4027,6084,5966,0
4028,5952,6248,0
4029,5952,6084,0
4030,5966,6248,0
4031,5773,5689,0
4032,5773,5668,0
4033,5827,5668,0
4034,5827,5689,0
4035,5827,5773,0
4036,5668,5689,0
4037,6283,6288,0
4038,6283,6101,0
4039,6345,6101,0
4040,6345,6288,0
4041,6345,6283,0
4042,6101,6288,0
4043,1620,1751,0
4044,1810,1744,0
4045,1810,1751,0
4046,1810,1620,0
4047,1744,1751,0
4048,2559,2549,0
4049,2559,2532,0
4050,2441,2532,0
4051,2441,2549,0
4052,2441,2559,0
4053,2532,2549,0
4054,5798,6168,0
4055,5798,6139,0
4056,6203,6139,0
4057,6203,6168,0
4058,6203,5798,0
4059,6139,6168,0
4060,6221,6159,0
4061,6221,6101,0
4062,6136,6101,0
4063,6136,6159,0
4064,6136,6221,0
4065,6101,6159,0
4066,252,295,0
4067,252,195,0
4068,154,195,0
4069,154,295,0
4070,154,252,0
4071,195,295,0
4072,4025,4568,0
4073,4025,4514,0
4074,4090,4514,0
4075,4090,4568,0
4076,4090,4025,0
4077,4514,4568,0
4078,1605,2012,0
4079,1605,1760,0
4080,1843,1760,0
4081,1843,2012,0
4082,1843,1605,0
4083,1760,2012,0
4084,567,406,0
4085,567,514,0
4086,822,514,0
4087,822,406,0
4088,822,567,0
4089,514,406,0
4090,3232,3402,0
4091,3232,3142,0
4092,3038,3142,0
4093,3038,3402,0
4094,3038,3232,0
4095,3142,3402,0
4096,2906,2903,0
4097,2906,3083,0
4098,2964,3083,0
4099,2964,2903,0
4100,2964,2906,0
4101,2555,2418,0
4102,2605,2418,0
4103,2512,2418,0
4104,1455,1582,0
4105,1455,1484,0
4106,1476,1484,0
4107,1476,1582,0
4108,1476,1455,0
4109,1484,1582,0
4110,4137,4065,0
4111,4075,4065,0
4112,4075,4169,0
4113,4075,4137,0
4114,4065,4169,0
4115,4723,4492,0
4116,4723,4500,0
4117,4657,4500,0
4118,4657,4492,0
4119,4500,4492,0
4120,3511,3920,0
4121,3511,3753,0
4122,3146,3753,0
4123,3146,3920,0
4124,3146,3511,0
4125,3753,3920,0
4126,3623,3723,0
4127,3623,3828,0
4128,3534,3623,0
4129,4025,3753,0
4130,4025,3850,0
4131,3530,3850,0
4132,3530,4025,0
4133,3850,3753,0
4134,3479,3413,0
4135,3694,3413,0
4136,3413,3748,0
4137,2705,2590,0
4138,2705,2773,0
4139,2700,2773,0
4140,2700,2590,0
4141,2700,2705,0
4142,2773,2590,0
4143,1008,1126,0
4144,1080,1126,0
4145,1080,1250,0
4146,1080,1008,0
4147,1126,1250,0
4148,4065,4034,0
4149,4075,4034,0
4150,4075,4194,0
4151,4034,4194,0
4152,3511,3427,0
4153,3146,3427,0
4154,4906,4996,1
4155,4906,4771,0
4156,4541,4771,0
4157,4541,4996,0
4158,4541,4906,0
4159,4771,4996,0
4160,4311,4471,1
4161,4311,4312,0
4162,4082,4312,1
4163,4082,4471,1
4164,4082,4311,1
4165,4312,4471,1
4166,4715,4394,0
4167,4715,4743,0
4168,4697,4743,0
4169,4697,4394,0
4170,4697,4715,0
4171,4743,4394,0
4172,4016,3658,0
4173,4016,3791,0
4174,3841,3791,0
4175,3841,4016,0
4176,1420,1242,0
4177,1420,1250,0
4178,1126,1242,0
4179,1126,1420,0
4180,1250,1242,0
4181,4539,4603,0
4182,4539,4622,0
4183,4716,4622,0
4184,4716,4603,0
4185,4716,4539,0
4186,4622,4603,0
4187,5031,4924,0
4188,5031,5048,0
4189,5021,5048,0
4190,5021,4924,0
4191,5021,5031,0
4192,5048,4924,0
4193,333,247,0
4194,141,180,0
4195,141,247,0
4196,141,333,0
4197,180,247,0
4198,4759,4898,0
4199,4759,4871,0
4200,5140,4871,0
4201,5140,4898,0
4202,5140,4759,0
4203,4871,4898,0
4204,2907,2988,0
4205,2907,2982,0
4206,2668,2982,0
4207,2668,2988,0
4208,2668,2907,0
4209,2982,2988,0
4210,3648,3869,0
4211,3648,3778,0
4212,3889,3778,0
4213,3889,3869,0
4214,3889,3648,0
4215,3778,3869,0
4216,4219,4147,0
4217,628,742,0
4218,628,1576,0
4219,1565,1576,0
4220,1565,742,0
4221,1565,628,0
4222,1576,742,0
4223,3749,3946,0
4224,3749,3825,0
4225,3956,3825,0
4226,3956,3946,0
4227,3956,3749,0
4228,3825,3946,0
4229,5772,5849,0
4230,5772,5763,0
4231,6011,5763,0
4232,6011,5849,0
4233,6011,5772,0
4234,5763,5849,0
4235,4622,4418,0
4236,4622,4573,0
4237,4686,4573,0
4238,4686,4418,0
4239,4686,4622,0
4240,4573,4418,0
4241,3112,3079,0
4242,3112,2972,0
4243,2978,3079,0
4244,2978,3112,0
4245,2972,3079,0
4246,4366,4423,0
4247,4366,4529,0
4248,4506,4366,0
4249,5520,5277,0
4250,5520,5549,0
4251,5490,5549,0
4252,5490,5277,0
4253,5490,5520,0
4254,5549,5277,0
4255,3115,3226,0
4256,3115,3097,0
4257,3160,3097,0
4258,3160,3226,0
4259,3160,3115,0
4260,3097,3226,0
4261,2994,3010,0
4262,3595,6647,0
4263,3595,3010,0
4264,3595,2994,0
4265,6647,3010,0
4266,4726,4359,0
4267,4726,4571,0
4268,4703,4571,0
4269,4703,4359,0
4270,4703,4726,0
4271,4571,4359,0
4272,4906,4718,1
4273,4906,4442,1
4274,4541,4442,0
4275,4541,4718,0
4276,4442,4718,1
4277,4771,4728,0
4278,4508,4541,0
4279,4508,4728,0
4280,4508,4771,0
4281,4541,4728,0
4282,4289,4635,0
4283,4289,4090,0
4284,4328,4090,0
4285,4328,4289,0
4286,4090,4635,0
4287,4377,4346,0
4288,2511,2510,0
4289,2511,2565,0
4290,2782,2565,0
4291,2782,2510,0
4292,2782,2511,0
4293,2565,2510,0
4294,4480,4726,0
4295,4359,4749,0
4296,4359,4480,0
4297,4749,4726,0
4298,2682,2672,0
4299,2682,2846,0
4300,2727,2846,0
4301,2727,2672,0
4302,2727,2682,0
4303,2846,2672,0
4304,2421,2352,0
4305,2520,2352,0
4306,2352,2477,0
4307,3379,3205,0
4308,3379,3121,0
4309,3802,3121,0
4310,3802,3205,0
4311,3802,3379,0
4312,3121,3205,0
4313,3669,3493,0
4314,3669,3723,0
4315,3623,3493,0
4316,3623,3669,0
4317,3723,3493,0
4318,4161,4696,0
4319,4161,4481,0
4320,4184,4481,0
4321,4184,4696,0
4322,4184,4161,0
4323,4481,4696,0
4324,4371,4201,0
4325,4371,4383,0
4326,4230,4383,0
4327,4230,4201,0
4328,4230,4371,0
4329,4383,4201,0
4330,3453,4170,0
4331,4184,4170,0
4332,4422,4170,0
4333,3683,3606,0
4334,3683,3539,0
4335,3852,3539,0
4336,3852,3606,0
4337,3852,3683,0
4338,3539,3606,0
4339,3020,3098,0
4340,3020,3213,0
4341,3299,3213,0
4342,3299,3098,0
4343,3299,3020,0
4344,3213,3098,0
4345,148,247,0
4346,148,78,0
4347,6507,78,0
4348,6507,247,0
4349,6507,148,0
4350,78,247,0
4351,1816,1988,0
4352,1816,1763,0
4353,2129,1988,0
4354,2129,1816,0
4355,1763,1988,0
4356,6609,2181,0
4357,6609,2139,0
4358,2161,2139,0
4359,2161,2181,0
4360,2161,6609,0
4361,2139,2181,0
4362,2625,2507,0
4363,2625,2601,0
4364,2523,2601,0
4365,2523,2507,0
4366,2601,2507,0
4367,1689,1769,0
4368,1689,1611,0
4369,1689,1671,0
4370,1231,1393,0
4371,1231,1274,0
4372,1412,1393,0
4373,1412,1231,0
4374,1274,1393,0
4375,3556,3531,0
4376,3556,3516,0
4377,6643,3516,0
4378,6643,3531,0
4379,6643,3556,0
4380,3516,3531,0
4381,4436,4310,0
4382,4436,6650,0
4383,6651,4310,0
4384,6651,4436,0
4385,6650,4310,0
4386,4150,4115,0
4387,4150,4458,0
4388,3736,4458,0
4389,3736,4115,0
4390,3736,4150,0
4391,4458,4115,0
4392,1534,1559,0
4393,1534,1751,0
4394,1620,1559,0
4395,1620,1534,0
4396,1751,1559,0
4397,2041,1896,0
4398,2041,1908,0
4399,1937,1908,0
4400,1937,1896,0
4401,1937,2041,0
4402,1908,1896,0
4403,6070,4859,0
4404,6070,5045,0
4405,4184,5045,0
4406,4184,4859,0
4407,4184,6070,0
4408,5045,4859,0
4409,3055,2856,0
4410,3055,3049,0
4411,3055,3119,0
4412,2839,3080,0
4413,2839,2933,0
4414,3071,2933,0
4415,3071,3080,0
4416,2933,3080,0
4417,3453,3360,0
4418,4096,4184,0
4419,4096,3453,0
4420,3360,4184,0
4421,4455,4425,0
4422,4455,4326,0
4423,4159,4425,0
4424,4159,4455,0
4425,4326,4425,0
4426,59,334,0
4427,59,152,0
4428,218,152,0
4429,218,334,0
4430,218,59,0
4431,152,334,0
4432,2935,2992,0
4433,2935,2743,0
4434,3121,2743,0
4435,3121,2992,0
4436,3121,2935,0
4437,2743,2992,0
4438,1185,1291,0
4439,1185,1385,0
4440,1431,1385,0
4441,1431,1291,0
4442,1431,1185,0
4443,1385,1291,0
4444,2530,2469,0
4445,2528,2577,0
4446,2528,2530,0
4447,2469,2577,0
4448,508,471,0
4449,508,407,0
4450,574,407,0
4451,574,471,0
4452,574,508,0
4453,407,471,0
4454,1900,2072,0
4455,1900,1921,0
4456,2123,1921,0
4457,2123,2072,0
4458,2123,1900,0
4459,1921,2072,0
4460,3310,3282,0
4461,3243,3282,0
4462,4410,4418,0
4463,4410,4686,0
4464,4692,4686,0
4465,4692,4418,0
4466,4692,4410,0
4467,1922,1993,0
4468,1922,2157,0
4469,2092,2157,0
4470,2092,1993,0
4471,2092,1922,0
4472,2157,1993,0
4473,2097,2109,0
4474,2097,1931,0
4475,1945,1931,0
4476,1945,2109,0
4477,1945,2097,0
4478,1931,2109,0
4479,3552,3346,0
4480,3552,3448,0
4481,3504,3552,0
4482,4702,4340,0
4483,4702,4749,0
4484,4359,4340,0
4485,4359,4702,0
4486,4749,4340,0
4487,4234,3941,0
4488,4234,4068,0
4489,4088,4068,0
4490,4088,3941,0
4491,4088,4234,0
4492,4068,3941,0
4493,5425,5519,0
4494,5425,5346,0
4495,5493,5346,0
4496,5493,5519,0
4497,5493,5425,0
4498,5346,5519,0
4499,1258,1288,0
4500,1258,1331,0
4501,1132,1331,0
4502,1132,1288,0
4503,1132,1258,0
4504,1331,1288,0
4505,4235,4375,0
4506,4300,4375,0
4507,4300,4061,0
4508,4300,4235,0
4509,4375,4061,0
4510,2689,2425,0
4511,2467,2425,0
4512,2467,2781,0
4513,2467,2689,0
4514,2425,2781,0
4515,4413,4558,0
4516,4413,4681,0
4517,4661,4681,0
4518,4661,4558,0
4519,4661,4413,0
4520,4681,4558,0
4521,4622,4338,0
4522,4622,4511,0
4523,4573,4511,0
4524,4573,4338,0
4525,4511,4338,0
4526,6218,6090,0
4527,6218,6232,0
4528,6075,6232,0
4529,6075,6090,0
4530,6075,6218,0
4531,3876,3977,0
4532,3876,3662,0
4533,3649,3662,0
4534,3649,3977,0
4535,3649,3876,0
4536,3662,3977,0
4537,694,836,0
4538,694,588,0
4539,576,588,0
4540,576,836,0
4541,576,694,0
4542,588,836,0
4543,4468,4536,0
4544,4403,4536,0
4545,4232,4536,0
4546,3115,3262,0
4547,3239,3226,0
4548,3239,3262,0
4549,3239,3115,0
4550,3226,3262,0
4551,281,357,0
4552,281,338,0
4553,526,338,0
4554,526,357,0
4555,526,281,0
4556,338,357,0
4557,4105,6660,0
4558,4105,4103,0
4559,6668,4103,0
4560,6668,4105,0
4561,3115,3248,0
4562,3097,3248,0
4563,3248,3226,0
4564,2940,2769,0
4565,2940,2946,0
4566,6639,2946,0
4567,6639,2769,0
4568,6639,2940,0
4569,2946,2769,0
4570,3161,3192,0
4571,3320,3354,0
4572,3320,3192,0
4573,3320,3161,0
4574,3354,3192,0
4575,4117,4179,0
4576,4117,4038,0
4577,3935,4038,0
4578,3935,4179,0
4579,3935,4117,0
4580,4038,4179,0
4581,1095,1140,0
4582,1095,1349,0
4583,1068,1349,0
4584,1068,1140,0
4585,1068,1095,0
4586,1349,1140,0
4587,4537,4636,0
4588,4537,4392,0
4589,4658,4392,0
4590,4658,4636,0
4591,4658,4537,0
4592,4392,4636,0
4593,4412,4519,0
4594,4412,6664,0
4595,4565,6664,0
4596,4565,4519,0
4597,4565,4412,0
4598,6664,4519,0
4599,5883,5631,0
4600,5633,5895,0
4601,5633,5631,0
4602,5633,5883,0
4603,5895,5631,0
4604,2199,2097,0
4605,2199,1927,0
4606,2109,1927,0
4607,2109,2199,0
4608,1927,2097,0
4609,4935,4860,0
4610,4935,6680,0
4611,4721,6680,0
4612,4721,4860,0
4613,4721,4935,0
4614,6680,4860,0
4615,5619,5493,0
4616,5619,5519,0
4617,5619,5425,0
4618,4123,4191,0
4619,4123,4532,0
4620,4245,4532,0
4621,4245,4191,0
4622,4245,4123,0
4623,4532,4191,0
4624,3891,3622,0
4625,3891,3805,0
4626,3701,3805,0
4627,3701,3622,0
4628,3701,3891,0
4629,3805,3622,0
4630,4182,4071,0
4631,4182,4201,0
4632,4167,4201,0
4633,4167,4182,0
4634,4201,4071,0
4635,3383,3384,0
4636,3383,3514,0
4637,3222,3514,0
4638,3222,3384,0
4639,3222,3383,0
4640,3514,3384,0
4641,4156,4134,0
4642,4156,4278,0
4643,4076,4278,0
4644,4076,4134,0
4645,4076,4156,0
4646,4278,4134,0
4647,4294,4516,0
4648,4434,4516,0
4649,4516,4265,0
4650,4156,4220,0
4651,4156,4265,0
4652,4076,4265,0
4653,4076,4220,0
4654,4265,4220,0
4655,4284,4199,0
4656,4284,4124,0
4657,4038,4124,0
4658,4038,4199,0
4659,4038,4284,0
4660,4124,4199,0
4661,4291,4296,0
4662,4291,4461,0
4663,4584,4461,0
4664,4584,4296,0
4665,4584,4291,0
4666,4461,4296,0
4667,3770,4045,0
4668,3770,4008,0
4669,3781,4008,0
4670,3781,4045,0
4671,3781,3770,0
4672,4008,4045,0
4673,1001,1166,0
4674,1001,1062,0
4675,1121,1062,0
4676,1121,1166,0
4677,1121,1001,0
4678,1062,1166,0
4679,4235,6664,0
4680,4449,6664,0
4681,4449,4375,0
4682,4449,4235,0
4683,6664,4375,0
4684,3344,4978,0
4685,3344,2595,0
4686,4207,2595,0
4687,4207,4978,0
4688,4207,3344,0
4689,2595,4978,0
4690,3648,3832,0
4691,3648,3821,0
4692,3889,3821,0
4693,3889,3832,0
4694,3821,3832,0
4695,5803,6083,0
4696,5803,6300,0
4697,6328,6300,0
4698,6328,6083,0
4699,6328,5803,0
4700,6300,6083,0
4701,2258,2464,0
4702,2258,2230,0
4703,2273,2230,0
4704,2273,2464,0
4705,2273,2258,0
4706,2230,2464,0
4707,6439,6404,0
4708,6439,48,0
4709,2,48,0
4710,2,6404,0
4711,2,6439,0
4712,48,6404,0
4713,5173,4961,0
4714,5173,5073,0
4715,5173,5024,0
4716,2473,2546,0
4717,2473,2505,0
4718,2326,2505,0
4719,2326,2546,0
4720,2326,2473,0
4721,2505,2546,0
4722,3595,3891,0
4723,3595,3622,0
4724,3805,3595,0
4725,3516,6649,0
4726,3516,3740,0
4727,6643,3740,0
4728,6643,6649,0
4729,3740,6649,0
4730,4148,4280,0
4731,4148,4341,0
4732,4133,4341,0
4733,4133,4280,0
4734,4133,4148,0
4735,4341,4280,0
4736,4291,4434,0
4737,4291,4537,0
4738,4584,4537,0
4739,4584,4434,0
4740,4537,4434,0
4741,677,692,0
4742,677,709,0
4743,852,709,0
4744,852,692,0
4745,852,677,0
4746,709,692,0
4747,3088,3050,0
4748,3088,3205,0
4749,3336,3205,0
4750,3336,3050,0
4751,3336,3088,0
4752,3205,3050,0
4753,3252,2904,0
4754,3252,2768,0
4755,2585,2768,0
4756,2585,2904,0
4757,2585,3252,0
4758,2768,2904,0
4759,5325,5329,0
4760,5325,5245,0
4761,5299,5245,0
4762,5299,5329,0
4763,5299,5325,0
4764,5245,5329,0
4765,4310,3738,0
4766,4310,6646,0
4767,6651,6646,0
4768,6651,3738,0
4769,6646,3738,0
4770,3852,3930,0
4771,3852,3948,0
4772,3989,3948,0
4773,3989,3930,0
4774,3989,3852,0
4775,3948,3930,0
4776,4010,4322,0
4777,4010,4115,0
4778,4430,4115,0
4779,4430,4322,0
4780,4430,4010,0
4781,267,491,0
4782,267,456,0
4783,4251,3891,0
4784,4251,4173,0
4785,4286,4173,0
4786,4286,3891,0
4787,4286,4251,0
4788,4173,3891,0
4789,4760,3938,0
4790,4760,4427,0
4791,6666,4427,0
4792,6666,3938,0
4793,6666,4760,0
4794,4427,3938,0
4795,2758,2825,0
4796,2758,2636,0
4797,2720,2636,0
4798,2720,2825,0
4799,2720,2758,0
4800,2636,2825,0
4801,909,1364,0
4802,909,1035,0
4803,1037,1035,0
4804,1037,1364,0
4805,1037,909,0
4806,1035,1364,0
4807,4638,4516,0
4808,4638,4584,0
4809,4680,4584,0
4810,4680,4516,0
4811,4680,4638,0
4812,4584,4516,0
4813,3650,6647,0
4814,3650,4173,0
4815,4204,4173,0
4816,4204,6647,0
4817,4204,3650,0
4818,4173,6647,0
4819,1944,2087,0
4820,1944,2052,0
4821,2069,2052,0
4822,2069,2087,0
4823,2069,1944,0
4824,2052,2087,0
4825,4868,5424,0
4826,4868,4708,0
4827,4647,4708,0
4828,4647,5424,0
4829,4647,4868,0
4830,4708,5424,0
4831,3122,3039,0
4832,3040,3039,0
4833,3030,3039,0
4834,2914,2831,0
4835,2914,2960,0
4836,2954,2960,0
4837,2954,2831,0
4838,2954,2914,0
4839,2960,2831,0
4840,3673,3910,0
4841,3673,3752,0
4842,3870,3752,0
4843,3870,3910,0
4844,3870,3673,0
4845,3752,3910,0
4846,2569,2561,0
4847,2569,2518,0
4848,2361,2518,0
4849,2361,2561,0
4850,2361,2569,0
4851,2518,2561,0
4852,1839,2015,0
4853,1839,1951,0
4854,2017,1951,0
4855,2017,2015,0
4856,2017,1839,0
4857,1951,2015,0
4858,3077,3122,0
4859,3077,2983,0
4860,3039,2983,0
4861,3039,3077,0
4862,2983,3122,0
4863,1664,1749,0
4864,1664,1657,0
4865,6593,1657,0
4866,6593,1749,0
4867,6593,1664,0
4868,1657,1749,0
4869,4325,4524,0
4870,4325,4517,0
4871,4181,4325,0
4872,3743,3630,0
4873,3743,3677,0
4874,3583,3677,0
4875,3583,3630,0
4876,3583,3743,0
4877,3677,3630,0
4878,5338,5747,0
4879,5338,5120,0
4880,5525,5120,0
4881,5525,5747,0
4882,5525,5338,0
4883,5120,5747,0
4884,6653,3834,0
4885,6653,3717,0
4886,3985,3717,0
4887,3985,3834,0
4888,3985,6653,0
4889,3717,3834,0
4890,4398,4383,0
4891,4398,4230,0
4892,4373,4230,0
4893,4373,4383,0
4894,4373,4398,0
4895,1421,1424,0
4896,3087,3497,0
4897,3087,3453,0
4898,3360,3497,0
4899,3360,3087,0
4900,3453,3497,0
4901,5314,5661,0
4902,5314,5776,0
4903,5700,5776,0
4904,5700,5661,0
4905,5700,5314,0
4906,5776,5661,0
4907,4647,4643,0
4908,3917,4708,0
4909,3917,4643,0
4910,3917,4647,0
4911,4708,4643,0
4912,4285,4329,0
4913,4285,4356,0
4914,4195,4356,0
4915,4195,4329,0
4916,4356,4329,0
4917,4286,4375,0
4918,4286,4519,0
4919,6664,4286,0
4920,4331,4721,0
4921,4331,4668,0
4922,4662,4668,0
4923,4662,4721,0
4924,4662,4331,0
4925,4668,4721,0
4926,3989,3870,0
4927,3989,3752,0
4928,3989,3910,0
4929,5335,5592,0
4930,5335,5860,0
4931,5813,5860,0
4932,5813,5592,0
4933,5813,5335,0
4934,5860,5592,0
4935,3465,3564,0
4936,3465,3399,0
4937,3465,3290,0
4938,4378,4286,0
4939,4175,3910,0
4940,4175,4156,0
4941,3870,4156,0
4942,3870,4175,0
4943,4156,3910,0
4944,3512,3531,0
4945,3512,6643,0
4946,3386,6643,0
4947,3386,3531,0
4948,3386,3512,0
4949,4993,6685,0
4950,4993,5225,0
4951,4988,5225,0
4952,4988,6685,0
4953,4988,4993,0
4954,5225,6685,0
4955,4052,4036,0
4956,4052,4050,0
4957,3897,4050,0
4958,3897,4036,0
4959,3897,4052,0
4960,4050,4036,0
4961,2366,2156,0
4962,2211,2156,0
4963,2211,2259,0
4964,2211,2366,0
4965,2156,2259,0
4966,3844,4001,0
4967,3828,3936,0
4968,3828,4001,0
4969,3828,3844,0
4970,4140,3350,0
4971,4140,3547,0
4972,3906,3547,0
4973,3906,3350,0
4974,3906,4140,0
4975,3547,3350,0
4976,4156,4294,0
4977,4156,4356,0
4978,4195,4156,0
4979,2078,2074,0
4980,2078,2214,0
4981,1882,2214,0
4982,1882,2074,0
4983,1882,2078,0
4984,2214,2074,0
4985,3647,3570,0
4986,3440,3570,0
4987,6670,3757,0
4988,6670,6659,0
4989,3902,6659,0
4990,3902,3757,0
4991,3902,6670,0
4992,6659,3757,0
4993,2988,3053,0
4994,2988,3080,0
4995,2816,3080,0
4996,2816,3053,0
4997,2816,2988,0
4998,3080,3053,0
4999,4419,4438,0
5000,4419,4204,0
5001,4597,4204,0
5002,4597,4438,0
5003,4597,4419,0
5004,4204,4438,0
5005,2107,1946,0
5006,2107,2009,0
5007,2238,2009,0
5008,2238,1946,0
5009,2238,2107,0
5010,2009,1946,0
5011,6589,6638,0
5012,6589,2146,0
5013,2347,2146,0
5014,2347,6638,0
5015,2347,6589,0
5016,2146,6638,0
5017,6572,1103,0
5018,6572,6582,0
5019,811,6582,0
5020,811,1103,0
5021,811,6572,0
5022,6582,1103,0
5023,5529,5777,0
5024,5777,5795,0
5025,3379,3489,0
5026,3379,3752,0
5027,3606,3752,0
5028,3606,3489,0
5029,3606,3379,0
5030,3752,3489,0
5031,3891,3937,0
5032,4089,4286,0
5033,4089,3937,0
5034,4089,3891,0
5035,4286,3937,0
5036,4061,3740,0
5037,4061,3937,0
5038,4061,4056,0
5039,1711,6606,0
5040,1711,6598,0
5041,2146,6598,0
5042,2146,6606,0
5043,2146,1711,0
5044,6598,6606,0
5045,3949,6664,0
5046,3949,4519,0
5047,4788,4963,0
5048,4788,4959,0
5049,4761,4959,0
5050,4761,4963,0
5051,4761,4788,0
5052,4959,4963,0
5053,3575,3153,0
5054,3575,3216,0
5055,3059,3216,0
5056,3059,3153,0
5057,3059,3575,0
5058,3216,3153,0
5059,6687,4914,0
5060,6687,5007,0
5061,4616,5007,0
5062,4616,4914,0
5063,4616,6687,0
5064,5007,4914,0
5065,6680,4918,0
5066,6680,4961,0
5067,4747,4961,0
5068,4747,4918,0
5069,4961,4918,0
5070,4872,5087,0
5071,4872,4799,0
5072,4941,4799,0
5073,4941,5087,0
5074,4941,4872,0
5075,4799,5087,0
5076,4061,4011,0
5077,4061,3985,0
5078,3717,4011,0
5079,3717,4061,0
5080,3985,4011,0
5081,4376,4412,0
5082,4376,4449,0
5083,4175,4449,0
5084,4175,4412,0
5085,4175,4376,0
5086,4449,4412,0
5087,5298,5520,0
5088,5298,5277,0
5089,5678,5277,0
5090,5678,5520,0
5091,5678,5298,0
5092,4547,4251,0
5093,4547,4286,0
5094,4519,4251,0
5095,4519,4547,0
5096,2992,3081,0
5097,2992,2905,0
5098,3113,2905,0
5099,3113,3081,0
5100,3113,2992,0
5101,2905,3081,0
5102,4519,3891,0
5103,5647,5589,0
5104,5647,6022,0
5105,6067,6022,0
5106,6067,5589,0
5107,6067,5647,0
5108,6022,5589,0
5109,4868,5691,0
5110,5950,5691,0
5111,5950,5424,0
5112,5950,4868,0
5113,5691,5424,0
5114,6656,4438,0
5115,6656,3917,0
5116,3915,3917,0
5117,3915,4438,0
5118,3915,6656,0
5119,3917,4438,0
5120,4286,4061,0
5121,4286,4235,0
5122,1350,2495,0
5123,1350,3786,0
5124,1906,3786,0
5125,1906,2495,0
5126,1906,1350,0
5127,3786,2495,0
5128,3932,3835,0
5129,3785,3835,0
5130,3936,3835,0
5131,3327,3591,0
5132,3327,3426,0
5133,3566,3426,0
5134,3566,3591,0
5135,3566,3327,0
5136,3426,3591,0
5137,1401,1490,0
5138,1401,1439,0
5139,1371,1439,0
5140,1371,1490,0
5141,1371,1401,0
5142,1439,1490,0
5143,2733,2564,0
5144,2733,2661,0
5145,2282,2661,0
5146,2282,2564,0
5147,2282,2733,0
5148,2661,2564,0
5149,4952,4790,0
5150,4952,4830,0
5151,4786,4830,0
5152,4786,4790,0
5153,4786,4952,0
5154,4830,4790,0
5155,5459,5193,0
5156,5459,5361,0
5157,5169,5361,0
5158,5169,5193,0
5159,5169,5459,0
5160,5361,5193,0
5161,3910,3949,0
5162,3834,3949,0
5163,3834,3752,0
5164,3949,3752,0
5165,615,1405,0
5166,615,6457,0
5167,1172,6457,0
5168,1172,1405,0
5169,1172,615,0
5170,6457,1405,0
5171,348,581,0
5172,348,362,0
5173,245,362,0
5174,245,581,0
5175,245,348,0
5176,362,581,0
5177,3863,3973,0
5178,3863,3971,0
5179,3955,3971,0
5180,3955,3973,0
5181,3955,3863,0
5182,3971,3973,0
5183,4142,4358,0
5184,4142,4361,0
5185,4230,4361,0
5186,4230,4358,0
5187,4230,4142,0
5188,4361,4358,0
5189,6573,1316,0
5190,6573,1355,0
5191,6579,1316,0
5192,6579,6573,0
5193,1355,1316,0
5194,3609,4422,0
5195,3609,4481,0
5196,4451,4481,0
5197,4451,3609,0
5198,4481,4422,0
5199,2984,3185,0
5200,2984,3019,0
5201,3117,3019,0
5202,3117,3185,0
5203,3117,2984,0
5204,3019,3185,0
5205,4328,4514,0
5206,4145,4514,0
5207,4145,4458,0
5208,4145,4328,0
5209,4514,4458,0
5210,4434,4552,0
5211,4434,4672,0
5212,4409,4672,0
5213,4409,4552,0
5214,4672,4552,0
5215,6353,6265,0
5216,6353,6016,0
5217,6062,6016,0
5218,6062,6265,0
5219,6062,6353,0
5220,6016,6265,0
5221,4361,4276,0
5222,4373,4276,0
5223,4373,4361,0
5224,4230,4276,0
5225,2293,2420,0
5226,2293,2264,0
5227,2435,2264,1
5228,2435,2420,0
5229,2435,2293,0
5230,2264,2420,0
5231,5369,5314,0
5232,5369,5776,0
5233,5229,5776,0
5234,5229,5314,0
5235,5229,5369,0
5236,6276,5945,0
5237,6276,5045,0
5238,5378,5045,0
5239,5378,5945,0
5240,5378,6276,0
5241,5045,5945,0
5242,4278,4291,0
5243,4278,4265,0
5244,4220,4291,0
5245,4220,4278,0
5246,4265,4291,0
5247,2546,2353,0
5248,2326,2353,0
5249,2505,2353,0
5250,4289,4166,0
5251,4090,4166,0
5252,4166,4635,0
5253,4164,4331,0
5254,4164,4256,0
5255,4285,4256,0
5256,4285,4331,0
5257,4285,4164,0
5258,4256,4331,0
5259,4346,4212,0
5260,4297,4212,0
5261,4297,4377,0
5262,4297,4346,0
5263,4212,4377,0
5264,3655,3765,0
5265,3655,3828,0
5266,3936,3765,0
5267,3936,3655,0
5268,3828,3765,0
5269,5473,5596,0
5270,5473,5366,0
5271,6697,5366,0
5272,6697,5596,0
5273,6697,5473,0
5274,5366,5596,0
5275,2297,2196,0
5276,2297,2120,0
5277,2230,2120,0
5278,2230,2196,0
5279,2230,2297,0
5280,2120,2196,0
5281,4944,4824,0
5282,4944,4773,0
5283,4659,4773,0
5284,4659,4824,0
5285,4659,4944,0
5286,4773,4824,0
5287,3396,3583,0
5288,3396,3566,0
5289,3567,3566,0
5290,3567,3583,0
5291,3567,3396,0
5292,3566,3583,0
5293,3736,3808,0
5294,3736,4328,0
5295,4458,3808,0
5296,5886,5837,0
5297,5886,5641,0
5298,5900,5641,0
5299,5900,5837,0
5300,5900,5886,0
5301,5641,5837,0
5302,1492,1495,0
5303,1492,1303,0
5304,1504,1303,0
5305,1504,1495,0
5306,1504,1492,0
5307,1303,1495,0
5308,5373,5325,0
5309,5373,5299,0
5310,5077,5044,0
5311,5077,4963,0
5312,5062,4963,0
5313,5062,5044,0
5314,5062,5077,0
5315,4963,5044,0
5316,6653,4089,0
5317,3676,4089,0
5318,3676,3834,0
5319,3676,6653,0
5320,4235,4397,0
5321,4235,4156,0
5322,4300,4156,0
5323,4300,4397,0
5324,4156,4397,0
5325,4834,5004,0
5326,4834,4795,0
5327,5049,4795,0
5328,5049,5004,0
5329,5049,4834,0
5330,4795,5004,0
5331,4256,4001,0
5332,4256,3898,0
5333,4256,4171,0
5334,6290,6243,0
5335,6290,6062,0
5336,6187,6062,0
5337,6187,6243,0
5338,6187,6290,0
5339,6062,6243,0
5340,5741,5768,0
5341,5741,5664,0
5342,5741,5642,0
5343,389,348,0
5344,389,60,0
5345,182,60,0
5346,182,348,0
5347,182,389,0
5348,60,348,0
5349,1260,1064,0
5350,1260,1269,0
5351,1072,1269,0
5352,1072,1064,0
5353,1072,1260,0
5354,1269,1064,0
5355,5004,5079,0
5356,5004,5123,0
5357,5049,5123,0
5358,5123,5079,0
5359,4175,4397,0
5360,4175,6664,0
5361,4449,4397,0
5362,6664,4397,0
5363,2929,3268,0
5364,2929,3320,0
5365,3263,3320,0
5366,3263,3268,0
5367,3263,2929,0
5368,3320,3268,0
5369,726,615,0
5370,726,997,0
5371,1172,997,0
5372,1172,726,0
5373,997,615,0
5374,2748,3192,0
5375,2748,3259,0
5376,3166,3259,0
5377,3166,3192,0
5378,3166,2748,0
5379,3259,3192,0
5380,4975,5103,0
5381,4975,4891,0
5382,4940,4891,0
5383,4940,5103,0
5384,4940,4975,0
5385,4891,5103,0
5386,5262,5221,0
5387,5262,5305,0
5388,5051,5305,0
5389,5051,5221,0
5390,5051,5262,0
5391,2714,2929,0
5392,2714,3161,0
5393,2895,3161,0
5394,2895,2929,0
5395,2895,2714,0
5396,3161,2929,0
5397,4300,4600,0
5398,4300,4584,0
5399,4461,4600,0
5400,4461,4300,0
5401,4584,4600,0
5402,3069,3217,0
5403,3069,3078,0
5404,3285,3078,0
5405,3285,3217,0
5406,3285,3069,0
5407,3078,3217,0
5408,5666,5596,0
5409,5835,5596,0
5410,5835,5916,0
5411,5835,5666,0
5412,5596,5916,0
5413,3676,3891,0
5414,3676,3622,0
5415,3585,3622,0
5416,3585,3891,0
5417,3585,3676,0
5418,3336,3622,0
5419,3336,3585,0
5420,3336,3676,0
5421,506,40,0
5422,506,493,0
5423,8,493,0
5424,8,40,0
5425,8,506,0
5426,493,40,0
5427,5077,5188,0
5428,5100,5188,0
5429,5100,5044,0
5430,5100,5077,0
5431,5188,5044,0
5432,4056,6660,0
5433,4056,4186,0
5434,4447,4186,0
5435,4447,4056,0
5436,4186,6660,0
5437,3213,3253,0
5438,3213,3148,0
5439,3327,3148,0
5440,3327,3213,0
5441,3148,3253,0
5442,3305,3587,0
5443,3236,3497,0
5444,3236,3587,0
5445,3236,3305,0
5446,3497,3587,0
5447,3299,3372,0
5448,3583,3476,0
5449,3583,3372,0
5450,3583,3299,0
5451,3476,3372,0
5452,3674,3743,0
5453,3795,3743,0
5454,3562,3743,0
5455,4010,3898,0
5456,4010,4151,0
5457,4153,4151,0
5458,4153,3898,0
5459,4153,4010,0
5460,4151,3898,0
5461,1914,1811,0
5462,1914,2619,0
5463,2312,2619,0
5464,2312,1811,0
5465,2312,1914,0
5466,2619,1811,0
5467,4159,4177,0
5468,3950,4177,0
5469,5341,5535,0
5470,5341,5613,0
5471,5574,5613,0
5472,5574,5535,0
5473,5574,5341,0
5474,5613,5535,0
5475,4401,6667,0
5476,4401,4393,0
5477,4186,4393,0
5478,4186,6667,0
5479,4186,4401,0
5480,4393,6667,0
5481,3238,2440,0
5482,3238,2578,0
5483,2931,2578,0
5484,2931,2440,0
5485,2931,3238,0
5486,2578,2440,0
5487,4338,4455,0
5488,4338,4426,0
5489,4511,4426,0
5490,4511,4455,0
5491,4426,4455,0
5492,4281,4194,0
5493,4281,4075,0
5494,4269,4075,0
5495,4269,4194,0
5496,4269,4281,0
5497,3875,4043,1
5498,3875,3797,0
5499,3679,3875,1
5500,4113,4023,0
5501,4113,4231,0
5502,4017,4231,0
5503,4017,4023,0
5504,4017,4113,0
5505,4231,4023,0
5506,3161,3500,0
5507,3354,3500,0
5508,3500,3192,0
5509,5300,4863,0
5510,5300,5035,0
5511,4797,5035,0
5512,4797,4863,0
5513,4797,5300,0
5514,5035,4863,0
5515,3381,3712,0
5516,3381,3758,0
5517,3479,3758,0
5518,3479,3712,0
5519,3479,3381,0
5520,3758,3712,0
5521,3591,3630,0
5522,3591,3677,0
5523,3579,3677,0
5524,3579,3630,0
5525,3579,3591,0
5526,1791,1812,0
5527,1791,1724,0
5528,1702,1724,0
5529,1702,1812,0
5530,1702,1791,0
5531,1724,1812,0
5532,1370,1357,0
5533,1370,1373,0
5534,1449,1373,0
5535,1449,1357,0
5536,1449,1370,0
5537,1373,1357,0
5538,6576,1316,0
5539,6576,6585,0
5540,1355,6576,0
5541,6585,1316,0
5542,4289,3933,0
5543,4289,3808,0
5544,4653,4572,0
5545,4653,4513,0
5546,4211,4513,0
5547,3636,3497,0
5548,4096,3497,0
5549,4696,4422,0
5550,4696,4451,0
5551,2863,3190,0
5552,2863,6642,0
5553,3255,6642,0
5554,3255,3190,0
5555,3255,2863,0
5556,4340,4157,0
5557,4115,4359,0
5558,4115,4340,0
5559,4359,4157,0
5560,2671,2977,0
5561,2671,2891,0
5562,3118,2891,0
5563,3118,2671,0
5564,2891,2977,0
5565,3910,3985,0
5566,3717,3910,0
5567,2714,2872,0
5568,2680,2929,0
5569,2680,2872,0
5570,2680,2714,0
5571,2929,2872,0
5572,4168,4184,0
5573,4161,3908,0
5574,4161,4168,0
5575,4184,3908,0
5576,6656,3902,0
5577,3650,4438,0
5578,3650,3902,0
5579,3650,6656,0
5580,4438,3902,0
5581,6659,6661,0
5582,6659,6669,0
5583,4419,6669,0
5584,4419,6661,0
5585,4419,6659,0
5586,6669,6661,0
5587,6649,3805,0
5588,6649,4007,0
5589,4018,4007,0
5590,4018,3805,0
5591,4018,6649,0
5592,4007,3805,0
5593,3752,3930,0
5594,3802,3949,0
5595,3802,3930,0
5596,3802,3752,0
5597,3949,3930,0
5598,3252,6629,0
5599,3252,6630,0
5600,2791,6630,0
5601,2791,6629,0
5602,2791,3252,0
5603,6630,6629,0
5604,3688,3822,0
5605,3688,3702,0
5606,3633,3702,0
5607,3633,3822,0
5608,3633,3688,0
5609,3702,3822,0
5610,3962,4056,0
5611,3962,3740,0
5612,4061,3962,0
5613,3137,2845,0
5614,3137,2844,0
5615,6633,2844,0
5616,6633,2845,0
5617,6633,3137,0
5618,2844,2845,0
5619,3676,3611,0
5620,3676,6650,0
5621,3545,6650,0
5622,3545,3611,0
5623,3545,3676,0
5624,6650,3611,0
5625,4447,4393,0
5626,3533,3652,0
5627,3533,3663,0
5628,3750,3663,0
5629,3750,3652,0
5630,3750,3533,0
5631,3663,3652,0
5632,3077,3276,0
5633,3077,3168,0
5634,2983,3168,0
5635,2983,3276,0
5636,3168,3276,0
5637,4129,4163,0
5638,4129,4032,0
5639,4208,4032,0
5640,4032,4163,0
5641,3774,4212,1
5642,3774,3848,1
5643,3840,3848,0
5644,3840,3774,0
5645,3848,4212,1
5646,3039,2960,0
5647,3039,2954,0
5648,3039,2914,0
5649,6704,5875,0
5650,6704,5786,0
5651,5932,5786,0
5652,5932,5875,0
5653,5932,6704,0
5654,5786,5875,0
5655,3909,3921,0
5656,3909,3900,0
5657,4104,3900,0
5658,4104,3921,0
5659,4104,3909,0
5660,3900,3921,0
5661,4278,4263,0
5662,4278,4300,0
5663,4461,4263,0
5664,4461,4278,0
5665,4300,4263,0
5666,4260,4245,0
5667,4260,4532,0
5668,4613,4532,0
5669,4613,4245,0
5670,4613,4260,0
5671,4658,4461,0
5672,4468,4461,0
5673,4468,4392,0
5674,4468,4658,0
5675,4461,4392,0
5676,4526,4677,0
5677,4526,4555,0
5678,4424,4555,0
5679,4424,4677,0
5680,4424,4526,0
5681,4464,4181,0
5682,4464,4524,0
5683,4464,4325,0
5684,4109,4077,0
5685,4109,4076,0
5686,4220,4077,0
5687,4220,4109,0
5688,4076,4077,0
5689,3872,3883,0
5690,3872,4228,0
5691,4191,4228,0
5692,4191,3883,0
5693,4191,3872,0
5694,4228,3883,0
5695,3189,3036,0
5696,3189,3340,0
5697,3227,3340,0
5698,3227,3036,0
5699,3227,3189,0
5700,3340,3036,0
5701,4860,4819,0
5702,4860,4970,0
5703,4841,4970,0
5704,4841,4819,0
5705,4841,4860,0
5706,4970,4819,0
5707,3524,3616,0
5708,3524,3559,0
5709,3404,3559,0
5710,3404,3616,0
5711,3404,3524,0
5712,3867,3798,0
5713,3797,3798,0
5714,3797,3867,0
5715,2979,3008,0
5716,2979,3093,0
5717,2979,3207,0
5718,3804,4146,0
5719,3804,3906,0
5720,3827,3906,0
5721,3827,4146,0
5722,3827,3804,0
5723,2306,2205,0
5724,2305,2205,0
5725,2305,2121,0
5726,2305,2306,0
5727,2205,2121,0
5728,2663,2687,0
5729,2663,2517,0
5730,2649,2687,0
5731,2649,2663,0
5732,2517,2687,0
5733,3297,3396,0
5734,3297,3567,0
5735,3655,3567,0
5736,3655,3396,0
5737,3655,3297,0
5738,4874,4692,0
5739,4874,4686,0
5740,4574,4686,0
5741,4574,4874,0
5742,4718,4810,0
5743,4718,4929,0
5744,4751,4929,0
5745,4751,4810,0
5746,4751,4718,1
5747,4929,4810,0
5748,4010,3849,0
5749,3824,3849,0
5750,3824,3898,0
5751,3824,4010,0
5752,3849,3898,0
5753,2929,2574,0
5754,3001,2574,0
5755,3001,2680,0
5756,3001,2929,0
5757,2574,2680,0
5758,3282,3305,0
5759,3151,3305,0
5760,3151,3243,0
5761,3151,3282,0
5762,3305,3243,0
5763,4913,5132,0
5764,4913,4765,0
5765,5224,4765,0
5766,5224,5132,0
5767,5224,4913,0
5768,4765,5132,0
5769,3839,3527,0
5770,3839,3964,0
5771,3734,3964,0
5772,3734,3527,0
5773,3734,3839,0
5774,3964,3527,0
5775,4843,4754,0
5776,4843,4961,0
5777,4693,4961,0
5778,4693,4754,0
5779,4693,4843,0
5780,4291,4358,0
5781,4265,4358,0
5782,4434,4358,0
5783,4409,4537,0
5784,4552,4537,0
5785,3568,3720,0
5786,3568,3621,0
5787,3552,3621,0
5788,3552,3720,0
5789,3552,3568,0
5790,3621,3720,0
5791,4636,4757,0
5792,4636,4371,0
5793,4548,4371,0
5794,4548,4757,0
5795,4548,4636,0
5796,4371,4757,0
5797,3771,3744,0
5798,3790,3744,0
5799,4537,4358,0
5800,4584,4358,0
5801,5235,6683,0
5802,5235,5032,0
5803,6694,5032,0
5804,6694,6683,0
5805,6694,5235,0
5806,5032,6683,0
5807,4134,4300,0
5808,2092,2003,0
5809,2285,2003,0
5810,2285,2157,0
5811,2285,2092,0
5812,2003,2157,0
5813,4389,3753,0
5814,4389,4100,0
5815,4013,3753,0
5816,4013,4389,0
5817,4100,3753,0
5818,2508,2558,0
5819,2508,2607,0
5820,2700,2607,0
5821,2700,2558,0
5822,2700,2508,0
5823,2607,2558,0
5824,4218,4492,0
5825,4218,4269,0
5826,4238,4269,0
5827,4238,4492,0
5828,4269,4492,0
5829,3744,3714,0
5830,3744,3867,0
5831,3875,3714,1
5832,3875,3744,0
5833,3867,3714,0
5834,4077,3766,0
5835,4046,4076,0
5836,4046,3766,0
5837,4046,4077,0
5838,4076,3766,0
5839,2991,3068,0
5840,2991,3148,0
5841,3213,3068,0
5842,3213,2991,0
5843,3148,3068,0
5844,4182,4358,0
5845,4182,4372,0
5846,4296,4372,0
5847,4296,4358,0
5848,4296,4182,0
5849,4372,4358,0
5850,3623,3655,0
5851,3567,3534,0
5852,3567,3623,0
5853,3655,3534,0
5854,4065,4281,0
5855,4091,4009,0
5856,4233,4009,0
5857,3749,3788,0
5858,3723,3956,0
5859,3723,3749,0
5860,3956,3788,0
5861,2771,2841,0
5862,2841,2567,0
5863,2763,2696,0
5864,2763,2774,0
5865,2798,2774,0
5866,2798,2696,0
5867,2798,2763,0
5868,2774,2696,0
5869,4287,4425,0
5870,4287,4542,0
5871,4290,4542,0
5872,4290,4425,0
5873,4290,4287,0
5874,4542,4425,0
5875,3865,3788,0
5876,3865,3819,0
5877,3647,3865,0
5878,2626,2465,0
5879,2626,2743,0
5880,2229,2743,0
5881,2229,2465,0
5882,2229,2626,0
5883,2743,2465,0
5884,3647,3597,0
5885,3570,3597,0
5886,3707,3597,0
5887,3089,3290,0
5888,3089,3063,0
5889,3353,3063,0
5890,3353,3290,0
5891,3353,3089,0
5892,3063,3290,0
5893,4281,4238,0
5894,2952,2937,0
5895,2952,2996,0
5896,2947,2952,0
5897,4583,4523,0
5898,4583,4439,0
5899,4444,4439,0
5900,4444,4523,0
5901,4444,4583,0
5902,4439,4523,0
5903,5246,4999,0
5904,5246,5490,0
5905,5233,5490,0
5906,5233,4999,0
5907,5233,5246,0
5908,5490,4999,0
5909,3342,3226,0
5910,3342,3372,0
5911,3440,3372,0
5912,3440,3226,0
5913,3440,3342,0
5914,3372,3226,0
5915,2884,2983,0
5916,2884,2960,0
5917,2962,2960,0
5918,2962,2983,0
5919,2962,2884,0
5920,2960,2983,0
5921,2865,2718,0
5922,2865,2842,0
5923,2693,2718,0
5924,2842,2718,0
5925,4270,4057,0
5926,4270,4067,0
5927,4082,4067,0
5928,4082,4057,0
5929,4082,4270,0
5930,4067,4057,0
5931,3861,4084,0
5932,3861,3831,0
5933,3854,3831,0
5934,3854,4084,0
5935,3854,3861,0
5936,3831,4084,0
5937,5383,5334,0
5938,5383,5303,0
5939,5311,5303,0
5940,5311,5334,0
5941,5311,5383,0
5942,5303,5334,0
5943,3776,3814,0
5944,3776,3806,0
5945,3635,3806,0
5946,3635,3814,0
5947,3635,3776,0
5948,3806,3814,0
5949,4072,3760,0
5950,3793,3981,0
5951,3793,3760,0
5952,3793,4072,0
5953,3981,3760,0
5954,2080,2002,0
5955,2080,2087,0
5956,2141,2087,0
5957,2141,2002,0
5958,2141,2080,0
5959,2087,2002,0
5960,5392,5301,0
5961,5392,5227,0
5962,5467,5227,0
5963,5467,5301,0
5964,5467,5392,0
5965,5227,5301,0
5966,4223,4059,1
5967,4223,4110,0
5968,3854,4110,0
5969,3854,4059,1
5970,3854,4223,1
5971,4110,4059,0
5972,3813,3654,0
5973,3813,3661,0
5974,3523,3661,0
5975,3523,3654,0
5976,3523,3813,0
5977,3661,3654,0
5978,3570,3747,0
5979,3828,3747,0
5980,3707,3747,0
5981,4034,4080,0
5982,3944,4080,0
5983,3944,4075,0
5984,4080,4075,0
5985,4021,4029,0
5986,4021,3973,0
5987,4019,3973,0
5988,4019,4029,0
5989,4019,4021,0
5990,3973,4029,0
5991,3035,3086,0
5992,3035,2862,0
5993,2828,2862,0
5994,2828,3086,0
5995,2828,3035,0
5996,2862,3086,0
5997,3627,3441,0
5998,3627,3784,0
5999,3558,3784,0
6000,3558,3441,0
6001,3558,3627,0
6002,3784,3441,0
6003,4155,4338,0
6004,4155,4178,0
6005,4320,4178,0
6006,4320,4338,0
6007,4320,4155,0
6008,4178,4338,0
6009,3036,2916,0
6010,3036,2894,0
6011,3008,2894,0
6012,3008,2916,0
6013,3008,3036,0
6014,2894,2916,0
6015,3388,3673,0
6016,3388,3469,0
6017,3834,3469,0
6018,3834,3673,0
6019,3834,3388,0
6020,3469,3673,0
6021,4272,4151,0
6022,4272,4253,0
6023,4373,4253,0
6024,4373,4151,0
6025,4373,4272,0
6026,4253,4151,0
6027,4112,4045,0
6028,4112,4185,0
6029,4221,4185,0
6030,4221,4045,0
6031,4221,4112,0
6032,4185,4045,0
6033,3659,3747,0
6034,3659,3765,0
6035,3849,3765,0
6036,3849,3747,0
6037,3849,3659,0
6038,3765,3747,0
6039,3744,3947,0
6040,3790,3947,0
6041,3790,3867,0
6042,3947,3867,0
6043,3659,3966,0
6044,3765,3966,0
6045,3966,3747,0
6046,2604,2273,0
6047,2604,2297,0
6048,2604,2464,0
6049,2273,2297,0
6050,1900,2108,0
6051,6600,2108,0
6052,6600,2072,0
6053,6600,1900,0
6054,2108,2072,0
6055,4396,4233,0
6056,4500,4308,0
6057,4500,4233,0
6058,4308,4233,0
6059,4780,4692,0
6060,4780,5068,0
6061,4749,5068,0
6062,4749,4780,0
6063,5068,4692,0
6064,4172,4132,0
6065,4172,4294,0
6066,4276,4132,0
6067,4294,4132,0
6068,3383,3167,0
6069,3514,3167,0
6070,3222,3167,0
6071,4107,4118,0
6072,4009,4118,0
6073,4118,4054,0
6074,2780,2803,0
6075,2875,2803,0
6076,2803,2778,0
6077,4057,3798,0
6078,4057,4098,0
6079,4057,3875,0
6080,3496,3402,0
6081,3496,3265,0
6082,3355,3265,0
6083,3355,3402,0
6084,3355,3496,0
6085,3265,3402,0
6086,1649,1719,0
6087,1649,1670,0
6088,1573,1670,0
6089,1573,1719,0
6090,1573,1649,0
6091,1670,1719,0
6092,3574,3096,0
6093,3574,3551,0
6094,3166,3551,0
6095,3166,3096,0
6096,3166,3574,0
6097,3551,3096,0
6098,4297,4218,0
6099,4297,4194,0
6100,4212,4194,0
6101,4212,4218,0
6102,1682,1724,0
6103,1682,1702,0
6104,1682,1791,0
6105,4075,3986,0
6106,4080,3986,0
6107,3986,3944,0
6108,3890,3864,0
6109,3890,3876,0
6110,3822,3876,0
6111,3822,3864,0
6112,3822,3890,0
6113,3876,3864,0
6114,4352,4538,0
6115,4352,4322,0
6116,4430,4538,0
6117,4430,4352,0
6118,4322,4538,0
6119,5598,5999,0
6120,5598,6196,0
6121,5502,6196,0
6122,5502,5999,0
6123,5502,5598,0
6124,6196,5999,0
6125,2925,3046,0
6126,2925,3136,0
6127,3222,3136,0
6128,3222,2925,0
6129,3136,3046,0
6130,3037,3118,0
6131,3118,3399,0
6132,3850,3769,0
6133,3850,3817,0
6134,3980,3817,0
6135,3980,3769,0
6136,3980,3850,0
6137,3817,3769,0
6138,3836,4118,0
6139,3836,4000,0
6140,4212,4000,0
6141,4212,4118,0
6142,4212,3836,0
6143,4000,4118,0
6144,4571,4644,0
6145,4571,4704,0
6146,4514,4704,0
6147,4514,4644,0
6148,4514,4571,0
6149,3861,3976,0
6150,3831,3976,0
6151,3976,4084,0
6152,2508,2434,0
6153,2437,2700,0
6154,2437,2434,0
6155,2437,2508,0
6156,2700,2434,0
6157,2328,2412,0
6158,2328,2345,0
6159,2263,2345,0
6160,2263,2412,0
6161,2263,2328,0
6162,2345,2412,0
6163,2938,2906,0
6164,2728,2964,0
6165,2728,2906,0
6166,2728,2938,0
6167,3485,3576,0
6168,3485,3454,0
6169,3420,3454,0
6170,3420,3576,0
6171,3420,3485,0
6172,3454,3576,0
6173,2629,2700,0
6174,2629,2855,0
6175,2933,2855,0
6176,2933,2700,0
6177,2933,2629,0
6178,2855,2700,0
6179,2776,2934,0
6180,2829,2934,0
6181,2829,2544,0
6182,2829,2776,0
6183,2934,2544,0
6184,3659,3570,0
6185,3659,3620,0
6186,3536,3620,0
6187,3536,3659,0
6188,3620,3570,0
6189,3623,3674,0
6190,3623,3583,0
6191,3567,3674,0
6192,3583,3674,0
6193,4480,4396,0
6194,4480,4644,0
6195,4571,4396,0
6196,4571,4480,0
6197,4644,4396,0
6198,4606,4644,0
6199,4606,4480,0
6200,4644,4574,0
6201,4046,4220,0
6202,4574,4418,0
6203,4280,4417,0
6204,4224,4417,0
6205,4224,4341,0
6206,4224,4280,0
6207,4417,4341,0
6208,4183,4290,0
6209,4183,4425,0
6210,2029,2021,0
6211,1984,2215,0
6212,1984,2021,0
6213,1984,2029,0
6214,2215,2021,0
6215,796,612,0
6216,796,656,0
6217,805,656,0
6218,805,612,0
6219,805,796,0
6220,4602,4685,0
6221,4543,4685,0
6222,4543,4748,0
6223,4543,4602,0
6224,4685,4748,0
6225,3734,3987,0
6226,3734,3574,0
6227,4162,3574,0
6228,4162,3987,0
6229,4162,3734,0
6230,3574,3987,0
6231,3126,3183,0
6232,3126,2970,0
6233,3025,2970,0
6234,3025,3183,0
6235,3025,3126,0
6236,2970,3183,0
6237,2629,2558,0
6238,2629,2508,0
6239,3270,3057,0
6240,3224,3057,0
6241,3224,3106,0
6242,3224,3270,0
6243,3057,3106,0
6244,5945,40,0
6245,5945,8,0
6246,493,5945,0
6247,3862,3908,0
6248,3641,3908,0
6249,3641,4115,0
6250,3641,3862,0
6251,3366,3524,0
6252,3366,3473,0
6253,3597,3473,0
6254,3597,3524,0
6255,3597,3366,0
6256,3473,3524,0
6257,1937,1713,0
6258,1667,1713,0
6259,1667,1908,1
6260,1667,1937,0
6261,1713,1908,0
6262,1966,2144,0
6263,1961,1872,0
6264,1961,2144,0
6265,1961,1966,0
6266,1872,2144,0
6267,3886,4057,0
6268,2436,2510,0
6269,2436,2782,0
6270,2565,2436,0
6271,3254,3226,0
6272,3254,3440,0
6273,3248,3440,0
6274,3248,3254,0
6275,3959,3960,0
6276,3959,4053,0
6277,3934,4053,0
6278,3934,3960,0
6279,3934,3959,0
6280,4053,3960,0
6281,2671,3087,0
6282,2671,2591,0
6283,3188,2591,0
6284,3188,3087,0
6285,3188,2671,0
6286,2591,3087,0
6287,3836,4009,0
6288,3871,4118,0
6289,3871,4009,0
6290,3871,3836,0
6291,3934,4091,0
6292,3934,3943,0
6293,4137,3943,0
6294,4137,4091,0
6295,4137,3934,0
6296,3943,4091,0
6297,3583,3591,0
6298,3583,3327,0
6299,1697,1788,0
6300,1697,1673,0
6301,1783,1673,0
6302,1783,1788,0
6303,1783,1697,0
6304,1673,1788,0
6305,2555,2356,0
6306,2555,2505,0
6307,2512,2505,0
6308,2512,2356,0
6309,2505,2356,0
6310,3138,3071,0
6311,3138,3032,0
6312,2933,3032,0
6313,2933,3138,0
6314,4800,4041,0
6315,4800,4506,0
6316,4521,4506,0
6317,4521,4041,0
6318,4521,4800,0
6319,4506,4041,0
6320,2640,2421,0
6321,2640,2668,0
6322,2477,2640,0
6323,2616,2450,0
6324,2616,2631,0
6325,2663,2631,0
6326,2663,2450,0
6327,2663,2616,0
6328,2631,2450,0
6329,2729,2629,0
6330,2729,2546,0
6331,2634,2546,0
6332,2634,2629,0
6333,2634,2729,0
6334,2546,2629,0
6335,2080,2069,0
6336,2069,2002,0
6337,3496,3498,0
6338,3265,3498,0
6339,3355,3498,0
6340,3496,3257,0
6341,3083,3257,0
6342,3083,3402,0
6343,3083,3496,0
6344,3257,3402,0
6345,3498,3409,0
6346,3498,3337,0
6347,3694,3337,0
6348,3694,3409,0
6349,3694,3498,0
6350,3337,3409,0
6351,3460,3318,0
6352,3460,3349,0
6353,3390,3349,0
6354,3390,3318,0
6355,3390,3460,0
6356,3349,3318,0
6357,2910,2709,0
6358,2910,2746,0
6359,2893,2746,0
6360,2893,2709,0
6361,2893,2910,0
6362,2746,2709,0
6363,1995,2002,0
6364,1995,2141,0
6365,2087,1995,0
6366,3446,3648,0
6367,3446,3451,0
6368,3450,3451,0
6369,3450,3648,0
6370,3450,3446,0
6371,3451,3648,0
6372,1421,1732,0
6373,1421,1726,0
6374,1673,1726,0
6375,1673,1732,0
6376,1673,1421,0
6377,1726,1732,0
6378,2950,2735,0
6379,2950,2834,0
6380,2874,2834,0
6381,2874,2735,0
6382,2874,2950,0
6383,2834,2735,0
6384,4967,5099,0
6385,4407,4727,0
6386,4407,5099,0
6387,4407,4967,0
6388,4727,5099,0
6389,3317,3608,0
6390,3317,3775,0
6391,3546,3775,0
6392,3546,3608,0
6393,3546,3317,0
6394,3775,3608,0
6395,2371,2568,0
6396,2371,2565,0
6397,2362,2565,0
6398,2362,2371,0
6399,2565,2568,0
6400,3037,2867,0
6401,3037,2599,0
6402,2688,2599,0
6403,2688,2867,0
6404,2688,3037,0
6405,2599,2867,0
6406,4270,4125,0
6407,4082,4125,0
6408,4057,4125,0
6409,2663,2454,0
6410,2411,2454,0
6411,2411,2663,0
6412,2454,2517,0
6413,3347,3342,0
6414,3347,3536,0
6415,3347,3239,0
6416,2741,2795,0
6417,2741,2857,0
6418,2837,2857,0
6419,2837,2795,0
6420,2837,2741,0
6421,2857,2795,0
6422,3619,3871,0
6423,3780,3871,0
6424,3780,3635,0
6425,3780,3619,0
6426,3871,3635,0
6427,2559,2570,0
6428,2559,2617,0
6429,2732,2617,0
6430,2732,2570,0
6431,2732,2559,0
6432,2617,2570,0
6433,3011,2993,1
6434,3266,3109,0
6435,3266,2993,1
6436,3266,3011,1
6437,3109,2993,0
6438,2916,2848,0
6439,2916,2749,0
6440,2588,2749,0
6441,2588,2916,0
6442,2749,2848,0
6443,3266,3590,1
6444,3266,3447,0
6445,3478,3590,0
6446,3478,3266,0
6447,3447,3590,0
6448,2486,2176,0
6449,2486,2224,0
6450,2309,2224,0
6451,2309,2176,0
6452,2309,2486,0
6453,2504,2469,0
6454,2504,2605,0
6455,2800,2469,0
6456,2800,2504,0
6457,2605,2469,0
6458,3774,4377,1
6459,3774,4442,1
6460,4212,4442,1
6461,4008,3747,0
6462,3764,3747,0
6463,3764,3979,0
6464,3764,4008,0
6465,3747,3979,0
6466,104,361,0
6467,104,1053,0
6468,1097,1053,0
6469,1097,361,0
6470,1097,104,0
6471,1053,361,0
6472,4414,4683,0
6473,4429,4632,0
6474,4429,4683,0
6475,4632,4683,0
6476,4065,3943,0
6477,3986,3943,0
6478,3986,4034,0
6479,3986,4065,0
6480,3943,4034,0
6481,2890,3019,0
6482,2890,3150,0
6483,3083,3150,0
6484,3083,3019,0
6485,3083,2890,0
6486,3150,3019,0
6487,2563,2555,0
6488,2563,2505,0
6489,2512,2563,0
6490,2624,2938,0
6491,2624,3164,1
6492,3142,3164,1
6493,3142,2624,1
6494,3584,3884,0
6495,3584,3488,0
6496,3756,3488,0
6497,3756,3884,0
6498,3756,3584,0
6499,3488,3884,0
6500,3850,4145,0
6501,3980,4145,0
6502,4145,3817,0
6503,521,677,0
6504,521,692,0
6505,709,521,0
6506,1843,1739,0
6507,1843,2010,0
6508,2151,2010,0
6509,2151,1739,0
6510,2151,1843,0
6511,2010,1739,0
6512,2189,2019,0
6513,2189,1854,0
6514,1905,1854,0
6515,1905,2019,0
6516,1905,2189,0
6517,1854,2019,0
6518,3582,3446,0
6519,3582,3664,0
6520,3448,3664,0
6521,3448,3446,0
6522,3664,3446,0
6523,2164,2133,0
6524,2164,2363,0
6525,2329,2363,0
6526,2329,2133,0
6527,2329,2164,0
6528,2363,2133,0
6529,3328,3425,0
6530,3328,3352,0
6531,3393,3352,0
6532,3393,3425,0
6533,3393,3328,1
6534,3352,3425,0
6535,3627,3525,0
6536,3627,3646,0
6537,3564,3646,0
6538,3564,3525,0
6539,3564,3627,0
6540,3646,3525,0
6541,3511,4041,0
6542,3920,4041,0
6543,3753,4041,0
6544,2864,2806,0
6545,2864,2749,0
6546,2793,2806,0
6547,2793,2864,0
6548,2749,2806,0
6549,2944,2937,0
6550,2944,2830,0
6551,2874,2830,0
6552,2874,2937,0
6553,2874,2944,0
6554,2830,2937,0
6555,1770,1798,0
6556,1770,1634,0
6557,1946,1634,0
6558,1946,1798,0
6559,1946,1770,0
6560,1634,1798,0
6561,2067,2054,0
6562,1992,2054,0
6563,2054,1963,0
6564,2461,2412,0
6565,2461,2345,0
6566,2477,2345,0
6567,2477,2412,0
6568,2477,2461,0
6569,5908,1739,0
6570,5908,2379,0
6571,3841,2379,0
6572,3841,1739,0
6573,3841,5908,0
6574,2379,1739,0
6575,3250,3265,0
6576,3250,3019,0
6577,3117,3265,0
6578,3117,3250,0
6579,3019,3265,0
6580,4244,4059,0
6581,4206,4059,1
6582,3995,4394,0
6583,4145,4233,0
6584,4145,4394,0
6585,4145,3995,0
6586,4233,4394,0
6587,4855,4748,0
6588,4855,4762,0
6589,4705,4762,0
6590,4705,4748,0
6591,4705,4855,0
6592,4762,4748,0
6593,3939,3871,0
6594,3943,3871,0
6595,3943,4009,0
6596,3402,3338,0
6597,3401,3355,0
6598,3401,3338,0
6599,3355,3338,0
6600,3809,3769,0
6601,3809,3995,0
6602,3817,3995,0
6603,3817,3809,0
6604,3995,3769,0
6605,3131,3316,0
6606,3131,3359,0
6607,3131,3442,0
6608,3215,3397,0
6609,3477,3215,0
6610,4580,4699,0
6611,4593,4699,0
6612,4512,4699,0
6613,3215,2971,0
6614,2971,3164,0
6615,3250,3131,0
6616,3250,3178,0
6617,3337,3178,0
6618,3337,3131,0
6619,3337,3250,0
6620,3178,3131,0
6621,2776,3138,0
6622,2934,3138,0
6623,2829,3138,0
6624,3656,3619,0
6625,3656,3635,0
6626,3628,3656,0
6627,2813,2906,0
6628,2813,2728,0
6629,2707,2728,0
6630,2707,2906,0
6631,2707,2813,0
6632,2909,3084,0
6633,2909,3019,0
6634,3038,3019,0
6635,3038,3084,0
6636,3038,2909,0
6637,3019,3084,0
6638,2695,2640,0
6639,2695,2575,0
6640,2522,2575,0
6641,2522,2640,0
6642,2522,2695,0
6643,2575,2640,0
6644,1767,1693,0
6645,1719,1693,0
6646,1693,1802,0
6647,3806,3833,0
6648,3833,3635,0
6649,3498,3394,0
6650,3337,3394,0
6651,3337,3265,0
6652,3394,3265,0
6653,3417,3430,0
6654,3417,3277,0
6655,3432,3277,0
6656,3432,3430,0
6657,3432,3417,0
6658,3277,3430,0
6659,3180,3266,0
6660,3180,3139,0
6661,3277,3139,0
6662,3277,3266,0
6663,3277,3180,0
6664,3139,3266,0
6665,3528,3884,0
6666,3528,3756,0
6667,3488,3528,0
6668,2695,2815,0
6669,2695,2727,0
6670,2668,2727,0
6671,2668,2815,0
6672,2668,2695,0
6673,2727,2815,0
6674,1937,1725,0
6675,1713,1725,0
6676,1667,1725,0
6677,2306,2502,0
6678,2306,2372,0
6679,2305,2372,0
6680,2305,2502,0
6681,3987,3580,0
6682,3987,3683,0
6683,1553,1485,0
6684,1553,1634,0
6685,1493,1634,0
6686,1493,1485,0
6687,1493,1553,0
6688,1634,1485,0
6689,2877,2683,0
6690,2877,2764,0
6691,2783,2764,0
6692,2783,2683,0
6693,2783,2877,0
6694,2764,2683,0
6695,2802,2730,0
6696,2802,2846,0
6697,2712,2846,0
6698,2712,2730,0
6699,2712,2802,0
6700,2846,2730,0
6701,3169,3118,0
6702,3169,3304,0
6703,3151,3304,0
6704,3151,3118,0
6705,3151,3169,0
6706,1420,1370,0
6707,1420,1449,0
6708,1536,1449,0
6709,1536,1370,0
6710,1536,1420,0
6711,2918,3300,0
6712,2918,3014,0
6713,967,3014,0
6714,967,3300,0
6715,967,2918,0
6716,3014,3300,0
6717,1391,1339,0
6718,1391,1119,0
6719,1443,1119,0
6720,1443,1339,0
6721,1443,1391,0
6722,1119,1339,0
6723,2434,2258,0
6724,2434,2230,0
6725,2236,2230,0
6726,2236,2258,0
6727,2236,2434,0
6728,4025,3541,0
6729,3477,3541,0
6730,3477,3753,0
6731,3477,4025,0
6732,3541,3753,0
6733,2334,2403,0
6734,2334,2412,0
6735,2275,2412,0
6736,2275,2334,0
6737,2412,2403,0
6738,3083,3117,0
6739,3083,3265,0
6740,3265,3251,0
6741,3265,3150,0
6742,3394,3150,0
6743,3394,3251,0
6744,3150,3251,0
6745,6472,90,0
6746,6472,65,0
6747,17,65,0
6748,17,90,0
6749,17,6472,0
6750,65,90,0
6751,2468,2247,0
6752,2468,2284,0
6753,2432,2284,0
6754,2432,2247,0
6755,2432,2468,0
6756,2284,2247,0
6757,3442,3664,0
6758,3442,3672,0
6759,3648,3672,0
6760,3648,3664,0
6761,3648,3442,0
6762,3672,3664,0
6763,2012,1905,0
6764,2010,1905,0
6765,2010,2012,0
6766,1905,1843,0
6767,1701,1728,0
6768,1701,1785,0
6769,1849,1785,0
6770,1849,1728,1
6771,1849,1701,0
6772,1785,1728,0
6773,2906,2971,0
6774,2906,2782,0
6775,2461,2575,0
6776,2477,2575,0
6777,2412,2575,0
6778,1794,1882,0
6779,1794,1646,0
6780,1768,1646,0
6781,1768,1882,0
6782,1768,1794,0
6783,1646,1882,0
6784,1955,2028,0
6785,1955,1957,0
6786,1884,1957,0
6787,1884,2028,0
6788,1957,2028,0
6789,2717,2612,0
6790,2717,2726,0
6791,2602,2726,0
6792,2602,2717,0
6793,2726,2612,0
6794,826,949,0
6795,826,795,0
6796,869,795,0
6797,869,949,0
6798,869,826,0
6799,795,949,0
6800,2436,2813,0
6801,333,6535,0
6802,333,183,0
6803,6308,183,0
6804,6308,6535,0
6805,6308,333,0
6806,183,6535,0
6807,1706,1901,0
6808,1706,1807,0
6809,1734,1807,0
6810,1734,1901,0
6811,1734,1706,0
6812,5451,5635,0
6813,5234,5635,0
6814,5234,5402,0
6815,5234,5451,0
6816,5635,5402,0
6817,2371,2468,0
6818,2371,2504,0
6819,2605,2468,0
6820,2605,2371,0
6821,2504,2468,0
6822,3646,3965,0
6823,3646,3874,0
6824,3809,3874,0
6825,3809,3965,0
6826,3809,3646,0
6827,3874,3965,0
6828,516,556,0
6829,516,415,0
6830,523,415,0
6831,523,556,0
6832,523,516,0
6833,415,556,0
6834,4440,4625,0
6835,1464,1387,0
6836,1423,1259,0
6837,1423,1387,0
6838,1423,1464,0
6839,6113,6189,0
6840,6113,6249,0
6841,6106,6249,0
6842,6106,6113,0
6843,6249,6189,0
6844,3215,3530,0
6845,3488,3530,0
6846,3488,3477,0
6847,3530,3477,0
6848,3511,3791,0
6849,3511,3716,0
6850,4013,3716,0
6851,4013,3791,0
6852,4013,3511,0
6853,3716,3791,1
6854,3289,3056,0
6855,3461,3056,0
6856,3397,3056,0
6857,1748,1787,0
6858,1849,1679,1
6859,1849,1787,1
6860,1849,1748,0
6861,1679,1787,1
6862,2531,2452,0
6863,2531,2461,0
6864,2602,2461,0
6865,2602,2452,0
6866,2461,2452,0
6867,2520,2553,0
6868,2520,2558,0
6869,2629,2553,0
6870,2629,2520,0
6871,2558,2553,0
6872,3182,3541,0
6873,3182,3403,0
6874,4090,3403,0
6875,4090,3541,0
6876,4090,3182,0
6877,3403,3541,0
6878,1070,1122,0
6879,1070,1396,0
6880,1052,1396,0
6881,1052,1122,0
6882,1052,1070,0
6883,1396,1122,0
6884,1770,1872,0
6885,1675,1872,0
6886,1675,1798,0
6887,1675,1770,0
6888,1872,1798,0
6889,3119,3074,0
6890,3119,2952,0
6891,2966,2952,0
6892,2966,3074,0
6893,2966,3119,0
6894,2952,3074,0
6895,2355,2363,0
6896,2355,2445,0
6897,2409,2445,0
6898,2409,2363,0
6899,2409,2355,0
6900,2445,2363,0
6901,2537,2457,0
6902,2537,2476,0
6903,2424,2476,0
6904,2424,2457,0
6905,2424,2537,0
6906,2476,2457,0
6907,1703,1672,0
6908,1703,1688,0
6909,1792,1688,0
6910,1792,1672,0
6911,1792,1703,0
6912,1688,1672,0
6913,2479,2538,0
6914,2479,2711,0
6915,2533,2711,0
6916,2533,2538,0
6917,2533,2479,0
6918,2711,2538,0
6919,2124,2151,0
6920,2124,2379,0
6921,1648,2379,0
6922,1648,2151,0
6923,1648,2124,0
6924,2379,2151,0
6925,2044,2091,0
6926,2044,2140,0
6927,1992,2044,0
6928,2140,2091,0
6929,1949,2117,0
6930,1949,2016,0
6931,1948,2117,0
6932,1948,1949,0
6933,2016,2117,0
6934,3209,3158,0
6935,3209,3418,0
6936,2609,3418,0
6937,2609,3158,0
6938,2609,3209,0
6939,3418,3158,0
6940,2550,2580,0
6941,2550,2492,0
6942,2406,2492,0
6943,2406,2580,0
6944,2406,2550,0
6945,2492,2580,0
6946,2977,2867,0
6947,3103,2867,0
6948,3564,2867,0
6949,3766,3630,0
6950,3766,3579,0
6951,3677,3766,0
6952,1008,907,0
6953,1008,959,0
6954,961,959,0
6955,961,907,0
6956,961,1008,0
6957,959,907,0
6958,1953,1898,0
6959,1953,1808,0
6960,1887,1808,0
6961,1887,1898,0
6962,1887,1953,0
6963,1808,1898,0
6964,2363,2366,0
6965,2363,2156,0
6966,2211,2363,0
6967,2084,2397,1
6968,2084,2316,0
6969,2189,2316,0
6970,2189,2397,1
6971,2189,2084,1
6972,2746,2903,0
6973,2810,2903,0
6974,2810,2800,0
6975,2810,2746,0
6976,2903,2800,0
6977,3453,3746,0
6978,4161,4170,0
6979,4161,3746,0
6980,4161,3453,0
6981,4170,3746,0
6982,5773,5857,0
6983,5668,5857,0
6984,5827,5857,0
6985,2269,2125,0
6986,2269,2214,0
6987,2139,2214,0
6988,2139,2125,0
6989,2139,2269,0
6990,2214,2125,0
6991,6276,5981,0
6992,6276,6465,0
6993,223,6465,0
6994,223,5981,0
6995,223,6276,0
6996,6465,5981,0
6997,5516,5473,0
6998,5516,5495,0
6999,5613,5495,0
7000,5613,5473,0
7001,5613,5516,0
7002,5495,5473,0
7003,5635,5128,0
7004,5635,5378,0
7005,5167,5378,0
7006,5167,5128,0
7007,5167,5635,0
7008,5378,5128,0
7009,544,489,0
7010,544,1081,0
7011,895,1081,0
7012,895,489,0
7013,895,544,0
7014,1081,489,0
7015,3338,3291,0
7016,3338,3313,0
7017,3447,3313,0
7018,3447,3291,0
7019,3313,3291,0
7020,574,674,0
7021,574,678,0
7022,746,678,0
7023,746,574,0
7024,678,674,0
7025,2152,2076,0
7026,2152,2215,0
7027,2376,2215,0
7028,2376,2076,0
7029,2376,2152,0
7030,2215,2076,0
7031,2186,2180,0
7032,2186,2088,0
7033,2026,2088,0
7034,2026,2180,0
7035,2026,2186,0
7036,2088,2180,0
7037,2012,2144,0
7038,2012,2291,0
7039,2370,2291,0
7040,2370,2144,0
7041,2370,2012,0
7042,2291,2144,0
7043,2162,2254,0
7044,2162,2290,0
7045,2190,2290,0
7046,2190,2254,0
7047,2190,2162,0
7048,2290,2254,0
7049,1472,1474,0
7050,1472,1521,0
7051,1455,1521,0
7052,1455,1474,0
7053,1455,1472,0
7054,1521,1474,0
7055,2397,2436,1
7056,2397,2624,1
7057,2565,2624,0
7058,2565,2397,0
7059,2624,2436,1
7060,874,853,0
7061,874,786,0
7062,977,786,0
7063,977,853,0
7064,977,874,0
7065,786,853,0
7066,4320,4574,0
7067,4320,4396,0
7068,4455,4320,0
7069,3401,3478,0
7070,3401,3321,0
7071,2486,2573,0
7072,2279,2309,0
7073,2279,2573,0
7074,2279,2486,0
7075,2309,2573,0
7076,1575,1670,0
7077,1575,1581,0
7078,1502,1581,1
7079,1502,1670,0
7080,1502,1575,0
7081,1581,1670,0
7082,2434,2372,0
7083,2434,2337,0
7084,2437,2337,0
7085,2437,2372,0
7086,2458,2409,0
7087,2458,2366,0
7088,2259,2458,0
7089,3347,3249,0
7090,3347,3377,0
7091,3384,3377,0
7092,3384,3249,0
7093,3384,3347,0
7094,3377,3249,0
7095,3806,3934,0
7096,3806,3881,0
7097,3748,3881,0
7098,3748,3934,0
7099,3748,3806,0
7100,3881,3934,0
7101,940,772,0
7102,940,654,0
7103,988,654,0
7104,988,772,0
7105,988,940,0
7106,654,772,0
7107,2418,2410,0
7108,2418,2212,0
7109,2351,2212,0
7110,2351,2410,0
7111,2351,2418,0
7112,2212,2410,0
7113,2351,2362,0
7114,2351,2397,0
7115,2351,2084,0
7116,2362,2397,0
7117,2984,3084,0
7118,3117,3128,0
7119,3117,3084,0
7120,3128,3084,0
7121,2541,2502,0
7122,2541,2426,0
7123,2478,2426,0
7124,2478,2502,0
7125,2478,2541,0
7126,2426,2502,0
7127,2325,2434,0
7128,2325,2337,0
7129,2230,2337,0
7130,2230,2325,0
7131,3347,3046,0
7132,3228,3347,0
7133,2288,2153,0
7134,2288,2300,0
7135,2317,2300,0
7136,2317,2153,0
7137,2317,2288,0
7138,2300,2153,0
7139,3075,3335,0
7140,3075,4130,0
7141,3539,4130,0
7142,3539,3335,0
7143,3539,3075,0
7144,4130,3335,0
7145,1431,1400,0
7146,1431,1240,0
7147,1396,1240,0
7148,1396,1400,0
7149,1396,1431,0
7150,1240,1400,0
7151,2235,2351,0
7152,2235,2398,0
7153,2144,2398,0
7154,2144,2351,0
7155,2398,2351,0
7156,5072,4883,0
7157,5072,4933,0
7158,5031,4933,0
7159,5031,4883,0
7160,5031,5072,0
7161,4933,4883,0
7162,1861,1939,0
7163,1861,1996,0
7164,1849,1996,0
7165,1849,1939,0
7166,1849,1861,0
7167,1996,1939,0
7168,1754,1787,1
7169,1754,1679,1
7170,1717,1679,0
7171,1717,1787,0
7172,1717,1754,0
7173,1866,1791,0
7174,1866,1700,0
7175,1897,1866,0
7176,1751,1668,0
7177,1751,1905,0
7178,1645,1905,0
7179,1645,1751,0
7180,1905,1668,0
7181,2437,2590,0
7182,2624,2686,0
7183,2622,3142,1
7184,2622,2686,0
7185,2622,2624,1
7186,3142,2686,0
7187,2780,2547,0
7188,2780,2786,0
7189,2548,2786,0
7190,2548,2547,0
7191,2548,2780,0
7192,2786,2547,0
7193,1767,1834,0
7194,1879,1834,0
7195,1879,1802,0
7196,1879,1767,0
7197,1834,1802,0
7198,1437,1526,0
7199,1437,1547,0
7200,1384,1547,0
7201,1384,1526,0
7202,1547,1526,0
7203,1815,1918,0
7204,1891,1918,0
7205,1842,1946,0
7206,1842,1961,0
7207,2235,1961,0
7208,2235,1946,0
7209,2235,1842,0
7210,1961,1946,0
7211,2041,2045,0
7212,2041,2102,0
7213,2110,2102,0
7214,2110,2045,0
7215,2110,2041,0
7216,2102,2045,0
7217,2616,2677,0
7218,2616,2747,0
7219,2666,2747,0
7220,2666,2677,0
7221,2666,2616,0
7222,2747,2677,0
7223,2752,2964,0
7224,2752,2903,0
7225,2752,2906,0
7226,6597,1898,0
7227,6597,1753,0
7228,1797,1753,0
7229,1797,1898,0
7230,1797,6597,0
7231,2481,2431,0
7232,2481,2542,0
7233,2588,2542,0
7234,2588,2431,0
7235,2588,2481,0
7236,2542,2431,0
7237,2731,2318,0
7238,2731,2321,0
7239,1929,2321,0
7240,1929,2318,0
7241,1929,2731,0
7242,2321,2318,0
7243,767,531,0
7244,767,582,0
7245,604,582,0
7246,604,531,0
7247,604,767,0
7248,582,531,0
7249,2423,2657,0
7250,2365,2657,0
7251,2657,2234,0
7252,2160,2222,0
7253,2160,2110,0
7254,2113,2110,0
7255,2113,2160,0
7256,2110,2222,0
7257,2753,2579,0
7258,2645,2878,0
7259,2645,2579,0
7260,2645,2753,0
7261,2878,2579,0
7262,2784,2619,0
7263,2784,3361,0
7264,2748,3361,0
7265,2748,2619,0
7266,2748,2784,0
7267,3361,2619,0
7268,2143,2759,0
7269,2143,1775,0
7270,2202,1775,0
7271,2202,2759,0
7272,2202,2143,0
7273,1775,2759,0
7274,2181,2269,0
7275,2181,2540,0
7276,2274,2540,0
7277,2274,2269,0
7278,2274,2181,0
7279,2540,2269,0
7280,303,385,0
7281,303,582,0
7282,403,582,0
7283,403,385,0
7284,403,303,0
7285,582,385,0
7286,2242,2212,0
7287,2213,2212,0
7288,492,168,0
7289,492,811,0
7290,777,811,0
7291,777,492,0
7292,811,168,0
7293,1336,1370,0
7294,1336,1564,1
7295,1357,1336,1
7296,1564,1370,0
7297,1456,1400,0
7298,1456,1385,0
7299,1456,1431,0
7300,1400,1385,0
7301,2842,2900,0
7302,398,284,0
7303,398,473,0
7304,549,473,0
7305,549,284,0
7306,549,398,0
7307,473,284,0
7308,1572,1580,0
7309,1572,1730,0
7310,1621,1730,0
7311,1621,1580,0
7312,1621,1572,0
7313,1730,1580,0
7314,3366,3306,0
7315,3404,3473,0
7316,3404,3306,0
7317,3404,3366,0
7318,3473,3306,0
7319,1647,1660,0
7320,1773,1604,0
7321,1773,1660,0
7322,1604,1660,0
7323,2910,3083,0
7324,3089,3083,0
7325,3089,2893,0
7326,3089,2910,0
7327,2951,2857,0
7328,2951,2902,0
7329,2881,2902,0
7330,2881,2857,0
7331,2881,2951,0
7332,2902,2857,0
7333,1869,1862,0
7334,1750,1862,0
7335,1923,1862,0
7336,2568,2605,0
7337,2568,2468,0
7338,1561,1449,0
7339,1561,1386,0
7340,1419,1386,0
7341,1419,1561,0
7342,1386,1449,0
7343,1955,1974,0
7344,1955,2081,0
7345,1946,2081,0
7346,1946,1974,0
7347,1946,1955,0
7348,2081,1974,0
7349,1995,2159,0
7350,1995,2030,0
7351,2025,2159,0
7352,2025,1995,0
7353,2030,2159,0
7354,1966,2116,0
7355,1760,1961,0
7356,1760,2116,0
7357,1760,1966,0
7358,1961,2116,0
7359,2810,2906,0
7360,2810,2752,0
7361,1532,1526,0
7362,1532,1750,0
7363,1701,1750,0
7364,1701,1526,0
7365,1701,1532,0
7366,1750,1526,0
7367,2487,2145,0
7368,2487,2129,0
7369,2304,2129,0
7370,2304,2145,0
7371,2304,2487,0
7372,1754,1776,0
7373,1725,1776,0
7374,1725,1754,0
7375,1717,1776,0
7376,1949,2056,0
7377,2117,2056,0
7378,2016,2056,0
7379,1798,1835,0
7380,1803,1798,0
7381,2313,2286,0
7382,2313,2340,0
7383,2438,2340,0
7384,2438,2286,0
7385,2438,2313,0
7386,2340,2286,0
7387,2262,2418,0
7388,2262,2289,0
7389,2402,2289,0
7390,2402,2418,0
7391,2402,2262,0
7392,2289,2418,0
7393,2499,2613,0
7394,2499,2694,0
7395,2704,2694,0
7396,2704,2613,0
7397,2704,2499,0
7398,2694,2613,0
7399,1993,2122,0
7400,2073,2122,0
7401,2073,2157,0
7402,2073,1993,0
7403,2122,2157,0
7404,1851,1960,0
7405,1851,1931,0
7406,1870,1931,0
7407,1870,1960,0
7408,1870,1851,0
7409,1931,1960,0
7410,1767,1649,0
7411,1767,1670,0
7412,1834,1670,0
7413,1834,1649,0
7414,2671,2487,0
7415,2671,3159,0
7416,3129,3159,0
7417,3129,2487,0
7418,3129,2671,0
7419,3159,2487,0
7420,2744,2893,0
7421,2744,3063,0
7422,3156,3063,0
7423,3156,2893,0
7424,3156,2744,0
7425,2727,2640,0
7426,2164,2079,0
7427,2164,2211,0
7428,2156,2079,0
7429,2156,2164,0
7430,2211,2079,0
7431,2740,2760,0
7432,2740,2734,0
7433,2838,2734,0
7434,2838,2760,0
7435,2838,2740,0
7436,2734,2760,0
7437,3934,3939,0
7438,3934,3814,0
7439,3939,3806,0
7440,3156,2903,0
7441,2839,3178,0
7442,2232,2384,0
7443,2232,2479,0
7444,2408,2479,0
7445,2408,2384,0
7446,2408,2232,0
7447,2479,2384,0
7448,1995,1953,0
7449,2025,2087,0
7450,2025,1953,0
7451,2087,1953,0
7452,2758,2625,0
7453,2758,2832,0
7454,2720,2832,0
7455,2720,2625,0
7456,2656,2580,0
7457,2656,2566,0
7458,2557,2566,0
7459,2557,2580,0
7460,2557,2656,0
7461,2566,2580,0
7462,1864,1771,0
7463,1941,1921,0
7464,1941,1771,0
7465,1941,1864,0
7466,1921,1771,0
7467,2281,2441,0
7468,2281,2451,0
7469,2214,2451,0
7470,2214,2441,0
7471,2214,2281,0
7472,2451,2441,0
7473,6696,6699,0
7474,6696,5389,0
7475,5679,5389,0
7476,5679,6699,0
7477,5679,6696,0
7478,5389,6699,0
7479,2018,1995,0
7480,2018,2002,0
7481,2141,2018,0
7482,2851,2559,0
7483,2851,2532,0
7484,2732,2532,0
7485,2732,2851,0
7486,6276,628,0
7487,6465,628,0
7488,223,628,0
7489,5613,5985,0
7490,5613,5917,0
7491,5854,5917,0
7492,5854,5985,0
7493,5854,5613,0
7494,5917,5985,0
7495,2291,2398,0
7496,2447,2398,0
7497,2447,2370,0
7498,2398,2370,0
7499,1720,1965,0
7500,1720,1793,0
7501,1643,1793,0
7502,1643,1965,0
7503,1643,1720,0
7504,1793,1965,0
7505,1756,1735,0
7506,1756,1831,0
7507,1887,1831,0
7508,1887,1735,0
7509,1887,1756,0
7510,1831,1735,0
7511,2184,2204,0
7512,2184,2178,0
7513,2227,2178,0
7514,2227,2204,0
7515,2227,2184,0
7516,2178,2204,0
7517,1943,1978,0
7518,1943,1897,0
7519,1866,1978,0
7520,1866,1943,0
7521,1897,1978,0
7522,1692,1837,0
7523,1692,1902,0
7524,1771,1902,0
7525,1771,1837,0
7526,1771,1692,0
7527,1902,1837,0
7528,2806,2582,0
7529,2678,2582,0
7530,2678,2749,0
7531,2678,2806,0
7532,2582,2749,0
7533,6532,170,0
7534,6532,186,0
7535,268,186,0
7536,268,170,0
7537,268,6532,0
7538,186,170,0
7539,2342,2306,0
7540,2342,2305,0
7541,2185,2305,0
7542,2185,2306,0
7543,2185,2342,0
7544,4090,4529,0
7545,4529,4568,0
7546,340,532,0
7547,340,509,0
7548,412,509,0
7549,412,532,0
7550,509,532,0
7551,1880,1702,0
7552,1880,1791,0
7553,2107,2027,0
7554,2107,1818,0
7555,2129,1818,0
7556,2129,2027,0
7557,2129,2107,0
7558,1818,2027,0
7559,706,657,0
7560,706,529,0
7561,708,529,0
7562,708,657,0
7563,708,706,0
7564,529,657,0
7565,1530,1584,0
7566,1530,1771,0
7567,1676,1771,0
7568,1676,1584,0
7569,1676,1530,0
7570,1771,1584,0
7571,1369,1354,0
7572,1369,1581,0
7573,1308,1581,0
7574,1308,1354,0
7575,1581,1354,1
7576,2576,2646,0
7577,2576,2794,0
7578,2765,2794,0
7579,2765,2646,0
7580,2765,2576,0
7581,2794,2646,0
7582,1665,1813,0
7583,1665,1895,0
7584,1722,1895,0
7585,1722,1813,0
7586,1722,1665,0
7587,1895,1813,0
7588,5473,5049,0
7589,5473,5157,0
7590,5081,5157,0
7591,5081,5049,0
7592,5081,5473,0
7593,2080,2134,0
7594,2069,2134,0
7595,2134,2002,0
7596,1737,6597,0
7597,1737,1898,0
7598,1626,1898,0
7599,1626,1737,0
7600,6597,2018,0
7601,2002,1898,0
7602,2002,6597,0
7603,1898,2018,0
7604,6572,6587,0
7605,6572,1503,0
7606,1075,1503,0
7607,1075,6587,0
7608,1075,6572,0
7609,1503,6587,0
7610,2049,2074,0
7611,2049,2100,0
7612,2149,2100,0
7613,2149,2049,0
7614,2100,2074,0
7615,2878,2873,0
7616,2878,3163,0
7617,3058,3163,0
7618,3058,2878,0
7619,3163,2873,0
7620,2691,2636,0
7621,2523,2636,0
7622,2636,2625,0
7623,3787,3751,0
7624,3787,3983,0
7625,3956,3983,0
7626,3956,3751,0
7627,3956,3787,0
7628,3983,3751,0
7629,2576,2339,0
7630,2576,2541,0
7631,2428,2541,0
7632,2428,2576,0
7633,1461,1280,0
7634,1461,1171,0
7635,991,1171,0
7636,991,1280,0
7637,991,1461,0
7638,1171,1280,0
7639,2784,3259,0
7640,3129,3361,0
7641,3129,3259,0
7642,3129,2784,0
7643,3361,3259,0
7644,2714,2572,0
7645,2929,2572,0
7646,2680,2572,0
7647,3022,6635,0
7648,3022,2969,0
7649,2823,2969,0
7650,2823,6635,0
7651,2823,3022,0
7652,2969,6635,0
7653,6468,6372,0
7654,6468,6494,0
7655,6511,6494,0
7656,6511,6468,0
7657,6494,6372,0
7658,2159,2194,0
7659,5850,6642,0
7660,5850,6665,0
7661,6651,6665,0
7662,6651,6642,0
7663,6651,5850,0
7664,3077,3261,0
7665,3042,3039,0
7666,3042,3261,0
7667,3042,3077,0
7668,3039,3261,0
7669,475,6717,0
7670,6714,6717,0
7671,6714,168,0
7672,6714,475,0
7673,6717,168,0
7674,2878,2921,0
7675,2905,3058,0
7676,2905,2921,0
7677,2905,2878,0
7678,3058,2921,0
7679,2748,2714,0
7680,2748,2276,0
7681,2872,2276,0
7682,2872,2748,0
7683,2276,2714,0
7684,2339,2354,0
7685,2368,2354,0
7686,2368,2428,0
7687,2368,2339,0
7688,2354,2428,0
7689,1607,1345,0
7690,1607,1280,0
7691,1761,1345,0
7692,1761,1607,0
7693,1280,1345,0
7694,1224,1111,0
7695,1224,1407,0
7696,1416,1407,0
7697,1416,1111,0
7698,1416,1224,0
7699,2519,2538,0
7700,2519,2711,0
7701,2767,2711,0
7702,2767,2538,0
7703,2767,2519,0
7704,2776,2773,0
7705,2776,2812,0
7706,2700,2812,0
7707,2700,2776,0
7708,2812,2773,0
7709,2052,2023,0
7710,2056,2023,0
7711,2175,2023,0
7712,2709,3037,0
7713,2709,3018,0
7714,3056,3018,0
7715,3056,3037,0
7716,3056,2709,0
7717,3018,3037,0
7718,2265,2275,0
7719,2265,2334,0
7720,2407,6618,0
7721,2407,2618,0
7722,6614,2618,0
7723,6614,6618,0
7724,6614,2407,0
7725,2618,6618,0
7726,6661,4393,0
7727,6661,3962,0
7728,4066,3962,0
7729,4066,4393,0
7730,4066,6661,0
7731,3962,4393,0
7732,3933,4090,0
7733,2374,1940,0
7734,2374,2022,0
7735,1832,2022,0
7736,1832,1940,0
7737,1832,2374,0
7738,2022,1940,0
7739,2385,2348,0
7740,2385,2474,0
7741,2330,2474,0
7742,2330,2348,0
7743,2330,2385,0
7744,2474,2348,0
7745,2296,2461,0
7746,2296,2248,0
7747,2412,2248,0
7748,2412,2296,0
7749,2248,2461,0
7750,3877,3606,0
7751,3802,3255,0
7752,3802,3606,0
7753,3802,3877,0
7754,3255,3606,0
7755,2221,2015,0
7756,2221,2163,0
7757,2323,2015,0
7758,2323,2221,0
7759,2163,2015,0
7760,2158,2351,0
7761,2158,2084,0
7762,3273,3324,0
7763,3273,3516,0
7764,3275,3516,0
7765,3275,3324,0
7766,3275,3273,0
7767,3516,3324,0
7768,3556,3740,0
7769,3737,6643,0
7770,3737,3740,0
7771,3737,3556,0
7772,3446,3442,0
7773,3359,3648,0
7774,3359,3446,0
7775,2287,2097,0
7776,2163,2097,0
7777,3270,3233,0
7778,3282,3233,0
7779,3282,3224,0
7780,3282,3270,0
7781,3233,3224,0
7782,5516,5535,0
7783,5157,5613,0
7784,5157,5535,0
7785,5157,5516,0
7786,3383,3472,0
7787,3408,3514,0
7788,3408,3472,0
7789,3408,3383,0
7790,3514,3472,0
7791,2638,2792,0
7792,2638,6631,0
7793,2769,6631,0
7794,2769,2792,0
7795,2769,2638,0
7796,6631,2792,0
7797,1657,1677,0
7798,1657,1598,0
7799,1657,1492,0
7800,1677,1598,0
7801,2536,2784,0
7802,2536,2369,0
7803,2182,2369,0
7804,2182,2784,0
7805,2182,2536,0
7806,2369,2784,0
7807,2914,2827,0
7808,2914,2884,0
7809,2983,2827,0
7810,2983,2914,0
7811,2884,2827,0
7812,622,776,0
7813,622,526,0
7814,446,526,0
7815,446,776,0
7816,446,622,0
7817,526,776,0
7818,721,732,0
7819,721,599,0
7820,707,599,0
7821,707,732,0
7822,707,721,0
7823,599,732,0
7824,1300,1267,0
7825,1300,6577,0
7826,1169,6577,0
7827,1169,1267,0
7828,1169,1300,0
7829,6577,1267,0
7830,1991,2123,0
7831,1991,2112,0
7832,1921,2112,0
7833,2112,2123,0
7834,6381,6337,0
7835,6381,6541,0
7836,155,6541,0
7837,155,6337,0
7838,155,6381,0
7839,6541,6337,0
7840,4750,6670,0
7841,4750,4490,0
7842,4893,4490,0
7843,4893,6670,0
7844,4893,4750,0
7845,4490,6670,0
7846,1455,1293,0
7847,1455,1351,0
7848,1251,1351,0
7849,1251,1293,0
7850,1251,1455,0
7851,1351,1293,0
7852,4750,4419,0
7853,4750,4659,0
7854,4393,4659,0
7855,4393,4419,0
7856,4393,4750,0
7857,4659,4419,0
7858,5964,6207,0
7859,5964,5983,0
7860,5988,6207,0
7861,5988,5964,0
7862,5983,6207,0
7863,2060,2080,0
7864,2060,2185,0
7865,2141,2185,0
7866,2141,2060,0
7867,2185,2080,0
7868,3379,3388,0
7869,3802,3388,0
7870,3205,3388,0
7871,2623,2626,0
7872,2623,2743,0
7873,2229,2623,0
7874,1664,1839,0
7875,1685,1749,0
7876,1685,1664,0
7877,1839,1749,0
7878,538,475,0
7879,538,6560,0
7880,466,6560,0
7881,466,475,0
7882,466,538,0
7883,6560,475,0
7884,720,1529,0
7885,720,2495,0
7886,534,2495,0
7887,534,1529,0
7888,534,720,0
7889,2495,1529,0
7890,2078,2139,0
7891,1882,2139,0
7892,4010,3862,0
7893,4153,3849,0
7894,3849,3862,0
7895,1478,1406,0
7896,1478,1330,0
7897,1550,1330,0
7898,1550,1406,0
7899,1550,1478,0
7900,1330,1406,0
7901,4944,4994,0
7902,4944,5150,0
7903,4955,5150,0
7904,4955,4994,0
7905,4955,4944,0
7906,5150,4994,0
7907,6650,6646,0
7908,6295,6065,0
7909,6295,6241,0
7910,6313,6241,0
7911,6313,6065,0
7912,6313,6295,0
7913,6241,6065,0
7914,1789,6604,0
7915,1789,1716,0
7916,1695,1716,0
7917,1695,1789,0
7918,1716,6604,0
7919,6139,5936,0
7920,6281,6100,0
7921,6281,5936,0
7922,6281,6139,0
7923,6100,5936,0
7924,4251,3738,0
7925,4251,6647,0
7926,3545,6647,0
7927,3545,3738,0
7928,3545,4251,0
7929,6647,3738,0
7930,6675,6638,0
7931,6675,3917,0
7932,3915,6638,0
7933,3915,6675,0
7934,3917,6638,0
7935,2269,2283,0
7936,2214,2283,0
7937,2283,2125,0
7938,4037,4053,0
7939,4053,3993,0
7940,3195,3112,0
7941,3195,2972,0
7942,2978,3195,0
7943,618,1016,1
7944,618,714,1
7945,875,714,0
7946,875,1016,1
7947,875,618,1
7948,714,1016,1
7949,6682,6670,0
7950,6682,6669,0
7951,4419,6670,0
7952,4419,6682,0
7953,6669,6670,0
7954,6641,3050,0
7955,6641,3348,0
7956,3255,3348,0
7957,3255,3050,0
7958,3255,6641,0
7959,3348,3050,0
7960,4419,4018,0
7961,6657,4018,0
7962,6657,4393,0
7963,6657,4419,0
7964,4018,4393,0
7965,5451,5167,0
7966,2763,2670,0
7967,2763,2722,0
7968,2745,2722,0
7969,2745,2670,0
7970,2745,2763,0
7971,2722,2670,0
7972,2980,2899,0
7973,2980,2850,0
7974,2928,2850,0
7975,2928,2899,0
7976,2928,2980,0
7977,2850,2899,0
7978,2318,6602,0
7979,2318,2048,0
7980,2321,2048,0
7981,2321,6602,0
7982,2048,6602,0
7983,3200,3261,0
7984,3030,3261,0
7985,3261,3122,0
7986,6653,3891,0
7987,6653,3701,0
7988,3622,6653,0
7989,3876,3680,0
7990,3912,3680,0
7991,3912,3822,0
7992,3912,3876,0
7993,3680,3822,0
7994,1716,1664,0
7995,1716,6593,0
7996,1749,1716,0
7997,65,31,0
7998,65,94,0
7999,65,219,0
8000,5958,6099,0
8001,5958,5939,0
8002,6093,5939,0
8003,6093,6099,0
8004,5939,6099,0
8005,792,855,0
8006,861,855,1
8007,651,855,1
8008,4639,4696,0
8009,4639,4451,0
8010,4481,4639,0
8011,5229,5759,0
8012,5229,4863,0
8013,5300,5759,0
8014,5300,5229,0
8015,4863,5759,0
8016,1420,1277,0
8017,1604,1420,0
8018,2271,2574,0
8019,2271,2142,0
8020,6627,2142,0
8021,6627,2574,0
8022,6627,2271,0
8023,2142,2574,0
8024,5359,5229,0
8025,5359,4572,0
8026,4513,5229,0
8027,4513,5359,0
8028,4572,5229,0
8029,3273,3336,0
8030,3516,3336,0
8031,3336,3324,0
8032,4412,4609,0
8033,4519,4449,0
8034,4519,4609,0
8035,4449,4609,0
8036,3595,3545,0
8037,3622,3545,0
8038,3545,3891,0
8039,6641,2618,0
8040,6641,6636,0
8041,6627,6636,0
8042,6627,2618,0
8043,6627,6641,0
8044,6636,2618,0
8045,2792,3003,0
8046,2792,3034,0
8047,6639,3034,0
8048,6639,3003,0
8049,6639,2792,0
8050,3034,3003,0
8051,1998,6642,0
8052,1998,3190,0
8053,1998,6610,0
8054,6641,3088,0
8055,2618,3088,0
8056,6636,3088,0
8057,1596,1593,0
8058,1596,1614,0
8059,1497,1614,0
8060,1497,1593,0
8061,1497,1596,0
8062,1614,1593,0
8063,302,248,0
8064,236,248,0
8065,236,121,0
8066,236,302,0
8067,248,121,0
8068,1012,923,0
8069,1012,1060,0
8070,1012,1016,0
8071,3333,3253,0
8072,3333,3168,0
8073,3248,3168,0
8074,3248,3253,0
8075,3248,3333,0
8076,3168,3253,0
8077,2142,2320,0
8078,2229,6627,0
8079,2229,2320,0
8080,2229,2142,0
8081,6627,2320,0
8082,593,654,0
8083,593,1039,0
8084,553,1039,0
8085,553,654,0
8086,553,593,0
8087,1039,654,0
8088,3877,4436,0
8089,4162,3580,0
8090,4162,3551,0
8091,4211,3551,0
8092,4211,3580,0
8093,4211,4162,0
8094,3551,3580,0
8095,637,598,0
8096,637,698,0
8097,879,698,0
8098,879,598,0
8099,879,637,0
8100,698,598,0
8101,4868,4695,0
8102,4868,6684,0
8103,6689,6684,0
8104,6689,4695,0
8105,6689,4868,0
8106,6684,4695,0
8107,3676,3802,0
8108,3949,6650,0
8109,3949,3676,0
8110,3802,6650,0
8111,6641,2822,0
8112,2618,2822,0
8113,3088,2822,0
8114,2271,2399,0
8115,2560,2574,0
8116,2560,2399,0
8117,2574,2399,0
8118,4545,4639,0
8119,4545,4143,0
8120,4170,4143,0
8121,4170,4639,0
8122,4170,4545,0
8123,4143,4639,0
8124,1823,6607,0
8125,1823,6604,0
8126,6614,6604,0
8127,6614,6607,0
8128,6614,1823,0
8129,6604,6607,0
8130,1324,1199,0
8131,1324,1021,0
8132,1131,1021,0
8133,1131,1199,0
8134,1131,1324,0
8135,1021,1199,0
8136,2804,2708,0
8137,2676,2708,0
8138,2650,2708,0
8139,3676,3274,0
8140,3622,3274,0
8141,3336,3274,0
8142,4556,4653,0
8143,4556,4464,0
8144,4545,4464,0
8145,4545,4556,0
8146,4464,4653,0
8147,6094,5961,0
8148,5967,6010,0
8149,5967,5961,0
8150,5967,6094,0
8151,6010,5961,0
8152,2729,2473,0
8153,2634,2473,0
8154,3802,3948,0
8155,3949,3948,0
8156,2534,2572,0
8157,2534,2276,0
8158,2534,2714,0
8159,2572,2276,0
8160,2901,3057,0
8161,2901,3161,0
8162,3102,3161,0
8163,3102,2901,0
8164,3161,3057,0
8165,302,116,0
8166,491,116,0
8167,491,302,0
8168,267,116,0
8169,1311,1587,0
8170,1311,727,0
8171,661,727,0
8172,661,1587,0
8173,661,1311,0
8174,727,1587,0
8175,2709,2744,0
8176,3018,2893,0
8177,3018,2744,0
8178,6474,118,0
8179,6474,16,0
8180,34,16,0
8181,34,118,0
8182,34,6474,0
8183,16,118,0
8184,2776,3070,0
8185,3046,2773,0
8186,3046,2776,0
8187,3070,2773,0
8188,6118,6266,0
8189,6118,6078,0
8190,6118,6211,0
8191,2107,1733,0
8192,1818,1733,0
8193,2129,1733,0
8194,4859,5167,0
8195,4859,5001,0
8196,4873,5001,0
8197,4873,5167,0
8198,4873,4859,0
8199,5001,5167,0
8200,5229,4797,0
8201,4797,5759,0
8202,300,278,0
8203,300,80,0
8204,282,80,0
8205,282,278,0
8206,282,300,0
8207,80,278,0
8208,6506,13,0
8209,6506,12,0
8210,6273,12,0
8211,6273,13,0
8212,6273,6506,0
8213,12,13,0
8214,708,716,0
8215,708,748,0
8216,741,748,0
8217,741,716,0
8218,741,708,0
8219,748,716,0
8220,2004,2199,0
8221,2004,2205,0
8222,2163,2004,0
8223,1927,1853,0
8224,1927,1851,0
8225,1927,1945,0
8226,1228,1416,0
8227,1228,1111,0
8228,1228,1224,0
8229,3028,3868,0
8230,3028,3841,0
8231,3658,3868,0
8232,3841,3868,0
8233,5990,6113,0
8234,5990,6059,0
8235,5968,6059,0
8236,5968,6113,0
8237,5968,5990,0
8238,6059,6113,0
8239,2427,2546,0
8240,2427,2326,0
8241,2353,2427,0
8242,1007,886,0
8243,1007,1003,0
8244,1084,1003,0
8245,1084,886,0
8246,1084,1007,0
8247,1003,886,0
8248,2355,2450,0
8249,2355,2392,0
8250,2250,2392,0
8251,2250,2450,0
8252,2250,2355,0
8253,2392,2450,0
8254,2371,2511,0
8255,2362,2511,0
8256,2568,2432,0
8257,2568,2586,0
8258,2528,2586,0
8259,2528,2432,0
8260,2528,2568,1
8261,2586,2432,0
8262,2036,2165,0
8263,2036,2105,0
8264,2115,2105,0
8265,2115,2165,0
8266,2115,2036,0
8267,2105,2165,0
8268,3304,3243,0
8269,3236,3151,0
8270,3236,3243,0
8271,3236,3304,0
8272,3574,3746,0
8273,3129,3746,0
8274,3746,3497,0
8275,2539,2546,0
8276,2539,2700,0
8277,2855,2546,0
8278,2855,2539,0
8279,2700,2546,0
8280,3993,4145,0
8281,4233,3993,0
8282,3683,3354,0
8283,3803,3606,0
8284,3803,3354,0
8285,3803,3683,0
8286,3606,3354,0
8287,4676,4289,0
8288,4308,4440,0
8289,4500,4440,0
8290,5072,4924,0
8291,5072,4996,0
8292,5286,4996,0
8293,5286,4924,0
8294,4996,4924,0
8295,6641,3336,0
8296,3545,3336,0
8297,3545,3050,0
8298,3545,6641,0
8299,3320,3196,0
8300,2536,2241,0
8301,2536,2604,0
8302,2487,2604,0
8303,2487,2241,0
8304,2487,2536,0
8305,2604,2241,0
8306,3138,3070,0
8307,2829,3070,0
8308,3070,2934,0
8309,2907,3021,0
8310,3055,3021,0
8311,3055,2982,0
8312,3055,2907,0
8313,3021,2982,0
8314,3251,3353,0
8315,3150,3353,0
8316,3353,3394,0
8317,3297,3384,0
8318,3297,3249,0
8319,3297,3347,0
8320,1842,1818,0
8321,1842,1733,0
8322,1842,2107,0
8323,2632,2530,0
8324,2632,2528,0
8325,2654,2530,0
8326,2654,2632,0
8327,3746,4348,0
8328,4161,4348,0
8329,4170,4348,0
8330,4726,4644,0
8331,4704,4726,0
8332,4025,4389,0
8333,4025,4100,0
8334,4366,4389,0
8335,4366,4025,0
8336,2821,2688,0
8337,2688,2896,0
8338,2599,2398,0
8339,2599,2447,0
8340,2599,2291,0
8341,3564,3304,0
8342,3192,3423,0
8343,3166,3423,0
8344,3166,3500,0
8345,3423,3500,0
8346,4418,4338,0
8347,4458,4289,0
8348,3564,3808,0
8349,3564,3541,0
8350,3874,3541,0
8351,3874,3564,0
8352,3541,3808,0
8353,3156,2971,0
8354,3156,2782,0
8355,3716,4023,0
8356,3716,4314,1
8357,4377,4314,1
8358,4377,4023,0
8359,4377,3716,1
8360,4314,4023,0
8361,1990,1826,0
8362,1990,1841,0
8363,1928,1841,0
8364,1928,1826,0
8365,1928,1990,0
8366,1914,1926,0
8367,1914,2182,0
8368,2051,2182,0
8369,2051,1926,0
8370,2051,1914,0
8371,2182,1926,0
8372,1576,2927,0
8373,1576,4451,0
8374,6465,4451,0
8375,6465,2927,0
8376,6465,1576,0
8377,3087,4184,0
8378,315,3,0
8379,315,513,0
8380,534,513,0
8381,534,3,0
8382,534,315,0
8383,513,3,0
8384,1354,1383,0
8385,1354,1427,0
8386,1502,1427,0
8387,1502,1383,1
8388,1502,1354,1
8389,1427,1383,0
8390,3151,2977,0
8391,3151,2671,0
8392,3453,3129,0
8393,3453,3159,0
8394,3746,3159,0
8395,1944,1880,0
8396,2023,1944,0
8397,1880,2052,0
8398,1712,1634,0
8399,1712,1660,0
8400,1887,1660,0
8401,1887,1634,0
8402,1887,1712,0
8403,1660,1634,0
8404,3075,2872,0
8405,3075,2560,0
8406,2680,2560,0
8407,2680,3075,0
8408,2542,2601,0
8409,2542,2450,0
8410,2616,2601,0
8411,2616,2542,0
8412,2450,2601,0
8413,3366,3239,0
8414,3536,3404,0
8415,3536,3366,0
8416,3404,3239,0
8417,3836,3826,0
8418,4009,3826,0
8419,4000,3826,0
8420,2586,2468,0
8421,3010,2797,0
8422,3010,3324,0
8423,3275,2797,0
8424,3275,3010,0
8425,3324,2797,0
8426,2235,2046,0
8427,1961,2046,0
8428,2046,2144,0
8429,2242,2240,0
8430,2410,2240,0
8431,2410,2242,0
8432,2213,2240,0
8433,2653,2596,0
8434,2653,2593,0
8435,2509,2593,0
8436,2509,2596,0
8437,2509,2653,0
8438,2593,2596,0
8439,2950,3185,0
8440,2950,3139,0
8441,3072,3139,0
8442,3072,3185,0
8443,3072,2950,0
8444,3139,3185,0
8445,3558,3806,0
8446,3558,3694,0
8447,3784,3694,0
8448,3784,3806,0
8449,3694,3806,0
8450,3758,3965,0
8451,3758,4115,0
8452,3874,4115,0
8453,3874,3758,0
8454,4115,3965,0
8455,2170,2150,0
8456,2170,2197,0
8457,2174,2197,0
8458,2174,2150,0
8459,2174,2170,0
8460,2197,2150,0
8461,4638,4300,0
8462,4638,4600,0
8463,3366,3262,0
8464,3473,3262,0
8465,3262,3306,0
8466,880,851,0
8467,880,913,0
8468,1019,913,0
8469,1019,851,0
8470,1019,880,0
8471,913,851,0
8472,3548,3402,0
8473,3548,3635,0
8474,3589,3635,0
8475,3589,3402,0
8476,3589,3548,0
8477,3496,3150,0
8478,3394,3496,0
8479,2910,2555,0
8480,2709,2555,0
8481,2576,2571,0
8482,2541,2765,0
8483,2541,2571,0
8484,2765,2571,0
8485,3326,3222,0
8486,3326,3224,0
8487,3136,3224,0
8488,3136,3326,0
8489,3224,3222,0
8490,3423,3574,0
8491,3423,3551,0
8492,5012,5029,0
8493,5012,4726,0
8494,4749,5029,0
8495,4749,5012,0
8496,4726,5029,0
8497,3282,3574,0
8498,3282,3096,0
8499,3305,3096,0
8500,3107,3257,0
8501,3107,2959,0
8502,2971,2959,0
8503,2971,3257,0
8504,2971,3107,0
8505,2959,3257,0
8506,2984,2922,0
8507,3019,2922,0
8508,3019,2775,0
8509,2922,2775,0
8510,4090,4145,0
8511,2454,2687,0
8512,2411,2687,0
8513,1842,1798,0
8514,1974,1798,0
8515,1974,1842,0
8516,2236,2325,0
8517,2400,2319,0
8518,2400,2458,0
8519,2509,2458,0
8520,2509,2319,0
8521,2509,2400,0
8522,2458,2319,0
8523,2070,2184,0
8524,2056,2184,0
8525,2184,2175,0
8526,2194,2087,0
8527,2194,1995,0
8528,2718,2818,0
8529,2662,2693,0
8530,2662,2718,0
8531,2818,2693,0
8532,1365,1570,0
8533,1365,1492,0
8534,1448,1492,0
8535,1448,1570,0
8536,1448,1365,0
8537,1492,1570,0
8538,2080,2018,0
8539,2080,2000,0
8540,2002,2000,0
8541,2000,2018,0
8542,1962,1919,0
8543,1962,1950,0
8544,1939,1950,0
8545,1939,1919,0
8546,1939,1962,0
8547,1950,1919,0
8548,3337,3251,0
8549,3572,6645,0
8550,3572,6655,0
8551,3556,6655,0
8552,3556,6645,0
8553,3556,3572,0
8554,6655,6645,0
8555,2258,2009,0
8556,2273,2226,0
8557,2273,2009,0
8558,2226,2009,0
8559,3135,3239,0
8560,3135,2812,0
8561,2933,2812,0
8562,2933,3239,0
8563,2933,3135,0
8564,2812,3239,0
8565,3095,3226,0
8566,3248,3095,0
8567,3966,3849,0
8568,3297,3383,0
8569,3297,3222,0
8570,3169,3181,0
8571,3169,3032,0
8572,3138,3181,0
8573,3138,3169,0
8574,3032,3181,0
8575,1686,1785,0
8576,1686,1724,0
8577,1814,1724,0
8578,1814,1785,0
8579,1814,1686,0
8580,1724,1785,0
8581,3684,3613,0
8582,3684,3654,0
8583,3851,3654,0
8584,3851,3613,0
8585,3851,3684,0
8586,3654,3613,0
8587,2624,3127,1
8588,2565,3127,0
8589,3164,3127,1
8590,2536,2534,0
8591,2369,2534,0
8592,2534,2784,0
8593,4314,4013,0
8594,4314,3791,1
8595,2890,2909,0
8596,2890,2987,0
8597,2752,2987,0
8598,2752,2909,0
8599,2752,2890,0
8600,2987,2909,0
8601,1990,1996,0
8602,1849,1928,0
8603,1849,1990,1
8604,1996,1928,0
8605,2242,2262,0
8606,2212,2262,0
8607,2213,2262,0
8608,4483,4190,0
8609,4435,4190,0
8610,4435,4360,0
8611,4435,4483,0
8612,4190,4360,0
8613,2516,2644,0
8614,2516,2566,0
8615,2514,2566,0
8616,2514,2644,0
8617,2514,2516,0
8618,2566,2644,0
8619,3256,3333,0
8620,3256,3493,0
8621,3502,3493,0
8622,3502,3333,0
8623,3502,3256,0
8624,3493,3333,0
8625,1392,1559,0
8626,1645,1559,0
8627,1668,1559,0
8628,778,701,0
8629,778,708,0
8630,741,701,0
8631,741,778,0
8632,708,701,0
8633,3334,3506,0
8634,3334,3189,0
8635,3340,3506,0
8636,3340,3334,0
8637,3189,3506,0
8638,1407,1439,0
8639,1407,1615,0
8640,1438,1615,0
8641,1438,1439,0
8642,1438,1407,0
8643,1615,1439,0
8644,3282,3070,0
8645,3282,3057,0
8646,3282,3106,0
8647,3070,3057,0
8648,2714,2369,0
8649,1576,2738,0
8650,2239,2086,0
8651,2239,2082,0
8652,2032,2082,0
8653,2032,2086,0
8654,2032,2239,0
8655,2082,2086,0
8656,3193,3078,0
8657,3193,3013,0
8658,3002,3078,0
8659,3002,3193,0
8660,3013,3078,0
8661,2069,2179,0
8662,2069,2023,0
8663,2156,2023,0
8664,2156,2179,0
8665,2156,2069,0
8666,2023,2179,0
8667,2520,2325,0
8668,2520,2400,0
8669,2353,2400,0
8670,2353,2325,0
8671,2353,2520,0
8672,2400,2325,0
8673,1798,1942,0
8674,1835,1942,0
8675,1872,1942,0
8676,2628,2666,0
8677,2833,2796,0
8678,2833,2666,0
8679,2833,2628,0
8680,2796,2666,0
8681,6604,2093,0
8682,6604,1790,0
8683,2150,2008,0
8684,2150,1904,0
8685,2011,1904,0
8686,2011,2008,0
8687,2011,2150,0
8688,1904,2008,0
8689,928,1340,0
8690,928,1135,0
8691,1038,1135,0
8692,1038,928,0
8693,1135,1340,0
8694,3089,3394,0
8695,3063,3394,0
8696,4213,4158,0
8697,4308,4158,0
8698,4308,4112,0
8699,4158,4112,0
8700,2386,2547,0
8701,2535,2548,0
8702,2535,2547,0
8703,2535,2386,0
8704,2410,2512,0
8705,2410,2356,0
8706,2410,2555,0
8707,2589,2725,0
8708,2589,2857,0
8709,2786,2857,0
8710,2786,2589,0
8711,2857,2725,0
8712,4123,4226,0
8713,4123,3996,0
8714,4074,3996,0
8715,4074,4226,0
8716,4074,4123,0
8717,3996,4226,0
8718,2681,2520,0
8719,2681,2629,0
8720,2553,2681,0
8721,2782,2903,0
8722,2971,2903,0
8723,2082,2007,0
8724,2032,2007,0
8725,2563,2800,0
8726,2563,2762,0
8727,2512,2762,0
8728,2762,2800,0
8729,2203,2034,0
8730,2203,1959,0
8731,2071,1959,0
8732,2071,2034,0
8733,2071,2203,0
8734,1959,2034,0
8735,2869,2968,0
8736,3047,2736,0
8737,3047,2968,0
8738,3047,2869,0
8739,2736,2968,0
8740,2567,2341,0
8741,2690,2341,0
8742,1879,1954,0
8743,1879,1821,0
8744,1879,1755,0
8745,2575,2727,0
8746,2330,2346,0
8747,2330,2290,0
8748,2091,2290,0
8749,2091,2346,0
8750,2091,2330,0
8751,2290,2346,0
8752,1496,1553,0
8753,1496,1325,0
8754,1386,1325,0
8755,1386,1553,0
8756,1386,1496,0
8757,1325,1553,0
8758,2885,2796,0
8759,2885,2866,0
8760,2649,2866,0
8761,2649,2796,0
8762,2649,2885,0
8763,2866,2796,0
8764,4768,4584,0
8765,4768,4757,0
8766,4792,4757,0
8767,4792,4584,0
8768,4792,4768,0
8769,4757,4584,0
8770,2490,2700,0
8771,2490,2546,0
8772,2490,2629,0
8773,2310,2420,0
8774,2310,2435,1
8775,2264,2310,1
8776,1541,1539,0
8777,1541,1312,0
8778,1110,1312,0
8779,1110,1539,0
8780,1110,1541,0
8781,1312,1539,0
8782,2633,2589,0
8783,2724,2589,0
8784,2842,2589,0
8785,3836,3774,0
8786,3836,3755,0
8787,3826,3755,0
8788,3826,3774,0
8789,3755,3774,0
8790,2357,2381,0
8791,2357,2222,0
8792,2432,2222,0
8793,2432,2381,0
8794,2432,2357,0
8795,2222,2381,0
8796,2874,2789,0
8797,2874,2947,0
8798,1137,1099,0
8799,1137,1308,0
8800,1216,1308,0
8801,1216,1099,1
8802,1216,1137,0
8803,1308,1099,0
8804,2982,3220,0
8805,2982,3053,0
8806,3055,3053,0
8807,3055,3220,0
8808,3053,3220,0
8809,2695,2762,0
8810,2815,2762,0
8811,2815,2640,0
8812,2762,2640,0
8813,3690,3713,0
8814,3690,3730,0
8815,4002,3730,0
8816,4002,3713,0
8817,4002,3690,0
8818,3730,3713,0
8819,2534,2182,0
8820,2782,3127,0
8821,2888,2563,0
8822,2762,2888,0
8823,2563,2695,0
8824,2959,2903,0
8825,2959,2906,0
8826,2959,3156,0
8827,2568,2686,0
8828,2648,2586,0
8829,2648,2686,0
8830,2648,2568,0
8831,2586,2686,0
8832,3220,3082,0
8833,3131,3082,0
8834,3131,3053,0
8835,3131,3220,0
8836,3082,3053,0
8837,3289,3063,0
8838,3461,3063,0
8839,3056,3063,0
8840,3265,3178,0
8841,3251,3178,0
8842,3181,3177,0
8843,3032,3177,0
8844,3071,3177,0
8845,3016,2913,0
8846,3016,2836,0
8847,2912,2836,0
8848,2912,2913,0
8849,2912,3016,0
8850,2836,2913,0
8851,2587,2556,0
8852,2587,2752,0
8853,2800,2752,0
8854,2800,2556,0
8855,2800,2587,0
8856,2752,2556,0
8857,3128,3185,0
8858,2326,2242,0
8859,2326,2356,0
8860,2505,2242,0
8861,2356,2242,0
8862,2262,2356,0
8863,2262,2512,0
8864,2402,2512,0
8865,2402,2356,0
8866,2164,2148,0
8867,2211,2148,0
8868,2148,2079,0
8869,1949,1928,0
8870,2016,1928,0
8871,1948,1928,0
8872,1949,1943,0
8873,1949,1812,0
8874,1814,1812,0
8875,1814,1943,0
8876,1814,1949,0
8877,1812,1943,0
8878,1942,2028,0
8879,1942,2212,0
8880,1957,1942,0
8881,2212,2028,0
8882,2410,2262,0
8883,2853,3135,0
8884,2853,2812,0
8885,2933,2853,0
8886,2403,2394,0
8887,2265,2394,0
8888,2218,2394,0
8889,2357,2296,0
8890,2357,2380,0
8891,2522,2380,0
8892,2522,2296,0
8893,2522,2357,0
8894,2380,2296,0
8895,3442,3473,0
8896,3504,3473,0
8897,3504,3359,0
8898,3504,3442,0
8899,3473,3359,0
8900,3778,3728,0
8901,3778,3616,0
8902,3672,3616,0
8903,3672,3728,0
8904,3672,3778,0
8905,3616,3728,0
8906,3127,3488,0
8907,3716,3488,0
8908,3716,3164,0
8909,3716,3127,1
8910,3488,3164,0
8911,3089,2709,0
8912,2986,2922,0
8913,2986,2909,0
8914,3019,2986,0
8915,2909,2922,0
8916,3338,3462,0
8917,3313,3462,0
8918,3447,3462,0
8919,2228,2359,0
8920,2228,2061,0
8921,2383,2061,0
8922,2383,2228,0
8923,2061,2359,0
8924,1725,1679,0
8925,2813,2810,0
8926,2782,2810,0
8927,2530,2531,0
8928,2672,2531,0
8929,2522,2531,0
8930,2686,2654,0
8931,2622,2654,0
8932,2622,2586,0
8933,2654,2586,0
8934,2813,3127,0
8935,2984,2986,0
8936,2346,2474,0
8937,2406,2474,1
8938,2406,2091,1
8939,2406,2346,0
8940,2474,2091,1
8941,2073,1901,0
8942,2073,1886,0
8943,2003,1886,0
8944,2003,1901,0
8945,2003,2073,0
8946,1750,1728,0
8947,1750,1849,0
8948,1825,1849,0
8949,1825,1728,0
8950,1825,1750,0
8951,3869,3926,0
8952,3869,3941,0
8953,3821,3941,0
8954,3821,3926,0
8955,3821,3869,0
8956,3941,3926,0
8957,3407,3215,0
8958,3407,3488,0
8959,3156,3407,0
8960,3072,3130,0
8961,3072,3292,0
8962,3331,3292,0
8963,3331,3130,0
8964,3331,3072,0
8965,3292,3130,0
8966,3067,2965,0
8967,3067,2840,0
8968,3033,2840,0
8969,3033,2965,0
8970,2840,2965,0
8971,2964,3038,0
8972,3083,3038,0
8973,3083,3142,0
8974,2167,2253,0
8975,2167,2277,0
8976,2247,2277,0
8977,2247,2253,0
8978,2247,2167,0
8979,2277,2253,0
8980,3011,2986,0
8981,3011,2909,0
8982,3038,2986,0
8983,3038,3011,0
8984,2959,2938,0
8985,2959,2813,0
8986,2654,2800,0
8987,2662,2641,0
8988,2662,2727,0
8989,2668,2641,0
8990,2727,2641,0
8991,2910,2888,0
8992,2910,2762,0
8993,2839,2762,0
8994,2839,2888,0
8995,2839,2910,0
8996,3355,3619,0
8997,2338,2293,0
8998,2338,2429,0
8999,2420,2429,0
9000,2420,2338,0
9001,2429,2293,0
9002,2169,2349,0
9003,2169,2419,0
9004,2392,2349,0
9005,2392,2169,0
9006,2419,2349,0
9007,1700,1773,0
9008,1700,1660,0
9009,1700,1647,0
9010,204,237,0
9011,204,6421,0
9012,6349,6421,0
9013,6349,204,0
9014,6421,237,0
9015,3081,3379,0
9016,3081,3388,0
9017,3121,3388,0
9018,3121,3081,0
9019,2724,2659,0
9020,2724,2557,0
9021,2566,2659,0
9022,2566,2724,0
9023,2557,2659,0
9024,3011,3084,0
9025,3011,3401,0
9026,3128,3401,0
9027,3401,3084,0
9028,2357,2248,0
9029,2243,2248,0
9030,2243,2296,0
9031,2243,2357,0
9032,3002,2875,0
9033,3002,2870,0
9034,2860,2870,0
9035,2860,3002,0
9036,2870,2875,0
9037,2355,2431,0
9038,2453,2392,0
9039,2453,2431,0
9040,2453,2355,0
9041,2392,2431,0
9042,3730,3543,0
9043,2245,1999,0
9044,2245,2132,0
9045,2104,1999,0
9046,2104,2245,0
9047,2132,1999,0
9048,1815,1888,0
9049,1680,1888,0
9050,3256,3183,0
9051,3256,3025,0
9052,3024,3025,0
9053,3024,3183,0
9054,3024,3256,0
9055,2982,3254,0
9056,2982,3262,0
9057,3306,3254,0
9058,3306,2982,0
9059,3262,3254,0
9060,2699,2828,0
9061,2699,2704,0
9062,2694,2828,0
9063,2694,2699,0
9064,2704,2828,0
9065,1503,6581,0
9066,937,6581,0
9067,937,1075,0
9068,937,1503,0
9069,6581,1075,0
9070,1973,2096,0
9071,1973,1982,0
9072,1909,1973,0
9073,2056,1990,0
9074,2056,1956,0
9075,2016,1956,0
9076,2016,1990,0
9077,1956,1990,0
9078,2817,2899,0
9079,2817,2928,0
9080,2850,2817,0
9081,2121,2004,0
9082,2121,1960,0
9083,1927,1960,0
9084,1927,2004,0
9085,1927,2121,0
9086,1960,2004,0
9087,4921,5088,0
9088,4921,4896,0
9089,5107,4896,0
9090,5107,5088,0
9091,5107,4921,0
9092,4896,5088,0
9093,2602,2522,0
9094,2522,2461,0
9095,1989,1873,0
9096,1989,1806,0
9097,1782,1873,0
9098,1806,1873,0
9099,2978,2864,0
9100,2978,2967,0
9101,2972,2967,0
9102,2972,2864,0
9103,2967,2864,0
9104,2261,2148,0
9105,2261,2175,0
9106,2331,2175,0
9107,2331,2148,0
9108,2331,2261,0
9109,2175,2148,0
9110,2329,2355,0
9111,2329,2481,0
9112,2542,2355,0
9113,2542,2329,0
9114,2481,2355,0
9115,2087,2319,0
9116,2087,2134,0
9117,2141,2134,0
9118,2141,2319,0
9119,2134,2319,0
9120,2550,2474,0
9121,2557,2474,0
9122,2557,2550,0
9123,2474,2580,0
9124,1986,1970,0
9125,1986,2034,0
9126,1968,2034,0
9127,1968,1970,0
9128,1968,1986,0
9129,2034,1970,0
9130,1233,1147,0
9131,1233,1091,0
9132,1161,1091,0
9133,1161,1147,0
9134,1161,1233,0
9135,1091,1147,0
9136,2346,2364,0
9137,2394,2364,0
9138,2394,2406,0
9139,2394,2346,0
9140,2364,2406,0
9141,1864,1875,0
9142,1904,1771,0
9143,1904,1875,0
9144,1904,1864,0
9145,1771,1875,0
9146,3844,3723,0
9147,3844,3788,0
9148,3844,4048,0
9149,1624,1633,0
9150,1624,1684,0
9151,1899,1684,0
9152,1899,1633,0
9153,1899,1624,0
9154,1684,1633,0
9155,2286,2299,0
9156,2286,2446,0
9157,2442,2446,0
9158,2442,2299,0
9159,2442,2286,0
9160,2446,2299,0
9161,2197,2419,0
9162,2197,2450,0
9163,2250,2419,0
9164,2250,2197,0
9165,2450,2419,0
9166,1809,1904,0
9167,1809,1875,0
9168,2463,2635,0
9169,2463,2664,0
9170,2660,2664,0
9171,2660,2635,0
9172,2660,2463,0
9173,2664,2635,0
9174,1871,1954,0
9175,1871,1993,0
9176,1933,1993,0
9177,1933,1954,0
9178,1933,1871,0
9179,1993,1954,0
9180,2849,2718,0
9181,2840,2805,0
9182,2658,3033,0
9183,2658,2805,0
9184,2658,2840,0
9185,3033,2805,0
9186,1984,1891,0
9187,1984,1903,0
9188,1888,1891,0
9189,1888,1984,0
9190,2210,2309,0
9191,2404,2309,0
9192,2404,2279,0
9193,2404,2210,0
9194,2391,2325,0
9195,2391,2185,0
9196,2141,2325,0
9197,2141,2391,0
9198,2185,2325,0
9199,2611,2478,0
9200,2454,2478,0
9201,2454,2611,0
9202,2478,2517,0
9203,2608,2430,0
9204,2608,2443,0
9205,2470,2443,0
9206,2470,2430,0
9207,2470,2608,0
9208,2443,2430,0
9209,3165,3274,0
9210,3165,3275,0
9211,3034,3275,0
9212,3034,3274,0
9213,3034,3165,0
9214,3275,3274,0
9215,1008,1370,0
9216,1126,1370,0
9217,1080,1370,0
9218,3445,3421,0
9219,3445,3468,0
9220,3557,3468,0
9221,3557,3421,0
9222,3557,3445,0
9223,3468,3421,0
9224,5032,4974,0
9225,5092,4974,0
9226,5092,6694,0
9227,5092,5032,0
9228,4974,6694,0
9229,2523,2720,0
9230,2720,2601,0
9231,2136,2300,0
9232,2136,2317,0
9233,2307,2317,0
9234,2307,2300,0
9235,2307,2136,0
9236,2837,2881,0
9237,2902,2837,0
9238,2049,1882,0
9239,2049,1981,0
9240,1859,1981,0
9241,1859,1882,0
9242,1859,2049,0
9243,1981,1882,0
9244,2058,2349,0
9245,2058,2292,0
9246,2232,2292,0
9247,2232,2349,0
9248,2232,2058,0
9249,2292,2349,0
9250,3198,3141,0
9251,3198,3414,0
9252,3439,3414,0
9253,3439,3141,0
9254,3439,3198,0
9255,3414,3141,0
9256,3367,3264,0
9257,3367,3246,0
9258,3074,3246,0
9259,3074,3264,0
9260,3074,3367,0
9261,3246,3264,0
9262,3176,3036,0
9263,3176,2894,0
9264,2979,2894,0
9265,2979,3036,0
9266,2979,3176,0
9267,2137,2166,0
9268,2137,2177,0
9269,2264,2177,0
9270,2264,2166,0
9271,2264,2137,0
9272,2177,2166,0
9273,1384,1708,1
9274,1701,1547,0
9275,1701,1708,0
9276,1701,1384,0
9277,1547,1708,0
9278,2817,2471,0
9279,2817,2635,0
9280,2899,2635,0
9281,2899,2471,0
9282,3458,3501,0
9283,3458,3538,0
9284,3352,3538,0
9285,3352,3501,0
9286,3538,3501,0
9287,2386,2485,0
9288,2390,2485,0
9289,2390,2389,0
9290,2485,2389,0
9291,3066,2881,0
9292,2902,3108,0
9293,2902,3066,0
9294,3108,2881,0
9295,2313,2195,0
9296,2313,2140,0
9297,2286,2140,0
9298,2286,2195,0
9299,2140,2195,0
9300,2133,2355,0
9301,3066,3140,0
9302,3066,3026,0
9303,3108,3026,0
9304,3108,3140,0
9305,3026,3140,0
9306,2960,2827,0
9307,3244,3054,0
9308,3244,3163,0
9309,2940,3163,0
9310,2940,3054,0
9311,2940,3244,0
9312,3163,3054,0
9313,2137,2085,0
9314,2059,2264,0
9315,2059,2085,0
9316,2059,2137,0
9317,2264,2085,1
9318,2780,2836,0
9319,2875,2836,0
9320,2860,2836,0
9321,1661,1704,0
9322,1661,1814,0
9323,1672,1814,0
9324,1672,1704,0
9325,1672,1661,0
9326,1814,1704,0
9327,4387,4222,0
9328,4387,4349,0
9329,4236,4349,0
9330,4236,4222,0
9331,4349,4222,0
9332,3115,3135,0
9333,3262,3135,0
9334,3783,3678,0
9335,3016,3114,0
9336,3016,3065,0
9337,3171,3065,0
9338,3171,3114,0
9339,3171,3016,0
9340,3065,3114,0
9341,4213,4185,0
9342,4221,4213,0
9343,2705,2502,0
9344,2541,2590,0
9345,2541,2705,0
9346,2843,2894,0
9347,2843,2767,0
9348,2758,2767,0
9349,2758,2894,0
9350,2758,2843,0
9351,2767,2894,0
9352,2849,2944,0
9353,2770,2937,0
9354,2770,2944,0
9355,2770,2849,0
9356,3171,3279,0
9357,3171,3295,0
9358,3221,3295,0
9359,3221,3279,0
9360,3221,3171,0
9361,3295,3279,0
9362,3301,3349,0
9363,3301,3390,0
9364,3108,3390,0
9365,3108,3349,0
9366,3108,3301,0
9367,2069,2175,0
9368,2175,2179,0
9369,3220,3316,0
9370,3082,3316,0
9371,3082,3055,0
9372,3316,3055,0
9373,2686,2909,0
9374,2686,2987,0
9375,2622,2987,0
9376,2622,2909,0
9377,3021,3131,0
9378,3021,3082,0
9379,3021,3053,0
9380,2126,1947,0
9381,2126,2148,0
9382,2079,1947,0
9383,2079,2126,0
9384,2148,1947,0
9385,3483,3414,0
9386,3322,3414,0
9387,3322,3430,0
9388,3322,3483,0
9389,3414,3430,0
9390,2856,2818,0
9391,2856,2982,0
9392,2963,2982,0
9393,2963,2818,0
9394,2963,2856,0
9395,2982,2818,0
9396,2391,2319,0
9397,2400,2391,0
9398,2319,2325,0
9399,2907,2727,0
9400,3021,2727,0
9401,3021,2988,0
9402,2727,2988,0
9403,3256,3346,0
9404,3256,3095,0
9405,3219,3095,0
9406,3219,3256,0
9407,3095,3346,0
9408,3258,3359,0
9409,3258,3254,0
9410,3306,3359,0
9411,3306,3258,0
9412,3254,3359,0
9413,3114,3221,0
9414,3301,3221,0
9415,3301,3171,0
9416,3301,3114,0
9417,3141,3438,0
9418,3331,3438,0
9419,3331,3414,0
9420,3331,3141,0
9421,3438,3414,0
9422,2777,2780,0
9423,2777,2685,0
9424,2493,2685,0
9425,2493,2780,0
9426,2493,2777,1
9427,2685,2780,0
9428,2155,2091,0
9429,2155,2162,0
9430,2067,2162,0
9431,2067,2155,0
9432,2162,2091,0
9433,2970,2833,0
9434,3095,2833,0
9435,3095,3025,0
9436,3095,2970,0
9437,2833,3025,0
9438,2261,2117,0
9439,2184,2117,0
9440,2184,2261,0
9441,2117,2175,0
9442,6237,6251,0
9443,6237,5950,0
9444,209,5950,0
9445,209,6251,0
9446,209,6237,0
9447,5950,6251,0
9448,3223,2869,0
9449,3223,3047,0
9450,2968,3223,0
9451,2268,6623,0
9452,2268,1967,0
9453,2043,1967,0
9454,2043,6623,0
9455,2043,2268,0
9456,1967,6623,0
9457,2198,2036,0
9458,2042,2165,0
9459,2042,2036,0
9460,2042,2198,0
9461,2454,2342,0
9462,2615,2740,0
9463,2615,2722,0
9464,2711,2722,0
9465,2711,2740,0
9466,2711,2615,0
9467,2722,2740,0
9468,1907,6602,0
9469,1907,2048,0
9470,6601,2048,0
9471,6601,6602,0
9472,6601,1907,0
9473,3516,3805,0
9474,3516,3737,0
9475,3740,3805,0
9476,3737,3805,0
9477,2186,2267,0
9478,2186,2204,0
9479,2345,2204,0
9480,2345,2267,0
9481,2345,2186,0
9482,2204,2267,0
9483,3565,3669,0
9484,3565,3476,0
9485,3563,3669,0
9486,3563,3565,0
9487,3476,3669,0
9488,2852,2914,0
9489,2852,2831,0
9490,2747,2831,0
9491,2747,2914,0
9492,2747,2852,0
9493,3137,3443,0
9494,3137,2788,0
9495,3231,2788,0
9496,3231,3443,0
9497,3231,3137,0
9498,2788,3443,0
9499,3546,3214,0
9500,3546,3382,0
9501,3061,3214,0
9502,3061,3546,0
9503,3382,3214,0
9504,2871,2820,0
9505,2871,2711,0
9506,2771,2711,0
9507,2771,2820,0
9508,2771,2871,0
9509,2711,2820,0
9510,3688,3876,0
9511,3688,3680,0
9512,3649,3680,0
9513,3649,3688,0
9514,2047,2095,0
9515,2047,2071,0
9516,2014,2071,0
9517,2014,2095,0
9518,2014,2047,0
9519,2071,2095,0
9520,2133,2099,0
9521,2133,2038,0
9522,2034,2038,0
9523,2034,2099,0
9524,2034,2133,0
9525,2836,2547,0
9526,2836,2795,0
9527,2912,2795,0
9528,2912,2547,0
9529,2795,2547,0
9530,3682,3422,0
9531,3682,3385,0
9532,3449,3385,0
9533,3449,3422,0
9534,3449,3682,0
9535,3385,3422,0
9536,1807,2014,0
9537,2014,1886,0
9538,2484,2701,0
9539,2484,2538,0
9540,2771,2538,0
9541,2771,2701,0
9542,2771,2484,0
9543,2538,2701,0
9544,2496,2420,0
9545,2496,2547,0
9546,2548,2496,0
9547,2547,2420,0
9548,3350,6637,0
9549,3350,3267,0
9550,3175,3267,0
9551,3175,6637,0
9552,3267,6637,0
9553,1984,2090,0
9554,2090,1891,0
9555,1294,1124,0
9556,1294,955,0
9557,1248,955,0
9558,1248,1124,0
9559,1248,1294,0
9560,955,1124,0
9561,1682,1686,0
9562,1688,1724,0
9563,1688,1686,0
9564,1688,1682,0
9565,3405,3191,0
9566,3405,3380,0
9567,3373,3380,0
9568,3373,3191,0
9569,3373,3405,0
9570,3380,3191,0
9571,2118,2270,0
9572,2118,2101,0
9573,2193,2101,0
9574,2193,2270,0
9575,2193,2118,0
9576,2101,2270,0
9577,2439,2529,0
9578,2439,2404,0
9579,2373,2404,0
9580,2373,2529,0
9581,2404,2529,0
9582,2231,2108,0
9583,2231,2153,0
9584,2317,2108,0
9585,2317,2231,0
9586,2153,2108,0
9587,2757,2643,0
9588,2757,2518,0
9589,2561,2643,0
9590,2561,2757,0
9591,2518,2643,0
9592,2811,2653,0
9593,2558,2812,0
9594,2558,2653,0
9595,2558,2811,0
9596,2812,2653,0
9597,2677,2825,0
9598,2677,2827,0
9599,2884,2825,0
9600,2884,2677,0
9601,2827,2825,0
9602,1059,1123,0
9603,760,1123,0
9604,3383,3136,0
9605,3136,3167,0
9606,3042,2954,0
9607,3042,2991,0
9608,2981,2991,0
9609,2981,2954,0
9610,2981,3042,0
9611,2991,2954,0
9612,4106,4154,0
9613,4110,4210,0
9614,4110,4154,0
9615,4110,4106,0
9616,4210,4154,0
9617,1785,1830,0
9618,1825,1830,0
9619,1825,1814,0
9620,1825,1785,0
9621,1830,1814,0
9622,1762,2022,0
9623,1913,2022,0
9624,1913,1784,0
9625,1913,1762,0
9626,2022,1784,0
9627,2653,2681,0
9628,2653,2553,0
9629,2593,2553,0
9630,2593,2681,0
9631,1746,645,0
9632,1746,1557,0
9633,1846,1557,0
9634,1846,645,0
9635,1846,1746,0
9636,1557,645,0
9637,3093,3045,0
9638,2917,3008,0
9639,2917,3045,0
9640,2917,3093,0
9641,3008,3045,0
9642,6412,6538,0
9643,6412,218,0
9644,6479,218,0
9645,6479,6538,0
9646,6479,6412,0
9647,218,6538,0
9648,3527,3491,0
9649,3527,3514,0
9650,3326,3514,0
9651,3326,3491,0
9652,3326,3527,0
9653,3514,3491,0
9654,2673,2899,0
9655,2673,2665,0
9656,2941,2665,0
9657,2941,2899,0
9658,2941,2673,0
9659,2665,2899,0
9660,3092,2620,0
9661,3092,2889,0
9662,2423,2889,0
9663,2423,2620,0
9664,2423,3092,0
9665,2889,2620,0
9666,4406,4405,0
9667,4406,4350,0
9668,4460,4350,0
9669,4460,4405,0
9670,4460,4406,0
9671,4350,4405,0
9672,2601,2588,0
9673,2588,2507,0
9674,2562,2588,0
9675,2562,2481,0
9676,2614,2588,0
9677,3885,3503,0
9678,3885,3158,0
9679,3704,3158,0
9680,3704,3503,0
9681,3704,3885,0
9682,3158,3503,0
9683,438,339,0
9684,438,459,0
9685,238,459,0
9686,238,339,0
9687,238,438,0
9688,459,339,0
9689,2228,2314,0
9690,2061,2314,0
9691,2314,2359,0
9692,1990,1787,1
9693,1990,1861,0
9694,1861,1787,0
9695,3376,3704,0
9696,3376,3149,0
9697,3158,3149,0
9698,3158,3376,0
9699,3149,3704,0
9700,3994,4052,0
9701,3739,3978,0
9702,3739,4052,0
9703,3739,3994,0
9704,3978,4052,0
9705,2567,2471,0
9706,2341,2471,0
9707,2690,2471,0
9708,1823,1789,0
9709,1789,6607,0
9710,4926,4910,0
9711,4926,4607,0
9712,4857,4607,1
9713,4857,4910,0
9714,4857,4926,0
9715,4607,4910,0
9716,5624,5690,0
9717,5624,5654,0
9718,5732,5654,0
9719,5732,5690,0
9720,5732,5624,0
9721,5654,5690,0
9722,2832,2825,0
9723,1722,1828,0
9724,1722,1742,0
9725,1727,1742,0
9726,1727,1828,0
9727,1727,1722,0
9728,1742,1828,0
9729,2584,2378,0
9730,2584,2455,0
9731,2621,2455,0
9732,2621,2378,0
9733,2621,2584,0
9734,2455,2378,0
9735,2395,2411,0
9736,2395,2616,0
9737,6615,1784,0
9738,6615,6619,0
9739,2022,6619,0
9740,2022,6615,0
9741,6619,1784,0
9742,5735,6226,0
9743,5735,6064,0
9744,5588,6226,0
9745,5588,5735,0
9746,6064,6226,0
9747,129,185,0
9748,129,437,0
9749,431,437,0
9750,431,185,0
9751,431,129,0
9752,437,185,0
9753,4332,4244,0
9754,4332,4163,0
9755,4208,4244,0
9756,4208,4332,0
9757,3016,3110,0
9758,3016,3002,0
9759,3145,3002,0
9760,3145,3110,0
9761,3145,3016,0
9762,3002,3110,0
9763,2913,3002,0
9764,2913,2860,0
9765,2875,2913,0
9766,6220,6166,0
9767,6220,6239,0
9768,6131,6239,0
9769,6131,6166,0
9770,6131,6220,0
9771,6239,6166,0
9772,2589,2547,0
9773,2795,2589,0
9774,2857,2547,0
9775,2414,2507,0
9776,2414,2592,0
9777,2095,2270,0
9778,2095,2193,0
9779,2543,2637,0
9780,2543,2617,0
9781,2667,2617,0
9782,2667,2637,0
9783,2667,2543,0
9784,2617,2637,0
9785,5594,5913,0
9786,5594,5948,0
9787,5792,5948,0
9788,5792,5913,0
9789,5792,5594,0
9790,5948,5913,0
9791,1538,1423,0
9792,1538,1471,0
9793,1563,1471,0
9794,1563,1423,0
9795,1563,1538,0
9796,1471,1423,0
9797,1877,1959,0
9798,1877,1769,0
9799,1829,1769,0
9800,1829,1959,0
9801,1829,1877,0
9802,1769,1959,0
9803,2701,2711,0
9804,3466,3246,0
9805,3466,3285,0
9806,3434,3285,0
9807,3434,3246,0
9808,3434,3466,0
9809,3285,3246,0
9810,2202,2132,0
9811,2202,2104,0
9812,2202,2594,0
9813,3172,3110,0
9814,3172,3154,0
9815,3260,3154,0
9816,3260,3110,0
9817,3260,3172,0
9818,3154,3110,0
9819,6199,6133,0
9820,6194,6270,0
9821,6194,6133,0
9822,6194,6199,0
9823,6270,6133,0
9824,2375,2543,0
9825,2375,2448,0
9826,2411,2448,0
9827,2411,2543,0
9828,2411,2375,0
9829,2448,2543,0
9830,3162,2760,0
9831,2861,2760,0
9832,3017,2760,0
9833,4535,4673,0
9834,4535,4614,0
9835,4483,4614,0
9836,4483,4673,0
9837,4614,4673,0
9838,2338,2535,0
9839,2552,2535,0
9840,2552,2383,0
9841,2552,2338,0
9842,2535,2383,0
9843,3800,3510,0
9844,3800,3665,0
9845,3492,3665,0
9846,3492,3510,0
9847,3492,3800,0
9848,3665,3510,0
9849,2807,2734,0
9850,2807,2674,0
9851,2537,2734,0
9852,2537,2807,0
9853,2674,2734,0
9854,3593,3613,0
9855,3593,3654,0
9856,3482,3654,0
9857,3482,3613,0
9858,3482,3593,0
9859,1432,1578,0
9860,1432,1476,0
9861,1568,1476,0
9862,1568,1578,0
9863,1568,1432,0
9864,1476,1578,0
9865,2388,2673,0
9866,2388,2393,0
9867,2665,2393,0
9868,2665,2388,0
9869,2393,2673,0
9870,2760,2761,0
9871,2869,3017,0
9872,2869,2760,0
9873,2761,3017,0
9874,2689,2965,0
9875,2689,2621,0
9876,2425,2621,0
9877,2425,2965,0
9878,2621,2965,0
9879,6305,6457,0
9880,6305,6047,0
9881,5560,6047,0
9882,5560,6457,0
9883,5560,6305,0
9884,6047,6457,0
9885,3601,3281,0
9886,3601,3709,0
9887,3391,3709,0
9888,3391,3281,0
9889,3391,3601,0
9890,3709,3281,0
9891,6162,6118,0
9892,4516,4300,0
9893,6336,6427,0
9894,6336,6484,0
9895,6409,6484,0
9896,6409,6427,0
9897,6409,6336,0
9898,6484,6427,0
9899,2456,2388,0
9900,2456,2665,0
9901,2664,2665,0
9902,2664,2388,0
9903,2664,2456,0
9904,5138,5104,0
9905,5138,5401,0
9906,5175,5401,0
9907,5175,5104,0
9908,5175,5138,0
9909,5333,4902,0
9910,5333,4939,0
9911,5215,4939,0
9912,5215,4902,0
9913,5215,5333,0
9914,4939,4902,0
9915,5911,5992,0
9916,5911,6340,0
9917,5903,6340,0
9918,5903,5992,0
9919,5903,5911,0
9920,6340,5992,0
9921,6619,2303,0
9922,6619,2311,0
9923,1832,2311,0
9924,1832,2303,0
9925,1832,6619,0
9926,2311,2303,0
9927,6055,6250,0
9928,6055,6321,0
9929,6141,6321,0
9930,6141,6250,0
9931,6141,6055,0
9932,6321,6250,0
9933,2467,2373,0
9934,2467,2387,0
9935,2219,2387,0
9936,2219,2373,0
9937,2219,2467,0
9938,4785,4725,0
9939,4785,4828,0
9940,4404,4725,0
9941,4404,4785,0
9942,4828,4725,0
9943,4437,4520,0
9944,4437,4470,0
9945,4498,4470,0
9946,4498,4520,0
9947,4498,4437,0
9948,4470,4520,0
9949,1994,2157,0
9950,1994,2073,0
9951,2003,1994,0
9952,383,511,0
9953,383,264,0
9954,242,264,0
9955,242,511,0
9956,242,383,0
9957,264,511,0
9958,5928,5933,0
9959,5928,6146,0
9960,6077,6146,0
9961,6077,5933,0
9962,6077,5928,0
9963,6146,5933,0
9964,1655,1672,0
9965,1655,1704,0
9966,1655,1661,0
9967,1520,1687,0
9968,1520,1625,0
9969,1646,1625,0
9970,1646,1687,0
9971,1646,1520,0
9972,1625,1687,0
9973,217,6548,0
9974,217,6708,0
9975,6208,6708,0
9976,6208,6548,0
9977,6208,217,0
9978,6708,6548,0
9979,4978,4760,0
9980,4427,4207,0
9981,4427,4978,0
9982,4207,4760,0
9983,2484,2736,0
9984,2771,2736,0
9985,2736,2480,0
9986,2128,2228,0
9987,2256,2387,0
9988,2256,2228,0
9989,2256,2128,0
9990,2387,2228,0
9991,3464,3724,0
9992,3464,3576,0
9993,3543,3464,0
9994,738,168,0
9995,738,777,0
9996,815,738,0
9997,5714,5835,0
9998,5682,5835,0
9999,5682,5538,0
10000,5682,5714,0
10001,5835,5538,0
10002,5746,5695,0
10003,5746,6703,0
10004,5803,6703,0
10005,5803,5695,0
10006,5803,5746,0
10007,6703,5695,0
10008,2623,2618,0
10009,2623,6627,0
10010,6636,2623,0
10011,1040,1176,0
10012,1040,1068,0
10013,1204,1068,0
10014,1204,1176,0
10015,1204,1040,0
10016,1068,1176,0
10017,3649,3553,0
10018,3649,3471,0
10019,3436,3471,0
10020,3436,3553,0
10021,3436,3649,0
10022,3471,3553,0
10023,5611,5838,0
10024,5611,5884,0
10025,5906,5884,0
10026,5906,5838,0
10027,5906,5611,0
10028,5884,5838,0
10029,4409,4276,0
10030,4409,4361,0
10031,6387,93,0
10032,6387,83,0
10033,6387,6715,0
10034,2843,3029,0
10035,2843,2850,0
10036,2820,2850,0
10037,2820,3029,0
10038,2820,2843,0
10039,2850,3029,0
10040,4251,3915,0
10041,6647,3915,0
10042,3915,3738,0
10043,3396,3299,0
10044,3396,3408,0
10045,3495,3408,0
10046,3495,3299,0
10047,3495,3396,0
10048,3408,3299,0
10049,1899,1902,0
10050,1899,1984,0
10051,1941,1984,0
10052,1941,1902,0
10053,1941,1899,0
10054,1984,1902,0
10055,6587,1666,0
10056,6587,1715,0
10057,1868,1715,0
10058,1868,1666,0
10059,1868,6587,0
10060,1715,1666,0
10061,2792,2790,0
10062,3034,2790,0
10063,2790,3003,0
10064,2078,2125,0
10065,2905,2995,0
10066,3010,3273,0
10067,6611,2100,0
10068,6611,2214,0
10069,2229,2214,0
10070,2229,2100,0
10071,2229,6611,0
10072,2214,2100,0
10073,2274,2214,0
10074,2274,2441,0
10075,2274,2281,0
10076,3229,3155,0
10077,3229,3111,0
10078,3029,3111,0
10079,3029,3155,0
10080,3029,3229,0
10081,3111,3155,0
10082,2064,2042,0
10083,2064,2011,0
10084,2000,2011,0
10085,2000,2042,0
10086,2000,2064,0
10087,2011,2042,0
10088,2200,6620,0
10089,2200,2281,0
10090,2274,6620,0
10091,2274,2200,0
10092,2281,6620,0
10093,1794,1859,0
10094,1981,1794,0
10095,6629,2506,0
10096,6629,6637,0
10097,2754,6637,0
10098,2754,2506,0
10099,2754,6629,0
10100,6637,2506,0
10101,2216,2476,0
10102,2216,2307,0
10103,2424,2307,0
10104,2424,2216,0
10105,2307,2476,0
10106,3436,3577,0
10107,3436,3426,0
10108,3327,3577,0
10109,3327,3436,0
10110,3426,3577,0
10111,6658,4292,0
10112,6658,4144,0
10113,4146,4292,0
10114,4146,6658,0
10115,4144,4292,0
10116,3555,3533,0
10117,3555,3652,0
10118,3663,3555,0
10119,3575,3064,0
10120,2923,3064,0
10121,2923,3059,0
10122,2923,3575,0
10123,3064,3059,0
10124,285,4,0
10125,6524,4,0
10126,6546,4,0
10127,3804,6658,0
10128,3804,4144,0
10129,1976,1882,0
10130,1976,1768,0
10131,1786,1768,0
10132,1786,1882,0
10133,1786,1976,0
10134,3024,2884,0
10135,3024,2832,0
10136,2814,2832,0
10137,2814,2884,0
10138,2814,3024,0
10139,2832,2884,0
10140,808,759,0
10141,808,771,0
10142,858,771,0
10143,858,759,0
10144,858,808,0
10145,771,759,0
10146,1504,1716,0
10147,1504,1664,0
10148,1549,1664,0
10149,1549,1716,0
10150,1549,1504,0
10151,6611,2466,0
10152,6611,2332,0
10153,2320,2332,0
10154,2320,2466,0
10155,2320,6611,0
10156,2332,2466,0
10157,2491,2494,0
10158,2491,2677,0
10159,2503,2677,0
10160,2503,2494,0
10161,2503,2491,0
10162,2677,2494,0
10163,2274,2361,0
10164,2274,2518,0
10165,2540,2518,0
10166,2540,2361,0
10167,1711,1554,0
10168,1711,6610,0
10169,2835,6610,0
10170,2835,1554,0
10171,2835,1711,0
10172,6610,1554,0
10173,2827,2831,0
10174,2288,6624,0
10175,2288,6623,0
10176,2043,6624,0
10177,2043,2288,0
10178,6623,6624,0
10179,2225,2327,0
10180,2225,2389,0
10181,2285,2389,0
10182,2285,2327,0
10183,2285,2225,0
10184,2691,2519,0
10185,2767,2592,0
10186,2767,2691,0
10187,3650,3595,0
10188,3650,6649,0
10189,3805,3650,0
10190,6649,3595,0
10191,3260,3351,0
10192,3242,3154,0
10193,3242,3351,0
10194,3242,3260,0
10195,3154,3351,0
10196,2571,2426,0
10197,2571,2249,0
10198,2283,2249,0
10199,2283,2426,0
10200,2283,2571,0
10201,2249,2426,0
10202,821,991,0
10203,821,663,0
10204,761,663,0
10205,761,991,0
10206,761,821,0
10207,663,991,0
10208,1771,1809,0
10209,2431,2507,0
10210,2431,2601,0
10211,3116,3111,0
10212,3116,3062,0
10213,3132,3062,0
10214,3132,3111,0
10215,3132,3116,0
10216,3062,3111,0
10217,3035,2956,0
10218,2862,2956,0
10219,2956,3086,0
10220,3307,3491,0
10221,3307,3201,0
10222,3167,3201,0
10223,3167,3491,0
10224,3167,3307,0
10225,3201,3491,0
10226,2375,2450,0
10227,2503,2450,0
10228,2503,2543,0
10229,2503,2375,0
10230,2450,2543,0
10231,6640,3315,0
10232,6640,3324,0
10233,3275,3315,0
10234,3275,6640,0
10235,3324,3315,0
10236,2995,3034,0
10237,2995,2790,0
10238,2995,3003,0
10239,3839,3951,0
10240,3870,3964,0
10241,3870,3951,0
10242,3870,3839,0
10243,3964,3951,0
10244,3388,3676,0
10245,3274,3205,0
10246,3274,3388,0
10247,3676,3205,0
10248,3253,3097,0
10249,3372,3248,0
10250,3372,3097,0
10251,3372,3253,0
10252,3326,3233,0
10253,3326,3470,0
10254,3500,3470,0
10255,3500,3233,0
10256,3500,3326,0
10257,3470,3233,0
10258,3098,3133,0
10259,3098,3383,0
10260,3100,3383,0
10261,3100,3133,0
10262,3100,3098,0
10263,3383,3133,0
10264,3892,3863,0
10265,3892,3971,0
10266,3955,3892,0
10267,2999,3133,0
10268,2999,3100,0
10269,3167,3100,0
10270,3167,3133,0
10271,3167,2999,0
10272,3386,3516,0
10273,3262,3440,0
10274,3570,3473,0
10275,3570,3262,0
10276,3440,3473,0
10277,3513,3173,0
10278,3513,3326,0
10279,3500,3173,0
10280,3500,3513,0
10281,3326,3173,0
10282,2772,3034,0
10283,2772,2946,0
10284,2772,6639,0
10285,3034,2946,0
10286,2020,2152,0
10287,2020,1891,0
10288,1847,1891,0
10289,1847,2152,0
10290,1847,2020,0
10291,1891,2152,0
10292,1817,1833,0
10293,1817,1981,0
10294,1794,1833,0
10295,1794,1817,0
10296,1981,1833,0
10297,5986,6042,0
10298,5986,6025,0
10299,6014,6025,0
10300,6014,6042,0
10301,6014,5986,0
10302,6025,6042,0
10303,2172,6630,0
10304,2172,2791,0
10305,6632,2791,0
10306,6632,6630,0
10307,6632,2172,0
10308,629,824,0
10309,629,729,0
10310,685,729,0
10311,685,824,0
10312,685,629,0
10313,729,824,0
10314,946,1083,0
10315,946,1175,0
10316,1323,1175,0
10317,1323,1083,0
10318,1323,946,0
10319,1175,1083,0
10320,1976,6611,0
10321,1859,1972,0
10322,1859,6611,0
10323,1859,1976,0
10324,1972,6611,0
10325,3375,3137,0
10326,3375,6645,0
10327,3174,6645,0
10328,3174,3137,0
10329,3174,3375,0
10330,6645,3137,0
10331,1611,1779,0
10332,1611,1771,0
10333,1769,1771,0
10334,1769,1779,0
10335,1771,1779,0
10336,2732,2873,0
10337,2732,3058,0
10338,2676,3058,0
10339,2676,2873,0
10340,2676,2732,0
10341,268,134,0
10342,268,317,0
10343,2674,6637,0
10344,2674,2457,0
10345,2754,2457,0
10346,2754,2674,0
10347,2457,6637,0
10348,1367,1314,0
10349,1367,1283,0
10350,1235,1283,0
10351,1235,1314,0
10352,1235,1367,0
10353,1283,1314,0
10354,1737,1960,0
10355,1898,1960,0
10356,1960,6597,0
10357,1840,1829,0
10358,1840,1904,0
10359,2011,1829,0
10360,2011,1840,0
10361,1904,1829,0
10362,6514,44,0
10363,6514,6306,0
10364,6270,6306,0
10365,6270,44,0
10366,6270,6514,0
10367,6306,44,0
10368,1787,1776,0
10369,2478,2448,0
10370,2433,2454,0
10371,2433,2448,0
10372,2433,2478,0
10373,2454,2448,0
10374,2491,2349,0
10375,2491,2533,0
10376,2494,2533,0
10377,2494,2349,0
10378,2533,2349,0
10379,2125,2100,0
10380,3072,3323,0
10381,3072,3363,0
10382,3292,3363,0
10383,3292,3323,0
10384,3363,3323,0
10385,2633,2679,0
10386,2633,2718,0
10387,2614,2718,0
10388,2614,2679,0
10389,2614,2633,0
10390,2718,2679,0
10391,2661,2365,0
10392,2657,2282,0
10393,2657,2661,0
10394,2365,2282,0
10395,1858,1918,0
10396,1858,1727,0
10397,1888,1727,0
10398,1888,1858,0
10399,1727,1918,0
10400,2886,2924,0
10401,2886,2823,0
10402,2851,2823,0
10403,2851,2924,0
10404,2851,2886,0
10405,2823,2924,0
10406,3223,3149,0
10407,3223,3521,0
10408,3101,3521,0
10409,3101,3149,0
10410,3101,3223,0
10411,3521,3149,0
10412,1315,1367,0
10413,1315,1235,0
10414,1314,1315,0
10415,212,194,0
10416,212,346,0
10417,203,346,0
10418,203,194,0
10419,203,212,0
10420,346,194,0
10421,1065,1258,0
10422,1065,1221,0
10423,1132,1221,0
10424,1221,1258,0
10425,6238,6274,0
10426,6238,6141,0
10427,6395,6141,0
10428,6395,6274,0
10429,6395,6238,0
10430,6141,6274,0
10431,1040,1349,0
10432,6581,1349,0
10433,6581,1176,0
10434,6581,1040,0
10435,1349,1176,0
10436,1859,1768,0
10437,2056,2131,0
10438,2056,2178,0
10439,2106,2178,0
10440,2106,2131,0
10441,2106,2056,0
10442,2178,2131,0
10443,5868,6706,0
10444,5868,5605,0
10445,5867,5605,0
10446,5867,6706,0
10447,5867,5868,0
10448,5605,6706,0
10449,1421,1762,0
10450,1726,1762,0
10451,1762,1732,0
10452,6184,4978,0
10453,6184,6708,0
10454,4739,6708,0
10455,4739,4978,0
10456,4739,6184,0
10457,6708,4978,0
10458,4121,4222,0
10459,4121,4104,0
10460,3878,4104,0
10461,3878,4222,0
10462,3878,4121,0
10463,4104,4222,0
10464,2130,2318,0
10465,2130,6616,0
10466,2033,6616,0
10467,2033,2318,0
10468,2033,2130,0
10469,6616,2318,0
10470,4599,4758,0
10471,4599,4687,0
10472,4493,4687,0
10473,4493,4758,0
10474,4493,4599,0
10475,4687,4758,0
10476,3575,3505,0
10477,3708,3216,0
10478,3708,3505,0
10479,3708,3575,0
10480,3216,3505,0
10481,2499,2699,0
10482,2499,2588,0
10483,2562,2699,0
10484,2562,2499,0
10485,2588,2699,0
10486,1745,1742,0
10487,1745,1680,0
10488,1775,1680,0
10489,1775,1742,0
10490,1775,1745,0
10491,1680,1742,0
10492,6631,2623,0
10493,6631,2753,0
10494,2790,2753,0
10495,2790,2623,0
10496,2790,6631,0
10497,2753,2623,0
10498,1509,1575,0
10499,1509,1638,0
10500,1508,1638,0
10501,1508,1575,0
10502,1508,1509,0
10503,1638,1575,0
10504,2078,1817,0
10505,1882,1817,0
10506,1817,2139,0
10507,4967,6224,0
10508,2647,4407,0
10509,2647,6224,0
10510,2647,4967,0
10511,4407,6224,0
10512,2395,2301,0
10513,2395,2134,0
10514,2259,2301,0
10515,2259,2395,0
10516,2134,2301,0
10517,1123,1152,0
10518,1123,645,0
10519,1557,1152,0
10520,1557,1123,0
10521,645,1152,0
10522,2047,1837,0
10523,1779,2071,0
10524,1779,1837,0
10525,1779,2047,0
10526,2071,1837,0
10527,1177,1115,0
10528,1177,1192,0
10529,1214,1192,0
10530,1214,1115,0
10531,1214,1177,0
10532,1192,1115,0
10533,2128,1925,0
10534,2001,1925,0
10535,2001,2057,0
10536,2001,2128,0
10537,1925,2057,0
10538,784,591,0
10539,784,830,0
10540,789,830,0
10541,789,591,0
10542,789,784,0
10543,830,591,0
10544,4479,4207,0
10545,4479,4739,0
10546,4479,4978,0
10547,4207,4739,0
10548,5525,5792,0
10549,5525,5594,0
10550,1179,1231,0
10551,1179,1244,0
10552,1274,1179,0
10553,1244,1231,0
10554,2753,2743,0
10555,2743,2790,0
10556,2678,2653,0
10557,2678,2596,0
10558,2593,2678,0
10559,3193,3208,0
10560,2741,2842,0
10561,2724,2837,0
10562,2724,2741,0
10563,2842,2837,0
10564,1878,1845,0
10565,2205,2149,0
10566,2220,2149,0
10567,2220,2278,0
10568,2220,2205,0
10569,2149,2278,0
10570,2302,2817,0
10571,2302,2567,0
10572,2567,2817,0
10573,1693,1678,0
10574,1693,1573,0
10575,1581,1573,1
10576,1581,1678,0
10577,1581,1693,1
10578,1573,1678,0
10579,2496,2777,1
10580,2496,2780,0
10581,2547,2777,0
10582,1383,1302,1
10583,1383,1293,0
10584,1482,1293,0
10585,1482,1302,1
10586,1482,1383,1
10587,1293,1302,0
10588,2701,2968,0
10589,2701,2871,0
10590,2771,2968,0
10591,2871,2968,0
10592,1783,1625,0
10593,1783,6595,0
10594,1783,1805,0
10595,1783,1817,0
10596,1783,1882,0
10597,1794,1783,0
10598,4306,4533,0
10599,4306,4598,0
10600,4522,4306,0
10601,2675,2710,0
10602,2675,2474,1
10603,2939,2474,1
10604,2939,2710,1
10605,2939,2675,1
10606,2474,2710,1
10607,1922,1876,0
10608,1922,1933,0
10609,1986,1933,0
10610,1986,1876,0
10611,1986,1922,0
10612,1933,1876,0
10613,2244,2302,0
10614,2244,2193,0
10615,2341,2193,0
10616,2341,2302,0
10617,2341,2244,0
10618,2193,2302,0
10619,2169,2197,0
10620,2174,2419,0
10621,2174,2169,0
10622,2215,1941,0
10623,2215,1899,0
10624,3240,3125,0
10625,3240,3284,0
10626,3204,3284,0
10627,3204,3125,0
10628,3204,3240,0
10629,3284,3125,0
10630,2392,2542,0
10631,2453,2542,0
10632,3065,2777,0
10633,3065,2795,0
10634,2836,2777,0
10635,2836,3065,0
10636,2795,2777,0
10637,1452,1441,0
10638,1452,1410,0
10639,1511,1410,0
10640,1511,1441,0
10641,1511,1452,0
10642,1410,1441,0
10643,409,306,0
10644,409,526,0
10645,446,306,0
10646,446,409,0
10647,526,306,0
10648,2723,2854,0
10649,2723,2870,0
10650,2860,2854,0
10651,2860,2723,0
10652,2870,2854,0
10653,1329,1384,1
10654,1410,1384,0
10655,1410,1329,0
10656,1384,1452,0
10657,2691,2758,0
10658,2023,2134,0
10659,2156,2134,0
10660,1995,2168,0
10661,1995,2120,0
10662,2159,2120,0
10663,2159,2168,0
10664,2120,2168,0
10665,1572,1641,0
10666,1621,1641,0
10667,1641,1730,0
10668,2179,2211,0
10669,2179,2259,0
10670,2179,2366,0
10671,2446,2475,0
10672,2446,2562,0
10673,2475,2562,0
10674,2206,2180,0
10675,2206,2356,0
10676,2262,2180,0
10677,2262,2206,0
10678,2356,2180,0
10679,2058,2021,0
10680,2058,2112,0
10681,2232,2112,0
10682,2232,2021,0
10683,2112,2021,0
10684,1043,1073,0
10685,1043,1242,0
10686,1126,1073,0
10687,1126,1043,0
10688,1242,1073,0
10689,1510,1286,0
10690,1510,1929,0
10691,2252,1929,0
10692,2252,1286,0
10693,2252,1510,0
10694,1929,1286,0
10695,1879,1923,0
10696,1923,1954,0
10697,1335,1622,0
10698,2233,2225,0
10699,2233,2157,0
10700,2327,2157,0
10701,2157,2225,0
10702,1767,1709,0
10703,1740,1649,0
10704,1740,1709,0
10705,1740,1767,0
10706,1649,1709,0
10707,1873,1627,0
10708,1873,1863,0
10709,1796,1863,0
10710,1796,1627,0
10711,1796,1873,0
10712,1863,1627,0
10713,2234,2098,0
10714,2234,2480,0
10715,2090,2480,0
10716,2090,2098,0
10717,2090,2234,0
10718,2480,2098,0
10719,2344,2334,0
10720,2344,2475,0
10721,2340,2475,0
10722,2340,2334,0
10723,2340,2344,0
10724,2475,2334,0
10725,1840,1683,0
10726,1566,1683,0
10727,1566,1829,0
10728,1566,1840,0
10729,1683,1829,0
10730,2691,2711,0
10731,6535,180,0
10732,6535,141,0
10733,1710,1829,0
10734,1710,1600,0
10735,1683,1600,0
10736,1683,1710,0
10737,1600,1829,0
10738,1977,1877,0
10739,1977,1997,0
10740,1968,1997,0
10741,1968,1877,0
10742,1968,1977,0
10743,1997,1877,0
10744,2079,2179,0
10745,2079,2023,0
10746,2148,2023,0
10747,2148,2179,0
10748,2156,2148,0
10749,2632,2672,0
10750,2602,2672,0
10751,2299,2148,0
10752,2299,2331,0
10753,2211,2331,0
10754,2211,2299,0
10755,1922,1800,0
10756,1922,1892,0
10757,1968,1892,0
10758,1968,1800,0
10759,1968,1922,0
10760,1892,1800,0
10761,675,444,0
10762,589,444,0
10763,444,563,0
10764,1805,1874,0
10765,1805,6594,0
10766,1783,6594,0
10767,1783,1874,0
10768,6594,1874,0
10769,2589,2535,0
10770,2589,2485,0
10771,2725,2485,0
10772,2725,2535,0
10773,2485,2535,0
10774,2694,2314,0
10775,2694,2383,0
10776,2694,2359,0
10777,2314,2383,0
10778,3473,3254,0
10779,2344,2290,0
10780,2336,2290,0
10781,2336,2334,0
10782,2336,2344,0
10783,2290,2334,0
10784,1575,1513,0
10785,1502,1513,0
10786,1670,1513,0
10787,1901,1860,0
10788,1807,1860,0
10789,1860,2014,0
10790,6573,1421,0
10791,6573,6581,0
10792,6579,6581,0
10793,2723,2685,0
10794,2723,2524,0
10795,2897,2524,0
10796,2897,2685,0
10797,2897,2723,0
10798,2524,2685,0
10799,3303,3378,0
10800,3303,3420,0
10801,3208,3420,0
10802,3208,3378,0
10803,3208,3303,0
10804,3420,3378,0
10805,1693,1638,0
10806,1693,1755,0
10807,1678,1755,0
10808,1678,1638,0
10809,1755,1638,0
10810,1547,1470,0
10811,1547,1580,0
10812,1547,1572,0
10813,1470,1580,0
10814,2693,2475,0
10815,2659,2475,0
10816,2659,2644,0
10817,2659,2693,0
10818,2475,2644,0
10819,1953,2088,0
10820,2070,2088,0
10821,2070,2025,0
10822,2070,1953,0
10823,2088,2025,0
10824,2191,2282,0
10825,2191,1891,0
10826,2365,1891,0
10827,2365,2191,0
10828,1891,2282,0
10829,914,926,0
10830,914,1132,0
10831,1065,926,0
10832,1065,914,0
10833,1132,926,0
10834,1876,1800,0
10835,1876,1865,0
10836,1821,1865,0
10837,1821,1800,0
10838,1821,1876,0
10839,1865,1800,0
10840,1168,1093,0
10841,1168,1026,0
10842,912,1026,0
10843,912,1093,0
10844,912,1168,0
10845,1026,1093,0
10846,1222,1246,0
10847,1222,1112,0
10848,1116,1112,0
10849,1116,1246,0
10850,1116,1222,0
10851,1112,1246,0
10852,1661,1785,0
10853,1661,1636,0
10854,1621,1636,0
10855,1621,1785,0
10856,1621,1661,0
10857,1636,1785,0
10858,2499,2359,0
10859,2389,2613,0
10860,2389,2359,0
10861,2389,2499,0
10862,2613,2359,0
10863,2293,2166,0
10864,2177,2293,0
10865,2335,2328,0
10866,2335,2175,0
10867,2259,2175,0
10868,2259,2328,0
10869,2259,2335,0
10870,2175,2328,0
10871,2656,2675,0
10872,2656,2795,0
10873,2710,2795,0
10874,2710,2656,0
10875,2795,2675,0
10876,2031,2094,0
10877,2031,1952,0
10878,2068,1952,0
10879,2068,2094,0
10880,2068,2031,0
10881,1952,2094,0
10882,1746,6224,0
10883,1746,2647,0
10884,6201,2647,0
10885,6201,1746,0
10886,1647,1703,0
10887,1597,1691,0
10888,1597,1703,0
10889,1691,1703,0
10890,6477,6521,0
10891,6477,6490,0
10892,89,6521,0
10893,89,6477,0
10894,6490,6521,0
10895,3061,2840,0
10896,3061,3033,0
10897,2989,2840,0
10898,2989,3061,0
10899,1814,1948,0
10900,1948,1812,0
10901,1575,1609,0
10902,1755,1609,0
10903,1755,1575,0
10904,1609,1638,0
10905,1858,1705,0
10906,1858,1902,0
10907,1888,1902,0
10908,1888,1705,0
10909,1902,1705,0
10910,1689,1779,0
10911,1569,1415,0
10912,1569,1623,0
10913,1600,1623,0
10914,1600,1415,0
10915,1600,1569,0
10916,1623,1415,0
10917,1530,1434,0
10918,1530,1624,0
10919,1633,1434,0
10920,1633,1530,0
10921,1624,1434,0
10922,248,612,0
10923,248,491,0
10924,363,491,0
10925,363,612,0
10926,363,248,0
10927,658,631,0
10928,658,704,0
10929,682,704,0
10930,682,631,0
10931,682,658,0
10932,704,631,0
10933,6192,6361,0
10934,6192,6236,0
10935,6015,6236,0
10936,6015,6361,0
10937,6015,6192,0
10938,6236,6361,0
10939,1461,1607,0
10940,1461,358,0
10941,638,358,0
10942,638,1607,0
10943,638,1461,0
10944,358,1607,0
10945,3192,2929,0
10946,2058,1959,0
10947,1875,1959,0
10948,1875,2021,0
10949,1875,2058,0
10950,1959,2021,0
10951,1137,1244,0
10952,1137,992,0
10953,1216,992,0
10954,1216,1244,0
10955,992,1244,0
10956,2037,1969,0
10957,2037,1954,0
10958,1923,1969,0
10959,1923,2037,0
10960,1954,1969,0
10961,1741,1758,0
10962,1741,1622,0
10963,1637,1622,0
10964,1637,1758,0
10965,1622,1758,0
10966,1704,1619,0
10967,1725,1619,0
10968,1717,1619,0
10969,1548,1432,0
10970,1548,1578,0
10971,1476,1548,0
10972,2683,2535,0
10973,2683,2552,0
10974,2706,2535,0
10975,2706,2683,0
10976,2658,2377,0
10977,2658,2664,0
10978,2578,2664,0
10979,2578,2377,0
10980,2578,2658,0
10981,2664,2377,0
10982,4047,4006,0
10983,4047,3847,0
10984,4070,3847,0
10985,4070,4006,0
10986,4070,4047,0
10987,3847,4006,0
10988,2092,2327,0
10989,1563,1574,0
10990,1563,1618,0
10991,1488,1618,0
10992,1488,1574,0
10993,1488,1563,0
10994,1618,1574,0
10995,2335,2184,0
10996,2335,2345,0
10997,2204,2335,0
10998,2345,2184,0
10999,2632,2809,0
11000,2622,2809,1
11001,2622,2632,0
11002,2654,2809,0
11003,2296,2421,0
11004,2380,2421,0
11005,2421,2522,0
11006,2275,2218,0
11007,2187,2218,0
11008,2187,2265,0
11009,2187,2275,0
11010,2526,2366,0
11011,2526,2331,0
11012,2509,2526,0
11013,6137,6314,0
11014,6137,6306,0
11015,6706,6306,0
11016,6706,6314,0
11017,6706,6137,0
11018,6306,6314,0
11019,2562,2725,0
11020,2704,2725,0
11021,2704,2589,0
11022,2704,2562,0
11023,1886,1892,0
11024,1807,2003,0
11025,1807,1892,0
11026,2003,1892,0
11027,2710,2652,0
11028,2710,2513,1
11029,2712,2513,0
11030,2712,2652,0
11031,2712,2710,0
11032,2513,2652,0
11033,2710,2830,0
11034,2957,2830,0
11035,2957,2939,1
11036,2957,2710,1
11037,2830,2939,0
11038,2706,2725,0
11039,2706,2764,0
11040,2613,2764,0
11041,2613,2725,0
11042,2613,2706,0
11043,3358,3217,0
11044,3358,3434,0
11045,3285,3358,0
11046,3434,3217,0
11047,4047,3894,0
11048,4062,4006,0
11049,4062,3894,0
11050,4062,4047,0
11051,4006,3894,0
11052,5230,4938,0
11053,5230,5110,0
11054,5074,5110,0
11055,5074,4938,0
11056,5074,5230,0
11057,5110,4938,0
11058,215,122,0
11059,215,6256,0
11060,297,6256,0
11061,297,122,0
11062,297,215,0
11063,6256,122,0
11064,2294,2292,0
11065,2294,2414,0
11066,2270,2292,0
11067,2270,2294,0
11068,2414,2292,0
11069,1589,1729,0
11070,1589,1663,0
11071,1622,1663,0
11072,1622,1729,0
11073,1622,1589,0
11074,1663,1729,0
11075,507,295,0
11076,507,187,0
11077,195,187,0
11078,195,507,0
11079,187,295,0
11080,2119,2173,0
11081,2192,2415,0
11082,2192,2173,0
11083,2192,2119,0
11084,2415,2173,0
11085,2783,2613,0
11086,2642,2613,0
11087,2341,2294,0
11088,5309,5735,0
11089,5309,5730,0
11090,6064,5730,0
11091,6064,5309,0
11092,5730,5735,0
11093,4938,4847,0
11094,4938,4614,0
11095,5020,4614,0
11096,5020,4847,0
11097,5020,4938,0
11098,4614,4847,0
11099,2524,2210,1
11100,2524,2404,0
11101,2279,2524,1
11102,2496,2429,0
11103,2496,2435,1
11104,2435,2429,0
11105,2456,2642,0
11106,2642,2388,0
11107,2961,2801,0
11108,2880,2897,0
11109,2880,2961,0
11110,2897,2801,0
11111,1455,1513,0
11112,1484,1513,0
11113,1484,1521,0
11114,1513,1521,0
11115,809,702,0
11116,809,762,0
11117,850,809,0
11118,449,529,0
11119,449,708,0
11120,509,708,0
11121,509,529,0
11122,509,449,0
11123,1873,2039,0
11124,1873,2055,0
11125,2224,2055,0
11126,2224,2039,0
11127,2224,1873,0
11128,2055,2039,0
11129,2843,2690,0
11130,2592,2820,0
11131,2592,2843,0
11132,2690,2820,0
11133,1824,1821,0
11134,1824,1834,0
11135,1844,1834,0
11136,1844,1821,0
11137,1834,1821,0
11138,1867,1824,0
11139,1867,1844,0
11140,1901,1844,0
11141,1901,1824,0
11142,1901,1867,0
11143,1758,1964,0
11144,1758,1973,0
11145,1630,1973,0
11146,1630,1964,0
11147,1630,1758,0
11148,1973,1964,0
11149,782,725,0
11150,782,6050,0
11151,633,6050,0
11152,633,725,0
11153,633,782,0
11154,6050,725,0
11155,5536,5474,0
11156,5536,5482,0
11157,5488,5482,0
11158,5488,5474,0
11159,5488,5536,0
11160,5482,5474,0
11161,3149,2733,0
11162,3149,2869,0
11163,2868,2869,0
11164,2868,2733,0
11165,2868,3149,0
11166,2869,2733,0
11167,1964,2128,0
11168,1910,2128,0
11169,1910,1973,0
11170,1910,1964,0
11171,2128,1973,0
11172,645,6224,0
11173,645,6226,0
11174,6050,6226,0
11175,6050,6224,0
11176,6050,645,0
11177,6226,6224,0
11178,2302,2270,0
11179,2567,2270,0
11180,5875,6053,0
11181,5875,5833,0
11182,6047,5833,0
11183,6047,6053,0
11184,6047,5875,0
11185,5833,6053,0
11186,452,351,0
11187,452,244,0
11188,454,244,0
11189,454,351,0
11190,454,452,0
11191,244,351,0
11192,2659,2789,0
11193,2789,2724,0
11194,2225,2359,0
11195,2073,2359,0
11196,2073,2285,0
11197,2073,2225,0
11198,2359,2285,0
11199,3104,3099,0
11200,3104,3052,0
11201,2941,3052,0
11202,2941,3099,0
11203,2941,3104,0
11204,3052,3099,0
11205,2806,2679,0
11206,2806,2718,0
11207,2662,2806,0
11208,2912,2902,0
11209,2857,2912,0
11210,2902,2795,0
11211,1582,1637,0
11212,1582,1740,0
11213,1759,1582,0
11214,2294,2203,0
11215,2294,2169,0
11216,2058,2169,0
11217,2058,2203,0
11218,2058,2294,0
11219,2169,2203,0
11220,2783,2664,0
11221,2642,2664,0
11222,2501,2567,0
11223,2783,2725,0
11224,2694,2725,0
11225,4282,3873,0
11226,4282,4058,0
11227,3953,4058,0
11228,3953,3873,0
11229,3953,4282,0
11230,4058,3873,0
11231,2501,2635,0
11232,2501,2488,0
11233,2660,2488,0
11234,2660,2501,0
11235,2488,2635,0
11236,2941,2694,0
11237,2941,2783,0
11238,2870,2973,0
11239,2973,2875,0
11240,1650,1895,0
11241,1650,2132,0
11242,1742,2132,0
11243,1742,1895,0
11244,1742,1650,0
11245,2132,1895,0
11246,3110,2913,0
11247,3110,2911,0
11248,3154,2913,0
11249,2911,2913,0
11250,1406,1436,0
11251,1406,1417,0
11252,1353,1417,0
11253,1353,1436,0
11254,1353,1406,0
11255,1417,1436,0
11256,2449,2245,0
11257,2449,2578,0
11258,1999,2578,0
11259,1999,2449,0
11260,2578,2245,0
11261,2515,2562,0
11262,2515,2442,0
11263,2515,2327,0
11264,2799,2781,0
11265,2799,2880,0
11266,2897,2781,0
11267,2897,2799,0
11268,2061,2073,0
11269,2061,2171,0
11270,2014,2171,0
11271,2014,2073,0
11272,2171,2073,0
11273,3542,3759,0
11274,3542,3411,0
11275,3617,3411,0
11276,3617,3759,0
11277,3411,3759,0
11278,3667,3893,0
11279,3667,3679,0
11280,3797,3667,0
11281,3679,3893,0
11282,4324,4732,0
11283,4324,4505,0
11284,4570,4505,0
11285,4570,4324,0
11286,4505,4732,0
11287,2344,2330,0
11288,2474,2340,0
11289,2474,2344,0
11290,2340,2330,0
11291,2225,2122,0
11292,2122,2359,0
11293,3114,3328,0
11294,3114,3349,0
11295,3108,3328,0
11296,3108,3114,0
11297,3349,3328,1
11298,2085,2111,0
11299,2085,2310,1
11300,2264,2111,0
11301,2310,2111,0
11302,2552,2613,0
11303,2552,2669,0
11304,2415,2669,0
11305,2415,2613,0
11306,2415,2552,0
11307,2669,2613,0
11308,3007,3154,0
11309,3007,2911,0
11310,3007,2913,1
11311,2210,2224,1
11312,1909,2224,1
11313,1909,2279,0
11314,2224,2279,1
11315,3907,3731,0
11316,3907,3909,0
11317,3921,3731,0
11318,3921,3907,0
11319,3909,3731,0
11320,2425,2529,0
11321,2467,2529,0
11322,1867,1925,0
11323,2805,2660,0
11324,2805,2578,0
11325,2664,2805,0
11326,2578,2660,0
11327,3339,3371,0
11328,3339,3554,0
11329,3464,3554,0
11330,3464,3371,0
11331,3464,3339,0
11332,3554,3371,0
11333,2805,2931,0
11334,2805,2594,0
11335,2887,2594,0
11336,2887,2931,0
11337,2887,2805,0
11338,2594,2931,0
11339,3749,3560,0
11340,3493,3666,0
11341,3493,3560,0
11342,3493,3749,0
11343,3666,3560,0
11344,3425,3483,0
11345,3425,3538,0
11346,3490,3538,0
11347,3490,3483,0
11348,3490,3425,0
11349,3444,3405,0
11350,3444,3373,0
11351,3494,3373,0
11352,3494,3405,0
11353,3494,3444,0
11354,3191,3093,0
11355,3191,3094,0
11356,3199,3094,0
11357,3199,3093,0
11358,3199,3191,0
11359,3094,3093,0
11360,3042,3068,0
11361,3148,3042,0
11362,4576,4226,0
11363,4576,4074,0
11364,3953,4074,0
11365,3953,4226,0
11366,3953,4576,0
11367,2463,2245,0
11368,2463,2104,0
11369,2578,2104,0
11370,2578,2463,0
11371,1973,2119,0
11372,2096,2119,0
11373,1982,2119,0
11374,2338,2415,0
11375,2147,2415,0
11376,2415,2383,0
11377,2228,1895,0
11378,1910,1895,0
11379,1910,2061,0
11380,1910,2228,0
11381,1895,2061,0
11382,1925,1910,0
11383,1910,2057,0
11384,3393,3322,0
11385,3195,3283,0
11386,3195,3395,0
11387,3079,3395,0
11388,3079,3283,0
11389,3079,3195,0
11390,3395,3283,0
11391,3950,4169,0
11392,3041,3140,0
11393,3041,3130,0
11394,3026,3130,0
11395,3026,3041,0
11396,3130,3140,0
11397,4335,4219,0
11398,4312,4219,1
11399,4312,4354,1
11400,4312,4335,0
11401,4318,4280,0
11402,4318,4417,0
11403,4227,4417,0
11404,4227,4280,0
11405,4227,4318,0
11406,3006,2824,0
11407,3006,3046,0
11408,3098,3046,0
11409,3098,2824,0
11410,3098,3006,0
11411,3046,2824,0
11412,4469,4441,0
11413,2601,2494,0
11414,2677,2450,0
11415,2677,2601,0
11416,2450,2494,0
11417,2692,2926,0
11418,2887,2926,0
11419,2887,2945,0
11420,2887,2692,0
11421,2926,2945,0
11422,4248,4384,0
11423,4248,4247,0
11424,4197,4247,0
11425,4197,4384,0
11426,4197,4248,0
11427,4247,4384,0
11428,2133,2079,0
11429,2133,2156,0
11430,1997,2156,0
11431,1997,2079,0
11432,1997,2133,0
11433,3573,3638,0
11434,3573,3351,0
11435,3713,3351,0
11436,3713,3638,1
11437,3713,3573,0
11438,3351,3638,0
11439,2133,2103,0
11440,2134,2103,0
11441,2134,2355,0
11442,2134,2133,0
11443,2103,2355,0
11444,2523,2519,0
11445,3440,3534,0
11446,3534,3342,0
11447,3550,3179,0
11448,3550,3400,0
11449,3281,3400,0
11450,3281,3179,0
11451,3281,3550,0
11452,3400,3179,0
11453,2233,2195,0
11454,2068,2157,0
11455,2068,2195,0
11456,2068,2233,0
11457,2157,2195,0
11458,3655,3674,0
11459,3655,3495,0
11460,3514,3495,0
11461,3514,3674,0
11462,3514,3655,0
11463,3495,3674,0
11464,4651,4542,0
11465,4651,4648,0
11466,4651,4575,0
11467,3165,3205,0
11468,3034,3205,0
11469,4465,4542,0
11470,4465,4575,0
11471,4465,4554,0
11472,3798,3886,0
11473,4067,4043,0
11474,4623,4794,0
11475,4623,4811,0
11476,4762,4811,0
11477,4762,4794,0
11478,4762,4623,0
11479,4811,4794,0
11480,3666,3723,0
11481,3666,3788,0
11482,4163,4205,0
11483,2757,2823,0
11484,2518,2823,0
11485,2823,2643,0
11486,3818,3766,0
11487,3818,3866,0
11488,3579,3866,0
11489,3579,3818,0
11490,3866,3766,0
11491,1589,1759,0
11492,1589,1709,0
11493,1729,1709,0
11494,1729,1759,0
11495,1709,1759,0
11496,3311,3099,0
11497,3311,3293,0
11498,3052,3293,0
11499,3052,3311,0
11500,3293,3099,0
11501,2691,2722,0
11502,2825,2722,0
11503,2825,2691,0
11504,2636,2722,0
11505,4457,4386,0
11506,4457,4510,0
11507,4208,4510,0
11508,4208,4386,0
11509,4510,4386,0
11510,4155,3982,0
11511,4051,3982,0
11512,3982,4158,0
11513,2417,2479,0
11514,2417,2615,0
11515,2533,2615,0
11516,2533,2417,0
11517,2615,2479,0
11518,3749,3696,0
11519,3563,3560,0
11520,3563,3696,0
11521,3563,3749,0
11522,3560,3696,0
11523,595,618,0
11524,595,670,0
11525,437,670,0
11526,437,618,1
11527,437,595,0
11528,670,618,0
11529,2805,2449,0
11530,3033,2578,0
11531,3033,2449,0
11532,4674,4596,0
11533,4674,4763,0
11534,4569,4763,0
11535,4569,4596,0
11536,4569,4674,0
11537,4763,4596,0
11538,3844,3707,0
11539,2762,2555,0
11540,4537,4792,0
11541,4757,4537,0
11542,3675,3654,0
11543,3675,3973,0
11544,3851,3973,0
11545,3851,3675,0
11546,3973,3654,0
11547,4683,4775,0
11548,4894,4775,0
11549,4894,4683,0
11550,4775,4429,0
11551,2776,2933,0
11552,2855,2776,0
11553,4518,4655,0
11554,4518,4581,0
11555,4443,4581,0
11556,4443,4655,0
11557,4443,4518,0
11558,4581,4655,0
11559,3731,3685,0
11560,3731,3768,0
11561,3735,3768,0
11562,3735,3685,0
11563,3735,3731,0
11564,3768,3685,0
11565,3659,3534,0
11566,3659,3655,0
11567,3828,3659,0
11568,4112,3881,0
11569,4027,4158,0
11570,4027,3881,0
11571,4027,4112,0
11572,4158,3881,0
11573,6227,6045,0
11574,6304,6045,0
11575,6304,6090,0
11576,6304,6227,0
11577,6045,6090,0
11578,3839,4195,0
11579,3870,4195,0
11580,4195,3964,0
11581,3839,4156,0
11582,3077,3068,0
11583,3213,3168,0
11584,3213,3077,0
11585,3168,3068,0
11586,3504,3570,0
11587,3918,4227,0
11588,3918,4234,0
11589,3941,4227,0
11590,3941,3918,0
11591,3685,3499,0
11592,3685,3853,0
11593,3768,3853,0
11594,3768,3499,0
11595,3853,3499,0
11596,4058,4525,0
11597,4058,4531,0
11598,3899,4531,0
11599,3899,4525,0
11600,3899,4058,0
11601,4531,4525,0
11602,4738,4678,0
11603,4738,4757,0
11604,4636,4678,0
11605,4636,4738,0
11606,4757,4678,0
11607,1886,1968,0
11608,1886,1922,0
11609,1741,1663,0
11610,1663,1758,0
11611,2837,2944,0
11612,2939,2944,0
11613,2939,2881,0
11614,2939,2837,0
11615,2944,2881,0
11616,2580,2652,0
11617,2516,2652,0
11618,2516,2492,0
11619,2516,2580,0
11620,2652,2492,0
11621,2367,2377,0
11622,2367,2456,0
11623,2545,2456,0
11624,2545,2377,0
11625,2456,2377,0
11626,2693,2770,0
11627,2789,2770,0
11628,2659,2770,0
11629,3172,3002,0
11630,3172,2854,0
11631,2911,2854,0
11632,2911,3002,0
11633,2911,3172,0
11634,2854,3002,0
11635,2692,2423,0
11636,2692,2132,0
11637,2488,2423,0
11638,2488,2692,0
11639,2132,2423,0
11640,4799,4453,0
11641,4799,4640,0
11642,4709,4640,0
11643,4709,4453,0
11644,4709,4799,0
11645,4640,4453,0
11646,2735,2682,0
11647,2735,2641,0
11648,2652,2641,0
11649,2652,2682,0
11650,2652,2735,0
11651,2641,2682,0
11652,2682,2452,0
11653,2682,2602,0
11654,2575,2602,0
11655,2575,2452,0
11656,2575,2682,0
11657,2254,2406,1
11658,2254,2091,1
11659,2254,2346,0
11660,2950,2993,0
11661,2950,2984,0
11662,2846,2984,0
11663,2846,2993,0
11664,2846,2950,0
11665,2984,2993,0
11666,3016,2951,0
11667,3065,2951,0
11668,2951,3114,0
11669,1638,1871,0
11670,1821,1871,0
11671,1821,1638,0
11672,1871,1755,0
11673,2795,2939,0
11674,4900,4733,0
11675,4900,4885,0
11676,4657,4885,0
11677,4657,4900,0
11678,4885,4733,0
11679,3880,3780,0
11680,3840,3780,0
11681,3560,3346,0
11682,3493,3346,0
11683,3666,3346,0
11684,3367,3431,0
11685,3367,3141,0
11686,3198,3431,0
11687,3198,3367,0
11688,3141,3431,0
11689,2818,2907,0
11690,2818,2727,0
11691,2834,2727,0
11692,2834,2907,0
11693,2834,2818,0
11694,2952,2849,0
11695,2957,2513,1
11696,2957,2993,1
11697,2712,2993,0
11698,2712,2957,0
11699,2993,2513,1
11700,3664,3359,0
11701,3414,3432,0
11702,3414,3451,0
11703,3368,3451,0
11704,3368,3432,0
11705,3368,3414,0
11706,3451,3432,0
11707,4463,4360,0
11708,4463,4435,0
11709,4190,4463,0
11710,3220,3359,0
11711,3306,3053,0
11712,3306,3220,0
11713,3359,3053,0
11714,3349,3714,1
11715,3349,3638,1
11716,3535,3638,0
11717,3535,3714,0
11718,3535,3349,0
11719,3638,3714,1
11720,3198,3031,0
11721,3198,3221,0
11722,3108,3221,0
11723,3108,3198,0
11724,3221,3031,0
11725,3605,3714,0
11726,3714,3486,1
11727,3367,3119,0
11728,3264,3119,0
11729,2764,2803,0
11730,2764,3013,0
11731,2786,3013,0
11732,2786,2803,0
11733,3013,2803,0
11734,1994,1886,0
11735,1994,1892,0
11736,3066,2939,0
11737,3026,2939,1
11738,3108,2939,0
11739,4133,4019,0
11740,4133,4029,0
11741,4133,4021,0
11742,4254,4127,0
11743,4254,4111,0
11744,4005,4111,0
11745,4005,4127,0
11746,4005,4254,0
11747,4111,4127,0
11748,3582,3552,0
11749,3582,3395,0
11750,3448,3395,0
11751,3395,3552,0
11752,3428,3613,0
11753,3428,3487,0
11754,3654,3487,0
11755,3654,3428,0
11756,3487,3613,0
11757,3473,3647,0
11758,4203,4319,0
11759,4203,4338,0
11760,4539,4338,0
11761,4539,4319,0
11762,4539,4203,0
11763,4338,4319,0
11764,3672,3770,0
11765,3672,3647,0
11766,3597,3770,0
11767,3597,3672,0
11768,3647,3770,0
11769,4048,4135,0
11770,4048,3956,0
11771,4201,4048,0
11772,4140,4479,0
11773,4140,4617,0
11774,4588,4617,0
11775,4588,4479,0
11776,4588,4140,0
11777,4617,4479,0
11778,4776,4595,0
11779,4776,4612,0
11780,4611,4612,0
11781,4611,4595,0
11782,4612,4595,0
11783,4127,4019,0
11784,4127,3955,0
11785,3971,4019,0
11786,3971,4127,0
11787,3955,4019,0
11788,3748,3781,0
11789,3881,3781,0
11790,3881,3694,0
11791,3781,3694,0
11792,3979,3865,0
11793,3979,3707,0
11794,4048,3865,0
11795,4048,3979,0
11796,3707,3865,0
11797,3398,3422,0
11798,3398,3197,0
11799,3494,3197,0
11800,3494,3422,0
11801,3494,3398,0
11802,3197,3422,0
11803,3954,3864,0
11804,3954,3911,0
11805,4003,3911,0
11806,4003,3864,0
11807,4003,3954,0
11808,3911,3864,0
11809,3963,3795,0
11810,3963,3910,0
11811,3984,3910,0
11812,3984,3795,0
11813,3984,3963,0
11814,3910,3795,0
11815,5736,5933,0
11816,5736,5756,0
11817,6009,5756,0
11818,6009,5933,0
11819,6009,5736,0
11820,5756,5933,0
11821,4729,4580,0
11822,4729,4691,0
11823,4610,4691,0
11824,4610,4729,0
11825,4691,4580,0
11826,3297,3133,0
11827,3408,3133,0
11828,3408,3297,0
11829,3133,3396,0
11830,292,351,0
11831,292,135,0
11832,432,135,0
11833,432,351,1
11834,432,292,0
11835,135,351,0
11836,6054,6046,0
11837,6054,5828,0
11838,6021,5828,0
11839,6021,6046,0
11840,6021,6054,0
11841,5828,6046,0
11842,4433,4450,0
11843,4433,4475,0
11844,4567,4475,0
11845,4567,4450,0
11846,4567,4433,0
11847,4475,4450,0
11848,2676,2953,0
11849,2676,3020,0
11850,2921,3020,0
11851,2921,2953,0
11852,2921,2676,0
11853,3020,2953,0
11854,3844,3966,0
11855,3828,3966,0
11856,2533,2519,0
11857,3603,2647,0
11858,3792,2647,0
11859,4189,3946,0
11860,4189,3956,0
11861,4201,3946,0
11862,4201,4189,0
11863,3095,3254,0
11864,3135,3254,0
11865,3135,3095,0
11866,3115,3254,0
11867,3310,3463,0
11868,3304,3641,0
11869,3304,3463,0
11870,3304,3310,0
11871,3641,3463,0
11872,3766,3835,0
11873,3766,3795,0
11874,3743,3835,0
11875,3743,3766,0
11876,3795,3835,0
11877,4367,4532,0
11878,4367,4369,0
11879,4228,4369,0
11880,4228,4532,0
11881,4228,4367,0
11882,4369,4532,0
11883,3839,3765,0
11884,3898,3765,0
11885,3898,3964,0
11886,3898,3839,0
11887,3765,3964,0
11888,2827,2747,0
11889,2827,2852,0
11890,3172,2973,0
11891,3242,2973,0
11892,3242,2854,0
11893,3242,3172,0
11894,2973,2854,0
11895,4236,4190,0
11896,3878,4190,0
11897,3878,4236,0
11898,4104,4190,0
11899,3783,3847,0
11900,3783,3713,1
11901,3692,3713,0
11902,3692,3847,0
11903,3692,3783,0
11904,3713,3847,0
11905,4356,4276,0
11906,3612,3474,0
11907,3612,3509,0
11908,3561,3509,0
11909,3561,3474,0
11910,3561,3612,0
11911,3509,3474,0
11912,3864,3825,0
11913,4003,3825,0
11914,4003,3876,0
11915,3825,3876,0
11916,2886,3022,0
11917,2924,3022,0
11918,3822,3598,0
11919,3822,3618,0
11920,3633,3618,0
11921,3633,3598,0
11922,2885,2954,0
11923,2885,2827,0
11924,2885,2831,0
11925,2954,2827,0
11926,4655,4401,0
11927,4655,4317,0
11928,4292,4317,0
11929,4292,4401,0
11930,4292,4655,0
11931,4317,4401,0
11932,3025,2908,0
11933,2962,2908,0
11934,2962,2833,0
11935,2962,3025,0
11936,2908,2833,0
11937,3966,3570,0
11938,3557,3472,0
11939,3557,3495,0
11940,3514,3557,0
11941,3495,3472,0
11942,4148,4108,0
11943,3973,4133,0
11944,3973,4108,0
11945,3973,4148,0
11946,4133,4108,0
11947,2921,2794,0
11948,2921,2999,0
11949,2765,2999,0
11950,2765,2921,0
11951,2999,2794,0
11952,3577,3565,0
11953,3577,3669,0
11954,3623,3565,0
11955,3623,3577,0
11956,2886,2737,0
11957,2851,2737,0
11958,2924,2737,0
11959,3116,3051,0
11960,3062,3051,0
11961,3132,3051,0
11962,2763,2920,0
11963,2763,2852,0
11964,2932,2852,0
11965,2932,2920,0
11966,2932,2763,0
11967,2852,2920,0
11968,4812,4744,0
11969,4812,4550,0
11970,4530,4550,0
11971,4530,4744,0
11972,4530,4812,0
11973,4550,4744,0
11974,3666,3621,0
11975,3504,3621,0
11976,3177,3138,0
11977,3177,3282,0
11978,3070,3177,0
11979,3282,3138,0
11980,3969,3918,0
11981,3969,3821,0
11982,3941,3969,0
11983,3821,3918,0
11984,4048,3936,0
11985,4167,4048,0
11986,2367,2388,0
11987,2367,2256,0
11988,2228,2388,0
11989,2228,2367,0
11990,2256,2388,0
11991,5154,4804,0
11992,5154,4823,0
11993,5020,4823,0
11994,5020,4804,0
11995,5020,5154,0
11996,4823,4804,0
11997,3678,3847,0
11998,3847,3801,0
11999,4176,3719,0
12000,4176,4058,0
12001,3879,4058,0
12002,3879,3719,0
12003,4058,3719,0
12004,2456,2383,0
12005,2642,2383,0
12006,2383,2388,0
12007,3314,3351,0
12008,3314,3242,0
12009,3154,3314,0
12010,2609,2040,0
12011,2609,1836,0
12012,1775,1836,0
12013,1775,2040,0
12014,1775,2609,0
12015,1836,2040,0
12016,4165,3999,0
12017,4165,4306,0
12018,4193,4306,0
12019,4193,3999,0
12020,4193,4165,0
12021,4306,3999,0
12022,3767,3831,0
12023,3256,3302,0
12024,3256,3276,0
12025,3333,3276,0
12026,3333,3302,0
12027,3276,3302,0
12028,4815,4518,0
12029,4815,4581,0
12030,4559,4581,0
12031,4559,4518,0
12032,4559,4815,0
12033,3904,3776,0
12034,3904,3950,0
12035,3922,3950,0
12036,3922,3776,0
12037,3922,3904,0
12038,3950,3776,0
12039,4274,4362,0
12040,4274,4078,0
12041,4052,4078,0
12042,4052,4362,0
12043,4052,4274,0
12044,4078,4362,0
12045,4705,4591,0
12046,5,108,0
12047,5,6391,0
12048,6375,6391,0
12049,6375,108,0
12050,6375,5,0
12051,6391,108,0
12052,3961,4039,0
12053,3961,4273,0
12054,4429,4273,0
12055,4429,4039,0
12056,4429,3961,0
12057,4273,4039,0
12058,3532,3878,0
12059,3693,3878,0
12060,3878,3554,0
12061,3016,3143,0
12062,3171,3110,0
12063,3171,3143,0
12064,3110,3143,0
12065,2493,2524,1
12066,2493,2210,1
12067,2404,2493,0
12068,4615,4663,0
12069,4615,4523,0
12070,4615,4583,0
12071,4663,4523,0
12072,5843,5728,0
12073,5843,5829,0
12074,5938,5728,0
12075,5938,5843,0
12076,5829,5728,0
12077,3045,2916,0
12078,3045,2848,0
12079,2978,2848,0
12080,2978,2916,0
12081,2978,3045,0
12082,3444,3581,0
12083,3378,3373,0
12084,3378,3581,0
12085,3378,3444,0
12086,2799,2439,0
12087,2799,2669,0
12088,2781,2669,0
12089,2781,2439,0
12090,2669,2439,0
12091,5595,5591,0
12092,5595,5671,0
12093,5920,5671,0
12094,5920,5591,0
12095,5920,5595,0
12096,5671,5591,0
12097,3581,3741,0
12098,3693,3741,0
12099,3693,3578,0
12100,3693,3581,0
12101,3741,3578,0
12102,2661,2609,0
12103,2661,3158,0
12104,2661,3209,0
12105,5585,5771,0
12106,5585,5717,0
12107,5544,5717,0
12108,5544,5771,0
12109,5544,5585,0
12110,5717,5771,0
12111,4496,4510,0
12112,4496,4417,0
12113,4543,4417,0
12114,4543,4510,0
12115,4543,4496,0
12116,4417,4510,0
12117,4033,4104,0
12118,4033,3981,0
12119,3900,3981,0
12120,3900,4033,0
12121,3981,4104,0
12122,4225,4437,0
12123,4225,4520,0
12124,4470,4225,0
12125,4441,4454,0
12126,4512,4454,0
12127,4512,4469,0
12128,4512,4441,0
12129,4454,4469,0
12130,3794,3909,0
12131,3794,4104,0
12132,3878,3909,0
12133,3878,3794,0
12134,4532,4198,0
12135,4228,4497,0
12136,4228,4198,0
12137,4497,4198,0
12138,3594,3759,0
12139,3594,3629,0
12140,3411,3629,0
12141,3411,3594,0
12142,3629,3759,0
12143,4111,3971,0
12144,3971,4005,0
12145,3573,3485,0
12146,3260,3485,0
12147,3260,3573,0
12148,3351,3485,0
12149,3542,3594,0
12150,3617,3594,0
12151,4019,4005,0
12152,4116,4190,0
12153,4116,3981,0
12154,4029,3981,0
12155,4029,4190,0
12156,4029,4116,0
12157,3981,4021,0
12158,3867,3886,0
12159,2581,2374,0
12160,2581,2022,0
12161,1832,2581,0
12162,4595,4472,0
12163,4595,4560,0
12164,4534,4560,0
12165,4534,4472,0
12166,4534,4595,0
12167,4560,4472,0
12168,3685,3727,0
12169,3735,3727,0
12170,3768,3727,0
12171,2338,2177,0
12172,2338,2390,0
12173,2225,2390,0
12174,2225,2177,0
12175,2225,2338,0
12176,2390,2177,0
12177,4241,4254,0
12178,4033,4254,0
12179,3883,3799,0
12180,3883,3857,0
12181,3909,3857,0
12182,3909,3799,0
12183,3909,3883,0
12184,3857,3799,0
12185,6562,910,0
12186,6562,6563,0
12187,743,6563,0
12188,743,910,0
12189,743,6562,0
12190,6563,910,0
12191,3240,3147,0
12192,3009,3147,0
12193,3009,3125,0
12194,3009,3240,0
12195,3147,3125,0
12196,3281,3992,0
12197,3281,2887,0
12198,3899,2887,0
12199,3899,3992,0
12200,3899,3281,0
12201,2887,3992,0
12202,3794,3681,0
12203,3794,3725,0
12204,3878,3725,0
12205,3878,3681,0
12206,3725,3681,0
12207,4163,4270,0
12208,4067,4206,0
12209,4067,4163,0
12210,4020,3958,0
12211,4020,4012,0
12212,3853,4012,0
12213,3853,3958,0
12214,3853,4020,0
12215,4012,3958,0
12216,5375,5353,0
12217,5375,5508,0
12218,5360,5508,0
12219,5360,5353,0
12220,5360,5375,0
12221,5508,5353,0
12222,1377,1294,0
12223,1377,1476,0
12224,1120,1476,0
12225,1120,1294,0
12226,1120,1377,0
12227,1476,1294,0
12228,3991,3843,0
12229,3991,4002,0
12230,3730,3843,0
12231,3730,3991,0
12232,4002,3843,0
12233,5787,5661,0
12234,5787,5535,0
12235,5969,5535,0
12236,5969,5661,0
12237,5969,5787,0
12238,5535,5661,0
12239,4267,4149,0
12240,4267,4243,0
12241,4049,4243,0
12242,4049,4149,0
12243,4049,4267,0
12244,4243,4149,0
12245,4754,4650,0
12246,4754,4716,0
12247,4646,4716,0
12248,4646,4650,0
12249,4646,4754,0
12250,4716,4650,0
12251,5794,5650,0
12252,5794,5608,0
12253,5705,5650,0
12254,5705,5794,0
12255,3092,3101,0
12256,2657,3101,0
12257,2657,3092,0
12258,2423,3101,0
12259,3212,3229,0
12260,3212,2968,0
12261,2871,3229,0
12262,2871,3212,0
12263,2968,3229,0
12264,788,6558,0
12265,788,776,0
12266,526,6558,0
12267,526,788,0
12268,776,6558,0
12269,2425,2440,0
12270,2425,2584,0
12271,2621,2440,0
12272,2584,2440,0
12273,52,174,0
12274,52,6517,0
12275,6482,6517,0
12276,6482,174,1
12277,6482,52,0
12278,6517,174,0
12279,762,649,0
12280,457,649,0
12281,343,649,0
12282,5722,5634,0
12283,5722,5558,0
12284,5354,5558,0
12285,5354,5634,0
12286,5354,5722,1
12287,5558,5634,0
12288,4763,4632,0
12289,4578,4632,0
12290,4578,4569,0
12291,4578,4763,0
12292,4632,4569,0
12293,4804,4535,0
12294,4804,4688,0
12295,4387,4688,0
12296,4387,4535,0
12297,4387,4804,0
12298,4688,4535,0
12299,6085,5879,0
12300,6085,5890,0
12301,5669,5890,0
12302,5669,5879,0
12303,5669,6085,0
12304,5890,5879,0
12305,452,483,0
12306,432,483,0
12307,432,452,0
12308,483,351,0
12309,2763,2886,0
12310,2715,2774,0
12311,2715,2886,0
12312,2715,2763,0
12313,2774,2886,0
12314,5781,5826,0
12315,5781,6004,0
12316,5880,6004,0
12317,5880,5826,0
12318,5880,5781,0
12319,6004,5826,0
12320,4108,4129,0
12321,4108,3969,0
12322,3928,3969,0
12323,3928,4129,0
12324,3928,4108,0
12325,3969,4129,0
12326,4693,4544,0
12327,4693,4646,0
12328,4622,4646,0
12329,4622,4544,0
12330,4622,4693,0
12331,4646,4544,0
12332,4028,4038,0
12333,4028,4124,0
12334,4031,4124,0
12335,4031,4038,0
12336,4031,4028,0
12337,3091,3073,0
12338,3091,2940,0
12339,6635,2940,0
12340,6635,3073,0
12341,6635,3091,0
12342,2940,3073,0
12343,2615,2606,0
12344,2615,2670,0
12345,2734,2670,0
12346,2734,2606,0
12347,2734,2615,0
12348,2670,2606,0
12349,4122,4099,0
12350,4122,3931,0
12351,4202,3931,0
12352,4202,4099,0
12353,4202,4122,0
12354,3931,4099,0
12355,6662,4044,0
12356,6662,4035,0
12357,3978,4044,0
12358,3978,6662,0
12359,4035,4044,0
12360,6619,2266,0
12361,6619,2581,0
12362,1832,2266,0
12363,2581,2266,0
12364,3047,2787,0
12365,2943,2787,0
12366,2889,2787,0
12367,2958,2936,0
12368,2958,3048,0
12369,2674,3048,0
12370,2674,2936,0
12371,3048,2936,0
12372,3645,3581,0
12373,3494,3693,0
12374,3494,3581,0
12375,3494,3645,0
12376,2449,2584,0
12377,2440,3033,0
12378,2440,2449,0
12379,2584,3033,0
12380,1650,1936,0
12381,1650,1958,0
12382,1630,1958,0
12383,1630,1936,0
12384,1630,1650,0
12385,1958,1936,0
12386,3209,2040,0
12387,3209,2365,0
12388,2759,2365,0
12389,2759,2040,0
12390,2759,3209,0
12391,1918,2234,0
12392,2098,1918,0
12393,3209,3027,0
12394,2040,3027,0
12395,2365,3027,0
12396,3149,2657,0
12397,2661,3101,0
12398,2661,3149,0
12399,6613,2876,0
12400,6613,2347,0
12401,2994,2347,0
12402,2994,6613,0
12403,2347,2876,0
12404,4260,4102,0
12405,4260,4202,0
12406,4293,4202,0
12407,4293,4102,0
12408,4293,4260,0
12409,4202,4102,0
12410,4656,4562,0
12411,4140,4562,0
12412,4561,4562,0
12413,1380,1473,0
12414,1380,1498,0
12415,1747,1498,0
12416,1747,1473,0
12417,1747,1380,0
12418,1498,1473,0
12419,1281,4451,0
12420,1281,6151,0
12421,6465,6151,0
12422,6465,1281,0
12423,6151,4451,0
12424,3612,3269,0
12425,3612,3287,0
12426,3284,3287,0
12427,3284,3269,0
12428,3284,3612,0
12429,3287,3269,0
12430,1788,1681,0
12431,1687,1681,0
12432,1687,1783,0
12433,1687,1788,0
12434,1681,1783,0
12435,3815,4123,0
12436,3815,3996,0
12437,4074,3815,0
12438,4618,4493,0
12439,4613,4493,0
12440,3137,3091,0
12441,3137,6640,0
12442,6639,6640,0
12443,6639,3091,0
12444,6639,3137,0
12445,6640,3091,0
12446,3655,3785,0
12447,3785,3828,0
12448,4367,4599,0
12449,4245,4599,0
12450,4245,4367,0
12451,4532,4599,0
12452,4345,4186,0
12453,6668,4186,0
12454,6668,4345,0
12455,3520,3705,0
12456,3520,3649,0
12457,3288,3649,0
12458,3288,3705,0
12459,3288,3520,0
12460,3649,3705,0
12461,1612,1544,0
12462,1612,1584,0
12463,1595,1584,0
12464,1595,1544,0
12465,1595,1612,0
12466,1584,1544,0
12467,3369,3223,0
12468,3369,3521,0
12469,3637,3521,0
12470,3637,3223,0
12471,3637,3369,0
12472,2401,1832,0
12473,2401,2374,0
12474,2401,2581,0
12475,3174,3643,0
12476,3174,3357,0
12477,3509,3357,0
12478,3509,3643,0
12479,3509,3174,0
12480,3357,3643,0
12481,4861,4824,0
12482,4630,4824,0
12483,4630,4772,0
12484,4630,4861,0
12485,4824,4772,0
12486,3416,3499,0
12487,3416,3207,0
12488,3308,3207,0
12489,3308,3499,0
12490,3308,3416,0
12491,3207,3499,0
12492,2851,6635,0
12493,2851,2569,0
12494,2940,2569,0
12495,2940,2851,0
12496,2569,6635,0
12497,4475,4371,0
12498,4475,4298,0
12499,4548,4298,0
12500,4548,4475,0
12501,4298,4371,0
12502,3516,3622,0
12503,3516,3701,0
12504,3288,3280,0
12505,3288,3200,0
12506,3235,3200,0
12507,3235,3280,0
12508,3235,3288,0
12509,3200,3280,0
12510,3010,3650,0
12511,3810,3956,0
12512,4199,4078,0
12513,3998,4038,0
12514,3998,4078,0
12515,3998,4199,0
12516,4038,4078,0
12517,3521,3158,0
12518,3521,3704,0
12519,3187,3229,0
12520,3187,3111,0
12521,3029,3187,0
12522,3244,3426,0
12523,3244,3330,0
12524,3421,3330,0
12525,3421,3426,0
12526,3421,3244,0
12527,3330,3426,0
12528,3256,3283,0
12529,3346,3502,0
12530,3346,3283,0
12531,3502,3283,0
12532,2843,2848,0
12533,2850,2690,0
12534,2850,2848,0
12535,2690,2848,0
12536,2848,2862,0
12537,2828,2749,0
12538,2828,2848,0
12539,2684,2266,0
12540,2684,2915,0
12541,2581,2915,0
12542,2581,2684,0
12543,2915,2266,0
12544,3688,3914,0
12545,3927,3914,0
12546,3927,3876,0
12547,3927,3688,0
12548,3914,3876,0
12549,2691,2494,0
12550,2636,2494,0
12551,2523,2494,0
12552,2848,2864,0
12553,2862,2864,0
12554,6615,2043,0
12555,2022,2043,0
12556,1784,2043,0
12557,4640,4516,0
12558,4640,4552,0
12559,4672,4516,0
12560,4672,4640,0
12561,4552,4516,0
12562,3897,3739,0
12563,3897,3750,0
12564,3811,3750,0
12565,3811,3739,0
12566,3811,3897,0
12567,3750,3739,0
12568,2844,3231,0
12569,6633,3231,0
12570,6637,3048,0
12571,6637,2958,0
12572,4274,4237,0
12573,4274,4468,0
12574,4536,4237,0
12575,4536,4274,0
12576,4468,4237,0
12577,4759,4482,0
12578,4759,3885,0
12579,3873,3885,0
12580,3873,4482,0
12581,3873,4759,0
12582,3885,4482,0
12583,1500,1577,0
12584,1500,1684,0
12585,1430,1684,0
12586,1430,1577,0
12587,1430,1500,0
12588,1684,1577,0
12589,3957,3872,0
12590,3957,3842,0
12591,3811,3842,0
12592,3811,3872,0
12593,3811,3957,0
12594,3842,3872,0
12595,6233,1554,0
12596,6233,1405,0
12597,6638,1405,0
12598,6638,1554,0
12599,6638,6233,0
12600,1405,1554,0
12601,4275,4367,0
12602,4275,4192,0
12603,4431,4192,0
12604,4431,4367,0
12605,4431,4275,0
12606,4192,4367,0
12607,3211,3229,0
12608,3211,3029,0
12609,3241,3029,0
12610,3241,3229,0
12611,3240,3271,0
12612,3240,3132,0
12613,3227,3132,0
12614,3227,3271,0
12615,3227,3240,0
12616,3132,3271,0
12617,3483,3515,0
12618,3483,3679,0
12619,3797,3515,0
12620,3797,3483,0
12621,3679,3515,0
12622,4823,4741,0
12623,4823,4673,0
12624,4753,4673,0
12625,4753,4741,0
12626,4753,4823,0
12627,4673,4741,0
12628,4503,4719,0
12629,4503,4549,0
12630,4613,4549,0
12631,4613,4719,0
12632,4613,4503,0
12633,4549,4719,0
12634,4414,4301,0
12635,4414,4415,0
12636,4578,4415,0
12637,4578,4301,0
12638,4578,4414,0
12639,4415,4301,0
12640,2850,2828,0
12641,2690,2828,0
12642,4793,4748,0
12643,4793,4705,0
12644,4685,4793,0
12645,4260,4503,0
12646,4074,4503,0
12647,4074,4102,0
12648,4074,4260,0
12649,4503,4102,0
12650,6671,4375,0
12651,6671,4204,0
12652,6671,4447,0
12653,4375,4204,0
12654,4073,3932,0
12655,3839,4073,0
12656,4195,3932,0
12657,4047,3991,0
12658,3990,3894,0
12659,3990,3991,0
12660,3990,4047,0
12661,3894,3991,0
12662,3994,4215,0
12663,3994,4141,0
12664,6662,4141,0
12665,6662,4215,0
12666,6662,3994,0
12667,4141,4215,0
12668,3216,3162,0
12669,3216,2892,0
12670,3017,2892,0
12671,3017,3216,0
12672,2892,3162,0
12673,3935,3911,0
12674,3935,3742,0
12675,3787,3742,0
12676,3787,3911,0
12677,3787,3935,0
12678,3742,3911,0
12679,3101,3637,0
12680,3872,3653,0
12681,3663,3842,0
12682,3663,3653,0
12683,3663,3872,0
12684,3842,3653,0
12685,484,662,0
12686,484,876,0
12687,873,876,0
12688,873,662,0
12689,873,484,0
12690,876,662,0
12691,4123,3872,0
12692,4198,3996,0
12693,4198,3872,0
12694,4198,4123,0
12695,3996,3872,0
12696,3505,3433,0
12697,3343,3433,0
12698,3343,3216,0
12699,3343,3505,0
12700,3433,3216,0
12701,3572,3740,0
12702,3740,6655,0
12703,3457,3492,0
12704,3457,3718,0
12705,3517,3718,0
12706,3517,3492,0
12707,3517,3457,0
12708,3718,3492,0
12709,2958,2892,0
12710,2958,2476,0
12711,2923,2476,0
12712,2923,2892,0
12713,2923,2958,0
12714,2476,2892,0
12715,4503,4226,0
12716,4503,4652,0
12717,4497,4652,0
12718,4497,4226,0
12719,4497,4503,0
12720,4652,4226,0
12721,6661,3860,0
12722,6661,6652,0
12723,4066,6652,0
12724,4066,3860,0
12725,6652,3860,0
12726,2886,6634,0
12727,2823,6634,0
12728,6634,3022,0
12729,3954,3927,0
12730,4196,4003,0
12731,4196,3927,0
12732,4196,3954,0
12733,4003,3927,0
12734,3662,3644,0
12735,3662,3739,0
12736,3680,3739,0
12737,3680,3644,0
12738,3680,3662,0
12739,3739,3644,0
12740,2715,2597,0
12741,2715,2737,0
12742,2540,2715,0
12743,2392,2197,0
12744,2476,2401,0
12745,2476,2374,0
12746,2476,2581,0
12747,3100,3058,0
12748,3100,2905,0
12749,3113,3058,0
12750,3113,3100,0
12751,3297,3514,0
12752,3495,3297,0
12753,4852,4767,0
12754,4852,4754,0
12755,4738,4754,0
12756,4738,4767,0
12757,4738,4852,0
12758,4754,4767,0
12759,2757,6634,0
12760,2703,2823,0
12761,2703,6634,0
12762,2703,2757,0
12763,4816,4498,0
12764,4816,4482,0
12765,4432,4482,0
12766,4432,4498,0
12767,4432,4816,0
12768,4482,4498,0
12769,4946,4926,0
12770,4946,4910,0
12771,4877,4910,0
12772,4877,4926,0
12773,4877,4946,0
12774,4736,4700,0
12775,4700,4648,0
12776,6674,4647,0
12777,6674,3917,0
12778,4643,6674,0
12779,6671,4659,0
12780,6671,4393,0
12781,4659,4447,0
12782,538,600,0
12783,538,815,0
12784,209,815,0
12785,209,600,0
12786,209,538,0
12787,815,600,0
12788,4905,5055,0
12789,4905,4825,0
12790,5026,4825,0
12791,5026,5055,0
12792,5026,4905,0
12793,4825,5055,0
12794,6613,6638,0
12795,6629,2904,0
12796,6629,2483,0
12797,2754,2483,0
12798,2754,2904,0
12799,2483,2904,0
12800,3137,3330,0
12801,3386,3330,0
12802,3386,3091,0
12803,3386,3137,0
12804,3330,3091,0
12805,1899,2152,0
12806,1899,1915,0
12807,2215,1915,0
12808,1915,2152,0
12809,2742,2788,0
12810,2742,3231,0
12811,2742,3137,0
12812,5714,5869,0
12813,5714,5899,0
12814,6040,5899,0
12815,6040,5869,0
12816,6040,5714,0
12817,5899,5869,0
12818,2533,2740,0
12819,5262,5373,0
12820,5262,5245,0
12821,5329,5262,0
12822,5245,5373,0
12823,1984,2152,0
12824,2527,2608,0
12825,2527,2443,0
12826,2518,2443,0
12827,2518,2608,0
12828,2518,2527,0
12829,3137,6635,0
12830,2969,2788,0
12831,2969,3137,0
12832,2788,6635,0
12833,1431,1542,0
12834,1574,1456,0
12835,1574,1542,0
12836,1574,1431,0
12837,1456,1542,0
12838,4296,4392,0
12839,4296,4468,0
12840,3825,3623,0
12841,3825,3723,0
12842,3844,3623,0
12843,3844,3825,0
12844,2847,2649,0
12845,2866,2811,0
12846,2866,2847,0
12847,2649,2811,0
12848,4975,4950,0
12849,4975,4973,0
12850,5091,4973,0
12851,5091,4950,0
12852,5091,4975,0
12853,4973,4950,0
12854,5944,5929,0
12855,5944,6041,0
12856,6282,6041,0
12857,6282,5929,0
12858,6282,5944,0
12859,6041,5929,0
12860,1048,947,0
12861,1048,774,0
12862,937,774,0
12863,937,947,0
12864,937,1048,0
12865,774,947,0
12866,285,446,0
12867,332,446,0
12868,332,306,0
12869,332,285,0
12870,4455,4469,0
12871,4326,4469,0
12872,4469,4425,0
12873,3054,2924,0
12874,3054,2981,0
12875,2873,2981,0
12876,2873,2924,0
12877,2981,2924,0
12878,3937,4105,0
12879,4103,4061,0
12880,4103,3937,0
12881,4105,4061,0
12882,3895,4525,0
12883,3895,4527,0
12884,3695,4527,0
12885,3695,4525,0
12886,3695,3895,0
12887,4527,4525,0
12888,2932,2886,0
12889,2920,2886,0
12890,3273,3274,0
12891,3516,3274,0
12892,4589,4417,0
12893,4589,4543,0
12894,4589,4496,0
12895,4179,3954,0
12896,4179,4196,0
12897,3927,4179,0
12898,4296,4220,0
12899,4296,4278,0
12900,3794,3639,0
12901,3878,3639,0
12902,3681,3639,0
12903,3669,3749,0
12904,3560,3669,0
12905,3367,3332,0
12906,3141,3332,0
12907,3141,3074,0
12908,3332,3074,0
12909,3977,3818,0
12910,3914,3649,0
12911,3914,3818,0
12912,3914,3977,0
12913,3649,3818,0
12914,3126,3045,0
12915,2916,3126,0
12916,3669,3787,0
12917,3563,3787,0
12918,3749,3787,0
12919,3662,3632,0
12920,3739,3632,0
12921,3632,3644,0
12922,1779,1959,0
12923,1779,1875,0
12924,1769,1875,0
12925,3669,3722,0
12926,3563,3722,0
12927,3787,3722,0
12928,3563,3493,0
12929,3523,3487,0
12930,3523,3362,0
12931,3415,3362,0
12932,3415,3487,0
12933,3415,3523,0
12934,3362,3487,0
12935,3612,3705,0
12936,3612,3375,0
12937,3288,3375,0
12938,3288,3612,0
12939,3375,3705,0
12940,3003,3274,0
12941,3275,3003,0
12942,2571,2579,0
12943,2571,2645,0
12944,2554,2645,0
12945,2554,2579,0
12946,2554,2571,0
12947,3595,3585,0
12948,3595,3336,0
12949,6385,6227,0
12950,6385,6249,0
12951,6126,6249,0
12952,6126,6227,0
12953,6126,6385,0
12954,6249,6227,0
12955,586,459,0
12956,586,576,0
12957,694,459,0
12958,694,586,0
12959,576,459,0
12960,3136,3133,0
12961,3136,3297,0
12962,3222,3133,0
12963,3030,2932,0
12964,3044,2932,0
12965,3044,3040,0
12966,3044,3030,0
12967,2932,3040,0
12968,4257,4296,0
12969,4257,4220,0
12970,4046,4296,0
12971,4046,4257,0
12972,4488,4758,0
12973,4488,4536,0
12974,4778,4536,0
12975,4778,4758,0
12976,4778,4488,0
12977,4536,4758,0
12978,4516,4356,0
12979,4356,4265,0
12980,5419,5526,0
12981,5419,5623,0
12982,5541,5623,0
12983,5541,5526,0
12984,5541,5419,0
12985,5623,5526,0
12986,4420,4274,0
12987,4420,4114,0
12988,4468,4114,0
12989,4468,4420,0
12990,4114,4274,0
12991,3771,3867,0
12992,3771,3886,0
12993,3798,3771,0
12994,3911,3751,0
12995,3983,3911,0
12996,3800,3815,0
12997,3800,4036,0
12998,3750,4036,0
12999,3750,3815,0
13000,3750,3800,0
13001,4036,3815,0
13002,4210,4188,0
13003,4210,4299,0
13004,4347,4188,0
13005,4347,4210,0
13006,4299,4188,0
13007,3330,3512,0
13008,3531,3330,0
13009,4106,4313,0
13010,4210,4313,0
13011,4313,4154,0
13012,4032,3832,0
13013,4032,3889,0
13014,3941,3889,0
13015,3941,3832,0
13016,3941,4032,0
13017,4413,4247,0
13018,4367,4558,0
13019,4367,4247,0
13020,4367,4413,0
13021,4558,4247,0
13022,4634,4567,0
13023,4634,4654,0
13024,4536,4654,0
13025,4536,4567,0
13026,4536,4634,0
13027,4654,4567,0
13028,4077,4182,0
13029,4077,4358,0
13030,4167,4358,0
13031,4167,4077,0
13032,3822,3722,0
13033,3702,3722,0
13034,3702,3598,0
13035,3722,3598,0
13036,4294,4278,0
13037,4356,4278,0
13038,3505,3419,0
13039,3665,3708,0
13040,3665,3419,0
13041,3665,3505,0
13042,3708,3419,0
13043,6648,3206,0
13044,3206,3561,0
13045,3039,2981,0
13046,3872,3799,0
13047,3857,3872,0
13048,5317,5271,0
13049,5317,5562,0
13050,5257,5562,0
13051,5257,5271,0
13052,5257,5317,0
13053,5562,5271,0
13054,6637,2904,0
13055,3240,3111,0
13056,3062,3125,0
13057,3062,3240,0
13058,3111,3125,0
13059,4064,3905,0
13060,4064,3962,0
13061,4186,3962,0
13062,4186,3905,0
13063,4186,4064,0
13064,3962,3905,0
13065,5564,5818,0
13066,5564,5574,0
13067,5641,5574,0
13068,5641,5818,0
13069,5641,5564,0
13070,5574,5818,0
13071,5904,5571,0
13072,5904,5854,0
13073,5917,5571,0
13074,5917,5904,0
13075,5854,5571,0
13076,4122,4324,0
13077,4293,4324,0
13078,4293,4122,0
13079,4202,4324,0
13080,4345,4064,0
13081,4345,4097,0
13082,4305,4097,0
13083,4305,4064,0
13084,4305,4345,0
13085,4097,4064,0
13086,4207,6666,0
13087,4207,3938,0
13088,3673,3513,0
13089,3673,3491,0
13090,3870,3491,0
13091,3870,3513,0
13092,3491,3513,0
13093,6670,4317,0
13094,4419,4317,0
13095,4317,6659,0
13096,4583,4641,0
13097,4439,4641,0
13098,4641,4523,0
13099,3977,3978,0
13100,3739,3977,0
13101,3978,3662,0
13102,4509,4627,0
13103,4509,4577,0
13104,4430,4577,0
13105,4430,4627,0
13106,4430,4509,0
13107,4577,4627,0
13108,4839,4766,0
13109,4839,4827,0
13110,4786,4827,0
13111,4786,4766,0
13112,4786,4839,0
13113,4827,4766,0
13114,5268,6690,0
13115,5268,5146,0
13116,5130,5146,0
13117,5130,6690,0
13118,5130,5268,0
13119,5146,6690,0
13120,4485,4225,0
13121,4485,4587,0
13122,4520,4587,0
13123,4520,4485,0
13124,4587,4225,0
13125,6305,5833,0
13126,5560,5833,0
13127,4630,4393,0
13128,4630,4447,0
13129,4659,4630,0
13130,4365,4342,0
13131,4365,4603,0
13132,4650,4603,0
13133,4650,4342,0
13134,4650,4365,0
13135,4603,4342,0
13136,3826,3884,0
13137,3826,4054,0
13138,3995,3884,0
13139,3995,3826,0
13140,4054,3884,0
13141,4620,4494,0
13142,4570,4403,0
13143,4570,4494,0
13144,4570,4620,0
13145,4403,4494,0
13146,4990,4919,0
13147,4943,4754,0
13148,4943,4919,0
13149,4943,4990,0
13150,4754,4919,0
13151,4475,4636,0
13152,4364,4566,0
13153,4364,4671,0
13154,4351,4671,0
13155,4351,4566,0
13156,4351,4364,0
13157,4671,4566,0
13158,5998,6038,0
13159,5998,5894,0
13160,5769,5894,0
13161,5769,6038,0
13162,5769,5998,0
13163,3853,3968,0
13164,3983,4012,0
13165,3983,3968,0
13166,3983,3853,0
13167,4012,3968,0
13168,3309,3457,0
13169,3309,3492,0
13170,3533,3492,0
13171,3533,3309,0
13172,3339,3508,0
13173,3339,3382,0
13174,3210,3508,0
13175,3210,3339,0
13176,3382,3508,0
13177,5575,5591,0
13178,5575,5587,0
13179,5671,5587,0
13180,5671,5575,0
13181,5587,5591,0
13182,5060,4960,0
13183,5060,4900,0
13184,5057,4900,0
13185,5057,4960,0
13186,5057,5060,0
13187,4900,4960,0
13188,6031,6081,0
13189,6031,6158,0
13190,6172,6158,0
13191,6172,6081,0
13192,6172,6031,0
13193,6358,5576,0
13194,5537,5576,0
13195,5576,5859,0
13196,4661,4615,0
13197,4463,4621,0
13198,4463,4615,0
13199,4463,4661,0
13200,4621,4615,0
13201,3702,3618,0
13202,4156,3985,0
13203,3984,4300,0
13204,3984,3985,0
13205,3984,4156,0
13206,4300,3985,0
13207,3946,4071,0
13208,4003,4071,0
13209,4003,3946,0
13210,4071,3825,0
13211,4484,4564,0
13212,4484,4333,0
13213,4465,4333,0
13214,4465,4564,0
13215,4465,4484,0
13216,4333,4564,0
13217,4247,4020,0
13218,4247,4012,0
13219,4060,4012,0
13220,4060,4020,0
13221,4060,4247,0
13222,4077,4296,0
13223,4220,4358,0
13224,4984,5149,0
13225,4984,4865,0
13226,4970,4865,0
13227,4970,5149,0
13228,4970,4984,0
13229,4865,5149,0
13230,4539,4774,0
13231,4667,4774,0
13232,4667,4716,0
13233,4667,4539,0
13234,4774,4716,0
13235,4146,4140,0
13236,3827,4140,0
13237,3845,3842,0
13238,3845,3768,0
13239,3907,3768,0
13240,3907,3842,0
13241,3907,3845,0
13242,3768,3842,0
13243,4559,4773,0
13244,4559,4659,0
13245,4502,4659,0
13246,4502,4773,0
13247,4172,4361,0
13248,4172,4265,0
13249,4276,4265,0
13250,4605,4784,0
13251,4605,4413,0
13252,4557,4413,0
13253,4557,4784,0
13254,4557,4605,0
13255,4413,4784,0
13256,3426,3579,0
13257,3426,3630,0
13258,4732,4498,0
13259,4732,4470,0
13260,4732,4520,0
13261,3858,4141,0
13262,4144,4141,0
13263,4144,4035,0
13264,4144,3858,0
13265,4141,4035,0
13266,5194,4816,0
13267,5194,4871,0
13268,4669,4871,0
13269,4669,4816,0
13270,4669,5194,0
13271,4871,4816,0
13272,4317,6669,0
13273,3728,3776,0
13274,3728,3922,0
13275,3950,3728,0
13276,4391,4461,0
13277,4461,4502,0
13278,4584,4265,0
13279,75,55,0
13280,75,232,0
13281,238,232,0
13282,238,75,0
13283,232,55,0
13284,5666,6531,0
13285,78,6531,0
13286,78,6439,0
13287,78,5666,0
13288,6531,6439,0
13289,6428,6143,0
13290,6428,161,0
13291,233,161,0
13292,233,6143,0
13293,233,6428,0
13294,161,6143,0
13295,4086,2759,0
13296,3023,2759,0
13297,2759,3027,0
13298,5087,5169,0
13299,5087,4985,0
13300,5369,4985,0
13301,5369,5169,0
13302,5369,5087,0
13303,4985,5169,0
13304,4645,4515,0
13305,4515,4602,0
13306,4303,4494,0
13307,4303,4505,0
13308,4403,4505,0
13309,4403,4303,0
13310,4505,4494,0
13311,6444,6486,0
13312,6380,36,0
13313,6380,6486,0
13314,6380,6444,0
13315,36,6486,0
13316,4767,4707,0
13317,4754,4707,0
13318,1920,2089,0
13319,1920,2072,0
13320,1985,2072,0
13321,1985,2089,0
13322,1985,1920,0
13323,2072,2089,0
13324,4014,4032,0
13325,4067,4032,0
13326,4067,4014,0
13327,5113,5251,0
13328,5113,4987,0
13329,5231,4987,0
13330,5231,5251,0
13331,5231,5113,0
13332,4987,5251,0
13333,3818,3520,0
13334,3887,3866,0
13335,3887,3520,0
13336,3887,3818,0
13337,3866,3520,0
13338,3940,3914,0
13339,3940,3818,0
13340,3940,3977,0
13341,4391,4263,0
13342,4391,4305,0
13343,4468,4263,0
13344,4468,4391,0
13345,4305,4263,0
13346,4078,3977,0
13347,4078,3912,0
13348,3998,3912,0
13349,3998,3977,0
13350,3912,3977,0
13351,4041,4013,0
13352,4314,4521,0
13353,4314,4041,0
13354,4521,4013,0
13355,4392,4584,0
13356,4658,4584,0
13357,4358,4371,0
13358,4392,4372,0
13359,4392,4371,0
13360,4392,4358,0
13361,4372,4371,0
13362,4020,3921,0
13363,3900,3958,0
13364,3900,4020,0
13365,3958,3921,0
13366,4055,4250,0
13367,4055,3921,0
13368,4121,3921,0
13369,4121,4250,0
13370,4121,4055,0
13371,3921,4250,0
13372,4555,4386,0
13373,4555,4428,0
13374,4510,4428,0
13375,4510,4555,0
13376,4428,4386,0
13377,4740,4667,0
13378,4740,4779,0
13379,4774,4779,0
13380,4774,4740,0
13381,4779,4667,0
13382,4398,4319,0
13383,4398,4402,0
13384,4373,4402,0
13385,4373,4319,0
13386,4402,4319,0
13387,4049,3982,0
13388,4049,3865,0
13389,3819,3982,0
13390,3819,4049,0
13391,3865,3982,0
13392,3892,3969,0
13393,3971,3969,0
13394,3971,3970,0
13395,3969,3970,0
13396,3882,3923,0
13397,3882,4114,0
13398,4011,4114,0
13399,4011,3923,0
13400,4011,3882,0
13401,4114,3923,0
13402,475,515,0
13403,475,273,0
13404,298,273,0
13405,298,515,0
13406,298,475,0
13407,273,515,0
13408,5813,5647,0
13409,5813,6067,0
13410,5589,5813,0
13411,4250,4104,0
13412,5674,5699,0
13413,5674,5748,0
13414,5476,5748,0
13415,5476,5699,0
13416,5748,5699,0
13417,4679,4433,0
13418,4679,4548,0
13419,4678,4548,0
13420,4678,4433,0
13421,4678,4679,0
13422,4548,4433,0
13423,6303,6492,0
13424,6303,6510,0
13425,6546,6510,0
13426,6546,6492,0
13427,6546,6303,0
13428,6510,6492,0
13429,5583,5448,0
13430,5583,5477,0
13431,5474,5477,0
13432,5474,5448,0
13433,5474,5583,0
13434,5101,5076,1
13435,5101,4751,0
13436,4976,4751,0
13437,4976,5076,0
13438,4976,5101,0
13439,4751,5076,1
13440,4341,4543,0
13441,4224,4543,0
13442,3842,3782,0
13443,3660,3768,0
13444,3660,3782,0
13445,3660,3842,0
13446,3768,3782,0
13447,3578,3639,0
13448,3578,3681,0
13449,3725,3639,0
13450,3725,3578,0
13451,4020,4104,0
13452,3958,4104,0
13453,4687,4717,0
13454,4687,4719,0
13455,4613,4717,0
13456,4613,4687,0
13457,4719,4717,0
13458,3271,3280,0
13459,3271,3147,0
13460,3200,3147,0
13461,3200,3271,0
13462,3147,3280,0
13463,5159,4937,0
13464,5159,5009,0
13465,5026,5009,0
13466,5026,4937,0
13467,5026,5159,0
13468,5009,4937,0
13469,4681,4722,0
13470,4681,4798,0
13471,4670,4798,0
13472,4670,4681,0
13473,4798,4722,0
13474,4058,4086,0
13475,3695,4086,0
13476,3695,4058,0
13477,4086,4525,0
13478,4387,4121,0
13479,4387,4228,0
13480,4222,4228,0
13481,4228,4121,0
13482,4049,4026,0
13483,4088,3982,0
13484,4088,4026,0
13485,3982,4026,0
13486,3813,3582,0
13487,3523,3582,0
13488,3582,3661,0
13489,4086,4421,0
13490,4086,4531,0
13491,3899,4421,0
13492,4531,4421,0
13493,3613,3720,0
13494,3851,3720,0
13495,3654,3720,0
13496,3768,3506,0
13497,3742,3506,0
13498,3742,3660,0
13499,3742,3768,0
13500,3506,3660,0
13501,4634,4586,0
13502,4477,4707,0
13503,4477,4586,0
13504,4477,4634,0
13505,4707,4586,0
13506,4559,4305,0
13507,4391,4345,0
13508,3907,3727,0
13509,3907,3735,0
13510,6706,5992,0
13511,6706,5572,0
13512,5597,5572,0
13513,5597,5992,0
13514,5597,6706,0
13515,5572,5992,0
13516,5910,5894,0
13517,5910,5935,0
13518,5808,5935,0
13519,5808,5894,0
13520,5808,5910,0
13521,5142,5111,0
13522,5142,5445,0
13523,5236,5445,0
13524,5236,5111,0
13525,5236,5142,0
13526,5445,5111,0
13527,4121,3909,0
13528,5663,5637,0
13529,5740,5791,1
13530,5740,5637,0
13531,5740,5663,1
13532,5791,5637,0
13533,4190,4040,0
13534,3981,4040,0
13535,4040,4029,0
13536,3856,3532,0
13537,3856,3554,0
13538,3878,3856,0
13539,4200,4459,0
13540,4200,4349,0
13541,4236,4459,0
13542,4236,4200,0
13543,5602,5673,0
13544,5602,5858,1
13545,5675,5673,0
13546,5675,5602,0
13547,5858,5673,0
13548,4082,3875,1
13549,705,307,0
13550,705,3023,0
13551,2104,3023,0
13552,2104,307,0
13553,2104,705,0
13554,3023,307,0
13555,6096,5982,0
13556,6096,6163,0
13557,6066,6163,0
13558,6066,5982,0
13559,6066,6096,0
13560,6163,5982,0
13561,5338,5727,0
13562,5338,5099,0
13563,5059,5099,0
13564,5059,5727,0
13565,5059,5338,0
13566,5099,5727,0
13567,649,689,0
13568,649,633,0
13569,450,633,0
13570,450,689,0
13571,450,649,0
13572,633,689,0
13573,3296,3569,0
13574,3296,3090,0
13575,3319,3090,0
13576,3319,3569,0
13577,3319,3296,0
13578,3090,3569,0
13579,172,66,0
13580,172,391,0
13581,237,391,0
13582,237,66,0
13583,391,66,0
13584,5983,5815,0
13585,5819,5815,0
13586,5815,5703,0
13587,6376,6117,0
13588,6394,6117,0
13589,6394,6467,0
13590,6117,6467,0
13591,4776,4713,0
13592,4756,4611,0
13593,4756,4713,0
13594,4756,4776,0
13595,4611,4713,0
13596,4287,4465,0
13597,4290,4465,0
13598,4740,4604,0
13599,4740,4605,0
13600,4650,4605,0
13601,4650,4604,0
13602,4650,4740,0
13603,4605,4604,0
13604,4769,4793,0
13605,4769,4663,0
13606,4685,4663,0
13607,4685,4769,0
13608,4663,4793,0
13609,4288,4098,0
13610,4125,4288,0
13611,6427,6453,0
13612,6427,34,0
13613,6435,34,0
13614,6435,6453,0
13615,6435,6427,0
13616,34,6453,0
13617,4457,4472,0
13618,4457,4515,0
13619,4473,4515,0
13620,4473,4472,0
13621,4473,4457,0
13622,4515,4472,0
13623,4474,4363,0
13624,4474,4243,0
13625,4267,4363,0
13626,4267,4474,0
13627,4243,4363,0
13628,4683,4491,0
13629,4915,4491,0
13630,4915,4775,0
13631,4915,4683,0
13632,4491,4775,0
13633,4347,4473,0
13634,4347,4472,0
13635,4444,4546,0
13636,4444,4382,0
13637,4413,4382,0
13638,4413,4546,0
13639,4413,4444,0
13640,4382,4546,0
13641,4823,4763,0
13642,4741,4763,0
13643,3418,1745,0
13644,1775,3418,0
13645,1745,2609,0
13646,19,5866,0
13647,19,6301,0
13648,6191,6301,0
13649,6191,5866,0
13650,6191,19,0
13651,6301,5866,0
13652,3900,3853,0
13653,4110,3976,0
13654,4110,3831,0
13655,3854,3976,0
13656,3969,3772,0
13657,3821,3772,0
13658,3941,3772,0
13659,4309,4229,0
13660,4351,4229,0
13661,4404,4229,0
13662,3853,3613,0
13663,3749,3844,0
13664,3956,3844,0
13665,4127,3973,0
13666,4051,4026,0
13667,3911,3946,0
13668,3825,3787,0
13669,3825,3911,0
13670,3946,3787,0
13671,5621,5676,0
13672,5621,5724,0
13673,5826,5724,0
13674,5826,5676,0
13675,5826,5621,0
13676,5724,5676,0
13677,5071,5371,0
13678,5071,5525,0
13679,5096,5525,0
13680,5096,5371,0
13681,5096,5071,0
13682,5525,5371,0
13683,3698,3732,0
13684,3698,3762,0
13685,3617,3762,0
13686,3617,3732,0
13687,3762,3732,0
13688,5595,5575,0
13689,5595,5811,0
13690,5671,5811,0
13691,5811,5575,0
13692,4745,4776,0
13693,4745,4522,0
13694,4611,4522,0
13695,4611,4745,0
13696,2684,2595,0
13697,2684,4207,0
13698,2684,3344,0
13699,5839,5891,0
13700,5839,6052,0
13701,5887,6052,0
13702,5887,5891,0
13703,5887,5839,0
13704,6052,5891,0
13705,3608,3508,0
13706,3549,3508,0
13707,3549,3546,0
13708,3549,3608,0
13709,3508,3546,0
13710,4614,4615,0
13711,4614,4435,0
13712,4483,4615,0
13713,4435,4615,0
13714,4264,4266,0
13715,4264,4246,0
13716,4116,4246,0
13717,4116,4266,0
13718,4116,4264,0
13719,4246,4266,0
13720,3726,3713,1
13721,3726,3351,0
13722,3278,3351,0
13723,3278,3713,1
13724,3278,3726,1
13725,2697,2897,0
13726,2697,2799,0
13727,4006,3974,0
13728,3783,4006,0
13729,3847,3974,0
13730,4415,4522,0
13731,4374,4522,0
13732,4374,4249,0
13733,4374,4415,0
13734,4522,4249,0
13735,4737,4756,0
13736,4737,4720,0
13737,4769,4720,0
13738,4769,4756,0
13739,4769,4737,0
13740,4720,4756,0
13741,770,678,0
13742,770,768,0
13743,859,768,0
13744,859,678,0
13745,859,770,0
13746,768,678,0
13747,4457,4543,0
13748,4555,4543,0
13749,4555,4457,0
13750,4543,4515,0
13751,5071,5338,0
13752,5338,5371,0
13753,4072,3645,0
13754,3794,3645,0
13755,3794,4094,0
13756,3794,4072,0
13757,3645,4094,0
13758,2961,3007,0
13759,2998,2801,0
13760,2998,3007,0
13761,2998,2961,0
13762,2801,3007,0
13763,578,691,0
13764,578,524,0
13765,744,524,0
13766,744,578,0
13767,524,691,0
13768,4085,3793,0
13769,3793,4021,0
13770,2965,3293,0
13771,3314,3293,0
13772,3314,3033,0
13773,3314,2965,0
13774,3293,3033,0
13775,3692,3678,0
13776,4032,4068,0
13777,4098,4290,0
13778,4098,4032,0
13779,4068,4290,0
13780,4070,4092,0
13781,4070,3974,0
13782,3783,4092,1
13783,3783,4070,0
13784,3974,4092,0
13785,5447,5478,0
13786,5447,5230,0
13787,5499,5230,0
13788,5499,5478,0
13789,5499,5447,0
13790,5230,5478,0
13791,1514,1609,0
13792,1514,1821,0
13793,1734,1821,0
13794,1734,1609,0
13795,1734,1514,0
13796,2365,2609,0
13797,2759,2609,0
13798,5984,5737,0
13799,5984,5893,0
13800,5918,5893,0
13801,5918,5737,0
13802,5918,5984,0
13803,5893,5737,0
13804,3067,3104,0
13805,2941,2840,0
13806,2941,3067,0
13807,2840,3104,0
13808,4282,4652,0
13809,4282,4629,0
13810,4527,4629,0
13811,4527,4652,0
13812,4527,4282,0
13813,4629,4652,0
13814,3543,3454,0
13815,3543,3314,0
13816,3351,3454,0
13817,3351,3543,0
13818,3314,3454,0
13819,4364,4024,0
13820,4364,4174,0
13821,3992,4174,0
13822,3992,4024,0
13823,3992,4364,0
13824,4174,4024,0
13825,374,371,0
13826,374,197,0
13827,419,197,0
13828,419,374,0
13829,197,371,0
13830,5326,5223,0
13831,5326,5293,0
13832,5177,5293,0
13833,5177,5223,0
13834,5177,5326,0
13835,5293,5223,0
13836,2965,2658,0
13837,2425,3033,0
13838,2425,2658,0
13839,1123,782,0
13840,1123,1278,0
13841,1557,1278,0
13842,1557,782,0
13843,1278,782,0
13844,3238,2805,0
13845,2440,2805,0
13846,2439,2552,0
13847,2415,2439,0
13848,2808,2998,0
13849,2859,2998,0
13850,2998,2826,0
13851,3629,3714,0
13852,3790,3714,0
13853,3790,3629,0
13854,3214,3104,0
13855,2989,3104,0
13856,1936,1999,0
13857,1936,2245,0
13858,1936,2449,0
13859,652,922,0
13860,652,1822,0
13861,2237,1822,0
13862,2237,922,0
13863,2237,652,0
13864,1822,922,0
13865,4888,4840,0
13866,4888,4833,0
13867,4776,4833,0
13868,4776,4840,0
13869,4776,4888,0
13870,4833,4840,0
13871,1984,2075,0
13872,2090,2075,0
13873,1903,2075,0
13874,4566,4828,0
13875,4671,4828,0
13876,2075,1891,0
13877,3371,3540,0
13878,3371,3293,0
13879,3775,3293,0
13880,3775,3371,0
13881,3293,3540,0
13882,3763,3671,0
13883,3763,3642,0
13884,3726,3642,0
13885,3726,3763,0
13886,3642,3671,0
13887,3332,3301,0
13888,3332,3198,0
13889,3221,3332,0
13890,3198,3301,0
13891,3094,3078,0
13892,3094,3285,0
13893,3094,3069,0
13894,3713,3678,0
13895,3928,3772,0
13896,3928,3837,0
13897,3901,3837,0
13898,3901,3772,0
13899,3901,3928,0
13900,3837,3772,0
13901,4381,4388,0
13902,4381,4244,0
13903,4206,4388,1
13904,4206,4381,0
13905,4244,4388,0
13906,3550,3449,0
13907,3400,3449,0
13908,3449,3179,0
13909,2911,2524,0
13910,2697,2524,0
13911,2697,2911,0
13912,2870,2911,0
13913,2860,2911,0
13914,2134,2363,0
13915,2673,2664,0
13916,2941,2664,0
13917,2065,2401,0
13918,2065,2237,0
13919,2050,2237,0
13920,2050,2401,0
13921,2050,2065,0
13922,2237,2401,0
13923,1577,1633,0
13924,1577,1899,0
13925,1801,1899,0
13926,1801,1633,0
13927,1801,1577,0
13928,2694,2899,0
13929,2889,2841,0
13930,2841,2943,0
13931,2635,2926,0
13932,2928,2926,0
13933,2928,2635,0
13934,2926,2899,0
13935,3981,3794,0
13936,3682,3996,0
13937,3682,3857,0
13938,3625,3857,0
13939,3625,3996,0
13940,3625,3682,0
13941,3857,3996,0
13942,4282,4553,0
13943,4229,4553,0
13944,4229,4058,0
13945,4229,4282,0
13946,4553,4058,0
13947,4460,4533,0
13948,4460,4262,0
13949,4321,4262,0
13950,4321,4533,0
13951,4321,4460,0
13952,3494,3578,0
13953,2889,2736,0
13954,2736,2787,0
13955,2673,2635,0
13956,2665,2635,0
13957,3992,4309,0
13958,3992,4351,0
13959,4229,3992,0
13960,4160,4081,0
13961,4160,3974,0
13962,4092,4081,0
13963,4092,4160,0
13964,3974,4081,0
13965,3339,3311,0
13966,3464,3311,0
13967,3371,3311,0
13968,3961,4240,0
13969,4445,4429,0
13970,4445,4240,0
13971,4445,3961,0
13972,4429,4240,0
13973,2439,2456,0
13974,2439,2642,0
13975,2467,2642,0
13976,2467,2456,0
13977,2467,2439,0
13978,5448,5328,0
13979,5448,5488,0
13980,5412,5488,0
13981,5412,5328,0
13982,5488,5328,0
13983,2387,2415,0
13984,2386,2293,0
13985,2386,2338,0
13986,3067,3099,0
13987,3293,3104,0
13988,3293,3067,0
13989,3464,3929,0
13990,3745,3929,0
13991,3745,3724,0
13992,3745,3464,0
13993,3929,3724,0
13994,3002,2803,0
13995,3013,2875,0
13996,2373,2425,0
13997,2449,2377,0
13998,3218,3191,0
13999,3218,3094,0
14000,3373,3094,0
14001,3373,3218,0
14002,3090,2859,0
14003,3090,2621,0
14004,2455,2859,0
14005,2455,3090,0
14006,2621,2859,0
14007,6452,6368,0
14008,6452,6230,0
14009,6460,6230,0
14010,6460,6368,0
14011,6460,6452,0
14012,6230,6368,0
14013,1989,1846,0
14014,1989,1557,0
14015,1806,1846,0
14016,2965,2880,0
14017,2965,2801,0
14018,2965,2961,0
14019,5965,5996,0
14020,5965,5699,0
14021,5895,5699,0
14022,5895,5996,0
14023,5895,5965,0
14024,5699,5996,0
14025,4304,4399,0
14026,4304,4315,0
14027,4288,4315,0
14028,4288,4399,0
14029,4288,4304,0
14030,4315,4399,0
14031,4926,5038,0
14032,5089,5038,0
14033,5089,4910,0
14034,5089,4926,0
14035,5038,4910,0
14036,4569,4200,0
14037,4174,4200,0
14038,5485,5356,0
14039,5485,5471,0
14040,5609,5471,0
14041,5609,5356,0
14042,5609,5485,0
14043,5471,5356,0
14044,5510,5387,0
14045,5510,5587,0
14046,5669,5587,0
14047,5669,5387,0
14048,5669,5510,0
14049,5587,5387,0
14050,1723,1684,0
14051,1723,1632,0
14052,1673,1632,0
14053,1673,1684,0
14054,1673,1723,0
14055,1632,1684,0
14056,3608,3339,0
14057,3382,3608,0
14058,3339,3546,0
14059,4820,3820,0
14060,4411,3820,0
14061,3913,3820,0
14062,162,52,0
14063,162,6517,0
14064,61,6517,0
14065,61,52,0
14066,61,162,0
14067,5235,5191,0
14068,5235,5055,0
14069,4905,5191,0
14070,4905,5235,0
14071,230,85,0
14072,230,269,0
14073,17,269,0
14074,17,85,0
14075,17,230,0
14076,269,85,0
14077,802,607,0
14078,802,788,0
14079,776,607,0
14080,776,802,0
14081,788,607,0
14082,495,751,0
14083,495,247,0
14084,810,247,0
14085,810,751,0
14086,810,495,0
14087,247,751,0
14088,4894,4632,0
14089,6125,6166,0
14090,6125,6066,0
14091,6109,6066,0
14092,6109,6166,0
14093,6109,6125,0
14094,6066,6166,0
14095,3602,3777,0
14096,3546,3777,0
14097,3856,3777,0
14098,4938,4714,0
14099,4938,4722,0
14100,4798,4714,0
14101,4798,4938,0
14102,4722,4714,0
14103,5569,5602,0
14104,5569,5748,0
14105,5765,5748,0
14106,5765,5602,0
14107,5765,5569,0
14108,5748,5602,0
14109,24,6451,0
14110,24,6365,0
14111,6299,6365,0
14112,6299,6451,0
14113,6299,24,0
14114,5913,6358,0
14115,5913,6429,0
14116,5979,6429,0
14117,5979,6358,0
14118,5979,5913,0
14119,6429,6358,0
14120,4967,4927,0
14121,4671,4927,0
14122,4927,4727,0
14123,4058,3992,0
14124,4553,3992,0
14125,4783,4842,0
14126,4783,4835,0
14127,5027,4835,0
14128,5027,4842,0
14129,5027,4783,0
14130,4835,4842,0
14131,5003,4669,0
14132,5003,4871,0
14133,4576,4871,0
14134,4576,4669,0
14135,4576,5003,0
14136,4139,4039,0
14137,4139,4063,0
14138,4414,4063,0
14139,4414,4039,0
14140,4414,4139,0
14141,4063,4039,0
14142,4369,4283,0
14143,4369,4360,0
14144,4463,4283,0
14145,4463,4369,0
14146,4360,4283,0
14147,6104,5860,0
14148,6104,5906,0
14149,5793,5906,0
14150,5793,5860,0
14151,5793,6104,0
14152,5906,5860,0
14153,4880,5033,0
14154,5259,4880,0
14155,1216,950,0
14156,957,992,0
14157,957,950,0
14158,957,1216,0
14159,992,950,0
14160,5244,5517,0
14161,5244,5505,0
14162,5487,5505,0
14163,5487,5517,0
14164,5487,5244,0
14165,5505,5517,0
14166,396,255,0
14167,364,255,0
14168,255,235,0
14169,1168,1337,0
14170,1168,1330,0
14171,1225,1330,0
14172,1225,1337,0
14173,1225,1168,0
14174,1330,1337,0
14175,559,535,0
14176,559,578,0
14177,709,578,0
14178,709,535,0
14179,709,559,0
14180,578,535,0
14181,4847,4807,0
14182,4847,4673,0
14183,4741,4807,0
14184,4741,4847,0
14185,4673,4807,0
14186,781,857,0
14187,781,752,0
14188,919,752,0
14189,919,857,0
14190,919,781,0
14191,752,857,0
14192,5114,5133,0
14193,5114,4957,0
14194,5114,5008,0
14195,5585,5503,0
14196,5550,5503,0
14197,5503,5614,0
14198,5382,5503,0
14199,5382,5471,0
14200,5609,5503,0
14201,5609,5382,0
14202,5454,5487,0
14203,5454,5517,0
14204,5454,5244,0
14205,4884,4791,0
14206,4884,4882,0
14207,5143,4791,0
14208,5143,4884,0
14209,4882,4791,0
14210,4309,4566,0
14211,4309,4364,0
14212,5160,5144,0
14213,5160,5133,0
14214,5324,5133,0
14215,5324,5144,0
14216,5324,5160,0
14217,3961,3569,0
14218,3961,3913,0
14219,3763,3913,0
14220,3763,3569,0
14221,3763,3961,0
14222,3913,3569,0
14223,5817,5829,0
14224,5817,5668,0
14225,5719,5668,0
14226,5719,5829,0
14227,5719,5817,0
14228,5668,5829,0
14229,4745,4755,0
14230,5971,6007,0
14231,5971,6035,0
14232,6107,6007,0
14233,6107,5971,0
14234,6035,6007,0
14235,4746,4817,0
14236,4746,4803,1
14237,4805,4803,0
14238,4805,4817,0
14239,4805,4746,0
14240,4803,4817,0
14241,4884,4801,0
14242,4884,4789,0
14243,4882,4789,0
14244,4882,4801,0
14245,4789,4801,0
14246,6507,141,0
14247,6317,78,0
14248,6317,141,0
14249,6317,6507,0
14250,78,141,0
14251,335,307,0
14252,335,2931,0
14253,3925,2931,0
14254,3925,307,0
14255,3925,335,0
14256,2931,307,0
14257,4850,4729,0
14258,4742,4729,0
14259,4399,4550,0
14260,4471,4288,0
14261,4471,4550,0
14262,4471,4399,0
14263,4288,4550,0
14264,5600,5568,0
14265,5600,5757,0
14266,5816,5757,0
14267,5816,5568,0
14268,5816,5600,0
14269,5757,5568,0
14270,6153,6102,0
14271,6153,6114,0
14272,6162,6114,0
14273,6162,6102,0
14274,6162,6153,0
14275,6114,6102,0
14276,5371,5505,0
14277,5371,5747,0
14278,5796,5747,0
14279,5796,5505,0
14280,5796,5371,0
14281,5747,5505,0
14282,6279,6402,0
14283,6120,6402,0
14284,6402,6050,0
14285,41,6451,0
14286,41,6434,0
14287,6421,6434,0
14288,6421,6451,0
14289,6421,41,0
14290,6434,6451,0
14291,6117,5760,0
14292,6117,5735,0
14293,5730,5760,0
14294,5730,6117,0
14295,5735,5760,0
14296,5208,4848,0
14297,5208,4838,0
14298,5186,4838,0
14299,5186,4848,0
14300,5186,5208,0
14301,4838,4848,0
14302,4877,4755,0
14303,4877,5089,0
14304,4814,5089,0
14305,4814,4755,0
14306,4814,4877,0
14307,5089,4755,0
14308,5397,5609,0
14309,5397,5356,0
14310,5397,5485,0
14311,450,123,0
14312,301,123,0
14313,301,240,0
14314,301,450,0
14315,123,240,0
14316,5920,5811,0
14317,5879,5616,0
14318,5879,5771,0
14319,5585,5616,0
14320,5585,5879,0
14321,5771,5616,0
14322,3272,2808,1
14323,3272,2998,0
14324,2859,3272,0
14325,5071,5110,0
14326,5071,5249,0
14327,5096,5249,0
14328,5096,5110,0
14329,5249,5110,0
14330,5252,5189,0
14331,5252,5106,0
14332,5094,5106,0
14333,5094,5189,0
14334,5094,5252,0
14335,5106,5189,0
14336,4782,4755,0
14337,3052,3208,0
14338,3052,2973,0
14339,2854,3208,0
14340,2854,3052,0
14341,5199,5256,0
14342,5199,5382,0
14343,5356,5382,0
14344,5356,5256,0
14345,5356,5199,0
14346,5382,5256,0
14347,4249,4264,0
14348,4385,4264,0
14349,4385,4374,0
14350,4385,4249,0
14351,4264,4374,0
14352,4006,4160,0
14353,4092,4006,0
14354,4623,4484,0
14355,4554,4484,0
14356,4977,5083,0
14357,4977,4683,0
14358,4727,4683,0
14359,4727,5083,0
14360,4727,4977,0
14361,4683,5083,0
14362,1834,1740,0
14363,1834,1759,0
14364,1740,1844,0
14365,878,1101,0
14366,878,798,0
14367,1025,798,0
14368,1025,878,0
14369,798,1101,0
14370,5120,5096,0
14371,5120,4828,0
14372,4927,4828,0
14373,4927,5096,0
14374,4927,5120,0
14375,4828,5096,0
14376,5324,5350,0
14377,5324,5239,0
14378,5133,5239,0
14379,5133,5350,0
14380,5239,5350,0
14381,3602,3992,0
14382,3602,2887,0
14383,3391,2887,0
14384,3391,3992,0
14385,4022,3526,0
14386,4022,4039,0
14387,4063,3526,0
14388,4063,4022,0
14389,4039,3526,0
14390,4424,4381,0
14391,4424,4388,1
14392,4428,4388,0
14393,4428,4381,0
14394,4428,4424,0
14395,4266,4341,0
14396,4266,4254,0
14397,4133,4254,0
14398,4133,4266,0
14399,4254,4341,0
14400,5478,5455,0
14401,5478,5110,0
14402,5230,5455,0
14403,5110,5455,0
14404,4812,4700,0
14405,4651,4700,0
14406,4651,4744,0
14407,4651,4812,0
14408,4700,4744,0
14409,4847,4911,0
14410,4847,4814,0
14411,5110,4814,0
14412,5110,4911,0
14413,5110,4847,0
14414,4814,4911,0
14415,762,825,0
14416,457,825,0
14417,825,499,0
14418,5800,5943,0
14419,5800,5831,0
14420,5630,5831,0
14421,5630,5943,0
14422,5630,5800,0
14423,5831,5943,0
14424,4869,4737,0
14425,4677,4737,0
14426,4826,4737,0
14427,4187,4483,0
14428,4187,4360,0
14429,4190,4187,0
14430,5829,5827,0
14431,6445,6302,0
14432,6445,6113,0
14433,6215,6113,0
14434,6215,6302,0
14435,6215,6445,0
14436,6113,6302,0
14437,5281,5317,0
14438,5067,5035,0
14439,5067,5079,0
14440,4964,5079,0
14441,4964,5035,0
14442,4964,5067,0
14443,5079,5035,0
14444,4282,4176,0
14445,3953,4176,0
14446,4645,4583,0
14447,4645,4612,0
14448,4385,4612,0
14449,4385,4583,0
14450,4385,4645,0
14451,4612,4583,0
14452,5161,5242,0
14453,5161,5217,0
14454,5131,5217,0
14455,5131,5242,0
14456,5131,5161,0
14457,5217,5242,0
14458,5536,5583,0
14459,5536,5533,0
14460,5474,5533,0
14461,5533,5583,0
14462,4851,4936,0
14463,4851,4904,0
14464,4808,4851,0
14465,4499,4575,0
14466,4499,4550,0
14467,4648,4550,0
14468,4648,4499,0
14469,4550,4575,0
14470,4526,4457,0
14471,4526,4515,0
14472,4473,4526,0
14473,5350,5197,0
14474,5350,5328,0
14475,5239,5328,0
14476,5239,5197,0
14477,5328,5197,0
14478,4858,5110,0
14479,4858,4814,0
14480,4807,4814,0
14481,4807,5110,0
14482,4807,4858,0
14483,4916,4917,0
14484,4916,5182,0
14485,5038,5182,0
14486,5038,4917,0
14487,5038,4916,0
14488,5182,4917,0
14489,265,346,0
14490,265,165,0
14491,290,346,0
14492,290,265,0
14493,165,346,0
14494,322,374,0
14495,322,479,0
14496,494,479,0
14497,494,374,0
14498,494,322,0
14499,479,374,0
14500,5192,4938,0
14501,5192,5020,0
14502,5110,5020,0
14503,5110,5192,0
14504,4580,4454,0
14505,4495,4454,0
14506,4495,4699,0
14507,4495,4580,0
14508,4454,4699,0
14509,4812,4806,0
14510,4550,4806,0
14511,4530,4806,0
14512,4845,4812,0
14513,4845,4736,0
14514,4700,4845,0
14515,4736,4812,0
14516,5336,5425,0
14517,5336,5231,0
14518,5242,5231,0
14519,5242,5425,0
14520,5242,5336,0
14521,5231,5425,0
14522,5674,5552,0
14523,5633,5552,0
14524,5633,5699,0
14525,5633,5674,0
14526,5552,5699,0
14527,264,289,0
14528,264,119,0
14529,164,119,0
14530,164,289,0
14531,164,264,0
14532,119,289,0
14533,5056,4976,0
14534,5056,5088,0
14535,4921,4976,0
14536,4921,5056,0
14537,5088,4976,0
14538,5577,5697,0
14539,5577,5489,0
14540,5528,5489,0
14541,5528,5697,0
14542,5528,5577,0
14543,5489,5697,0
14544,4862,4855,0
14545,4862,4705,0
14546,4731,4855,0
14547,4731,4862,0
14548,4526,4560,0
14549,4534,4526,0
14550,4560,4677,0
14551,4862,4876,0
14552,4862,5161,0
14553,5043,5161,0
14554,5043,4876,0
14555,5043,4862,0
14556,5161,4876,0
14557,5069,4936,1
14558,5069,4886,0
14559,5028,4886,0
14560,5028,5069,0
14561,4886,4936,0
14562,4583,4602,0
14563,4385,4439,0
14564,4385,4602,0
14565,4439,4602,0
14566,5734,5791,0
14567,5734,5628,0
14568,5734,5663,0
14569,5791,5628,0
14570,4737,4675,0
14571,4645,4675,0
14572,4595,4675,0
14573,5447,5192,0
14574,5447,5212,0
14575,5152,5212,0
14576,5152,5192,0
14577,5152,5447,0
14578,5212,5192,0
14579,4641,4675,0
14580,4641,4713,0
14581,5256,5195,0
14582,5256,5089,0
14583,5290,5089,0
14584,5290,5195,0
14585,5290,5256,0
14586,5089,5195,0
14587,4082,4206,1
14588,4082,4059,1
14589,5299,5606,0
14590,5299,5584,0
14591,5615,5584,0
14592,5615,5606,0
14593,5615,5299,0
14594,5584,5606,0
14595,5216,5200,0
14596,5216,5241,1
14597,5116,5241,1
14598,5116,5200,0
14599,5116,5216,1
14600,5241,5200,0
14601,4689,4686,0
14602,4689,4574,0
14603,4689,4874,0
14604,5244,5145,0
14605,5244,5354,0
14606,5454,5354,0
14607,5454,5145,0
14608,4593,4550,0
14609,4593,4495,0
14610,4542,4495,0
14611,4542,4550,0
14612,4542,4593,0
14613,4495,4550,0
14614,4051,4068,0
14615,4088,4203,0
14616,4068,4203,0
14617,4073,4156,0
14618,4876,4731,0
14619,4876,4740,0
14620,4670,4740,0
14621,4670,4731,0
14622,4670,4876,0
14623,4776,4737,0
14624,4595,4756,0
14625,4844,4939,0
14626,4844,5215,0
14627,4829,5215,0
14628,4829,4939,0
14629,4829,4844,0
14630,4693,4548,0
14631,4544,4548,0
14632,4646,4548,0
14633,5465,5349,0
14634,5465,5433,0
14635,5355,5433,0
14636,5355,5349,0
14637,5355,5465,0
14638,5433,5349,0
14639,503,1053,0
14640,503,811,0
14641,354,811,0
14642,354,1053,0
14643,354,503,0
14644,811,1053,0
14645,531,385,0
14646,531,283,0
14647,387,283,0
14648,387,385,0
14649,387,531,0
14650,283,385,0
14651,4911,4798,0
14652,4911,5074,0
14653,4911,4938,0
14654,4798,5074,0
14655,4680,4300,0
14656,4218,4034,0
14657,3871,4065,0
14658,3871,4218,0
14659,6464,134,0
14660,86,134,0
14661,6483,134,0
14662,5593,5578,0
14663,5708,5578,0
14664,5603,5578,0
14665,918,6568,0
14666,918,1176,0
14667,6569,1176,0
14668,6569,6568,0
14669,6569,918,0
14670,1176,6568,0
14671,6409,6506,0
14672,6409,6377,0
14673,6426,6377,0
14674,6426,6506,0
14675,6426,6409,0
14676,6377,6506,0
14677,4657,4689,0
14678,4689,4573,0
14679,4411,4775,0
14680,4411,4915,0
14681,4491,4411,0
14682,5423,6701,0
14683,5423,5442,0
14684,6702,5442,0
14685,6702,6701,0
14686,6702,5423,0
14687,5442,6701,0
14688,4326,4238,0
14689,4259,4281,0
14690,4259,4326,0
14691,4546,4621,0
14692,4382,4621,0
14693,4621,4413,0
14694,1345,1171,0
14695,1345,937,0
14696,1075,1171,0
14697,1075,1345,0
14698,937,1171,0
14699,5571,5376,0
14700,5659,5376,0
14701,5622,5376,0
14702,5749,5713,0
14703,5749,5704,0
14704,5828,5704,0
14705,5828,5713,0
14706,5828,5749,0
14707,4006,4321,0
14708,4249,4321,0
14709,4249,4160,0
14710,4249,4006,0
14711,4321,4160,0
14712,388,122,0
14713,208,1004,0
14714,208,122,0
14715,208,388,0
14716,1004,122,0
14717,6414,6380,0
14718,6414,6311,0
14719,6449,6311,0
14720,6449,6380,0
14721,6449,6414,0
14722,6311,6380,0
14723,5347,5104,0
14724,5347,5236,0
14725,5347,5452,0
14726,5559,6703,0
14727,5559,5657,0
14728,5818,5657,0
14729,5818,6703,0
14730,5818,5559,0
14731,5657,6703,0
14732,3391,3298,0
14733,3391,2945,0
14734,2926,3298,0
14735,2926,3391,0
14736,2945,3298,0
14737,4830,4758,0
14738,4830,4778,0
14739,4536,4830,0
14740,4028,4055,0
14741,4028,3842,0
14742,4031,3842,0
14743,4031,4055,0
14744,3842,4055,0
14745,6333,6342,0
14746,6333,6255,0
14747,6333,6100,0
14748,5958,5909,0
14749,6093,5909,0
14750,6101,5909,1
14751,6218,6106,0
14752,6218,5968,0
14753,6218,6113,0
14754,6106,5968,0
14755,2208,6617,0
14756,2208,2255,0
14757,2130,2255,0
14758,2130,6617,0
14759,2130,2208,0
14760,2255,6617,0
14761,6522,45,0
14762,6522,23,0
14763,147,23,0
14764,147,45,0
14765,147,6522,0
14766,23,45,0
14767,5236,5355,0
14768,5236,5349,0
14769,5236,5465,0
14770,4187,4042,0
14771,4360,4042,0
14772,4190,4042,0
14773,6649,3937,0
14774,4036,4260,0
14775,4036,4202,0
14776,4268,4202,0
14777,4268,4260,0
14778,4268,4036,0
14779,6005,5799,0
14780,6005,5756,0
14781,5831,5756,0
14782,5831,5799,0
14783,5831,6005,0
14784,5756,5799,0
14785,3153,2892,0
14786,2858,3059,0
14787,2858,2892,0
14788,2858,3153,0
14789,3059,2892,0
14790,4950,4956,0
14791,5117,4973,0
14792,5117,4956,0
14793,5117,4950,0
14794,4973,4956,0
14795,4640,4584,0
14796,4792,4552,0
14797,4792,4640,0
14798,4584,4552,0
14799,4552,4371,0
14800,4409,4371,0
14801,4672,4371,0
14802,5823,5828,0
14803,5823,5993,0
14804,5761,5993,0
14805,5761,5828,0
14806,5761,5823,0
14807,5993,5828,0
14808,4175,4356,0
14809,4356,4397,0
14810,4221,4008,0
14811,4185,4008,0
14812,4329,4640,0
14813,4516,4329,0
14814,4356,4640,0
14815,5030,5251,0
14816,5030,5161,0
14817,4987,5161,0
14818,4987,5030,0
14819,5161,5251,0
14820,6039,6187,0
14821,6039,6062,0
14822,6039,6243,0
14823,5336,5152,0
14824,5242,5152,0
14825,5152,5231,0
14826,5221,5320,0
14827,5253,5415,0
14828,5253,5320,0
14829,5253,5221,0
14830,5415,5320,0
14831,3701,3937,0
14832,3937,3805,0
14833,4642,4779,0
14834,4642,4813,0
14835,4736,4813,0
14836,4736,4779,0
14837,4736,4642,0
14838,4813,4779,0
14839,5149,5155,0
14840,5149,5081,0
14841,5157,5155,0
14842,5157,5149,0
14843,5081,5155,0
14844,4365,4605,0
14845,4365,4604,0
14846,6693,5280,0
14847,6693,5376,0
14848,5418,5376,0
14849,5418,5280,0
14850,5418,6693,0
14851,5376,5280,0
14852,6697,5513,0
14853,5435,5315,0
14854,5435,5513,0
14855,5435,6697,0
14856,5315,5513,0
14857,4634,4738,0
14858,4634,4678,0
14859,4707,4678,0
14860,4246,4435,0
14861,4246,4190,0
14862,4246,4463,0
14863,5179,5271,0
14864,5179,5468,0
14865,5306,5468,0
14866,5306,5271,0
14867,5306,5179,0
14868,5468,5271,0
14869,5284,5287,0
14870,5284,5462,0
14871,5427,5462,0
14872,5427,5287,0
14873,5427,5284,0
14874,5462,5287,0
14875,4324,4498,0
14876,4324,4470,0
14877,3907,4121,0
14878,4962,4937,0
14879,4962,4758,0
14880,4620,4758,0
14881,4620,4962,0
14882,4758,4937,0
14883,4778,4707,0
14884,4778,4767,0
14885,4778,4852,0
14886,222,273,0
14887,222,196,0
14888,231,196,0
14889,231,273,0
14890,231,222,0
14891,4553,4531,0
14892,4531,3992,0
14893,5643,5553,0
14894,5643,5784,0
14895,5812,5784,0
14896,5812,5553,0
14897,5812,5643,0
14898,5784,5553,0
14899,60,77,0
14900,60,37,0
14901,344,37,0
14902,344,77,0
14903,344,60,0
14904,37,77,0
14905,5136,5376,0
14906,5136,5391,0
14907,5117,5376,0
14908,5117,5136,0
14909,5391,5376,0
14910,5522,5534,0
14911,5522,5614,0
14912,5763,5614,0
14913,5763,5534,0
14914,5763,5522,0
14915,5614,5534,0
14916,4581,4468,0
14917,4581,4305,0
14918,4403,4581,0
14919,4633,4659,0
14920,4633,6668,0
14921,6671,6668,0
14922,6671,4633,0
14923,6668,4659,0
14924,1757,6613,0
14925,1757,2252,0
14926,2497,2252,0
14927,2497,6613,0
14928,2497,1757,0
14929,2252,6613,0
14930,400,456,0
14931,400,289,0
14932,463,400,0
14933,4520,4324,0
14934,4520,4505,0
14935,4344,4505,0
14936,4344,4324,0
14937,4344,4520,0
14938,4375,4633,0
14939,6585,1726,0
14940,6585,1673,0
14941,4357,3930,0
14942,4357,3948,0
14943,3949,4357,0
14944,6683,4619,0
14945,6683,4617,0
14946,4562,4617,0
14947,4562,4619,0
14948,4562,6683,0
14949,4617,4619,0
14950,3937,3737,0
14951,4061,3737,0
14952,4061,3701,0
14953,3737,3701,0
14954,4581,4344,0
14955,4403,4344,0
14956,4403,4443,0
14957,4344,4443,0
14958,4735,4740,0
14959,4735,4667,0
14960,4779,4735,0
14961,3595,4173,0
14962,3595,4251,0
14963,2483,6624,0
14964,2483,2788,0
14965,6628,2788,0
14966,6628,6624,0
14967,6628,2483,0
14968,2788,6624,0
14969,4562,4317,0
14970,4562,4292,0
14971,4562,4655,0
14972,4420,4362,0
14973,4536,4362,0
14974,4536,4420,0
14975,4468,4362,0
14976,4687,4494,0
14977,4687,4448,0
14978,4687,4620,0
14979,4494,4448,0
14980,6701,5548,0
14981,5679,6702,0
14982,5679,5548,0
14983,5679,6701,0
14984,6702,5548,0
14985,3858,3804,0
14986,3858,6658,0
14987,4365,4319,0
14988,4365,4539,0
14989,4603,4319,0
14990,5183,5112,0
14991,5183,5189,0
14992,5177,5189,0
14993,5177,5112,0
14994,5177,5183,0
14995,5189,5112,0
14996,5599,5627,0
14997,5599,5541,0
14998,5573,5541,0
14999,5573,5627,0
15000,5573,5599,0
15001,5541,5627,0
15002,4837,4942,0
15003,4837,4620,0
15004,4937,4942,0
15005,4937,4837,0
15006,4620,4942,0
15007,5142,5159,0
15008,5142,5026,0
15009,4937,5142,0
15010,5406,5597,0
15011,5406,5364,0
15012,5511,5364,0
15013,5511,5597,0
15014,5511,5406,0
15015,5364,5597,0
15016,5335,5427,0
15017,5335,5462,0
15018,5592,5462,0
15019,5592,5427,0
15020,6615,6596,0
15021,6615,2172,0
15022,6619,2172,0
15023,6619,6596,0
15024,2172,6596,0
15025,1197,1282,0
15026,1197,1090,0
15027,1318,1090,0
15028,1318,1282,0
15029,1318,1197,0
15030,1090,1282,0
15031,5384,5594,0
15032,5384,5525,0
15033,5792,5384,0
15034,5949,5905,0
15035,5841,5989,0
15036,5841,5905,0
15037,5841,5949,0
15038,5989,5905,0
15039,5347,5346,0
15040,5347,5251,0
15041,5472,5347,0
15042,5612,5799,0
15043,5612,5717,0
15044,5831,5717,0
15045,5831,5612,0
15046,5717,5799,0
15047,5554,5754,0
15048,5780,5807,0
15049,5780,5754,0
15050,5780,5554,0
15051,5807,5754,0
15052,4488,4431,0
15053,4489,4536,0
15054,4489,4431,0
15055,4489,4488,0
15056,4536,4431,0
15057,5522,5504,0
15058,5763,5504,0
15059,5504,5614,0
15060,6267,6040,0
15061,6267,5969,0
15062,6144,5969,0
15063,6144,6040,0
15064,6144,6267,0
15065,5969,6040,0
15066,2763,2643,0
15067,2774,2643,0
15068,2643,2696,0
15069,5338,5866,0
15070,5120,5866,0
15071,5866,5747,0
15072,14,4,0
15073,14,6546,0
15074,169,6546,0
15075,169,4,0
15076,169,14,0
15077,6292,6258,0
15078,6446,6258,0
15079,6167,6258,0
15080,5613,5904,0
15081,5613,5659,0
15082,5571,5613,0
15083,5659,5904,0
15084,4881,4716,0
15085,4881,4813,0
15086,4622,4813,0
15087,4622,4881,0
15088,4813,4716,0
15089,6428,6198,0
15090,6428,6328,0
15091,6083,6198,0
15092,6083,6428,0
15093,6328,6198,0
15094,3059,3060,0
15095,3206,3060,0
15096,3206,3064,0
15097,3206,3059,0
15098,3060,3064,0
15099,6663,1350,0
15100,6663,1906,0
15101,1281,1906,0
15102,1281,1350,0
15103,1281,6663,0
15104,5032,5248,0
15105,5032,5009,0
15106,5159,5248,0
15107,5159,5032,0
15108,5474,5212,0
15109,5474,5447,0
15110,354,6422,0
15111,354,6379,0
15112,173,6379,0
15113,173,6422,0
15114,173,354,0
15115,6379,6422,0
15116,1786,1783,0
15117,1786,6594,0
15118,1786,1874,0
15119,5335,5893,0
15120,5335,5868,0
15121,5821,5868,0
15122,5821,5893,0
15123,5821,5335,0
15124,5868,5893,0
15125,6681,5041,0
15126,6681,4624,0
15127,5042,4624,0
15128,5042,6681,0
15129,4624,5041,0
15130,5406,5321,0
15131,5406,5322,0
15132,5396,5322,0
15133,5396,5321,0
15134,5396,5406,0
15135,5322,5321,0
15136,667,585,0
15137,667,743,0
15138,6561,743,0
15139,6561,585,0
15140,6561,667,0
15141,743,585,0
15142,4690,6673,0
15143,4690,3634,0
15144,3816,3634,0
15145,3816,6673,0
15146,3816,4690,0
15147,3634,6673,0
15148,720,1038,0
15149,3,1038,0
15150,3,720,0
15151,534,1038,0
15152,6489,6349,0
15153,6489,6282,0
15154,6456,6282,0
15155,6456,6489,0
15156,6282,6349,0
15157,5445,5248,0
15158,5236,5248,0
15159,5081,5123,0
15160,5081,5004,0
15161,6314,5992,0
15162,6314,6063,0
15163,6340,6063,0
15164,6340,6314,0
15165,6063,5992,0
15166,6347,83,0
15167,6347,98,0
15168,6542,98,0
15169,6542,83,0
15170,6542,6347,0
15171,98,83,0
15172,2732,2708,0
15173,2676,2617,0
15174,2708,2617,0
15175,4799,4449,0
15176,4397,4453,0
15177,4397,4799,0
15178,4449,4453,0
15179,4967,6180,0
15180,4967,5588,0
15181,6224,6180,0
15182,5588,6180,0
15183,1639,1497,0
15184,1639,1468,0
15185,1399,1468,0
15186,1399,1497,0
15187,1399,1639,0
15188,1468,1497,0
15189,4656,4619,0
15190,4656,6683,0
15191,6111,6712,0
15192,6111,6157,0
15193,6138,6157,0
15194,6138,6712,0
15195,6138,6111,0
15196,6157,6712,0
15197,4215,4099,0
15198,4215,4324,0
15199,4303,4324,0
15200,4303,4099,0
15201,4303,4215,0
15202,4324,4099,0
15203,6682,4630,0
15204,6682,4317,0
15205,4561,4317,0
15206,4561,4630,0
15207,4561,6682,0
15208,4317,4630,0
15209,1095,1204,0
15210,1349,1204,0
15211,4225,6666,0
15212,4587,6666,0
15213,4587,4437,0
15214,6666,4437,0
15215,2497,5264,0
15216,2497,5042,0
15217,2497,5041,0
15218,361,6548,0
15219,361,6422,0
15220,5422,6548,0
15221,5422,361,0
15222,6422,6548,0
15223,5032,6688,0
15224,4974,6688,0
15225,6688,6694,0
15226,3938,4079,0
15227,6666,4079,0
15228,4079,4207,0
15229,4292,4466,0
15230,5032,5406,0
15231,5032,5364,0
15232,5211,5364,0
15233,5211,5406,0
15234,5211,5032,0
15235,6208,6314,0
15236,6208,6020,0
15237,6306,6020,0
15238,6306,6208,0
15239,6020,6314,0
15240,5813,5235,0
15241,5813,5868,0
15242,5605,5235,0
15243,5605,5813,0
15244,5868,5235,0
15245,3547,3237,0
15246,3547,3175,0
15247,3206,3237,0
15248,3206,3547,0
15249,3175,3237,0
15250,4614,4688,0
15251,4614,4387,0
15252,4369,4387,0
15253,4369,4688,0
15254,4369,4614,0
15255,4861,6682,0
15256,4630,4712,0
15257,4712,6682,0
15258,4732,4825,0
15259,4505,4825,0
15260,4825,4570,0
15261,5092,5248,0
15262,5092,5187,0
15263,5009,5187,0
15264,5009,5092,0
15265,5187,5248,0
15266,5335,5191,0
15267,5868,5191,0
15268,5191,5893,0
15269,3885,3626,0
15270,3873,3626,0
15271,3873,3704,0
15272,3626,3704,0
15273,5968,6061,0
15274,5807,6106,0
15275,5807,6061,0
15276,5807,5968,0
15277,6613,1929,0
15278,2321,2252,0
15279,2321,6613,0
15280,4531,4351,0
15281,4531,4671,0
15282,4725,4671,0
15283,4725,4351,0
15284,4725,4531,0
15285,5670,5819,0
15286,5670,5766,0
15287,5814,5766,0
15288,5814,5819,0
15289,5814,5670,0
15290,5766,5819,0
15291,5472,5401,0
15292,5472,5452,0
15293,5401,5347,0
15294,703,226,0
15295,466,226,0
15296,466,435,0
15297,466,703,0
15298,226,435,0
15299,538,226,0
15300,168,226,0
15301,168,538,0
15302,226,475,0
15303,1103,1046,0
15304,6568,811,0
15305,6568,1046,0
15306,6568,1103,0
15307,811,1046,0
15308,6174,5813,0
15309,6174,5868,0
15310,6270,5868,0
15311,6270,5813,0
15312,5977,5974,0
15313,5977,6055,0
15314,6141,5974,0
15315,6141,5977,0
15316,6055,5974,0
15317,5154,5096,0
15318,4823,5096,0
15319,5096,4804,0
15320,1868,6615,0
15321,6596,1743,0
15322,6596,1868,0
15323,1743,6615,0
15324,1368,1280,0
15325,1368,991,0
15326,1457,991,0
15327,1457,1280,0
15328,1457,1368,0
15329,6436,63,0
15330,6436,50,0
15331,6313,50,0
15332,6313,63,0
15333,6313,6436,0
15334,50,63,0
15335,897,677,0
15336,852,684,0
15337,852,897,0
15338,684,677,0
15339,4360,4614,0
15340,4,6461,0
15341,4,6225,0
15342,6236,6225,0
15343,6236,6461,0
15344,6236,4,0
15345,6225,6461,0
15346,6570,492,0
15347,6570,777,0
15348,738,492,0
15349,738,6570,0
15350,3518,3626,0
15351,3518,3873,0
15352,3518,3885,0
15353,1236,1091,0
15354,1236,1115,0
15355,1210,1115,0
15356,1210,1091,0
15357,1210,1236,0
15358,1115,1091,0
15359,483,457,0
15360,483,624,0
15361,850,624,0
15362,850,483,0
15363,624,457,0
15364,2564,2627,0
15365,2365,2627,0
15366,2365,2564,0
15367,2661,2627,0
15368,4898,4816,0
15369,4898,4631,0
15370,4628,4631,0
15371,4628,4816,0
15372,4628,4898,0
15373,4631,4816,0
15374,4965,5588,0
15375,4965,6201,0
15376,4965,6224,0
15377,1569,1518,0
15378,1623,1518,0
15379,1518,1415,0
15380,6001,5960,0
15381,6001,6079,0
15382,5727,6079,0
15383,5727,5960,0
15384,5727,6001,0
15385,6079,5960,0
15386,836,888,0
15387,836,941,0
15388,1001,941,0
15389,1001,888,0
15390,1001,836,0
15391,941,888,0
15392,1833,1677,0
15393,1833,1615,0
15394,1749,1615,0
15395,1749,1677,0
15396,1749,1833,0
15397,1615,1677,0
15398,6000,5727,0
15399,6000,5960,0
15400,6000,6001,0
15401,5933,6076,0
15402,6009,6146,0
15403,6009,6076,0
15404,6146,6076,0
15405,5452,5608,0
15406,5465,5472,0
15407,5465,5608,0
15408,5465,5452,0
15409,5472,5608,0
15410,1377,1197,0
15411,1377,1296,0
15412,1141,1296,0
15413,1141,1197,0
15414,1141,1377,0
15415,1296,1197,0
15416,6455,2791,0
15417,6455,6612,0
15418,1097,6612,0
15419,1097,2791,0
15420,1097,6455,0
15421,6612,2791,0
15422,5594,6011,0
15423,5796,6011,0
15424,5796,5594,0
15425,6011,5948,0
15426,4378,6676,0
15427,4710,6676,0
15428,4710,4375,0
15429,4710,4378,0
15430,6676,4375,0
15431,5142,4962,0
15432,5142,4952,0
15433,4937,4952,0
15434,4952,4962,0
15435,4581,4570,0
15436,4505,4581,0
15437,4535,5020,0
15438,4535,4823,0
15439,482,380,0
15440,482,576,0
15441,588,380,0
15442,588,482,0
15443,576,380,0
15444,4829,4503,0
15445,4829,4719,0
15446,4669,4719,0
15447,4669,4503,0
15448,4669,4829,0
15449,5147,5192,0
15450,5147,5074,0
15451,5061,5074,0
15452,5061,5192,0
15453,5074,5192,0
15454,1658,1628,0
15455,1642,1628,0
15456,1642,1658,0
15457,1594,1628,0
15458,1650,2104,0
15459,1650,307,0
15460,1650,705,0
15461,1349,1421,0
15462,1349,1280,0
15463,5384,5416,0
15464,5384,5913,0
15465,5656,5913,0
15466,5656,5416,0
15467,5656,5384,0
15468,5913,5416,0
15469,555,694,0
15470,555,537,0
15471,755,537,0
15472,755,694,0
15473,755,555,0
15474,537,694,0
15475,1589,1482,0
15476,1663,1482,0
15477,1622,1482,0
15478,5965,6030,0
15479,5965,6089,0
15480,5997,6089,0
15481,5997,6030,0
15482,5997,5965,0
15483,6089,6030,0
15484,4827,4790,0
15485,4827,4952,0
15486,4739,6683,0
15487,4739,4656,0
15488,4619,4739,0
15489,6256,5208,0
15490,6256,6212,0
15491,5464,6212,0
15492,5464,5208,0
15493,5464,6256,0
15494,6212,5208,0
15495,4553,4351,0
15496,4553,4725,0
15497,4404,4553,0
15498,5281,5257,0
15499,5401,5257,0
15500,5606,5745,0
15501,5606,5725,0
15502,5578,5725,0
15503,5578,5745,0
15504,5578,5606,0
15505,5725,5745,0
15506,3689,3422,0
15507,3689,3727,0
15508,3387,3727,0
15509,3387,3422,0
15510,3387,3689,0
15511,3727,3422,0
15512,5747,5979,0
15513,5003,4829,0
15514,5003,5194,0
15515,4871,4829,0
15516,5194,4829,0
15517,873,783,0
15518,1124,783,0
15519,1124,876,0
15520,1124,873,0
15521,783,876,0
15522,4463,4614,0
15523,5772,5943,0
15524,6011,5943,0
15525,5849,5943,0
15526,6341,6084,0
15527,6341,6248,0
15528,6181,6084,0
15529,6181,6341,0
15530,125,5859,0
15531,125,208,0
15532,5500,125,0
15533,984,1033,0
15534,984,1056,0
15535,939,1056,0
15536,939,1033,0
15537,939,984,0
15538,1056,1033,0
15539,5487,5669,0
15540,5591,5669,0
15541,5591,5505,0
15542,5591,5487,0
15543,5669,5505,0
15544,5533,5499,0
15545,5533,5447,0
15546,5499,5474,0
15547,6195,6000,0
15548,6195,6299,0
15549,6365,6000,0
15550,6365,6195,0
15551,6299,6000,0
15552,5390,5247,0
15553,4775,5247,0
15554,5247,5033,0
15555,3060,6637,0
15556,3060,3048,0
15557,3206,6637,0
15558,5316,5537,0
15559,5316,5184,0
15560,5576,5184,0
15561,5576,5316,0
15562,5184,5537,0
15563,3610,3252,0
15564,3610,3350,0
15565,3267,3252,0
15566,3267,3610,0
15567,3350,3252,0
15568,4848,4920,0
15569,3895,4920,0
15570,3895,4838,0
15571,3895,4848,0
15572,4920,4838,0
15573,1705,1852,0
15574,1888,1852,0
15575,1902,1852,0
15576,914,941,0
15577,899,941,0
15578,899,926,0
15579,899,914,0
15580,941,926,0
15581,5178,5333,0
15582,5178,5215,0
15583,4902,5178,0
15584,5851,5283,0
15585,5851,5184,0
15586,5576,5283,0
15587,5576,5851,0
15588,5184,5283,0
15589,4981,5054,0
15590,4981,4907,0
15591,5284,4907,0
15592,5284,5054,0
15593,5284,4981,0
15594,4907,5054,0
15595,4981,4613,0
15596,4618,4907,0
15597,4618,4981,0
15598,4613,4907,0
15599,3879,4282,0
15600,4767,4586,0
15601,4778,4586,0
15602,6104,5918,0
15603,6104,6321,0
15604,6133,6321,0
15605,6133,5918,0
15606,6133,6104,0
15607,6321,5918,0
15608,4714,4661,0
15609,4615,4722,0
15610,4615,4714,0
15611,3972,3899,0
15612,3972,4421,0
15613,3972,4086,0
15614,1155,1413,0
15615,1155,1181,0
15616,1157,1413,0
15617,1157,1155,0
15618,1181,1413,0
15619,5566,5474,0
15620,5566,5448,0
15621,5566,5583,0
15622,1374,1331,0
15623,1328,1314,0
15624,1328,1331,0
15625,1328,1374,0
15626,1314,1331,0
15627,1881,1732,0
15628,1881,1762,0
15629,1761,1732,0
15630,1761,1881,0
15631,5813,4898,0
15632,5813,5191,0
15633,5589,5191,0
15634,5589,4898,0
15635,5191,4898,0
15636,6266,6167,0
15637,6266,6320,0
15638,484,365,0
15639,484,498,0
15640,440,498,0
15641,440,365,0
15642,440,484,0
15643,498,365,0
15644,147,345,0
15645,147,167,0
15646,6552,167,0
15647,6552,345,0
15648,6552,147,0
15649,167,345,0
15650,6544,80,0
15651,6544,6440,0
15652,6371,6440,0
15653,6371,80,0
15654,6371,6544,0
15655,6440,80,0
15656,5175,5251,0
15657,5175,5281,0
15658,5401,5251,0
15659,423,420,0
15660,423,344,0
15661,439,344,0
15662,439,420,0
15663,439,423,0
15664,344,420,0
15665,5251,5242,0
15666,5161,5231,0
15667,3925,4024,0
15668,3602,2931,0
15669,3602,4024,0
15670,3602,3925,0
15671,2931,4024,0
15672,6357,6123,0
15673,6357,6280,0
15674,6096,6280,0
15675,6096,6123,0
15676,6280,6123,1
15677,5943,5632,0
15678,5630,5632,0
15679,5831,5632,0
15680,305,342,0
15681,305,270,0
15682,177,270,0
15683,177,342,0
15684,177,305,0
15685,270,342,0
15686,4877,4598,0
15687,4522,4877,0
15688,195,291,0
15689,195,191,0
15690,187,191,0
15691,187,291,0
15692,191,291,0
15693,5244,5429,0
15694,5259,5487,0
15695,5259,5429,0
15696,5259,5244,0
15697,5487,5429,0
15698,6211,6499,0
15699,6320,6499,0
15700,6500,6499,0
15701,6450,6417,0
15702,6450,105,0
15703,6500,105,0
15704,6500,6417,0
15705,6500,6450,0
15706,105,6417,0
15707,106,241,0
15708,0,241,0
15709,89,241,0
15710,102,154,0
15711,102,195,0
15712,102,295,0
15713,5963,5890,0
15714,5963,6110,0
15715,6049,6110,0
15716,6049,5890,0
15717,6049,5963,0
15718,6110,5890,0
15719,6019,6046,0
15720,6019,6126,0
15721,6045,6126,0
15722,6045,6046,0
15723,6045,6019,0
15724,6126,6046,0
15725,309,1123,0
15726,309,1152,0
15727,645,309,0
15728,5201,5142,0
15729,5111,5360,0
15730,5111,5201,0
15731,5142,5360,0
15732,1128,1211,0
15733,1128,1212,0
15734,1188,1212,0
15735,1188,1211,0
15736,1188,1128,0
15737,1212,1211,0
15738,5074,5094,0
15739,5074,5131,0
15740,4911,5131,0
15741,4911,5094,0
15742,5131,5094,0
15743,5196,5451,0
15744,6078,6102,0
15745,6078,6114,0
15746,6179,6114,0
15747,6179,6102,0
15748,563,442,0
15749,425,442,0
15750,425,444,0
15751,425,563,0
15752,442,444,0
15753,5455,5249,0
15754,5371,5249,0
15755,5371,5110,0
15756,5371,5455,0
15757,6003,6125,0
15758,6003,6166,0
15759,6066,6003,0
15760,5756,5895,0
15761,5756,5699,0
15762,5756,5996,0
15763,5838,4920,0
15764,5688,5884,0
15765,5688,4920,0
15766,5688,5838,0
15767,5884,4920,0
15768,4837,4907,0
15769,4687,4907,0
15770,4687,4837,0
15771,4907,4942,0
15772,6061,6126,0
15773,6061,6229,0
15774,6234,6229,0
15775,6234,6126,0
15776,6234,6061,0
15777,6229,6126,0
15778,1197,973,0
15779,1141,1090,0
15780,1141,973,0
15781,1090,973,0
15782,607,409,0
15783,607,526,0
15784,776,409,0
15785,5631,5425,0
15786,5631,5547,0
15787,5619,5547,0
15788,5619,5631,0
15789,5547,5425,0
15790,1550,1611,0
15791,1550,1651,0
15792,1769,1651,0
15793,1769,1550,0
15794,1651,1611,0
15795,5025,4909,0
15796,5025,5119,0
15797,5082,5119,0
15798,5082,4909,0
15799,5082,5025,0
15800,5119,4909,0
15801,1197,980,0
15802,1090,980,0
15803,980,973,0
15804,4492,4440,0
15805,5911,5738,0
15806,6202,5903,0
15807,6202,5738,0
15808,6202,5911,0
15809,5903,5738,0
15810,6325,6716,0
15811,6325,6691,0
15812,5567,6691,0
15813,5567,6716,0
15814,5567,6325,0
15815,6691,6716,0
15816,5997,5861,0
15817,5997,5862,0
15818,5887,5862,0
15819,5887,5861,0
15820,5887,5997,0
15821,5862,5861,0
15822,5827,5843,0
15823,5827,5619,0
15824,5728,5619,0
15825,5728,5827,0
15826,5619,5843,0
15827,477,676,0
15828,477,577,0
15829,641,577,0
15830,641,676,0
15831,641,477,0
15832,577,676,0
15833,5677,5563,0
15834,5677,5769,0
15835,5562,5769,0
15836,5562,5563,0
15837,5562,5677,0
15838,5769,5563,0
15839,5573,5703,0
15840,5445,5703,0
15841,5650,5703,0
15842,6227,6334,0
15843,6227,6370,0
15844,43,6370,0
15845,43,6334,0
15846,43,6227,0
15847,6370,6334,0
15848,949,819,0
15849,770,819,0
15850,770,795,0
15851,770,949,0
15852,819,795,0
15853,6466,6509,0
15854,6466,6453,0
15855,6452,6453,0
15856,6452,6509,0
15857,6452,6466,0
15858,6453,6509,0
15859,317,139,0
15860,268,139,0
15861,268,406,0
15862,139,406,0
15863,6290,6330,0
15864,6234,6187,0
15865,6234,6330,0
15866,6234,6290,0
15867,6187,6330,0
15868,409,515,0
15869,446,515,0
15870,306,515,0
15871,5545,5631,0
15872,5545,5547,0
15873,5715,5547,0
15874,5715,5631,0
15875,5715,5545,0
15876,4931,5168,0
15877,4931,5598,0
15878,4706,5598,0
15879,4706,5168,0
15880,4706,4931,0
15881,5598,5168,0
15882,5539,5518,0
15883,5539,5496,0
15884,5720,5496,0
15885,5720,5518,0
15886,5720,5539,0
15887,5496,5518,0
15888,825,624,0
15889,825,850,0
15890,825,483,0
15891,5949,5797,0
15892,5949,5782,0
15893,5905,5782,0
15894,5905,5797,0
15895,5782,5797,0
15896,5252,5217,0
15897,5151,5106,0
15898,5151,5217,0
15899,5151,5252,0
15900,5106,5217,0
15901,6173,6228,0
15902,6173,6110,0
15903,6244,6110,0
15904,6244,6228,0
15905,6244,6173,0
15906,6110,6228,0
15907,601,622,0
15908,601,526,0
15909,502,526,0
15910,502,622,0
15911,502,601,0
15912,6054,6122,0
15913,6054,5824,0
15914,6044,5824,0
15915,6044,6122,0
15916,6044,6054,0
15917,5824,6122,0
15918,5423,5396,0
15919,5423,5394,0
15920,5604,5394,0
15921,5604,5396,0
15922,5604,5423,0
15923,5394,5396,0
15924,6227,56,0
15925,6360,56,0
15926,6360,6304,0
15927,56,6304,0
15928,383,299,0
15929,551,299,0
15930,551,511,0
15931,551,383,0
15932,299,511,0
15933,481,293,0
15934,481,218,0
15935,113,218,0
15936,113,293,0
15937,113,481,0
15938,218,293,0
15939,5955,5848,0
15940,5819,5848,0
15941,5703,5848,0
15942,1056,950,0
15943,861,950,0
15944,861,939,0
15945,861,1056,1
15946,950,939,0
15947,5677,5710,0
15948,5563,5710,0
15949,5769,5710,0
15950,3871,4212,0
15951,110,128,0
15952,110,171,0
15953,6499,171,0
15954,6499,128,0
15955,6499,110,0
15956,171,128,0
15957,266,341,0
15958,266,719,0
15959,662,719,0
15960,662,341,0
15961,662,266,0
15962,5736,5843,0
15963,5677,5843,0
15964,5928,5843,0
15965,5230,5192,0
15966,5601,5710,0
15967,5601,5670,0
15968,5445,5670,0
15969,5445,5710,0
15970,5445,5601,0
15971,5670,5710,0
15972,5933,5966,0
15973,5933,5895,0
15974,5933,5952,0
15975,6286,6052,0
15976,6286,6240,0
15977,6056,6240,0
15978,6056,6052,0
15979,6056,6286,0
15980,6240,6052,0
15981,5522,5632,0
15982,5614,5632,0
15983,5632,5534,0
15984,5756,5720,0
15985,5756,5518,0
15986,5756,5539,0
15987,331,402,0
15988,331,578,0
15989,524,402,0
15990,524,331,0
15991,578,402,0
15992,5938,5846,0
15993,5938,6077,0
15994,6044,6077,0
15995,6044,5846,0
15996,6044,5938,0
15997,6077,5846,0
15998,5989,6248,0
15999,5989,6181,0
16000,6122,6181,0
16001,6122,6248,0
16002,284,318,0
16003,284,366,0
16004,473,366,0
16005,473,318,0
16006,366,318,0
16007,6352,6192,0
16008,6352,6361,0
16009,6236,6352,0
16010,554,659,0
16011,554,945,0
16012,765,945,0
16013,765,659,0
16014,765,554,0
16015,945,659,0
16016,322,560,0
16017,479,560,0
16018,560,374,0
16019,845,740,0
16020,845,750,0
16021,734,750,0
16022,734,740,0
16023,734,845,0
16024,750,740,0
16025,1919,1928,0
16026,1919,1948,0
16027,1825,1948,0
16028,1825,1928,0
16029,1825,1919,0
16030,6407,6463,0
16031,6407,6413,0
16032,6322,6413,0
16033,6322,6463,0
16034,6322,6407,0
16035,6413,6463,0
16036,6304,6122,0
16037,6304,6021,0
16038,6304,6054,0
16039,6122,6021,0
16040,5856,5819,0
16041,5856,5814,0
16042,5766,5856,0
16043,5054,4717,0
16044,5054,4732,0
16045,4669,4732,0
16046,4669,4717,0
16047,4669,5054,0
16048,4732,4717,0
16049,5515,5337,0
16050,5515,5344,0
16051,5241,5344,0
16052,5241,5337,0
16053,5241,5515,0
16054,5344,5337,0
16055,5493,5736,0
16056,5493,5843,0
16057,5146,4994,0
16058,5146,5150,0
16059,5187,5150,0
16060,5187,4994,0
16061,5187,5146,0
16062,851,834,0
16063,1019,834,0
16064,913,834,0
16065,5612,5685,0
16066,5612,5583,0
16067,5717,5583,0
16068,5717,5685,0
16069,5583,5685,0
16070,5111,5307,0
16071,5445,5307,0
16072,5307,5236,0
16073,5349,5452,0
16074,6028,5969,0
16075,6028,5661,0
16076,6028,5787,0
16077,5971,6123,0
16078,5791,6107,0
16079,5791,6123,1
16080,5791,5971,0
16081,6107,6123,0
16082,5104,5148,0
16083,5104,5307,0
16084,5175,5307,0
16085,5175,5148,0
16086,5450,5242,0
16087,5450,5276,0
16088,5439,5276,0
16089,5439,5242,0
16090,5439,5450,0
16091,5276,5242,0
16092,5689,5715,0
16093,5689,5619,0
16094,5805,5715,0
16095,5805,5689,0
16096,5619,5715,0
16097,6693,5564,0
16098,5341,5564,0
16099,5341,5418,0
16100,5341,6693,0
16101,5564,5418,0
16102,5472,5445,0
16103,5445,5465,0
16104,5729,6031,0
16105,5729,5914,0
16106,5812,5914,0
16107,5812,6031,0
16108,5812,5729,0
16109,5914,6031,0
16110,6227,6122,0
16111,6370,6122,0
16112,6122,6334,0
16113,6088,6026,0
16114,6088,6108,0
16115,6252,6108,0
16116,6252,6026,0
16117,6252,6088,0
16118,6108,6026,0
16119,6063,6209,0
16120,6063,5955,0
16121,6225,5955,0
16122,6225,6209,0
16123,6225,6063,0
16124,5955,6209,0
16125,284,184,0
16126,284,174,1
16127,6478,174,0
16128,6478,184,0
16129,6478,284,0
16130,174,184,0
16131,5942,5944,0
16132,5942,6282,0
16133,6170,6282,0
16134,6170,5944,0
16135,6170,5942,0
16136,318,396,0
16137,318,292,0
16138,235,318,0
16139,6181,6323,0
16140,6181,6405,0
16141,6450,6323,0
16142,6450,6181,0
16143,6405,6323,0
16144,5612,5533,0
16145,5612,5632,0
16146,5717,5632,0
16147,5717,5533,0
16148,5632,5533,0
16149,118,69,0
16150,118,203,0
16151,143,69,0
16152,143,118,0
16153,203,69,0
16154,6096,6125,0
16155,6096,6228,0
16156,6110,6125,0
16157,6110,6096,0
16158,6228,6125,0
16159,255,312,0
16160,255,253,0
16161,331,253,0
16162,331,312,0
16163,331,255,0
16164,253,312,0
16165,487,407,0
16166,487,574,0
16167,487,508,0
16168,6420,6472,0
16169,6420,90,0
16170,6459,90,0
16171,6459,6472,0
16172,6459,6420,0
16173,6085,5959,0
16174,6085,6049,0
16175,5879,6049,0
16176,5879,5959,0
16177,6049,5959,0
16178,5947,5975,0
16179,5947,5863,0
16180,5934,5863,0
16181,5934,5975,0
16182,5934,5947,0
16183,5863,5975,0
16184,378,873,0
16185,378,1047,0
16186,1034,873,0
16187,1034,378,0
16188,1047,873,0
16189,6084,5895,0
16190,5996,5952,0
16191,5996,6084,0
16192,6503,6423,0
16193,6503,120,0
16194,97,120,0
16195,97,6423,0
16196,97,6503,0
16197,120,6423,0
16198,5195,5356,0
16199,5195,5453,0
16200,5290,5453,0
16201,5290,5356,0
16202,5453,5356,0
16203,5680,5831,0
16204,5680,5799,0
16205,5680,5612,0
16206,5663,5616,0
16207,5637,5463,0
16208,5637,5616,0
16209,5463,5616,0
16210,586,490,0
16211,591,459,0
16212,591,490,0
16213,591,586,0
16214,459,490,0
16215,6298,6463,0
16216,6298,6405,0
16217,6323,6463,0
16218,6323,6298,0
16219,6405,6463,0
16220,4830,4620,0
16221,4536,4620,0
16222,6283,16,0
16223,6474,6288,0
16224,6474,6283,0
16225,16,6288,0
16226,6326,6364,0
16227,6326,6341,0
16228,6248,6364,0
16229,4946,4880,0
16230,5259,4877,0
16231,5259,4946,0
16232,5025,4888,0
16233,5025,4966,0
16234,4909,4966,0
16235,4909,4888,0
16236,4966,4888,0
16237,6038,6078,0
16238,6038,6162,0
16239,5994,6159,0
16240,5994,6101,1
16241,6262,6101,1
16242,6262,6159,0
16243,6262,5994,1
16244,5890,5849,0
16245,5890,5614,0
16246,5717,5614,0
16247,5717,5849,0
16248,5717,5890,0
16249,5614,5849,0
16250,6298,6499,0
16251,6323,6499,0
16252,6463,6499,0
16253,6239,6152,0
16254,6177,6332,0
16255,6177,6152,0
16256,6177,6239,0
16257,5565,5519,0
16258,5565,5720,0
16259,5736,5720,0
16260,5736,5519,0
16261,5736,5565,0
16262,5720,5519,0
16263,5563,5808,0
16264,5563,5894,0
16265,5563,5910,0
16266,6222,6098,0
16267,6222,6142,0
16268,5849,6142,0
16269,5849,6098,0
16270,5849,6222,0
16271,6142,6098,0
16272,4911,4793,0
16273,4663,4798,0
16274,4663,4911,0
16275,4798,4793,0
16276,6232,6132,0
16277,6232,6158,0
16278,6031,6132,0
16279,6031,6232,0
16280,6158,6132,0
16281,5879,5915,0
16282,5879,6150,0
16283,6049,6150,0
16284,6049,5915,0
16285,6150,5915,0
16286,6414,134,0
16287,6414,38,0
16288,116,38,0
16289,116,134,0
16290,116,6414,0
16291,38,134,0
16292,5982,5907,0
16293,6128,6298,0
16294,6128,6322,0
16295,6370,6322,0
16296,6370,6298,0
16297,6370,6128,0
16298,6322,6298,0
16299,845,826,0
16300,795,740,0
16301,795,845,0
16302,826,740,0
16303,5946,5840,0
16304,5841,5840,0
16305,5840,6036,0
16306,6232,6359,0
16307,6284,6158,0
16308,6284,6359,0
16309,6284,6232,0
16310,6158,6359,0
16311,5331,5299,0
16312,5331,5545,0
16313,5258,5545,0
16314,5258,5299,0
16315,5258,5331,0
16316,5545,5299,0
16317,6464,6359,0
16318,6333,134,0
16319,6333,6359,0
16320,6333,6464,0
16321,134,6359,0
16322,5493,5677,0
16323,5472,5562,0
16324,5472,5677,0
16325,5472,5493,0
16326,2840,2664,0
16327,2989,2664,0
16328,2989,2805,0
16329,2769,2466,0
16330,2769,2772,0
16331,6631,2772,0
16332,6631,2466,0
16333,2772,2466,0
16334,5259,5272,0
16335,6226,5730,0
16336,809,825,0
16337,122,6358,0
16338,122,5537,0
16339,243,174,1
16340,243,6355,0
16341,6478,6355,0
16342,6478,243,0
16343,6355,174,0
16344,5862,6030,0
16345,5862,5965,0
16346,6452,6496,0
16347,6460,6496,0
16348,6368,6496,0
16349,5400,5432,0
16350,5400,5324,0
16351,5352,5324,0
16352,5352,5432,0
16353,5352,5400,0
16354,5324,5432,0
16355,5773,5926,0
16356,5824,5857,0
16357,5824,5926,0
16358,5824,5773,0
16359,5857,5926,0
16360,447,510,0
16361,447,575,0
16362,382,575,0
16363,382,447,0
16364,575,510,0
16365,708,687,0
16366,716,687,0
16367,748,687,0
16368,6091,5951,0
16369,6091,6052,0
16370,6164,6052,0
16371,6164,5951,0
16372,6164,6091,0
16373,6052,5951,0
16374,744,804,0
16375,744,847,0
16376,862,847,0
16377,862,804,0
16378,862,744,0
16379,847,804,0
16380,1302,1292,0
16381,1302,1527,0
16382,760,1527,1
16383,760,1292,0
16384,760,1302,1
16385,1527,1292,0
16386,1515,1550,0
16387,1515,1809,0
16388,1829,1809,0
16389,1829,1550,0
16390,1829,1515,0
16391,1809,1550,0
16392,5411,5507,0
16393,5411,5467,0
16394,5438,5467,0
16395,5438,5507,0
16396,5438,5411,0
16397,5467,5507,0
16398,6446,6421,0
16399,6446,6349,0
16400,6446,204,0
16401,308,119,0
16402,308,276,0
16403,37,276,0
16404,37,119,0
16405,37,308,0
16406,276,119,0
16407,5344,5139,0
16408,5344,5198,0
16409,5241,5198,0
16410,5241,5139,0
16411,5198,5139,0
16412,6123,6007,0
16413,6096,6107,0
16414,6096,6007,0
16415,5213,5228,0
16416,5213,5245,0
16417,5122,5245,0
16418,5122,5228,0
16419,5122,5213,0
16420,5245,5228,0
16421,5328,5217,0
16422,5328,5414,0
16423,5412,5414,0
16424,5412,5217,0
16425,5414,5217,0
16426,5144,5129,0
16427,5144,5028,0
16428,5116,5028,0
16429,5116,5129,0
16430,5116,5144,0
16431,5028,5129,0
16432,5043,5198,0
16433,5043,5013,0
16434,5160,5013,0
16435,5160,5198,0
16436,5160,5043,0
16437,5013,5198,0
16438,5745,5506,0
16439,5484,5578,0
16440,5484,5506,0
16441,5484,5745,0
16442,5578,5506,0
16443,6354,5309,0
16444,6354,5730,0
16445,6064,6354,0
16446,6269,6173,0
16447,6269,6228,0
16448,6085,6228,0
16449,6085,6173,0
16450,6085,6269,0
16451,6240,6318,0
16452,6240,6287,0
16453,6240,6087,0
16454,5252,5328,0
16455,5252,5326,0
16456,5412,5252,0
16457,5326,5328,0
16458,5252,5197,0
16459,5328,5189,0
16460,5189,5197,0
16461,5971,6096,0
16462,6049,6096,0
16463,6049,6007,0
16464,6049,5971,0
16465,6085,6134,0
16466,5849,6134,0
16467,5849,6085,0
16468,6134,5890,0
16469,5195,5250,0
16470,5453,5250,0
16471,5290,5250,0
16472,5536,5717,0
16473,5614,5533,0
16474,5913,6145,0
16475,6429,6145,0
16476,6145,6358,0
16477,6003,6005,0
16478,6003,6098,0
16479,5799,6098,0
16480,5799,6003,0
16481,6098,6005,0
16482,5800,5709,0
16483,5831,5709,0
16484,5630,5709,0
16485,6003,5890,0
16486,6098,5890,0
16487,5799,5890,0
16488,792,859,0
16489,861,859,0
16490,859,866,0
16491,6085,6247,0
16492,5811,5959,0
16493,5811,6247,0
16494,5811,6085,0
16495,5959,6247,0
16496,5632,5763,0
16497,244,24,0
16498,244,254,0
16499,244,95,0
16500,24,254,0
16501,6264,6258,0
16502,6264,6170,0
16503,6446,6170,0
16504,6446,6264,0
16505,5963,6125,0
16506,6125,5890,0
16507,4869,4888,0
16508,4869,4756,0
16509,4866,4756,0
16510,4866,4888,0
16511,4866,4869,0
16512,4756,4888,0
16513,5237,5180,0
16514,5237,5239,0
16515,5052,5239,0
16516,5052,5180,0
16517,5052,5237,0
16518,5239,5180,1
16519,6049,6244,0
16520,6091,5891,0
16521,5891,5951,0
16522,5734,5862,0
16523,5734,5907,0
16524,5699,5907,0
16525,5699,5862,0
16526,5699,5734,0
16527,5907,5862,0
16528,5986,5957,0
16529,6025,5957,0
16530,5674,5765,0
16531,5699,5765,0
16532,102,42,0
16533,102,58,0
16534,43,58,0
16535,43,42,0
16536,43,102,0
16537,58,42,0
16538,5110,5272,0
16539,5371,5272,0
16540,5249,5272,0
16541,6296,6247,0
16542,6296,6394,0
16543,6467,6296,0
16544,5821,5191,0
16545,5821,5235,0
16546,2387,2388,0
16547,2387,2367,0
16548,5478,5474,0
16549,5230,5474,0
16550,6502,6228,0
16551,6502,6244,0
16552,6441,6244,0
16553,6441,6228,0
16554,6441,6502,0
16555,5669,5811,0
16556,5671,5669,0
16557,5587,5811,0
16558,6003,6109,0
16559,6001,6195,0
16560,6001,6120,0
16561,6079,6120,0
16562,6079,6195,0
16563,6120,6195,0
16564,6160,6376,1
16565,6160,5731,1
16566,5959,5731,1
16567,5959,6376,0
16568,5959,6160,1
16569,5731,6376,1
16570,1440,1436,0
16571,1440,1734,0
16572,1779,1734,0
16573,1779,1436,0
16574,1779,1440,0
16575,1734,1436,0
16576,1198,1326,0
16577,1138,1162,0
16578,1138,1326,0
16579,1138,1198,0
16580,1162,1326,0
16581,388,297,0
16582,994,297,0
16583,994,1004,0
16584,994,388,0
16585,297,1004,0
16586,890,729,0
16587,890,852,0
16588,709,729,0
16589,709,890,0
16590,852,729,0
16591,200,484,0
16592,200,204,0
16593,365,204,0
16594,365,200,0
16595,204,484,0
16596,5772,5632,0
16597,5632,5849,0
16598,535,636,0
16599,535,395,0
16600,533,395,0
16601,533,636,0
16602,533,535,0
16603,395,636,0
16604,1573,1709,0
16605,1573,1482,1
16606,1573,1589,0
16607,1709,1482,0
16608,5959,5915,0
16609,5959,5556,1
16610,6150,5556,1
16611,6150,5959,1
16612,5556,5915,0
16613,4853,5316,0
16614,4853,4531,0
16615,5537,4531,0
16616,5537,4853,0
16617,4531,5316,0
16618,5533,5478,0
16619,4876,5093,0
16620,4876,4793,0
16621,5131,4793,0
16622,5131,5093,0
16623,5131,4876,0
16624,4793,5093,0
16625,5772,5630,0
16626,5455,5630,0
16627,5455,5632,0
16628,5455,5772,0
16629,33,27,0
16630,33,6424,0
16631,6437,6424,0
16632,6437,27,0
16633,6437,33,0
16634,6424,27,0
16635,5634,6117,0
16636,5634,5760,0
16637,6117,6050,0
16638,6117,6226,0
16639,6079,6279,0
16640,137,454,0
16641,137,254,0
16642,457,254,0
16643,457,454,0
16644,457,137,0
16645,254,454,0
16646,515,776,0
16647,515,607,0
16648,6142,6011,0
16649,6142,5943,0
16650,1197,1120,0
16651,1476,1318,0
16652,1476,1197,0
16653,1120,1318,0
16654,1877,2103,0
16655,1877,1987,0
16656,1997,1987,0
16657,1997,2103,0
16658,1987,2103,0
16659,1374,1221,0
16660,1214,1221,0
16661,1214,1338,0
16662,1214,1374,0
16663,1221,1338,0
16664,4592,4563,0
16665,4592,4425,0
16666,4573,4425,0
16667,4573,4563,0
16668,4573,4592,0
16669,4425,4563,0
16670,1863,1658,0
16671,1863,1642,0
16672,1909,1642,0
16673,1909,1658,0
16674,1909,1863,0
16675,5731,5920,0
16676,5731,5760,0
16677,5634,5920,0
16678,5634,5731,0
16679,5760,5920,0
16680,1426,1413,0
16681,1426,1571,0
16682,1601,1571,0
16683,1601,1426,0
16684,1571,1413,0
16685,702,649,0
16686,684,457,0
16687,684,649,0
16688,684,702,0
16689,123,192,0
16690,123,6394,0
16691,6402,6394,0
16692,6402,192,0
16693,6402,123,0
16694,6394,192,0
16695,427,6354,0
16696,760,6354,1
16697,760,246,1
16698,760,427,0
16699,6354,246,1
16700,2039,1796,0
16701,2039,1806,0
16702,1796,1806,0
16703,137,271,0
16704,54,271,0
16705,54,137,0
16706,254,271,0
16707,6038,6102,0
16708,6161,6421,0
16709,6161,41,0
16710,1622,1759,0
16711,1384,1636,1
16712,1728,1636,1
16713,1728,1384,1
16714,1636,1701,0
16715,4967,3925,0
16716,2647,3925,0
16717,3925,4407,0
16718,4759,5693,0
16719,4871,5693,0
16720,5140,5693,0
16721,622,380,0
16722,622,671,0
16723,446,671,0
16724,446,380,0
16725,671,380,0
16726,6471,6299,0
16727,6471,6451,0
16728,6471,24,0
16729,5893,6174,0
16730,5893,6270,0
16731,5813,5893,0
16732,957,932,0
16733,957,971,0
16734,894,971,0
16735,894,932,0
16736,894,957,0
16737,971,932,0
16738,1383,1208,0
16739,1293,1208,0
16740,1208,1302,0
16741,1210,1168,0
16742,1210,1225,0
16743,1148,1225,0
16744,1148,1168,0
16745,1148,1210,0
16746,2302,2480,0
16747,2270,2480,0
16748,1569,1550,0
16749,1600,1550,0
16750,1415,1550,0
16751,1860,1828,0
16752,1860,1799,0
16753,1858,1799,0
16754,1858,1828,0
16755,1858,1860,0
16756,1799,1828,0
16757,1514,1436,0
16758,1514,1417,0
16759,1535,1417,0
16760,1535,1436,0
16761,1535,1514,0
16762,1741,1765,0
16763,1740,1765,0
16764,1765,1759,0
16765,349,331,0
16766,349,253,0
16767,428,253,0
16768,428,331,0
16769,428,349,0
16770,5722,5760,0
16771,5730,5634,0
16772,5730,5722,0
16773,1507,1152,0
16774,1855,1557,0
16775,1855,1152,0
16776,1855,1507,0
16777,1413,1444,0
16778,1181,1444,0
16779,1444,1157,0
16780,5595,5454,0
16781,5811,5454,0
16782,5920,5454,0
16783,1922,1994,0
16784,1968,1994,0
16785,1968,1876,0
16786,1994,1876,0
16787,1992,1862,0
16788,1992,2005,0
16789,1954,2005,0
16790,1954,1862,0
16791,1954,1992,0
16792,2005,1862,0
16793,2449,2425,0
16794,2219,2425,0
16795,2219,2449,0
16796,783,705,0
16797,783,208,0
16798,1004,705,0
16799,1004,783,0
16800,208,705,0
16801,3603,3820,0
16802,4240,4407,0
16803,4240,3820,0
16804,4240,3603,0
16805,4407,3820,0
16806,1393,1252,0
16807,1393,1230,0
16808,1360,1230,0
16809,1360,1252,0
16810,1360,1393,0
16811,1230,1252,0
16812,5429,5382,0
16813,5429,5575,0
16814,5587,5382,0
16815,5587,5429,0
16816,5575,5382,0
16817,5338,5259,0
16818,5338,5033,0
16819,5338,5244,0
16820,5454,5731,0
16821,5731,5811,0
16822,1806,1855,0
16823,1740,1824,0
16824,1765,1824,0
16825,1571,1335,0
16826,1594,1601,0
16827,1594,1571,0
16828,1758,1813,0
16829,1910,1813,0
16830,1910,1758,0
16831,1813,1964,0
16832,1748,1785,0
16833,1748,1830,0
16834,1861,1830,0
16835,1861,1785,0
16836,1861,1748,0
16837,1397,1393,0
16838,1397,1360,0
16839,1379,1360,0
16840,1379,1393,0
16841,1379,1397,0
16842,1779,1892,0
16843,1769,1892,0
16844,1959,1892,0
16845,3278,2913,1
16846,3278,3154,0
16847,3007,3278,1
16848,2177,2135,0
16849,2177,2068,0
16850,2122,2068,0
16851,2122,2135,0
16852,2122,2177,0
16853,2068,2135,0
16854,1709,1802,0
16855,1709,1766,0
16856,1152,427,0
16857,1152,6354,1
16858,760,1152,1
16859,5960,5979,0
16860,5960,6011,0
16861,5960,19,0
16862,2440,2207,0
16863,2440,1989,0
16864,1806,2207,0
16865,1806,2440,0
16866,1989,2207,0
16867,1444,1630,0
16868,1444,1936,0
16869,1444,1650,0
16870,1693,1766,1
16871,1662,1656,0
16872,1662,1796,0
16873,1658,1796,0
16874,1658,1656,0
16875,1796,1656,0
16876,1662,1663,0
16877,1658,1663,0
16878,1663,1796,0
16879,2808,2801,0
16880,2801,2826,0
16881,3218,3193,0
16882,3218,3078,0
16883,3013,3218,0
16884,5308,5525,0
16885,5308,5096,0
16886,5308,5120,0
16887,2756,2591,0
16888,3202,2591,0
16889,3202,3188,0
16890,980,809,0
16891,980,872,0
16892,702,872,0
16893,702,980,0
16894,872,809,0
16895,1862,1730,0
16896,1862,1876,0
16897,1641,1876,0
16898,1641,1862,0
16899,1876,1730,0
16900,1469,1509,0
16901,1469,1706,0
16902,1734,1509,0
16903,1734,1469,0
16904,1706,1509,0
16905,1670,1678,0
16906,1502,1678,0
16907,1299,1256,0
16908,1299,1215,0
16909,1079,1215,0
16910,1079,1256,0
16911,1079,1299,0
16912,768,915,0
16913,768,843,0
16914,745,843,0
16915,745,915,0
16916,745,768,0
16917,843,915,0
16918,881,806,0
16919,881,905,0
16920,857,905,0
16921,857,806,0
16922,857,881,0
16923,905,806,0
16924,631,512,0
16925,704,512,0
16926,843,780,0
16927,843,866,0
16928,843,679,0
16929,828,795,0
16930,829,795,0
16931,795,764,0
16932,1800,1824,0
16933,1734,1865,0
16934,1734,1824,0
16935,1734,1800,0
16936,1865,1824,0
16937,2923,2858,0
16938,1671,1977,0
16939,1671,1877,0
16940,1797,1877,0
16941,1797,1977,0
16942,1797,1671,0
16943,1542,1490,0
16944,1712,1490,0
16945,1712,1574,0
16946,1712,1542,0
16947,1490,1574,0
16948,1085,1092,0
16949,1085,971,0
16950,970,971,0
16951,970,1092,0
16952,970,1085,0
16953,971,1092,0
16954,1588,1672,0
16955,1672,1591,0
16956,1703,1773,0
16957,1937,1691,0
16958,1937,1773,0
16959,1937,1703,0
16960,933,1095,0
16961,933,1068,0
16962,1132,1068,0
16963,1132,1095,0
16964,449,414,0
16965,449,455,0
16966,369,455,0
16967,369,414,0
16968,369,449,0
16969,455,414,0
16970,1834,1709,0
16971,131,88,0
16972,131,6544,0
16973,6468,6544,0
16974,6468,88,0
16975,6468,131,0
16976,6544,88,0
16977,1422,1354,0
16978,1422,1427,0
16979,1502,1422,0
16980,6573,1140,0
16981,6573,1182,0
16982,1019,1182,0
16983,1019,1140,0
16984,1019,6573,0
16985,1182,1140,0
16986,6601,1747,0
16987,6601,2146,0
16988,2347,1747,0
16989,2347,6601,0
16990,2146,1747,0
16991,286,411,0
16992,286,341,0
16993,200,411,0
16994,200,286,0
16995,341,411,0
16996,375,550,0
16997,375,454,0
16998,702,454,0
16999,702,550,0
17000,702,375,0
17001,454,550,0
17002,142,356,0
17003,142,411,0
17004,132,411,0
17005,132,356,0
17006,132,142,0
17007,411,356,0
17008,387,414,0
17009,387,136,0
17010,211,136,0
17011,211,414,0
17012,211,387,0
17013,136,414,0
17014,1719,1709,0
17015,2057,2359,0
17016,2057,2147,0
17017,2383,2057,0
17018,6503,170,0
17019,6503,194,0
17020,31,170,0
17021,31,6503,0
17022,762,633,0
17023,6185,6164,0
17024,6185,6052,0
17025,6240,6164,0
17026,6240,6185,0
17027,1580,1661,0
17028,1580,1636,0
17029,303,425,0
17030,303,265,0
17031,290,425,0
17032,290,303,0
17033,265,425,0
17034,4022,4330,0
17035,4039,4330,0
17036,4063,4330,0
17037,1383,1351,0
17038,1351,1208,0
17039,455,211,0
17040,401,211,0
17041,401,369,0
17042,401,455,0
17043,211,369,0
17044,3916,4293,0
17045,3916,4202,0
17046,4432,4202,0
17047,4432,4293,0
17048,4432,3916,0
17049,12,6377,0
17050,6273,6377,0
17051,597,591,0
17052,597,490,0
17053,597,586,0
17054,455,387,0
17055,5870,6168,0
17056,5870,5889,0
17057,6176,5889,0
17058,6176,6168,0
17059,6176,5870,0
17060,5889,6168,0
17061,681,555,0
17062,681,642,0
17063,848,642,0
17064,848,555,0
17065,848,681,0
17066,642,555,0
17067,1845,1674,0
17068,1687,1674,0
17069,1687,1781,0
17070,1687,1845,0
17071,1674,1781,0
17072,1111,1429,0
17073,1376,1429,0
17074,1376,1416,0
17075,1429,1416,0
17076,593,886,0
17077,593,613,0
17078,854,613,0
17079,854,593,0
17080,613,886,0
17081,824,756,0
17082,824,766,0
17083,819,766,0
17084,819,756,0
17085,819,824,0
17086,766,756,0
17087,2093,6601,0
17088,2093,2347,0
17089,6618,2347,0
17090,6618,6601,0
17091,6618,2093,0
17092,198,141,0
17093,198,247,0
17094,198,333,0
17095,1389,1298,0
17096,1389,1255,0
17097,1381,1255,0
17098,1381,1298,0
17099,1381,1389,0
17100,1255,1298,0
17101,1148,1253,0
17102,1353,1225,0
17103,1353,1253,0
17104,1353,1148,0
17105,1225,1253,0
17106,6087,6014,0
17107,6087,5986,0
17108,1589,1649,0
17109,5426,5479,0
17110,5426,5216,0
17111,5241,5479,1
17112,5241,5426,0
17113,5216,5479,1
17114,1168,1248,0
17115,1362,1248,0
17116,1362,1337,0
17117,1362,1168,0
17118,1248,1337,0
17119,1002,1092,0
17120,1002,970,0
17121,1069,970,0
17122,1069,1092,0
17123,1069,1002,0
17124,1180,1270,0
17125,1180,1404,0
17126,1388,1404,0
17127,1388,1270,0
17128,1388,1180,0
17129,1404,1270,0
17130,1045,963,0
17131,1045,850,0
17132,872,850,0
17133,872,963,0
17134,872,1045,0
17135,850,963,0
17136,580,485,0
17137,580,533,0
17138,566,533,0
17139,566,485,0
17140,566,580,0
17141,533,485,0
17142,499,633,0
17143,234,402,0
17144,234,454,0
17145,375,402,0
17146,375,234,0
17147,454,402,0
17148,1532,1397,0
17149,1437,1397,0
17150,1437,1532,0
17151,1526,1397,0
17152,1033,1202,0
17153,939,1202,0
17154,1056,1202,0
17155,1069,1141,0
17156,1069,1296,0
17157,1282,1296,0
17158,1282,1141,0
17159,1282,1069,0
17160,1548,1183,0
17161,1548,1516,0
17162,1432,1516,0
17163,1432,1183,0
17164,1516,1183,0
17165,1031,1102,0
17166,1031,1049,0
17167,1080,1049,0
17168,1080,1102,0
17169,1080,1031,0
17170,1049,1102,0
17171,146,129,0
17172,146,185,0
17173,437,146,1
17174,5839,5858,0
17175,5839,6056,0
17176,6052,5858,0
17177,6056,5858,0
17178,443,535,0
17179,443,566,0
17180,524,566,0
17181,524,535,0
17182,524,443,0
17183,566,535,0
17184,5218,5419,0
17185,5218,5268,0
17186,5146,5419,0
17187,5146,5218,0
17188,5268,5419,0
17189,213,463,0
17190,213,241,0
17191,276,241,0
17192,276,213,0
17193,241,463,0
17194,1991,1845,0
17195,471,603,0
17196,471,580,0
17197,549,580,0
17198,549,603,0
17199,549,471,0
17200,580,603,0
17201,38,106,0
17202,6519,106,0
17203,6473,106,0
17204,2671,3236,0
17205,3151,3129,0
17206,3236,3129,0
17207,864,881,0
17208,864,1024,0
17209,1163,1024,0
17210,1163,881,0
17211,1163,864,0
17212,1024,881,0
17213,705,122,0
17214,831,749,0
17215,831,871,0
17216,664,871,0
17217,664,749,0
17218,664,831,0
17219,871,749,0
17220,691,605,0
17221,524,605,0
17222,605,744,0
17223,6418,28,0
17224,6418,32,0
17225,76,32,0
17226,76,28,0
17227,76,6418,0
17228,32,28,0
17229,348,458,0
17230,348,436,0
17231,417,436,0
17232,417,458,0
17233,417,348,0
17234,436,458,0
17235,6163,6030,0
17236,6014,6163,0
17237,117,81,0
17238,117,6478,0
17239,88,6478,0
17240,88,81,0
17241,88,117,0
17242,6478,81,0
17243,4044,3903,0
17244,4044,3940,0
17245,4097,3940,0
17246,4097,3903,0
17247,4097,4044,0
17248,3940,3903,0
17249,507,609,0
17250,507,517,0
17251,583,517,0
17252,583,609,0
17253,583,507,0
17254,517,609,0
17255,6287,6468,0
17256,6163,6468,0
17257,6468,6318,0
17258,1623,1710,0
17259,1683,1623,0
17260,1111,1010,0
17261,1111,1015,0
17262,1006,1015,0
17263,1006,1010,0
17264,1006,1111,0
17265,1015,1010,0
17266,6543,204,0
17267,6543,6489,0
17268,6545,6489,0
17269,6545,204,0
17270,6545,6543,0
17271,6489,204,0
17272,1567,1518,0
17273,1567,1522,0
17274,1641,1522,0
17275,1641,1518,0
17276,1641,1567,0
17277,1522,1518,0
17278,1091,1055,0
17279,1091,832,0
17280,844,832,0
17281,844,1055,0
17282,844,1091,0
17283,832,1055,0
17284,1867,1765,0
17285,1867,1758,0
17286,1867,1741,0
17287,1765,1758,0
17288,2501,2423,0
17289,2302,2098,0
17290,2270,2098,0
17291,2193,2098,0
17292,1282,1455,0
17293,1282,1351,0
17294,1251,1282,0
17295,6084,5965,0
17296,6030,5996,0
17297,6030,6084,0
17298,622,332,0
17299,446,502,0
17300,332,502,0
17301,10,6518,0
17302,10,11,0
17303,6320,10,0
17304,519,585,0
17305,519,596,0
17306,477,596,0
17307,477,585,0
17308,477,519,0
17309,596,585,0
17310,3240,3334,0
17311,3240,3189,0
17312,3111,3189,0
17313,3111,3334,0
17314,1837,1892,0
17315,2071,1892,0
17316,6603,2268,0
17317,6603,1967,0
17318,2043,6603,0
17319,1515,1408,0
17320,1450,1550,0
17321,1450,1408,0
17322,1450,1515,0
17323,1550,1408,0
17324,1429,1315,0
17325,1429,1228,0
17326,1301,1228,0
17327,1301,1315,0
17328,1301,1429,0
17329,1228,1315,0
17330,1809,1769,0
17331,1233,1257,0
17332,1233,1236,0
17333,1298,1236,0
17334,1298,1257,0
17335,1298,1233,0
17336,1236,1257,0
17337,1895,1828,0
17338,2132,1828,0
17339,1828,1918,0
17340,1742,1918,0
17341,1899,2063,0
17342,1915,2063,0
17343,1915,1941,0
17344,2063,1941,0
17345,459,464,0
17346,459,588,0
17347,694,464,0
17348,588,464,0
17349,6292,6076,0
17350,6327,6076,0
17351,6076,6167,0
17352,6612,2252,0
17353,6612,1286,0
17354,6612,1510,0
17355,1174,1228,0
17356,1174,1429,0
17357,4351,4174,0
17358,1017,1179,0
17359,1017,1230,0
17360,1244,1230,0
17361,1244,1017,0
17362,1230,1179,0
17363,5255,6683,0
17364,5255,5820,0
17365,5605,5820,0
17366,5605,6683,0
17367,5605,5255,0
17368,5820,6683,0
17369,1363,1595,0
17370,1363,1566,0
17371,1328,1566,0
17372,1328,1595,0
17373,1328,1363,0
17374,1566,1595,0
17375,1244,1252,0
17376,1244,1360,0
17377,181,134,0
17378,181,116,0
17379,267,181,0
17380,4576,3873,0
17381,4576,4482,0
17382,4576,4759,0
17383,4898,4752,0
17384,4631,4752,0
17385,4752,4816,0
17386,1920,1980,0
17387,1985,1980,0
17388,2089,1980,0
17389,1294,1197,0
17390,1294,924,0
17391,1120,924,0
17392,924,1197,0
17393,1962,1928,0
17394,1817,1687,0
17395,1817,1845,0
17396,1408,1352,0
17397,1236,1330,0
17398,1236,1352,0
17399,1236,1408,0
17400,1330,1352,0
17401,846,787,0
17402,846,901,0
17403,772,901,0
17404,772,846,0
17405,901,787,0
17406,6038,5865,0
17407,5964,5865,0
17408,5964,5769,0
17409,5964,6038,0
17410,5865,5769,0
17411,1538,1562,0
17412,1538,1387,0
17413,1423,1562,0
17414,1387,1562,0
17415,889,671,0
17416,889,446,0
17417,776,671,0
17418,776,889,0
17419,1677,1859,0
17420,1677,1768,0
17421,1652,1768,0
17422,1652,1859,0
17423,1652,1677,0
17424,5456,5400,0
17425,5456,5260,1
17426,5432,5260,1
17427,5432,5456,1
17428,5260,5400,0
17429,6673,3429,0
17430,4490,3816,0
17431,4490,3429,0
17432,4490,6673,0
17433,3816,3429,0
17434,2181,2375,0
17435,2269,2375,0
17436,2540,2375,0
17437,1815,1727,0
17438,1680,1727,0
17439,1984,1852,0
17440,6182,6192,0
17441,6182,5988,0
17442,6171,5988,0
17443,6171,6192,0
17444,6171,6182,0
17445,5988,6192,0
17446,5294,5240,0
17447,5100,6697,0
17448,5100,5240,0
17449,5100,5294,0
17450,6697,5240,0
17451,933,981,0
17452,933,887,0
17453,1095,887,0
17454,1095,981,0
17455,887,981,0
17456,3611,3348,0
17457,6651,3348,0
17458,6651,3611,0
17459,3348,6650,0
17460,2511,2436,0
17461,142,6539,0
17462,142,6476,0
17463,6450,6476,0
17464,6450,6539,0
17465,6450,142,0
17466,6476,6539,0
17467,1171,1607,0
17468,1401,1488,0
17469,1401,1400,0
17470,1342,1400,0
17471,1342,1488,0
17472,1342,1401,0
17473,1400,1488,0
17474,1436,1326,0
17475,1436,1321,0
17476,1417,1321,0
17477,1417,1326,0
17478,1321,1326,0
17479,1168,955,0
17480,1225,955,0
17481,955,1148,0
17482,1362,1294,0
17483,1362,1124,0
17484,1505,1124,0
17485,1505,1294,0
17486,1505,1362,0
17487,1543,1586,0
17488,1543,1424,0
17489,1566,1424,0
17490,1566,1586,0
17491,1566,1543,0
17492,1424,1586,0
17493,1597,1419,0
17494,1597,1449,0
17495,5955,5903,0
17496,5810,5903,0
17497,5810,5848,0
17498,5810,5955,0
17499,5903,5848,0
17500,806,621,0
17501,806,735,0
17502,644,735,0
17503,644,621,0
17504,644,806,0
17505,735,621,0
17506,1179,1078,0
17507,1179,1085,0
17508,1067,1085,0
17509,1067,1078,0
17510,1067,1179,0
17511,1085,1078,0
17512,910,6566,0
17513,910,1041,0
17514,763,1041,0
17515,763,6566,0
17516,763,910,0
17517,1041,6566,0
17518,24,6269,0
17519,24,6502,0
17520,6228,24,0
17521,6502,6269,0
17522,1558,1409,0
17523,1558,1454,0
17524,6594,1454,0
17525,6594,1409,0
17526,6594,1558,0
17527,1454,1409,0
17528,6076,6258,0
17529,441,2237,0
17530,3503,2237,0
17531,3503,441,0
17532,2237,6644,0
17533,5753,6707,0
17534,5753,5679,0
17535,6198,5679,0
17536,6198,6707,0
17537,6198,5753,0
17538,5679,6707,0
17539,1612,1941,0
17540,1612,1684,0
17541,1921,1684,0
17542,1921,1612,0
17543,1684,1941,0
17544,6225,5925,0
17545,5983,5925,0
17546,5983,6225,0
17547,5925,5955,0
17548,578,745,0
17549,896,1024,0
17550,998,1024,0
17551,905,1024,0
17552,6320,6274,0
17553,6264,6274,0
17554,6264,6266,0
17555,6264,6320,0
17556,6274,6266,0
17557,1762,2108,0
17558,1762,6600,0
17559,1913,6600,0
17560,1913,2108,0
17561,1543,1595,0
17562,1543,1651,0
17563,1566,1651,0
17564,1651,1595,0
17565,6218,6257,0
17566,6218,6277,0
17567,6360,6277,0
17568,6360,6257,0
17569,6360,6218,0
17570,6277,6257,0
17571,6470,6236,0
17572,6470,6461,0
17573,6470,4,0
17574,6137,6390,0
17575,6137,6063,0
17576,6197,6063,0
17577,6197,6390,0
17578,6197,6137,0
17579,6063,6390,0
17580,1057,989,0
17581,1057,1174,0
17582,953,1174,0
17583,953,989,0
17584,953,1057,0
17585,1174,989,0
17586,5647,6683,0
17587,5647,5605,0
17588,5820,5647,0
17589,635,461,0
17590,635,501,0
17591,257,501,0
17592,257,461,0
17593,257,635,0
17594,501,461,0
17595,1519,1577,0
17596,1519,1633,0
17597,1680,1633,0
17598,1680,1577,0
17599,1680,1519,0
17600,497,6558,0
17601,497,526,0
17602,314,526,0
17603,314,6558,0
17604,314,497,0
17605,840,6562,0
17606,840,6563,0
17607,713,6563,0
17608,713,6562,0
17609,713,840,0
17610,1815,1745,0
17611,1815,1775,0
17612,1742,1815,0
17613,467,536,0
17614,467,6552,0
17615,345,536,0
17616,345,467,0
17617,6552,536,0
17618,4,6369,0
17619,6236,6369,0
17620,6470,6369,0
17621,144,234,0
17622,144,41,0
17623,24,41,0
17624,24,234,0
17625,24,144,0
17626,41,234,0
17627,409,222,0
17628,285,515,0
17629,285,409,0
17630,222,515,0
17631,4624,6673,0
17632,4624,3429,0
17633,3634,3429,0
17634,3634,4624,0
17635,5235,5255,0
17636,6694,5255,0
17637,6590,2303,0
17638,6590,1832,0
17639,2311,6590,0
17640,2022,1761,0
17641,1761,1913,0
17642,1845,6609,0
17643,1805,1920,0
17644,1805,2072,0
17645,1985,1805,0
17646,1687,1677,0
17647,1817,1677,0
17648,1817,1681,0
17649,1677,1681,0
17650,1167,6567,0
17651,1167,6563,0
17652,909,6563,0
17653,909,6567,0
17654,909,1167,0
17655,6563,6567,0
17656,1567,1535,0
17657,1567,1609,0
17658,1641,1535,0
17659,1609,1535,0
17660,1723,1801,0
17661,1723,1881,0
17662,1900,1881,0
17663,1900,1801,0
17664,1900,1723,0
17665,384,393,0
17666,384,374,0
17667,202,374,0
17668,202,393,0
17669,202,384,0
17670,374,393,0
17671,1612,1430,0
17672,1624,1430,0
17673,1624,1612,0
17674,6233,2835,0
17675,3738,6638,0
17676,3738,2835,0
17677,3738,6233,0
17678,6638,2835,0
17679,2153,1913,0
17680,2153,1762,0
17681,1265,1184,0
17682,1150,1184,0
17683,1150,1189,0
17684,1150,1265,0
17685,1184,1189,0
17686,2043,2153,0
17687,2043,1762,0
17688,2022,2153,0
17689,951,912,0
17690,951,1093,0
17691,951,1168,0
17692,5955,5779,0
17693,5815,5955,0
17694,5779,5703,0
17695,1161,1180,0
17696,1161,1381,0
17697,1163,1381,0
17698,1163,1180,0
17699,1163,1161,0
17700,1381,1180,0
17701,1220,1047,0
17702,1220,1034,0
17703,1004,1220,0
17704,1013,1107,0
17705,1013,1065,0
17706,1062,1065,0
17707,1062,1107,0
17708,1062,1013,0
17709,1065,1107,0
17710,1298,1161,0
17711,1255,1161,0
17712,1161,1257,0
17713,1147,1257,0
17714,586,504,0
17715,586,608,0
17716,584,608,0
17717,584,504,0
17718,584,586,0
17719,608,504,0
17720,1046,1284,0
17721,1046,6566,0
17722,6568,6566,0
17723,6568,1284,0
17724,6566,1284,0
17725,26,475,0
17726,26,811,0
17727,168,26,0
17728,811,475,0
17729,1394,1184,0
17730,1394,1108,0
17731,1150,1108,0
17732,1150,1394,0
17733,1108,1184,0
17734,1515,1506,0
17735,1450,1506,0
17736,1408,1506,0
17737,3225,3335,0
17738,3225,3624,0
17739,4130,3225,0
17740,3624,3335,0
17741,3650,3915,0
17742,4204,3915,0
17743,4624,5264,0
17744,3634,5264,0
17745,6673,5264,0
17746,3839,3655,0
17747,3765,3785,0
17748,6375,6390,0
17749,6375,6197,0
17750,6369,6197,0
17751,6369,6390,0
17752,6369,6375,0
17753,153,6539,0
17754,153,166,0
17755,6446,166,0
17756,6446,6539,0
17757,6446,153,0
17758,166,6539,0
17759,257,205,0
17760,257,166,0
17761,200,166,0
17762,200,205,0
17763,200,257,0
17764,166,205,0
17765,5569,5628,0
17766,5673,5748,0
17767,5673,5628,0
17768,5673,5569,0
17769,5748,5628,0
17770,4795,4709,0
17771,4795,4640,0
17772,4585,4640,0
17773,4585,4709,0
17774,4585,4795,0
17775,6182,5955,0
17776,5955,6192,0
17777,2244,2095,0
17778,2014,2193,0
17779,2014,2244,0
17780,541,212,0
17781,541,575,0
17782,382,212,0
17783,382,541,0
17784,575,212,0
17785,1147,1381,0
17786,1163,1147,0
17787,6461,6340,0
17788,6461,6524,0
17789,6416,6524,0
17790,6416,6340,0
17791,6416,6461,0
17792,6524,6340,0
17793,783,68,0
17794,125,68,0
17795,125,783,0
17796,208,68,0
17797,122,5851,0
17798,5970,5851,0
17799,5970,5537,0
17800,5970,122,0
17801,5851,5537,0
17802,6595,6594,0
17803,6595,6599,0
17804,1715,6599,0
17805,1715,6594,0
17806,1715,6595,0
17807,6599,6594,0
17808,5944,6349,0
17809,6291,6165,0
17810,6291,5980,0
17811,6192,5980,0
17812,6192,6165,0
17813,6192,6291,0
17814,5980,6165,0
17815,6143,6047,0
17816,6143,5560,0
17817,5833,6143,0
17818,6499,6450,0
17819,6499,6417,0
17820,105,6499,0
17821,683,656,0
17822,683,491,0
17823,616,683,0
17824,6480,6209,0
17825,6480,6369,0
17826,6225,6369,0
17827,6225,6480,0
17828,6369,6209,0
17829,898,982,0
17830,898,770,0
17831,766,770,0
17832,766,982,0
17833,766,898,0
17834,770,982,0
17835,551,718,0
17836,551,577,0
17837,733,577,0
17838,733,718,0
17839,733,551,0
17840,577,718,0
17841,5364,5396,0
17842,5396,5597,0
17843,502,357,0
17844,502,281,0
17845,238,147,0
17846,130,62,0
17847,130,147,0
17848,130,238,0
17849,62,147,0
17850,6638,2407,0
17851,2919,2876,0
17852,2919,2407,0
17853,2919,6638,0
17854,2876,2407,0
17855,4778,4634,0
17856,4536,4586,0
17857,886,747,0
17858,868,613,0
17859,868,747,0
17860,868,886,0
17861,613,747,0
17862,6656,5042,0
17863,6656,4624,0
17864,6656,5041,0
17865,15,237,0
17866,15,365,0
17867,15,204,0
17868,237,365,0
17869,622,834,0
17870,851,671,0
17871,851,622,0
17872,834,671,0
17873,464,147,0
17874,464,6552,0
17875,408,6552,0
17876,408,147,0
17877,408,464,0
17878,319,438,0
17879,319,537,0
17880,353,537,0
17881,353,438,0
17882,353,319,0
17883,537,438,0
17884,6202,6340,0
17885,6202,6209,0
17886,5903,6209,0
17887,6209,6340,0
17888,536,694,0
17889,536,848,0
17890,686,848,0
17891,686,694,0
17892,686,536,0
17893,848,694,0
17894,5776,6028,0
17895,5776,5787,0
17896,1697,1681,0
17897,1674,1681,0
17898,1674,1788,0
17899,1674,1697,0
17900,1222,1156,0
17901,1042,1156,0
17902,1042,1112,0
17903,1042,1222,0
17904,1156,1112,0
17905,6713,6072,0
17906,6713,6335,0
17907,6272,6335,0
17908,6272,6072,0
17909,6272,6713,0
17910,6335,6072,0
17911,171,371,0
17912,171,277,0
17913,197,277,0
17914,197,171,0
17915,277,371,0
17916,904,925,0
17917,904,707,0
17918,683,707,0
17919,683,925,0
17920,683,904,0
17921,707,925,0
17922,905,995,0
17923,905,919,0
17924,998,919,0
17925,998,995,0
17926,919,995,0
17927,6017,5923,0
17928,6017,6183,0
17929,6065,6183,0
17930,6065,5923,0
17931,6065,6017,0
17932,6183,5923,0
17933,4251,3585,0
17934,3545,3585,0
17935,6075,6031,0
17936,6075,6172,0
17937,6116,6172,0
17938,6116,6031,0
17939,6116,6075,0
17940,629,636,0
17941,629,528,0
17942,756,528,0
17943,756,636,0
17944,756,629,0
17945,528,636,0
17946,6546,231,0
17947,1119,1027,0
17948,1119,1072,0
17949,1044,1072,0
17950,1044,1027,0
17951,1044,1119,0
17952,1072,1027,0
17953,260,264,0
17954,260,140,0
17955,164,140,0
17956,164,260,0
17957,140,264,0
17958,1711,2407,0
17959,6638,1711,0
17960,2407,2835,0
17961,609,668,0
17962,532,668,0
17963,532,517,0
17964,532,609,0
17965,668,517,0
17966,1460,1362,0
17967,1460,1505,0
17968,1552,1505,0
17969,1552,1362,0
17970,1552,1460,0
17971,584,730,0
17972,584,576,0
17973,641,576,0
17974,641,730,0
17975,641,584,0
17976,576,730,0
17977,522,490,0
17978,522,597,0
17979,591,522,0
17980,502,464,0
17981,502,686,0
17982,588,686,0
17983,588,502,0
17984,686,464,0
17985,6137,6208,0
17986,6137,6020,0
17987,1245,1213,0
17988,1121,1213,0
17989,1121,1243,0
17990,1121,1245,0
17991,1213,1243,0
17992,1065,1150,0
17993,1065,1234,0
17994,1118,1234,0
17995,1118,1150,0
17996,1234,1150,0
17997,231,332,0
17998,231,446,0
17999,373,446,0
18000,373,332,0
18001,373,231,0
18002,6547,6461,0
18003,6547,6340,0
18004,6524,6547,0
18005,6189,6473,0
18006,6519,6249,0
18007,6519,6189,0
18008,6473,6249,0
18009,6592,1698,0
18010,6592,1463,0
18011,1789,1463,0
18012,1789,1698,0
18013,1789,6592,0
18014,1463,1698,0
18015,1227,965,0
18016,1227,1105,0
18017,1094,1105,0
18018,1094,965,0
18019,1094,1227,0
18020,1105,965,0
18021,1273,1349,0
18022,1273,1430,0
18023,1457,1430,0
18024,1457,1349,0
18025,1457,1273,0
18026,1430,1349,0
18027,213,291,0
18028,241,291,0
18029,291,463,0
18030,6578,1520,0
18031,6578,1424,0
18032,6585,1520,0
18033,6585,6578,0
18034,1424,1520,0
18035,1833,1859,0
18036,5822,5732,0
18037,5822,5840,0
18038,5874,5840,0
18039,5874,5732,0
18040,5874,5822,0
18041,5840,5732,0
18042,866,950,0
18043,859,843,0
18044,859,950,0
18045,843,950,0
18046,46,34,0
18047,46,163,0
18048,206,163,0
18049,206,34,0
18050,206,46,0
18051,163,34,0
18052,1149,876,0
18053,1149,955,0
18054,911,955,0
18055,911,876,0
18056,911,1149,0
18057,955,876,0
18058,93,196,0
18059,93,231,0
18060,6546,196,0
18061,6546,93,0
18062,1695,1652,0
18063,1695,6593,0
18064,1549,6593,0
18065,1549,1652,0
18066,1549,1695,0
18067,6593,1652,0
18068,272,435,0
18069,272,226,0
18070,107,226,0
18071,107,435,0
18072,107,272,0
18073,4872,4865,0
18074,4640,4941,0
18075,4640,4865,0
18076,4640,4872,0
18077,4941,4865,0
18078,6615,2382,0
18079,6626,2382,0
18080,6626,6596,0
18081,6626,6615,0
18082,2382,6596,0
18083,1592,1377,0
18084,1592,1617,0
18085,1505,1617,0
18086,1505,1377,0
18087,1505,1592,0
18088,1617,1377,0
18089,4141,4122,0
18090,6648,4122,0
18091,6648,4144,0
18092,6648,4141,0
18093,4122,4144,0
18094,6675,4708,0
18095,4708,6638,0
18096,1520,1558,0
18097,1625,1558,0
18098,1646,1558,0
18099,1976,2048,0
18100,1976,6614,0
18101,6611,6614,0
18102,6611,2048,0
18103,6614,2048,0
18104,802,918,0
18105,802,833,0
18106,788,833,0
18107,788,918,0
18108,833,918,0
18109,14,62,0
18110,6470,62,0
18111,6470,14,0
18112,62,4,0
18113,1805,6600,0
18114,1985,6600,0
18115,1258,1234,0
18116,1221,1234,0
18117,1221,1331,0
18118,1234,1331,0
18119,1421,1543,0
18120,1421,1723,0
18121,1673,1543,0
18122,1723,1543,0
18123,802,515,0
18124,889,515,0
18125,889,802,0
18126,1434,1132,0
18127,1434,1331,0
18128,1434,1288,0
18129,6574,1409,0
18130,6574,6580,0
18131,1454,6580,0
18132,1454,6574,0
18133,6580,1409,0
18134,2197,2375,0
18135,2322,2419,0
18136,2322,2375,0
18137,2322,2197,0
18138,2419,2375,0
18139,6596,6612,0
18140,6626,6612,0
18141,6626,2172,0
18142,6612,2172,0
18143,1822,2065,0
18144,1822,2609,0
18145,2237,2609,0
18146,2609,2065,0
18147,3572,3829,0
18148,3572,3507,0
18149,6649,3507,0
18150,6649,3829,0
18151,6649,3572,0
18152,3507,3829,0
18153,2968,2943,0
18154,2787,2968,0
18155,542,922,0
18156,542,673,0
18157,900,673,0
18158,900,922,0
18159,900,542,0
18160,673,922,0
18161,1363,1169,0
18162,1363,1424,0
18163,1182,1424,0
18164,1182,1169,0
18165,1182,1363,0
18166,1424,1169,0
18167,889,6565,0
18168,889,930,0
18169,1169,930,0
18170,1169,6565,0
18171,1169,889,0
18172,930,6565,0
18173,6562,954,0
18174,696,910,0
18175,696,954,0
18176,696,6562,0
18177,910,954,0
18178,1245,1306,0
18179,1328,1306,0
18180,1328,1301,0
18181,1328,1245,0
18182,1306,1301,0
18183,2466,2281,0
18184,2466,2451,0
18185,2214,2466,0
18186,1241,1286,0
18187,1241,811,0
18188,492,1286,0
18189,492,1241,0
18190,811,1286,0
18191,1606,1687,0
18192,1606,1681,0
18193,1625,1681,0
18194,1625,1606,0
18195,1929,6602,0
18196,1929,2033,0
18197,6602,2033,0
18198,6063,5983,0
18199,6063,5925,0
18200,6197,5983,0
18201,6524,306,0
18202,4,306,0
18203,496,448,0
18204,496,342,0
18205,519,342,0
18206,519,448,0
18207,519,496,0
18208,342,448,0
18209,2479,2525,0
18210,2424,2525,0
18211,2424,2615,0
18212,2424,2479,0
18213,2525,2615,0
18214,1349,1684,0
18215,1500,1457,0
18216,1500,1349,0
18217,1684,1457,0
18218,2731,2768,0
18219,2252,2768,0
18220,2252,2731,0
18221,1929,2768,0
18222,2146,2407,0
18223,2146,6618,0
18224,2347,2407,0
18225,2076,1900,0
18226,1912,1900,0
18227,2863,3225,0
18228,2863,2560,0
18229,3335,2560,0
18230,3335,2863,0
18231,2560,3225,0
18232,3190,6651,0
18233,776,833,0
18234,889,833,0
18235,6612,1929,0
18236,2698,2731,0
18237,2698,2318,0
18238,3010,2318,0
18239,3010,2731,0
18240,3010,2698,0
18241,1510,6587,0
18242,1510,6596,0
18243,1868,1510,0
18244,6596,6587,0
18245,6619,2791,0
18246,2303,2791,0
18247,2303,2172,0
18248,1273,1095,0
18249,497,188,0
18250,497,338,0
18251,298,338,0
18252,298,188,0
18253,298,497,0
18254,338,188,0
18255,888,6564,0
18256,1062,6564,0
18257,1062,888,0
18258,6564,1001,0
18259,1288,1430,0
18260,1288,1095,0
18261,1288,1273,0
18262,1430,1095,0
18263,500,532,0
18264,500,617,0
18265,668,617,0
18266,668,500,0
18267,617,532,0
18268,6686,5261,0
18269,6686,6692,0
18270,4998,6692,0
18271,4998,5261,0
18272,4998,6686,0
18273,6692,5261,0
18274,5728,5856,0
18275,5728,5998,0
18276,5766,5998,0
18277,5766,5728,0
18278,5998,5856,0
18279,6270,6208,0
18280,6270,6137,0
18281,5693,5884,0
18282,5693,5906,0
18283,5793,5884,0
18284,5793,5693,0
18285,1345,6590,0
18286,1503,6590,0
18287,1503,1345,0
18288,1075,6590,0
18289,1577,2020,0
18290,1577,1847,0
18291,1822,1847,0
18292,1822,2020,0
18293,1822,1577,0
18294,151,167,0
18295,151,6480,0
18296,151,45,0
18297,686,622,0
18298,686,601,0
18299,6350,334,0
18300,6350,3,0
18301,152,3,0
18302,152,6350,0
18303,3,334,0
18304,622,588,0
18305,380,502,0
18306,3002,2912,0
18307,3013,2912,0
18308,2912,2803,0
18309,1999,1650,0
18310,1999,1444,0
18311,4877,4306,0
18312,4877,4607,0
18313,4522,4607,0
18314,4607,4306,0
18315,410,174,0
18316,410,432,0
18317,605,432,1
18318,605,174,1
18319,432,174,1
18320,716,781,0
18321,716,752,0
18322,5504,5510,0
18323,5504,5669,0
18324,5387,5504,0
18325,5979,6191,0
18326,5979,6301,0
18327,5979,5866,0
18328,5384,5308,0
18329,5594,5308,0
18330,5594,5416,0
18331,5308,5416,0
18332,3992,2931,0
18333,2931,3899,0
18334,4965,2647,0
18335,4965,4407,0
18336,1888,2098,0
18337,2118,2090,0
18338,2118,2098,0
18339,2118,1888,0
18340,1692,1779,0
18341,1692,1734,0
18342,1807,1779,0
18343,1807,1692,0
18344,1888,2075,0
18345,2118,2075,0
18346,6282,6055,0
18347,6282,6250,0
18348,6321,6282,0
18349,6349,6142,0
18350,6349,6365,0
18351,6161,6349,0
18352,6005,6009,0
18353,5831,6009,0
18354,5913,5576,0
18355,6145,5576,0
18356,916,927,0
18357,916,712,0
18358,739,712,0
18359,739,927,0
18360,739,916,0
18361,712,927,0
18362,371,205,0
18363,371,132,0
18364,105,132,0
18365,105,205,0
18366,105,371,0
18367,132,205,0
18368,1530,1692,0
18369,1611,1692,0
18370,1611,1530,0
18371,573,1281,0
18372,573,1350,0
18373,573,6663,0
18374,385,287,0
18375,403,387,0
18376,403,287,0
18377,387,287,0
18378,5606,5484,0
18379,5631,5484,0
18380,5631,5745,0
18381,5631,5606,0
18382,6039,6034,0
18383,6039,5904,0
18384,6058,5904,0
18385,6058,6034,0
18386,6058,6039,0
18387,5904,6034,0
18388,5642,5646,0
18389,5440,5646,0
18390,5646,5664,0
18391,1160,1285,0
18392,1160,1332,0
18393,1186,1332,0
18394,1186,1285,0
18395,1186,1160,0
18396,1332,1285,0
18397,532,557,0
18398,557,412,0
18399,646,912,0
18400,646,769,0
18401,719,769,0
18402,719,912,0
18403,769,912,0
18404,1010,837,0
18405,1015,837,0
18406,837,1006,0
18407,5449,5428,0
18408,5449,5660,0
18409,5540,5660,0
18410,5540,5428,0
18411,5540,5449,0
18412,5660,5428,0
18413,90,236,0
18414,56,17,0
18415,56,236,0
18416,56,90,0
18417,17,236,0
18418,164,64,0
18419,0,64,0
18420,0,119,0
18421,0,164,0
18422,64,119,0
18423,17,94,0
18424,6448,65,0
18425,6448,94,0
18426,6448,17,0
18427,286,142,0
18428,286,360,0
18429,411,360,0
18430,360,142,0
18431,449,636,0
18432,449,657,0
18433,528,657,0
18434,528,449,0
18435,657,636,0
18436,303,430,0
18437,352,430,0
18438,352,403,0
18439,352,303,0
18440,430,403,0
18441,144,137,0
18442,144,6365,0
18443,145,6365,0
18444,145,137,0
18445,145,144,0
18446,6365,137,0
18447,310,487,0
18448,310,407,0
18449,350,407,0
18450,350,487,0
18451,350,310,0
18452,127,6245,0
18453,127,6104,0
18454,6133,6245,0
18455,6133,127,0
18456,6104,6245,0
18457,824,768,0
18458,915,729,0
18459,915,824,0
18460,729,768,0
18461,6029,5800,0
18462,6029,5943,0
18463,5831,6029,0
18464,6518,23,0
18465,11,23,0
18466,419,591,0
18467,339,461,0
18468,339,591,0
18469,339,419,0
18470,461,591,0
18471,410,364,0
18472,605,364,0
18473,364,432,0
18474,824,878,0
18475,701,685,0
18476,701,878,0
18477,701,824,0
18478,685,878,0
18479,784,899,0
18480,784,832,0
18481,844,899,0
18482,844,784,0
18483,832,899,0
18484,677,702,0
18485,852,702,0
18486,832,830,0
18487,830,899,0
18488,784,818,0
18489,784,755,0
18490,789,755,0
18491,789,818,0
18492,755,818,0
18493,6184,5422,0
18494,6184,2791,0
18495,2595,2791,0
18496,2595,5422,0
18497,2595,6184,0
18498,2791,5422,0
18499,635,646,0
18500,635,769,0
18501,704,769,0
18502,704,635,0
18503,314,338,0
18504,319,501,0
18505,537,501,0
18506,501,438,0
18507,606,668,0
18508,606,532,0
18509,668,557,0
18510,339,371,0
18511,438,408,0
18512,537,408,0
18513,408,353,0
18514,328,500,0
18515,328,532,0
18516,412,500,0
18517,1180,1147,0
18518,1166,1213,0
18519,1211,1213,0
18520,1211,1121,0
18521,1211,1166,0
18522,998,1180,0
18523,998,1161,0
18524,998,1147,0
18525,1515,1683,0
18526,1600,1515,0
18527,542,794,0
18528,673,794,0
18529,794,922,0
18530,1327,1198,0
18531,1296,1162,0
18532,1296,1198,0
18533,1296,1327,0
18534,1067,1002,0
18535,1067,970,0
18536,915,970,0
18537,915,1002,0
18538,915,1067,0
18539,546,412,0
18540,546,532,0
18541,546,500,0
18542,716,668,0
18543,716,699,0
18544,682,699,0
18545,682,668,0
18546,699,668,0
18547,6264,5942,0
18548,6264,5935,0
18549,6055,5935,0
18550,6055,5942,0
18551,6055,6264,0
18552,5935,5942,0
18553,5846,5843,0
18554,960,1009,0
18555,960,818,0
18556,1026,818,0
18557,1026,1009,0
18558,1026,960,0
18559,818,1009,0
18560,971,812,0
18561,847,812,0
18562,847,894,0
18563,847,971,0
18564,812,894,0
18565,301,499,0
18566,301,633,0
18567,973,1069,0
18568,973,872,0
18569,1090,872,0
18570,1090,1069,0
18571,872,1069,0
18572,603,768,0
18573,603,691,0
18574,566,691,0
18575,566,768,0
18576,566,603,0
18577,691,768,0
18578,413,521,0
18579,413,677,0
18580,680,677,0
18581,680,521,0
18582,680,413,0
18583,33,74,0
18584,33,6494,0
18585,6437,6494,0
18586,6437,74,0
18587,6494,74,0
18588,21,140,0
18589,21,150,0
18590,242,150,0
18591,242,140,0
18592,242,21,0
18593,150,140,0
18594,1584,1611,0
18595,1769,1595,0
18596,1769,1584,0
18597,1611,1595,0
18598,529,636,0
18599,1327,1469,0
18600,1327,1436,0
18601,1326,1469,0
18602,1326,1327,0
18603,1436,1469,0
18604,1129,1078,0
18605,1129,1321,0
18606,1113,1321,0
18607,1113,1078,0
18608,1113,1129,0
18609,1321,1078,0
18610,943,878,0
18611,943,685,0
18612,729,878,0
18613,729,943,0
18614,3427,3127,0
18615,3427,2949,0
18616,3215,3127,0
18617,3215,3427,0
18618,1548,1665,0
18619,1548,1722,0
18620,1813,1548,0
18621,131,149,0
18622,27,6468,0
18623,27,149,0
18624,27,131,0
18625,6468,149,0
18626,1198,1469,0
18627,1321,1469,0
18628,1321,1198,0
18629,1729,1482,0
18630,973,852,0
18631,872,852,0
18632,852,1069,0
18633,6252,6288,0
18634,6252,6400,0
18635,6426,6400,0
18636,6426,6288,0
18637,6426,6252,0
18638,6400,6288,0
18639,881,896,0
18640,896,806,0
18641,410,396,0
18642,410,524,0
18643,605,396,0
18644,524,396,0
18645,310,471,0
18646,310,485,0
18647,407,485,0
18648,485,471,0
18649,6267,6412,0
18650,6267,6479,0
18651,6538,6267,0
18652,664,602,0
18653,664,626,0
18654,486,626,0
18655,486,664,0
18656,626,602,0
18657,449,428,0
18658,528,428,0
18659,636,428,0
18660,570,425,0
18661,570,290,0
18662,346,425,0
18663,1069,1268,0
18664,1296,1268,0
18665,1282,1268,0
18666,1495,1447,0
18667,1495,1652,0
18668,1677,1447,0
18669,1677,1495,0
18670,1652,1447,0
18671,3734,3282,0
18672,3734,3470,0
18673,3807,3734,0
18674,5762,5697,0
18675,5762,5528,0
18676,5489,5762,0
18677,6323,6327,0
18678,6417,6323,0
18679,6327,6450,0
18680,745,847,0
18681,624,804,0
18682,624,744,0
18683,1240,1063,0
18684,1240,1178,0
18685,978,1178,0
18686,978,1063,0
18687,1178,1063,0
18688,711,855,0
18689,651,711,0
18690,590,549,0
18691,590,580,0
18692,590,603,0
18693,6130,6112,0
18694,6130,6088,0
18695,5930,6088,0
18696,5930,6112,0
18697,5930,6130,0
18698,6088,6112,0
18699,1017,1011,0
18700,1017,982,0
18701,1159,982,0
18702,1159,1011,0
18703,1159,1017,0
18704,982,1011,0
18705,485,528,0
18706,487,528,0
18707,487,485,0
18708,407,528,0
18709,1148,1153,0
18710,1148,1138,0
18711,1353,1138,0
18712,1353,1153,0
18713,1138,1153,0
18714,674,590,0
18715,674,679,0
18716,651,590,0
18717,651,674,0
18718,679,590,0
18719,529,528,0
18720,529,428,0
18721,6517,6478,0
18722,6517,184,0
18723,368,268,0
18724,368,433,0
18725,186,433,0
18726,186,368,0
18727,433,268,0
18728,417,469,0
18729,417,653,0
18730,436,653,0
18731,436,469,0
18732,653,469,0
18733,625,569,0
18734,625,772,0
18735,625,787,0
18736,772,822,0
18737,988,822,0
18738,988,901,0
18739,822,901,0
18740,6214,6163,0
18741,6214,6386,0
18742,6089,6386,0
18743,6089,6163,0
18744,6089,6214,0
18745,6386,6163,0
18746,772,567,0
18747,772,491,0
18748,569,491,0
18749,569,567,0
18750,491,567,0
18751,4399,4499,0
18752,4399,4575,0
18753,369,340,0
18754,369,263,0
18755,211,263,0
18756,211,340,0
18757,6468,6109,0
18758,6386,6109,0
18759,6386,6468,0
18760,6163,6109,0
18761,5882,5666,0
18762,5882,6317,0
18763,5498,6317,0
18764,5498,5666,0
18765,5498,5882,0
18766,6317,5666,0
18767,4989,5127,0
18768,4800,4989,0
18769,1574,1756,0
18770,1702,1756,0
18771,1702,1574,0
18772,1756,1618,0
18773,716,857,0
18774,149,318,0
18775,149,184,0
18776,253,184,0
18777,253,318,0
18778,253,149,0
18779,184,318,0
18780,1490,1438,0
18781,1707,1438,0
18782,1707,1439,0
18783,1707,1490,0
18784,429,562,0
18785,429,568,0
18786,327,568,0
18787,327,562,0
18788,327,429,0
18789,568,562,0
18790,6374,6520,0
18791,6374,6501,0
18792,6449,6501,0
18793,6449,6520,0
18794,6449,6374,0
18795,6501,6520,0
18796,428,485,0
18797,407,428,0
18798,544,986,0
18799,1081,986,0
18800,986,489,0
18801,5857,5956,0
18802,5898,5956,0
18803,5956,5829,0
18804,6529,160,0
18805,6529,49,0
18806,201,49,0
18807,201,160,0
18808,201,6529,0
18809,49,160,0
18810,131,407,0
18811,131,211,0
18812,414,407,0
18813,414,131,0
18814,211,407,0
18815,491,317,0
18816,6418,6315,0
18817,6418,49,0
18818,6410,49,0
18819,6410,6315,0
18820,6410,6418,0
18821,49,6315,0
18822,6190,6263,0
18823,6190,6252,0
18824,6400,6263,0
18825,6400,6190,0
18826,6252,6263,0
18827,1536,1597,0
18828,1536,1696,0
18829,1691,1696,0
18830,1691,1536,0
18831,728,657,0
18832,728,540,0
18833,795,540,0
18834,795,657,0
18835,795,728,0
18836,540,657,0
18837,324,356,0
18838,324,132,0
18839,105,356,0
18840,105,324,0
18841,6189,6257,0
18842,6189,6380,0
18843,6215,6380,0
18844,6215,6257,0
18845,6215,6189,0
18846,6380,6257,0
18847,2867,2482,0
18848,2603,2896,0
18849,2603,2482,0
18850,2603,2867,0
18851,2896,2482,0
18852,6381,86,0
18853,6381,6308,0
18854,183,86,0
18855,183,6381,0
18856,6308,86,0
18857,1704,1787,0
18858,1841,1814,0
18859,1841,1787,0
18860,1841,1704,0
18861,1814,1787,0
18862,1754,1896,0
18863,1754,1792,0
18864,1937,1792,0
18865,1937,1754,0
18866,746,795,0
18867,746,859,0
18868,770,746,0
18869,859,795,0
18870,277,494,0
18871,277,374,0
18872,277,322,0
18873,5392,5267,0
18874,5288,5267,0
18875,5288,5227,0
18876,5288,5392,0
18877,5267,5227,0
18878,1060,1116,0
18879,1060,1329,0
18880,1056,1329,1
18881,1056,1116,0
18882,1056,1060,0
18883,1329,1116,0
18884,2738,3159,0
18885,4422,3159,0
18886,3159,2927,0
18887,6438,6109,0
18888,6438,6372,0
18889,6438,6468,0
18890,6109,6372,0
18891,5478,5522,0
18892,5478,5614,0
18893,5504,5478,0
18894,423,249,0
18895,158,344,0
18896,158,249,0
18897,158,423,0
18898,344,249,0
18899,969,1151,0
18900,969,1112,0
18901,1156,1151,0
18902,1156,969,0
18903,1112,1151,0
18904,6420,6307,0
18905,6420,6112,0
18906,6178,6112,0
18907,6178,6307,0
18908,6178,6420,0
18909,6112,6307,0
18910,328,479,0
18911,277,324,0
18912,277,479,0
18913,277,328,0
18914,324,479,0
18915,2196,2027,0
18916,2196,2009,0
18917,2273,2027,0
18918,2273,2196,0
18919,2009,2027,0
18920,54,6515,0
18921,6525,6515,0
18922,6515,6160,0
18923,159,336,0
18924,159,286,0
18925,355,286,0
18926,355,336,0
18927,355,159,0
18928,286,336,0
18929,131,159,0
18930,211,6544,0
18931,211,159,0
18932,6544,159,0
18933,6544,6386,0
18934,6440,6386,0
18935,6371,6386,0
18936,3791,4041,0
18937,5683,5670,0
18938,5683,5814,0
18939,5865,5814,0
18940,5865,5670,0
18941,252,140,0
18942,252,242,0
18943,150,252,0
18944,6359,6532,0
18945,6359,6343,0
18946,38,6343,0
18947,38,6532,0
18948,38,6359,0
18949,6343,6532,0
18950,305,383,0
18951,323,383,0
18952,323,330,0
18953,323,305,0
18954,383,330,0
18955,169,323,0
18956,373,323,0
18957,373,169,0
18958,323,231,0
18959,1365,1186,0
18960,1365,1227,0
18961,1100,1227,0
18962,1100,1186,0
18963,1100,1365,0
18964,1227,1186,0
18965,409,338,0
18966,285,338,0
18967,338,222,0
18968,5153,5275,0
18969,5153,5315,0
18970,5188,5315,0
18971,5188,5275,0
18972,5188,5153,0
18973,5315,5275,0
18974,1049,853,0
18975,1049,1079,0
18976,977,1079,0
18977,977,1049,0
18978,1079,853,0
18979,6558,785,0
18980,526,785,0
18981,776,785,0
18982,1188,1219,0
18983,1188,1206,0
18984,1190,1206,0
18985,1190,1219,0
18986,1190,1188,0
18987,1206,1219,0
18988,5672,5440,0
18989,5672,5626,0
18990,5672,5642,0
18991,1639,573,0
18992,1281,1399,0
18993,1281,1639,0
18994,1399,573,0
18995,134,6532,0
18996,5783,5658,0
18997,5783,5672,0
18998,5653,5672,0
18999,5653,5658,0
19000,5653,5783,0
19001,5672,5658,0
19002,5162,5276,0
19003,5151,5276,0
19004,5276,5043,0
19005,3574,3580,0
19006,159,27,0
19007,159,87,0
19008,41,87,0
19009,41,27,0
19010,41,159,0
19011,87,27,0
19012,222,6202,0
19013,222,6461,0
19014,6546,6461,0
19015,6546,6202,0
19016,6461,6202,0
19017,332,380,0
19018,380,373,0
19019,6352,6182,0
19020,6236,6182,0
19021,399,556,0
19022,399,444,0
19023,415,444,0
19024,415,399,0
19025,444,556,0
19026,696,466,0
19027,696,6560,0
19028,696,475,0
19029,873,1050,0
19030,453,1034,0
19031,453,1050,0
19032,453,873,0
19033,1034,1050,0
19034,814,1320,0
19035,814,986,0
19036,1081,1320,0
19037,1081,814,0
19038,986,1320,0
19039,303,570,0
19040,1008,722,0
19041,959,722,0
19042,722,907,0
19043,806,752,0
19044,644,752,0
19045,644,835,0
19046,752,835,0
19047,6316,6312,0
19048,6316,6520,0
19049,6311,6520,0
19050,6311,6312,0
19051,6311,6316,0
19052,6520,6312,0
19053,6483,6501,0
19054,6483,6449,0
19055,6483,6374,0
19056,6438,6220,0
19057,6438,6166,0
19058,6239,6438,0
19059,2334,2328,0
19060,2334,2263,0
19061,5077,4991,0
19062,5126,4991,0
19063,5126,5044,0
19064,5126,5077,0
19065,4991,5044,0
19066,4357,4436,0
19067,4357,4412,0
19068,3949,4412,0
19069,4412,4436,0
19070,4852,5138,0
19071,4852,5175,0
19072,5017,5175,0
19073,5017,5138,0
19074,5017,4852,0
19075,712,548,0
19076,712,496,0
19077,611,496,0
19078,611,548,0
19079,611,712,0
19080,496,548,0
19081,6436,6445,0
19082,6436,37,0
19083,50,37,0
19084,50,6445,0
19085,37,6445,0
19086,2974,2784,0
19087,2974,3151,0
19088,3096,3151,0
19089,3096,2784,0
19090,3096,2974,0
19091,3151,2784,0
19092,261,439,0
19093,261,148,0
19094,180,148,0
19095,180,439,0
19096,180,261,0
19097,148,439,0
19098,2297,2097,0
19099,2109,2196,0
19100,2109,2297,0
19101,2097,2196,0
19102,969,1042,0
19103,969,949,0
19104,826,1042,0
19105,826,969,0
19106,949,1042,0
19107,6477,121,0
19108,6477,57,0
19109,56,57,0
19110,56,121,0
19111,56,6477,0
19112,57,121,0
19113,5314,5759,0
19114,5314,5300,0
19115,5682,5300,0
19116,5682,5759,0
19117,5682,5314,0
19118,359,946,0
19119,359,619,0
19120,948,619,0
19121,948,946,0
19122,948,359,0
19123,619,946,0
19124,4162,4214,0
19125,4162,4168,0
19126,3807,4168,0
19127,3807,4214,0
19128,3807,4162,0
19129,4168,4214,0
19130,983,1165,0
19131,983,1312,0
19132,1039,1312,0
19133,1039,1165,0
19134,1039,983,0
19135,1312,1165,0
19136,1122,931,0
19137,1122,1100,0
19138,1094,1100,0
19139,1094,931,0
19140,1094,1122,0
19141,1100,931,0
19142,531,328,0
19143,258,283,0
19144,258,328,0
19145,258,531,0
19146,283,328,0
19147,5325,5258,0
19148,5325,5173,0
19149,5436,5258,0
19150,5436,5325,0
19151,5173,5258,0
19152,178,371,0
19153,178,339,0
19154,419,178,0
19155,178,105,0
19156,205,178,0
19157,752,905,0
19158,905,835,0
19159,4937,5248,0
19160,864,806,0
19161,864,587,0
19162,775,587,0
19163,775,806,0
19164,775,864,0
19165,587,806,0
19166,6086,6420,0
19167,6307,6343,0
19168,6307,6086,0
19169,6343,6420,0
19170,730,577,0
19171,730,676,0
19172,593,822,0
19173,747,822,0
19174,747,593,0
19175,822,886,0
19176,1071,2280,0
19177,1071,967,0
19178,3014,2280,0
19179,3014,1071,0
19180,967,2280,0
19181,1737,1831,0
19182,1735,1898,0
19183,1735,1737,0
19184,1831,1898,0
19185,4806,4651,0
19186,4648,4806,0
19187,4651,4550,0
19188,4891,4790,0
19189,4891,4600,0
19190,4773,4600,0
19191,4773,4790,0
19192,4773,4891,0
19193,4600,4790,0
19194,823,1064,0
19195,823,765,0
19196,928,765,0
19197,928,1064,0
19198,928,823,0
19199,765,1064,0
19200,5962,6132,0
19201,5962,6031,0
19202,5922,6031,0
19203,5922,6132,0
19204,5922,5962,0
19205,6501,86,0
19206,6501,6367,0
19207,2918,3076,0
19208,2918,3710,0
19209,3300,3710,0
19210,3300,3076,0
19211,3710,3076,0
19212,5934,5869,0
19213,5934,6175,0
19214,6253,6175,0
19215,6253,5869,0
19216,6253,5934,0
19217,6175,5869,0
19218,37,6473,0
19219,37,0,0
19220,37,106,0
19221,6473,0,0
19222,5762,5515,0
19223,5762,5778,0
19224,5602,5778,0
19225,5602,5515,0
19226,5602,5762,1
19227,5778,5515,0
19228,2182,2312,0
19229,2182,2082,0
19230,2007,2312,0
19231,2007,2182,0
19232,2082,2312,0
19233,1021,1023,0
19234,1021,1127,0
19235,838,1127,0
19236,838,1023,0
19237,838,1021,0
19238,1127,1023,0
19239,806,718,0
19240,621,718,0
19241,621,587,0
19242,718,587,0
19243,236,193,0
19244,236,43,0
19245,89,43,0
19246,89,193,0
19247,89,236,0
19248,43,193,0
19249,4242,4297,0
19250,4242,4238,0
19251,4492,4242,0
19252,4238,4297,0
19253,5969,5854,0
19254,5969,5985,0
19255,5969,5613,0
19256,2756,2280,0
19257,2756,2046,0
19258,2867,2046,0
19259,2867,2280,0
19260,2867,2756,0
19261,2046,2280,0
19262,1777,1749,0
19263,1777,1664,0
19264,1777,1716,0
19265,248,116,0
19266,213,491,0
19267,213,116,0
19268,213,248,0
19269,4,6346,0
19270,6461,6346,0
19271,6546,6346,0
19272,90,265,0
19273,186,265,0
19274,186,65,0
19275,186,90,0
19276,265,65,0
19277,438,694,0
19278,694,408,0
19279,146,109,0
19280,146,126,1
19281,16,126,0
19282,16,109,0
19283,16,146,0
19284,126,109,0
19285,3753,3123,0
19286,3530,3123,0
19287,3123,3105,0
19288,3087,3159,0
19289,3159,3497,0
19290,6641,2919,0
19291,2618,2919,0
19292,2822,2919,0
19293,213,456,0
19294,213,106,0
19295,89,213,0
19296,1529,1135,0
19297,1529,1555,0
19298,1038,1555,0
19299,1038,1529,0
19300,1555,1135,0
19301,6419,6324,0
19302,6419,6348,0
19303,6116,6348,0
19304,6116,6324,0
19305,6116,6419,0
19306,6348,6324,0
19307,5672,5513,0
19308,5672,5780,0
19309,5653,5780,0
19310,5653,5513,0
19311,5780,5513,0
19312,6397,329,0
19313,6397,97,0
19314,155,97,0
19315,155,329,0
19316,155,6397,0
19317,97,329,0
19318,1639,1820,0
19319,1585,1820,0
19320,1585,1468,0
19321,1585,1639,0
19322,1820,1468,0
19323,5642,5495,0
19324,5642,5610,0
19325,5590,5610,0
19326,5590,5495,0
19327,5590,5642,0
19328,5610,5495,0
19329,2738,3361,0
19330,3159,3361,0
19331,4422,3361,0
19332,1021,723,0
19333,928,838,0
19334,928,723,0
19335,928,1021,0
19336,179,181,0
19337,179,267,0
19338,6483,267,0
19339,6483,181,0
19340,6679,4609,0
19341,6679,4565,0
19342,4519,6679,0
19343,4565,4609,0
19344,669,541,0
19345,669,722,0
19346,589,722,0
19347,589,541,0
19348,589,669,0
19349,722,541,0
19350,1401,1295,0
19351,1401,1343,0
19352,1439,1343,0
19353,1439,1295,0
19354,1343,1295,0
19355,1501,1770,0
19356,1501,1659,0
19357,1634,1659,0
19358,1634,1501,0
19359,1659,1770,0
19360,475,6547,0
19361,222,298,0
19362,222,6547,0
19363,222,475,0
19364,298,6547,0
19365,3710,3868,0
19366,3710,3841,0
19367,3300,3841,0
19368,3300,3868,0
19369,4453,4376,0
19370,4453,4181,0
19371,4467,4181,0
19372,4467,4376,0
19373,4467,4453,0
19374,4181,4376,0
19375,6641,2835,0
19376,6627,2919,0
19377,6627,2835,0
19378,2919,2835,0
19379,5418,5641,0
19380,5418,5475,0
19381,5419,5475,0
19382,5419,5641,0
19383,5419,5418,0
19384,5475,5641,0
19385,2495,2083,0
19386,2872,2083,0
19387,2872,1906,0
19388,2872,2495,0
19389,2083,1906,0
19390,777,910,0
19391,777,696,0
19392,763,696,0
19393,763,777,0
19394,1160,1089,0
19395,1160,965,0
19396,928,965,0
19397,928,1089,0
19398,928,1160,0
19399,965,1089,0
19400,5947,5830,0
19401,5934,5830,0
19402,5830,5863,0
19403,6491,6469,0
19404,6491,6485,0
19405,119,6485,0
19406,119,6469,0
19407,119,6491,0
19408,6485,6469,0
19409,4996,4478,0
19410,4314,4541,0
19411,4314,4478,0
19412,4314,4996,1
19413,4541,4478,0
19414,787,647,0
19415,787,1036,0
19416,772,1036,0
19417,772,647,0
19418,1036,647,0
19419,2738,2619,0
19420,3159,2619,0
19421,2297,2241,0
19422,2604,2196,0
19423,2196,2241,0
19424,78,6175,0
19425,3862,3824,0
19426,3779,3849,0
19427,3779,3824,0
19428,3779,3862,0
19429,3746,3551,0
19430,3539,3551,0
19431,3609,3551,0
19432,1794,1749,0
19433,1794,1677,0
19434,1155,1335,0
19435,1571,1155,0
19436,3335,3606,0
19437,3335,3263,0
19438,3255,3263,0
19439,3255,3335,0
19440,3263,3606,0
19441,5495,5081,0
19442,5495,5157,0
19443,5495,5149,0
19444,587,507,0
19445,587,583,0
19446,609,587,0
19447,808,1010,0
19448,1057,858,0
19449,1057,1010,0
19450,1057,808,0
19451,858,1010,0
19452,1442,1407,0
19453,1442,1365,0
19454,1203,1365,0
19455,1203,1407,0
19456,1203,1442,0
19457,1365,1407,0
19458,715,702,0
19459,715,872,0
19460,850,715,0
19461,399,206,0
19462,399,316,0
19463,416,316,0
19464,416,206,0
19465,416,399,0
19466,316,206,0
19467,1540,1579,0
19468,1540,1654,0
19469,1793,1654,0
19470,1793,1579,0
19471,1793,1540,0
19472,1654,1579,0
19473,1546,1311,0
19474,1546,1763,0
19475,1587,1546,0
19476,1763,1311,0
19477,587,363,0
19478,291,363,0
19479,291,507,0
19480,291,587,0
19481,363,507,0
19482,1579,1616,0
19483,1579,1820,0
19484,1848,1820,0
19485,1848,1616,0
19486,1848,1579,0
19487,1820,1616,0
19488,796,846,0
19489,656,846,0
19490,805,846,0
19491,630,583,0
19492,630,609,0
19493,630,587,0
19494,610,631,0
19495,610,560,0
19496,644,560,0
19497,644,631,0
19498,644,610,0
19499,560,631,0
19500,2008,2161,0
19501,2008,2181,0
19502,2008,6609,0
19503,2331,2179,0
19504,1492,1615,0
19505,1615,1598,0
19506,2936,6637,0
19507,2754,3048,0
19508,4715,4416,0
19509,4724,4394,0
19510,4724,4416,0
19511,4724,4715,0
19512,4394,4416,0
19513,1764,1827,1
19514,1764,2019,0
19515,2084,1827,1
19516,2084,1764,1
19517,2019,1827,0
19518,508,540,0
19519,487,540,0
19520,574,540,0
19521,2977,3087,0
19522,2977,3497,0
19523,3129,3087,0
19524,3129,2977,0
19525,1938,2009,0
19526,1938,2030,0
19527,1924,2030,0
19528,1924,2009,0
19529,1924,1938,0
19530,2030,2009,0
19531,2324,2295,0
19532,2324,2891,0
19533,2604,2891,0
19534,2604,2295,0
19535,2604,2324,0
19536,2891,2295,0
19537,2298,2448,0
19538,2298,2433,0
19539,2454,2298,0
19540,2465,2287,0
19541,2183,2163,0
19542,2183,2287,0
19543,2183,2465,0
19544,1246,1271,0
19545,1246,1259,0
19546,1102,1259,0
19547,1102,1271,0
19548,1102,1246,0
19549,1259,1271,0
19550,1099,862,1
19551,1099,963,0
19552,1302,963,1
19553,1302,862,1
19554,1302,1099,1
19555,1754,1826,0
19556,1787,1896,0
19557,1787,1826,0
19558,1420,1392,0
19559,1420,1336,0
19560,1486,1336,0
19561,1486,1392,0
19562,1486,1420,0
19563,1336,1392,0
19564,904,805,0
19565,707,805,0
19566,683,805,0
19567,4993,4836,0
19568,4872,4836,0
19569,4872,4988,0
19570,4872,4993,0
19571,4836,4988,0
19572,5258,5251,0
19573,5258,5242,0
19574,5161,5258,0
19575,3539,3580,0
19576,2318,6605,0
19577,2318,6625,0
19578,2048,6625,0
19579,2048,6605,0
19580,6625,6605,0
19581,6073,6121,0
19582,6073,6206,0
19583,6331,6206,0
19584,6331,6121,0
19585,6331,6073,0
19586,6206,6121,0
19587,4627,4668,0
19588,4627,4822,0
19589,4577,4822,0
19590,4577,4668,0
19591,4822,4668,0
19592,573,841,0
19593,1451,1399,0
19594,1451,841,0
19595,1451,573,0
19596,1399,841,0
19597,3580,3606,0
19598,3580,3320,0
19599,3539,3320,0
19600,3320,3606,0
19601,315,6069,0
19602,513,6069,0
19603,6069,3,0
19604,1790,6601,0
19605,2748,2948,0
19606,3192,2948,0
19607,3259,2948,0
19608,53,188,0
19609,53,222,0
19610,338,53,0
19611,222,188,0
19612,1981,1749,0
19613,1749,1859,0
19614,1322,1160,0
19615,1322,1313,0
19616,1127,1313,0
19617,1127,1160,0
19618,1127,1322,0
19619,1313,1160,0
19620,1359,1495,0
19621,1359,1303,0
19622,1391,1303,0
19623,1391,1495,0
19624,1391,1359,0
19625,1394,1118,0
19626,1258,1118,0
19627,1140,1118,0
19628,446,323,0
19629,1186,1089,0
19630,1285,1089,0
19631,1054,1144,0
19632,1054,1133,0
19633,1142,1133,0
19634,1142,1144,0
19635,1142,1054,0
19636,1133,1144,0
19637,6573,6571,0
19638,1316,6571,0
19639,1355,6571,0
19640,6686,5265,0
19641,5361,5265,0
19642,5361,5070,0
19643,5361,6686,0
19644,5265,5070,0
19645,4401,4066,0
19646,4186,4066,0
19647,2048,6618,0
19648,2347,2048,0
19649,4695,4750,0
19650,6684,4750,0
19651,4750,6689,0
19652,6711,6347,0
19653,6711,6328,0
19654,6300,6347,0
19655,6300,6711,0
19656,6328,6347,0
19657,5645,5668,0
19658,5645,5817,0
19659,5923,5571,0
19660,5923,5917,0
19661,5854,5923,0
19662,6555,6561,0
19663,6555,695,0
19664,446,695,0
19665,446,6561,0
19666,446,6555,0
19667,695,6561,0
19668,796,867,0
19669,805,867,0
19670,867,846,0
19671,6061,6019,0
19672,6106,6019,0
19673,6019,5807,0
19674,6305,20,0
19675,6610,6457,0
19676,6610,20,0
19677,6610,6305,0
19678,6457,20,0
19679,497,788,0
19680,774,6558,0
19681,774,788,0
19682,774,497,0
19683,840,839,0
19684,6563,839,0
19685,713,839,0
19686,979,978,0
19687,979,958,0
19688,1224,958,0
19689,1224,978,0
19690,1224,979,0
19691,958,978,0
19692,1333,1324,0
19693,1333,1512,0
19694,1517,1512,0
19695,1517,1324,0
19696,1517,1333,0
19697,1512,1324,0
19698,1381,1257,0
19699,1147,1298,0
19700,959,853,0
19701,959,797,0
19702,722,797,0
19703,722,853,0
19704,797,853,0
19705,1207,1028,0
19706,1207,1052,0
19707,1122,1028,0
19708,1122,1207,0
19709,1052,1028,0
19710,5359,5850,0
19711,5359,6665,0
19712,6651,5359,0
19713,4985,6672,0
19714,4985,4582,0
19715,5018,4582,0
19716,5018,6672,0
19717,5018,4985,0
19718,4582,6672,0
19719,6006,5916,0
19720,6006,6175,0
19721,5934,5916,0
19722,5934,6006,0
19723,5028,5047,0
19724,5047,5129,0
19725,928,849,0
19726,1127,849,0
19727,1127,928,0
19728,838,849,0
19729,6436,6330,0
19730,6491,6330,0
19731,6491,6445,0
19732,6491,6436,0
19733,6330,6445,0
19734,477,733,0
19735,596,733,0
19736,596,577,0
19737,6090,5962,0
19738,6132,6075,0
19739,6132,6090,0
19740,5962,6075,0
19741,639,703,0
19742,639,466,0
19743,435,639,0
19744,1525,1475,0
19745,1525,1435,0
19746,1631,1435,0
19747,1631,1475,0
19748,1631,1525,0
19749,1435,1475,0
19750,238,464,0
19751,167,464,0
19752,167,238,0
19753,47,6526,0
19754,47,6432,0
19755,6516,6432,0
19756,6516,6526,0
19757,6516,47,0
19758,6432,6526,0
19759,163,126,0
19760,163,220,0
19761,320,220,1
19762,320,126,0
19763,320,163,0
19764,220,126,1
19765,710,695,0
19766,710,576,0
19767,641,695,0
19768,641,710,0
19769,576,695,0
19770,4203,4135,0
19771,4203,4069,0
19772,4319,4069,0
19773,4319,4135,0
19774,4069,4135,0
19775,3676,4251,0
19776,299,322,0
19777,299,374,0
19778,539,374,0
19779,539,322,0
19780,539,299,0
19781,6352,6432,0
19782,6352,23,0
19783,6470,23,0
19784,6470,6432,0
19785,6470,6352,0
19786,23,6432,0
19787,4859,4348,0
19788,4161,4859,0
19789,4184,4348,0
19790,954,538,0
19791,954,968,0
19792,815,968,0
19793,815,954,0
19794,968,538,0
19795,1848,1853,0
19796,1793,1644,0
19797,1793,1848,0
19798,1853,1644,0
19799,933,914,0
19800,933,926,0
19801,4,45,0
19802,6369,62,0
19803,6369,45,0
19804,62,45,0
19805,1363,1543,0
19806,1491,1595,0
19807,1491,1543,0
19808,1491,1363,0
19809,1140,1355,0
19810,1182,1355,0
19811,1733,2145,0
19812,1733,2304,0
19813,720,1487,0
19814,1038,1487,0
19815,1487,1529,0
19816,5473,5538,0
19817,5473,5300,0
19818,5366,5300,0
19819,5366,5538,0
19820,389,420,0
19821,389,344,0
19822,572,344,0
19823,572,420,0
19824,572,389,0
19825,6059,6075,0
19826,6059,6090,0
19827,6059,6218,0
19828,6709,6346,0
19829,6709,6209,0
19830,6202,6346,0
19831,6202,6709,0
19832,6209,6346,0
19833,5313,5196,0
19834,5357,5196,0
19835,5357,5313,0
19836,5196,5413,0
19837,359,997,0
19838,964,997,0
19839,964,946,0
19840,964,359,0
19841,997,946,0
19842,359,703,0
19843,359,435,0
19844,233,435,0
19845,233,703,0
19846,233,359,0
19847,5846,5689,0
19848,5741,5869,0
19849,5741,5830,0
19850,5899,5830,0
19851,5899,5741,0
19852,5830,5869,0
19853,1195,1196,0
19854,1195,1290,0
19855,1087,1290,0
19856,1087,1196,0
19857,1087,1195,0
19858,1290,1196,0
19859,1731,1831,0
19860,1731,1735,0
19861,1731,1737,0
19862,999,899,0
19863,999,832,0
19864,830,999,0
19865,5386,5743,0
19866,5386,5502,0
19867,5385,5502,0
19868,5385,5743,0
19869,5385,5386,0
19870,5502,5743,0
19871,6540,242,0
19872,6540,169,0
19873,323,242,0
19874,323,6540,0
19875,169,242,0
19876,219,442,0
19877,219,382,0
19878,346,382,0
19879,346,442,0
19880,346,219,0
19881,382,442,0
19882,1652,1749,0
19883,1657,1652,0
19884,806,793,0
19885,816,835,0
19886,816,806,0
19887,793,835,0
19888,6072,5956,0
19889,6072,5876,0
19890,581,648,0
19891,581,659,0
19892,765,648,0
19893,765,581,0
19894,659,648,0
19895,714,831,0
19896,923,875,0
19897,923,831,0
19898,923,714,0
19899,875,831,0
19900,6412,63,0
19901,6412,293,0
19902,182,293,0
19903,182,63,0
19904,182,6412,0
19905,293,63,0
19906,1732,1723,0
19907,1761,1723,0
19908,1355,6577,0
19909,6585,6577,0
19910,1391,1447,0
19911,1391,1418,0
19912,1339,1418,0
19913,1339,1447,0
19914,1418,1447,0
19915,1853,1685,0
19916,1853,1707,0
19917,1654,1707,0
19918,1654,1685,0
19919,1654,1853,0
19920,1707,1685,0
19921,1301,1229,0
19922,1213,1229,0
19923,1213,1306,0
19924,1213,1301,0
19925,1229,1306,0
19926,2867,3397,0
19927,3403,3397,0
19928,3403,2896,0
19929,3403,2867,0
19930,3397,2896,0
19931,1848,1945,0
19932,1927,1848,0
19933,18,96,0
19934,18,6520,0
19935,71,6520,0
19936,71,96,0
19937,71,18,0
19938,6520,96,0
19939,913,990,0
19940,913,1068,0
19941,887,1068,0
19942,887,990,0
19943,887,913,0
19944,1068,990,0
19945,1833,1669,0
19946,1911,1615,0
19947,1911,1669,0
19948,1911,1833,0
19949,1615,1669,0
19950,1965,2097,0
19951,2082,2097,0
19952,2097,2260,0
19953,781,905,0
19954,3087,2927,0
19955,3360,2591,0
19956,3360,2927,0
19957,2591,2927,0
19958,1428,1167,0
19959,1428,6580,0
19960,1267,6580,0
19961,1267,1167,0
19962,1267,1428,0
19963,6580,1167,0
19964,6583,1606,0
19965,6583,1566,0
19966,1424,1606,0
19967,1424,6583,0
19968,1566,1606,0
19969,1076,1107,0
19970,1076,1065,0
19971,1189,1065,0
19972,1189,1107,0
19973,1189,1076,0
19974,998,1163,0
19975,2113,1908,0
19976,2251,1908,1
19977,2251,2110,0
19978,2251,2113,0
19979,1908,2110,0
19980,2027,1983,0
19981,2027,1988,0
19982,2077,1988,0
19983,2077,1983,0
19984,2077,2027,0
19985,1988,1983,0
19986,1859,2074,0
19987,2100,1859,0
19988,2498,2320,0
19989,6614,2320,0
19990,6614,2332,0
19991,6614,2498,0
19992,958,1010,0
19993,958,1006,0
19994,837,958,0
19995,1224,1147,0
19996,1224,1206,0
19997,1381,1206,0
19998,1381,1224,0
19999,1206,1147,0
20000,5598,5636,0
20001,5598,5743,0
20002,5954,5743,0
20003,5954,5636,0
20004,5954,5598,0
20005,5743,5636,0
20006,1820,1497,0
20007,1803,1675,0
20008,1803,1635,0
20009,1760,1635,0
20010,1760,1675,0
20011,1760,1803,0
20012,1635,1675,0
20013,2453,2419,0
20014,2453,2494,0
20015,802,6561,0
20016,889,6561,0
20017,515,6561,0
20018,710,771,0
20019,710,906,0
20020,858,906,0
20021,858,710,0
20022,906,771,0
20023,1054,889,0
20024,1054,851,0
20025,930,851,0
20026,930,1054,0
20027,851,889,0
20028,632,6556,0
20029,632,703,0
20030,639,6556,0
20031,639,632,0
20032,703,6556,0
20033,348,63,0
20034,348,293,0
20035,113,63,0
20036,113,348,0
20037,517,363,0
20038,363,609,0
20039,6291,6382,0
20040,6291,6335,0
20041,6352,6335,0
20042,6352,6382,0
20043,6352,6291,0
20044,6335,6382,0
20045,1164,1057,0
20046,1164,1015,0
20047,1164,1010,0
20048,1057,1015,0
20049,836,730,0
20050,836,816,0
20051,906,816,0
20052,906,730,0
20053,906,836,0
20054,816,730,0
20055,1851,1737,0
20056,1927,1737,0
20057,840,736,0
20058,6562,736,0
20059,6563,736,0
20060,6350,5932,0
20061,6350,6412,0
20062,6479,5932,0
20063,6479,6350,0
20064,6412,5932,0
20065,6553,113,0
20066,6553,101,0
20067,280,101,0
20068,280,113,0
20069,280,6553,0
20070,1028,747,0
20071,1028,1084,0
20072,868,1084,0
20073,868,1028,0
20074,1084,747,0
20075,1354,1099,1
20076,1502,1099,1
20077,1383,1099,1
20078,6353,6339,0
20079,6353,6408,0
20080,63,6408,0
20081,63,6339,0
20082,63,6353,0
20083,6408,6339,0
20084,587,560,0
20085,539,560,0
20086,539,621,0
20087,539,587,0
20088,560,621,0
20089,328,230,0
20090,363,258,0
20091,363,230,0
20092,363,328,0
20093,258,230,0
20094,238,408,0
20095,408,459,0
20096,721,511,0
20097,721,733,0
20098,551,721,0
20099,733,511,0
20100,2756,1690,0
20101,2280,1690,0
20102,2046,1690,0
20103,2149,2283,0
20104,2183,2283,0
20105,1556,1322,0
20106,1556,1340,0
20107,1593,1340,0
20108,1593,1322,0
20109,1593,1556,0
20110,1340,1322,0
20111,3103,3403,0
20112,3103,2896,0
20113,2339,2062,0
20114,2339,2086,0
20115,2323,2086,0
20116,2323,2062,0
20117,2323,2339,0
20118,2086,2062,0
20119,1297,1324,0
20120,1297,1199,0
20121,1021,1297,0
20122,1275,1398,0
20123,1275,1423,0
20124,1239,1423,0
20125,1239,1398,0
20126,1239,1275,0
20127,1423,1398,0
20128,1167,6574,0
20129,1267,6574,0
20130,6381,6255,0
20131,6381,6367,0
20132,86,6255,0
20133,6367,6255,0
20134,6491,37,0
20135,6473,6469,0
20136,6473,6491,0
20137,37,6469,0
20138,1414,1387,0
20139,1425,1387,0
20140,1699,1831,0
20141,1699,1731,0
20142,1195,1010,0
20143,1030,1010,0
20144,1030,1196,0
20145,1030,1195,0
20146,1010,1196,0
20147,1570,1644,0
20148,1570,1654,0
20149,1685,1570,0
20150,1654,1644,0
20151,1616,1631,0
20152,1839,1631,0
20153,1839,1616,0
20154,1631,1848,0
20155,1365,1297,0
20156,1207,1186,0
20157,1207,1297,0
20158,1207,1365,0
20159,1186,1297,0
20160,2241,2671,0
20161,2241,2304,0
20162,2129,2671,0
20163,2129,2241,0
20164,2304,2671,0
20165,6363,879,0
20166,6363,1854,0
20167,698,1854,0
20168,698,6363,1
20169,1854,879,0
20170,6384,6385,0
20171,6384,6473,0
20172,6189,6385,0
20173,6189,6384,0
20174,6473,6385,0
20175,1417,1425,0
20176,1417,1412,0
20177,1522,1412,0
20178,1522,1425,0
20179,1522,1417,0
20180,1412,1425,0
20181,1005,1043,0
20182,1005,773,0
20183,1049,773,0
20184,1049,1043,0
20185,1049,1005,0
20186,773,1043,0
20187,1798,1955,0
20188,1660,1955,0
20189,1660,1798,0
20190,1955,1634,0
20191,904,979,0
20192,904,1000,0
20193,925,1000,0
20194,925,979,0
20195,1000,979,0
20196,1825,1861,0
20197,1779,1877,0
20198,1892,1689,0
20199,1892,1877,0
20200,1689,1877,0
20201,1567,1417,0
20202,1567,1436,0
20203,1337,1440,0
20204,1337,1353,0
20205,1436,1337,0
20206,1353,1440,0
20207,896,781,0
20208,832,781,0
20209,832,896,0
20210,781,999,0
20211,710,671,0
20212,576,671,0
20213,671,695,0
20214,671,588,0
20215,1076,1088,0
20216,1065,1088,0
20217,1189,1088,0
20218,929,943,0
20219,929,701,0
20220,729,701,0
20221,729,929,0
20222,701,943,0
20223,1506,1566,0
20224,1506,1838,0
20225,1683,1838,0
20226,1683,1506,0
20227,1838,1566,0
20228,1564,1754,1
20229,1564,1679,1
20230,1725,1564,0
20231,1442,1416,0
20232,1442,1376,0
20233,1429,1442,0
20234,976,977,0
20235,976,1079,0
20236,944,1079,0
20237,944,977,0
20238,944,976,0
20239,864,867,0
20240,864,978,0
20241,775,978,0
20242,775,867,0
20243,978,867,0
20244,828,984,0
20245,829,984,0
20246,855,984,0
20247,5951,5858,0
20248,5891,5858,0
20249,3188,2521,0
20250,318,443,0
20251,318,349,0
20252,366,349,0
20253,366,443,0
20254,349,443,0
20255,1579,1556,0
20256,1616,1556,0
20257,1820,1556,0
20258,328,91,0
20259,258,91,0
20260,91,230,0
20261,1586,1673,0
20262,1586,1625,0
20263,1783,1586,0
20264,1222,1441,0
20265,1222,1259,0
20266,1410,1259,0
20267,1410,1222,0
20268,1669,6597,0
20269,1911,6597,0
20270,1737,1707,0
20271,1626,1707,0
20272,6597,1707,0
20273,1866,1703,0
20274,1866,1773,0
20275,1700,1703,0
20276,1317,1000,0
20277,1317,1224,0
20278,1317,979,0
20279,1000,1224,0
20280,1333,1402,0
20281,1333,1297,0
20282,1540,1297,0
20283,1540,1402,0
20284,1540,1333,0
20285,1297,1402,0
20286,1357,1536,0
20287,1146,1036,0
20288,1146,1022,0
20289,1266,1022,0
20290,1266,1036,0
20291,1266,1146,0
20292,1022,1036,0
20293,3455,2521,0
20294,2756,3000,0
20295,3455,3103,0
20296,3455,3000,0
20297,3103,3000,0
20298,529,455,0
20299,529,414,0
20300,529,387,0
20301,1542,1737,0
20302,1542,1731,0
20303,1735,1542,0
20304,6513,157,0
20305,6513,6537,0
20306,100,6537,0
20307,100,157,0
20308,100,6513,0
20309,6537,157,0
20310,1193,1395,0
20311,1193,1218,0
20312,1458,1218,0
20313,1458,1395,0
20314,1458,1193,0
20315,1218,1395,0
20316,5258,5346,0
20317,5113,5346,0
20318,5113,5436,0
20319,5113,5258,0
20320,5346,5436,0
20321,267,476,0
20322,267,180,0
20323,476,179,0
20324,1849,1636,1
20325,1533,1562,0
20326,1533,1641,0
20327,1518,1562,0
20328,1518,1533,0
20329,1641,1562,0
20330,874,734,0
20331,690,786,0
20332,690,734,0
20333,690,874,0
20334,786,734,0
20335,582,724,0
20336,675,724,0
20337,675,556,0
20338,675,582,0
20339,724,556,0
20340,6564,1147,0
20341,6564,999,0
20342,1206,999,0
20343,1206,6564,0
20344,999,1147,0
20345,1551,1449,0
20346,1551,1471,0
20347,1361,1471,0
20348,1361,1449,0
20349,1361,1551,0
20350,1471,1449,0
20351,1731,1938,0
20352,1924,1699,0
20353,1924,1731,0
20354,1938,1699,0
20355,2521,2280,0
20356,2521,1690,0
20357,1660,1808,0
20358,2081,2025,0
20359,2081,2226,0
20360,2188,2081,0
20361,2226,2025,0
20362,2918,2280,0
20363,3004,3014,0
20364,3004,2280,0
20365,3004,2918,0
20366,1861,1928,0
20367,1861,1826,0
20368,1615,1707,0
20369,2121,2018,0
20370,1995,2121,0
20371,2168,2018,0
20372,1542,1501,0
20373,1731,1712,0
20374,1731,1501,0
20375,1712,1501,0
20376,1917,1866,0
20377,1917,1978,0
20378,1917,1943,0
20379,1842,2144,0
20380,1872,1842,0
20381,1536,1564,0
20382,1619,1449,0
20383,1619,1564,0
20384,1619,1536,0
20385,1449,1564,0
20386,6533,46,0
20387,6533,126,0
20388,157,126,0
20389,157,46,0
20390,157,6533,0
20391,126,46,0
20392,97,268,0
20393,97,170,0
20394,97,6532,0
20395,2006,2370,0
20396,2006,2144,0
20397,2006,2012,0
20398,4989,4041,0
20399,4016,4041,0
20400,4016,4800,0
20401,4016,4989,0
20402,6444,6302,0
20403,6380,6302,0
20404,6380,6312,0
20405,6302,6312,0
20406,5164,5107,0
20407,5164,5203,0
20408,5288,5203,0
20409,5288,5107,0
20410,5288,5164,0
20411,5203,5107,0
20412,5538,5869,0
20413,5538,5610,0
20414,5899,5610,0
20415,5899,5538,0
20416,5610,5869,0
20417,4908,5385,0
20418,4908,4706,0
20419,4626,4706,0
20420,4626,5385,0
20421,4626,4908,0
20422,4706,5385,0
20423,1337,1253,0
20424,1337,1327,0
20425,1436,1253,0
20426,1327,1253,0
20427,1830,1787,0
20428,1686,1661,0
20429,1672,1686,0
20430,1440,1327,0
20431,1440,1505,0
20432,1436,1505,0
20433,1505,1327,0
20434,1826,1776,0
20435,1754,1990,1
20436,1896,1990,0
20437,1437,1581,0
20438,1369,1526,0
20439,1581,1526,0
20440,1686,1621,0
20441,1369,1360,0
20442,1369,1397,0
20443,1360,1437,0
20444,1209,1271,0
20445,1209,1226,0
20446,1104,1226,0
20447,1104,1271,0
20448,1104,1209,0
20449,1226,1271,0
20450,471,566,0
20451,711,679,0
20452,792,679,0
20453,943,1113,0
20454,943,1162,0
20455,1138,1113,0
20456,1138,943,0
20457,1162,1113,0
20458,1078,1268,0
20459,1274,1321,0
20460,1274,1268,0
20461,1274,1078,0
20462,1321,1268,0
20463,5386,5466,0
20464,5386,5420,0
20465,5226,5420,0
20466,5226,5466,0
20467,5226,5386,0
20468,5420,5466,0
20469,1955,1887,0
20470,1884,1887,0
20471,824,943,0
20472,898,878,0
20473,898,943,0
20474,898,824,0
20475,157,163,0
20476,157,206,0
20477,352,316,0
20478,486,430,0
20479,486,352,0
20480,316,430,0
20481,766,678,0
20482,768,766,0
20483,320,243,0
20484,320,884,1
20485,220,884,1
20486,220,243,1
20487,884,243,1
20488,1480,1470,0
20489,1480,1437,0
20490,1379,1437,0
20491,1379,1470,0
20492,1379,1480,0
20493,1437,1470,0
20494,746,939,0
20495,746,829,0
20496,859,829,0
20497,859,939,0
20498,829,939,0
20499,1708,1609,0
20500,1708,1755,0
20501,1708,1575,0
20502,1200,1282,0
20503,1200,1293,0
20504,1251,1200,0
20505,1293,1282,0
20506,929,912,0
20507,929,955,0
20508,719,955,0
20509,719,929,0
20510,955,912,0
20511,1392,1433,0
20512,1272,1559,0
20513,1272,1433,0
20514,1272,1392,0
20515,1559,1433,1
20516,786,797,0
20517,786,675,0
20518,724,797,0
20519,724,786,0
20520,675,797,0
20521,1049,959,0
20522,1049,797,0
20523,977,797,0
20524,977,959,0
20525,558,437,0
20526,558,472,0
20527,320,472,0
20528,320,437,1
20529,320,558,0
20530,472,437,0
20531,870,828,0
20532,870,820,0
20533,795,820,0
20534,795,870,0
20535,820,828,0
20536,171,374,0
20537,1025,1017,0
20538,1025,1159,0
20539,1230,1159,0
20540,1230,1025,0
20541,757,807,0
20542,757,709,0
20543,852,807,0
20544,852,757,0
20545,709,807,0
20546,853,787,0
20547,690,787,0
20548,690,853,0
20549,786,787,0
20550,258,211,0
20551,340,283,0
20552,340,258,0
20553,211,283,0
20554,443,410,0
20555,605,443,0
20556,5076,4980,0
20557,4976,4980,0
20558,4751,4980,0
20559,6012,326,0
20560,6012,39,0
20561,327,39,0
20562,327,326,0
20563,327,6012,0
20564,39,326,0
20565,5044,4969,0
20566,4842,4991,0
20567,4842,4969,0
20568,4842,5044,0
20569,4991,4969,0
20570,6175,6507,0
20571,6317,6175,0
20572,5048,5108,0
20573,5048,5549,0
20574,5718,5549,0
20575,5718,5108,0
20576,5718,5048,0
20577,5549,5108,0
20578,6415,6092,0
20579,6415,115,0
20580,6012,115,0
20581,6012,6092,0
20582,6012,6415,0
20583,115,6092,0
20584,1620,1604,0
20585,1810,1604,0
20586,1604,1744,0
20587,903,934,0
20588,903,1126,0
20589,1277,1126,0
20590,1277,934,0
20591,1277,903,0
20592,1126,934,0
20593,2251,2568,1
20594,2251,2432,0
20595,2247,2568,0
20596,2247,2251,0
20597,4353,4209,0
20598,4353,4423,0
20599,4100,4423,0
20600,4100,4209,0
20601,4100,4353,0
20602,4423,4209,0
20603,5901,6100,0
20604,5901,6081,0
20605,5972,6081,0
20606,5972,6100,0
20607,5972,5901,0
20608,377,302,0
20609,377,491,0
20610,433,491,0
20611,433,302,0
20612,433,377,0
20613,1587,1733,0
20614,219,186,0
20615,265,219,0
20616,530,618,0
20617,530,437,0
20618,472,618,0
20619,472,530,0
20620,21,164,0
20621,242,164,0
20622,5164,5121,0
20623,5164,5068,0
20624,5210,5068,0
20625,5210,5121,0
20626,5210,5164,0
20627,5068,5121,0
20628,5580,5553,0
20629,5580,5603,0
20630,5524,5553,0
20631,5524,5580,0
20632,5603,5553,0
20633,5543,5687,0
20634,5543,5651,0
20635,5653,5651,0
20636,5653,5687,0
20637,5653,5543,0
20638,5651,5687,0
20639,100,206,0
20640,100,46,0
20641,183,476,0
20642,111,203,0
20643,111,194,0
20644,111,212,0
20645,12,129,0
20646,12,69,0
20647,111,69,0
20648,111,129,0
20649,111,12,0
20650,69,129,0
20651,6273,6426,0
20652,514,426,0
20653,514,379,0
20654,447,379,0
20655,447,426,0
20656,447,514,0
20657,379,426,0
20658,6400,6474,0
20659,6400,6283,0
20660,6475,120,0
20661,6475,49,0
20662,32,49,0
20663,32,120,0
20664,32,6475,0
20665,49,120,0
20666,5940,5822,0
20667,5940,5806,0
20668,5840,5806,0
20669,5840,5940,0
20670,5806,5822,0
20671,3182,4166,0
20672,3182,3753,0
20673,4090,3753,0
20674,3753,4166,0
20675,814,489,0
20676,447,170,0
20677,97,379,0
20678,97,447,0
20679,170,379,0
20680,424,421,0
20681,424,508,0
20682,350,508,0
20683,350,421,0
20684,350,424,0
20685,508,421,0
20686,6163,6372,0
20687,505,523,0
20688,505,602,0
20689,505,516,0
20690,523,602,0
20691,5989,6024,0
20692,5989,6036,0
20693,5989,5946,0
20694,6541,97,0
20695,6541,6397,0
20696,3300,2630,0
20697,1648,2630,0
20698,1648,967,0
20699,1648,3300,0
20700,2630,967,0
20701,5358,5443,0
20702,5358,5337,0
20703,5410,5337,0
20704,5410,5443,0
20705,5410,5358,0
20706,5337,5443,0
20707,5015,5022,0
20708,5015,4521,0
20709,4996,4521,0
20710,4996,5022,0
20711,4996,5015,0
20712,4521,5022,0
20713,116,106,0
20714,276,106,0
20715,276,116,0
20716,5578,5615,0
20717,5603,5615,0
20718,5603,5725,0
20719,5615,5725,0
20720,210,8,0
20721,210,392,0
20722,661,392,0
20723,661,8,0
20724,661,210,0
20725,392,8,0
20726,1146,1073,0
20727,1146,1242,0
20728,1312,1073,0
20729,1312,1146,0
20730,5718,6363,0
20731,5718,5638,0
20732,5531,5638,0
20733,5531,6363,0
20734,5531,5718,0
20735,5638,6363,0
20736,2144,1946,0
20737,1620,1635,0
20738,1645,1635,0
20739,1635,1751,0
20740,1070,1333,0
20741,1122,1333,0
20742,1396,1333,0
20743,1943,1792,0
20744,1841,1917,0
20745,1841,1943,0
20746,1792,1917,0
20747,1648,3014,0
20748,1648,2918,0
20749,1008,966,0
20750,1018,1080,0
20751,1018,966,0
20752,1018,1008,0
20753,1080,966,0
20754,1022,1249,0
20755,1022,988,0
20756,1039,988,0
20757,1039,1249,0
20758,1039,1022,0
20759,988,1249,0
20760,1249,1266,0
20761,1249,1325,0
20762,1312,1325,0
20763,1312,1266,0
20764,1312,1249,0
20765,1325,1266,0
20766,5785,6205,0
20767,5785,1187,0
20768,39,1187,0
20769,39,6205,0
20770,39,5785,0
20771,1187,6205,0
20772,447,368,0
20773,1534,1392,0
20774,1534,1433,0
20775,1620,1433,0
20776,377,514,0
20777,377,379,0
20778,447,377,0
20779,476,139,0
20780,86,139,0
20781,183,139,0
20782,5600,5798,0
20783,5600,5678,0
20784,5744,5678,0
20785,5744,5798,0
20786,5744,5600,0
20787,5678,5798,0
20788,430,602,0
20789,486,556,0
20790,602,556,0
20791,1536,1336,0
20792,637,688,0
20793,637,568,0
20794,817,568,0
20795,817,637,0
20796,568,688,0
20797,6715,6347,0
20798,6328,83,0
20799,6328,6715,0
20800,1143,1357,0
20801,1143,1370,0
20802,1143,1336,1
20803,5698,5781,0
20804,5698,5880,0
20805,5784,5880,0
20806,5784,5781,0
20807,5784,5698,0
20808,131,80,0
20809,80,88,0
20810,5966,6181,0
20811,4751,4580,0
20812,4751,4699,0
20813,4354,4699,0
20814,4354,4580,0
20815,4354,4751,1
20816,1007,1070,0
20817,1007,1052,0
20818,1028,1070,0
20819,1028,1007,0
20820,6099,6018,0
20821,5930,6018,0
20822,5930,5939,0
20823,5930,6099,0
20824,6018,5939,0
20825,6291,6154,0
20826,6335,6165,0
20827,6335,6154,0
20828,6165,6154,0
20829,6255,6464,0
20830,6541,86,0
20831,6541,6464,0
20832,6541,6255,0
20833,541,444,0
20834,382,444,0
20835,212,444,0
20836,302,265,0
20837,186,302,0
20838,433,265,0
20839,6012,5490,0
20840,6012,5598,0
20841,5636,5490,0
20842,5636,6012,0
20843,5598,5490,0
20844,5908,5785,0
20845,5908,1187,0
20846,39,5908,0
20847,5377,5466,0
20848,5377,5540,0
20849,5420,5540,0
20850,5420,5377,0
20851,5540,5466,0
20852,6345,5825,0
20853,6345,6010,0
20854,6101,6010,0
20855,6101,5825,1
20856,6010,5825,0
20857,5832,5723,0
20858,5750,5723,0
20859,5723,5739,0
20860,5274,5273,0
20861,5274,5139,0
20862,5141,5139,0
20863,5141,5273,0
20864,5141,5274,0
20865,5139,5273,0
20866,269,236,0
20867,269,90,0
20868,269,302,0
20869,749,602,0
20870,626,749,0
20871,399,290,0
20872,399,143,0
20873,203,399,0
20874,764,424,0
20875,764,421,0
20876,711,421,0
20877,711,424,0
20878,711,764,0
20879,934,962,0
20880,934,1158,0
20881,1277,1158,0
20882,1277,962,0
20883,1018,1143,1
20884,1018,1031,0
20885,1080,1143,0
20886,1031,1143,0
20887,1202,1263,0
20888,1202,1222,0
20889,1116,1263,0
20890,1116,1202,0
20891,1222,1263,0
20892,1289,1209,0
20893,1289,1080,0
20894,1271,1080,0
20895,1271,1289,0
20896,1080,1209,0
20897,214,303,0
20898,214,206,0
20899,352,206,0
20900,352,214,0
20901,206,303,0
20902,724,690,0
20903,724,734,0
20904,717,749,0
20905,717,907,0
20906,697,907,0
20907,697,749,0
20908,697,717,0
20909,907,749,0
20910,379,139,0
20911,379,155,0
20912,183,155,0
20913,183,379,0
20914,155,139,0
20915,1018,1106,0
20916,1143,1106,0
20917,1031,1106,0
20918,1016,1056,1
20919,884,1056,1
20920,143,206,0
20921,206,290,0
20922,102,110,0
20923,171,154,0
20924,171,102,0
20925,154,110,0
20926,538,726,0
20927,600,968,0
20928,600,726,0
20929,968,726,0
20930,6386,6332,0
20931,6386,6341,0
20932,6364,6386,0
20933,200,87,0
20934,200,266,0
20935,341,87,0
20936,266,87,0
20937,5165,5254,0
20938,5165,5102,0
20939,5101,5102,0
20940,5101,5254,0
20941,5101,5165,0
20942,5102,5254,0
20943,4399,4311,0
20944,4288,4311,0
20945,6190,6105,0
20946,6190,6193,0
20947,6036,6193,0
20948,6036,6105,0
20949,6036,6190,0
20950,6193,6105,0
20951,6037,6261,0
20952,6037,6091,0
20953,6103,6091,0
20954,6103,6261,0
20955,6103,6037,0
20956,6091,6261,0
20957,5024,5325,0
20958,5024,5058,0
20959,5073,5058,0
20960,5073,5325,0
20961,5058,5325,0
20962,670,527,0
20963,670,790,0
20964,579,790,0
20965,579,527,0
20966,579,670,0
20967,790,527,0
20968,5928,6076,0
20969,6077,6076,0
20970,6071,5924,0
20971,6071,6072,0
20972,6080,6071,0
20973,6338,6713,0
20974,6338,6227,0
20975,6385,6713,0
20976,6385,6338,0
20977,6227,6713,0
20978,570,569,0
20979,570,647,0
20980,570,787,0
20981,569,647,0
20982,6037,5987,0
20983,6037,6156,0
20984,6108,6156,0
20985,6108,5987,0
20986,6108,6037,0
20987,6156,5987,0
20988,5856,5865,0
20989,5988,5865,0
20990,5988,5856,0
20991,5216,5163,0
20992,5216,5139,0
20993,5069,5139,0
20994,5069,5163,0
20995,5069,5216,1
20996,5139,5163,0
20997,368,219,0
20998,368,265,0
20999,425,219,0
21000,425,368,0
21001,6519,37,0
21002,6519,6491,0
21003,5631,5439,0
21004,5539,5439,0
21005,5539,5633,0
21006,5539,5631,0
21007,5439,5633,0
21008,4033,3958,0
21009,263,6544,0
21010,138,211,0
21011,138,6544,0
21012,79,155,0
21013,79,6337,0
21014,79,6381,0
21015,5958,5832,0
21016,5958,6088,0
21017,6026,5832,0
21018,6026,5958,0
21019,6088,5832,0
21020,650,423,0
21021,650,572,0
21022,344,650,0
21023,572,423,0
21024,385,258,0
21025,287,283,0
21026,287,258,0
21027,5015,4800,0
21028,4506,5022,0
21029,4506,5015,0
21030,4800,5022,0
21031,4944,4998,0
21032,4944,4954,0
21033,4944,6686,0
21034,4998,4954,0
21035,6388,6418,0
21036,6388,6423,0
21037,6297,6423,0
21038,6297,6418,0
21039,6297,6388,0
21040,6423,6418,0
21041,3791,4989,0
21042,5557,5602,1
21043,5557,5673,0
21044,5628,5602,0
21045,5640,5729,0
21046,5640,5543,0
21047,5658,5543,0
21048,5658,5729,0
21049,5658,5640,0
21050,5543,5729,0
21051,6220,6005,0
21052,6098,6131,0
21053,6098,6220,0
21054,6005,6131,0
21055,5118,5137,0
21056,5118,5010,0
21057,5204,5010,0
21058,5204,5137,0
21059,5204,5118,0
21060,6036,6230,0
21061,6036,6013,0
21062,5789,5690,0
21063,5789,5874,0
21064,5654,5874,0
21065,5654,5789,0
21066,5874,5690,0
21067,69,34,0
21068,69,6474,0
21069,5888,6148,0
21070,5888,5598,0
21071,6213,5598,0
21072,6213,6148,0
21073,6213,5888,0
21074,5598,6148,0
21075,6527,46,0
21076,6527,157,0
21077,100,6527,0
21078,224,96,0
21079,224,116,0
21080,181,96,0
21081,181,224,0
21082,116,96,0
21083,1691,1667,0
21084,1667,1696,0
21085,5946,5725,0
21086,5946,5853,0
21087,5852,5853,0
21088,5852,5725,0
21089,5852,5946,0
21090,5853,5725,0
21091,16,69,0
21092,3997,4098,0
21093,3997,4057,0
21094,569,385,0
21095,265,570,0
21096,265,385,0
21097,265,569,0
21098,570,385,0
21099,5843,5933,0
21100,5843,6077,0
21101,5846,5933,0
21102,6411,6526,0
21103,6411,6407,0
21104,6396,6407,0
21105,6396,6526,0
21106,6396,6411,0
21107,6407,6526,0
21108,5652,5676,0
21109,5652,5816,0
21110,5750,5652,0
21111,5907,5996,0
21112,5907,5965,0
21113,6477,6385,0
21114,6477,6473,0
21115,6490,6473,0
21116,6490,6385,0
21117,5336,5372,0
21118,5336,5439,0
21119,5368,5439,0
21120,5368,5372,0
21121,5368,5336,0
21122,5439,5372,0
21123,6036,6037,0
21124,6193,6024,0
21125,6193,6037,0
21126,6024,6037,0
21127,5409,5486,0
21128,5409,5351,0
21129,5618,5351,0
21130,5618,5486,0
21131,5618,5409,0
21132,5351,5486,0
21133,5949,5883,0
21134,5905,5883,0
21135,5883,5782,0
21136,6404,6040,0
21137,6404,6144,0
21138,6243,6144,0
21139,6243,6040,0
21140,6243,6404,0
21141,434,469,0
21142,434,448,0
21143,518,448,0
21144,518,469,0
21145,518,434,0
21146,448,469,0
21147,5978,6132,0
21148,5978,6008,0
21149,6304,6008,0
21150,6304,6132,0
21151,6304,5978,0
21152,6008,6132,0
21153,5123,5332,0
21154,5123,5435,0
21155,5315,5332,0
21156,5315,5123,0
21157,5435,5332,0
21158,4100,3530,0
21159,3530,4013,0
21160,4972,5000,0
21161,4972,5058,0
21162,4881,5058,0
21163,4881,5000,0
21164,4881,4972,0
21165,5058,5000,0
21166,5386,5377,0
21167,5552,5476,0
21168,5552,5521,0
21169,5941,5973,0
21170,5941,5635,0
21171,5901,5635,0
21172,5901,5973,0
21173,5901,5941,0
21174,5635,5973,0
21175,6436,6505,0
21176,6302,6505,0
21177,6302,6436,0
21178,6505,6445,0
21179,3868,3511,0
21180,3868,3146,0
21181,3920,3868,0
21182,4209,4501,0
21183,4423,4501,0
21184,1071,1187,0
21185,1071,1648,0
21186,967,1187,0
21187,1648,1187,0
21188,4711,4388,1
21189,4711,4530,1
21190,4499,4530,0
21191,4499,4388,0
21192,4499,4711,0
21193,4530,4388,1
21194,21,6526,0
21195,150,6526,0
21196,6526,140,0
21197,1517,1654,0
21198,1738,1654,0
21199,1738,1512,0
21200,1738,1517,0
21201,1654,1512,0
21202,4506,4013,0
21203,4506,4389,0
21204,4989,4996,0
21205,4989,4314,0
21206,4521,4989,0
21207,5022,4989,0
21208,5291,4996,0
21209,5291,4989,0
21210,5291,5022,0
21211,6082,5990,0
21212,6242,5990,0
21213,6215,5990,0
21214,731,723,0
21215,731,613,0
21216,868,723,0
21217,868,731,0
21218,613,723,0
21219,60,48,0
21220,60,6505,0
21221,77,6505,0
21222,77,48,0
21223,6505,48,0
21224,4095,4092,1
21225,4095,4081,0
21226,4095,4160,0
21227,4239,4314,0
21228,4239,4541,0
21229,4508,4314,0
21230,4508,4239,0
21231,4883,4922,0
21232,4883,4770,0
21233,4896,4770,0
21234,4896,4922,0
21235,4896,4883,0
21236,417,400,0
21237,37,436,0
21238,37,400,0
21239,37,417,0
21240,436,400,0
21241,6377,6130,0
21242,6263,6273,0
21243,6263,6130,0
21244,6263,6377,0
21245,6273,6130,0
21246,6442,102,0
21247,6442,1,0
21248,42,1,0
21249,42,6442,0
21250,1,102,0
21251,5386,5310,0
21252,5226,5310,0
21253,5466,5310,0
21254,6128,6129,0
21255,6128,6323,0
21256,6135,6323,0
21257,6135,6129,0
21258,6135,6128,0
21259,6323,6129,0
21260,6124,6181,0
21261,6124,5966,0
21262,6124,6084,0
21263,6419,6359,0
21264,6419,6172,0
21265,6348,6172,0
21266,6348,6359,0
21267,6172,6359,0
21268,6333,6343,0
21269,6333,6284,0
21270,429,489,0
21271,429,326,0
21272,327,489,0
21273,326,489,0
21274,4724,4508,0
21275,4724,4728,0
21276,4724,4771,0
21277,5158,5277,0
21278,5158,5340,0
21279,5220,5340,0
21280,5220,5277,0
21281,5220,5158,0
21282,5340,5277,0
21283,5386,5635,0
21284,5502,5635,0
21285,5385,5635,0
21286,5644,5553,0
21287,5644,5615,0
21288,5524,5615,0
21289,5524,5644,0
21290,5615,5553,0
21291,6033,6331,0
21292,6033,6121,0
21293,6033,6073,0
21294,5185,5228,0
21295,5185,5122,0
21296,5068,5122,0
21297,5068,5228,0
21298,5068,5185,0
21299,643,683,0
21300,683,731,0
21301,4507,4718,0
21302,4507,4541,0
21303,4442,4507,0
21304,814,568,0
21305,327,814,0
21306,568,489,0
21307,86,6535,0
21308,201,660,0
21309,201,525,0
21310,565,525,0
21311,565,660,0
21312,565,201,0
21313,525,660,0
21314,4507,4395,0
21315,4507,4724,0
21316,4390,4724,0
21317,4390,4395,0
21318,4390,4507,0
21319,4724,4395,0
21320,6073,6507,0
21321,6317,6331,0
21322,6317,6073,0
21323,6507,6331,0
21324,6073,6329,0
21325,6389,6507,0
21326,6389,6329,0
21327,6389,6073,0
21328,6507,6329,0
21329,5823,5956,0
21330,6072,5828,0
21331,6072,5823,0
21332,5956,5828,0
21333,5253,5196,0
21334,5253,5357,0
21335,5253,5313,0
21336,3791,4996,1
21337,5101,5105,0
21338,5156,4976,0
21339,5156,5105,0
21340,4976,5105,0
21341,4509,4322,0
21342,4115,4509,0
21343,1464,1588,0
21344,1464,1471,0
21345,1511,1471,0
21346,1511,1588,0
21347,1511,1464,0
21348,4454,4354,0
21349,4454,4335,0
21350,6484,6506,0
21351,31,6506,0
21352,31,6409,0
21353,31,6484,0
21354,4850,5076,0
21355,4850,4810,0
21356,4751,4850,0
21357,4810,5076,0
21358,5629,5702,0
21359,5629,6259,1
21360,5825,6259,0
21361,5825,5702,0
21362,5825,5629,1
21363,6259,5702,0
21364,4231,4239,0
21365,4231,4217,0
21366,4390,4217,0
21367,4390,4239,0
21368,4390,4231,0
21369,4217,4239,0
21370,3874,3850,0
21371,3769,3541,0
21372,3769,3874,0
21373,3541,3850,0
21374,6344,6459,0
21375,6344,6472,0
21376,6344,6420,0
21377,299,171,0
21378,171,322,0
21379,269,265,0
21380,269,385,0
21381,269,569,0
21382,6148,6200,0
21383,6148,6337,0
21384,6213,6337,0
21385,6213,6200,0
21386,6337,6200,0
21387,6051,6275,0
21388,6051,6008,0
21389,6086,6008,0
21390,6086,6275,0
21391,6086,6051,0
21392,6008,6275,0
21393,6127,6039,0
21394,6127,6187,0
21395,6060,6187,0
21396,6060,6039,0
21397,6060,6127,0
21398,6303,6217,0
21399,6303,6015,0
21400,6291,6015,0
21401,6291,6217,0
21402,6291,6303,0
21403,6015,6217,0
21404,6439,315,0
21405,6439,3,0
21406,6069,6439,0
21407,5118,5016,0
21408,5782,5751,0
21409,5782,5545,0
21410,5584,5545,0
21411,5584,5751,0
21412,5584,5782,0
21413,5545,5751,0
21414,6547,188,0
21415,6379,6340,0
21416,6379,188,0
21417,6379,6547,0
21418,6340,188,0
21419,191,193,0
21420,363,187,0
21421,363,193,0
21422,363,191,0
21423,187,193,0
21424,3580,3259,0
21425,3580,3268,0
21426,3320,3259,0
21427,3268,3259,0
21428,26,6379,0
21429,26,5911,0
21430,5867,5911,0
21431,5867,6379,0
21432,5867,26,0
21433,5911,6379,0
21434,5848,5579,0
21435,5848,5599,0
21436,5586,5599,0
21437,5586,5579,0
21438,5586,5848,0
21439,5599,5579,0
21440,5554,5512,0
21441,5554,5376,0
21442,5435,5376,0
21443,5435,5512,0
21444,5435,5554,0
21445,5376,5512,0
21446,5498,6033,0
21447,5498,5378,0
21448,5635,6033,0
21449,5635,5498,0
21450,5378,6033,0
21451,6553,445,0
21452,6553,619,0
21453,659,619,0
21454,659,445,0
21455,659,6553,0
21456,619,445,0
21457,5886,6709,0
21458,5886,6241,0
21459,6015,6241,0
21460,6015,6709,0
21461,6015,5886,0
21462,6241,6709,0
21463,6404,6267,0
21464,6069,6040,0
21465,6069,6267,0
21466,6069,6404,0
21467,5904,6017,0
21468,5904,5886,0
21469,5917,5886,0
21470,5917,6017,0
21471,5886,6017,0
21472,526,515,0
21473,5103,4955,0
21474,5146,4955,0
21475,5146,4891,0
21476,5146,5103,0
21477,4955,4891,0
21478,1240,1342,0
21479,1240,1295,0
21480,1240,1401,0
21481,1342,1295,0
21482,6518,6432,0
21483,6179,23,0
21484,6179,6432,0
21485,6179,6518,0
21486,6072,6370,0
21487,6322,6272,0
21488,6322,6072,0
21489,6370,6272,0
21490,5926,5966,0
21491,5926,6044,0
21492,6181,6044,0
21493,6181,5926,0
21494,6044,5966,0
21495,6407,6370,0
21496,6413,6370,0
21497,6017,5927,0
21498,6017,6154,0
21499,5993,6154,0
21500,5993,5927,0
21501,5993,6017,0
21502,6154,5927,0
21503,6266,6114,0
21504,4397,4376,0
21505,5934,5755,0
21506,5871,5830,0
21507,5871,5755,0
21508,5871,5934,0
21509,5830,5755,0
21510,6382,6540,0
21511,6382,6361,0
21512,6510,6361,0
21513,6510,6540,0
21514,6510,6382,0
21515,6361,6540,0
21516,5955,5579,0
21517,5703,5579,0
21518,5779,5579,0
21519,5726,5924,0
21520,5726,5794,0
21521,5898,5794,0
21522,5898,5924,0
21523,5898,5726,0
21524,5794,5924,0
21525,295,225,0
21526,295,171,0
21527,322,225,0
21528,322,295,0
21529,171,225,0
21530,5559,5564,0
21531,5657,5564,0
21532,5712,5767,0
21533,5712,5704,0
21534,5767,5704,0
21535,6254,6183,0
21536,6254,6065,0
21537,6217,6065,0
21538,6217,6183,0
21539,6217,6254,0
21540,6232,6304,0
21541,6232,57,0
21542,6359,57,0
21543,6359,6304,0
21544,57,6304,0
21545,5975,6068,0
21546,6204,6068,0
21547,6204,5934,0
21548,6204,5975,0
21549,6068,5934,0
21550,5394,5270,0
21551,5394,6699,0
21552,6689,6699,0
21553,6689,5270,0
21554,6689,5394,0
21555,6699,5270,0
21556,6711,6295,0
21557,6157,6328,0
21558,6157,6295,0
21559,6157,6711,0
21560,6328,6295,0
21561,5294,5366,0
21562,5366,5240,0
21563,4890,4993,0
21564,4890,5064,0
21565,4836,5064,0
21566,4836,4890,0
21567,5064,4993,0
21568,84,190,0
21569,84,177,0
21570,6492,177,0
21571,6492,190,0
21572,6492,84,0
21573,177,190,0
21574,4606,4682,0
21575,5486,5780,0
21576,5486,5651,0
21577,5529,5651,0
21578,5529,5780,0
21579,5529,5486,0
21580,5651,5780,0
21581,6297,6475,0
21582,6297,6410,0
21583,6231,6410,0
21584,6231,6475,0
21585,6231,6297,0
21586,6410,6475,0
21587,5807,5993,0
21588,5767,5993,0
21589,5993,5713,0
21590,5379,5449,0
21591,5379,5540,0
21592,5428,5379,0
21593,6464,6532,0
21594,139,134,0
21595,139,6532,0
21596,139,6464,0
21597,6343,6304,0
21598,6343,6232,0
21599,5607,5742,0
21600,5607,5627,0
21601,5655,5627,0
21602,5655,5742,0
21603,5655,5607,0
21604,5627,5742,0
21605,5157,4941,0
21606,5157,4799,0
21607,5157,5087,0
21608,5538,5596,0
21609,5835,5869,0
21610,5869,5596,0
21611,2421,2575,0
21612,5886,5623,0
21613,5900,5623,0
21614,5623,5641,0
21615,5080,5004,0
21616,3786,4639,0
21617,3786,4143,0
21618,4130,4143,0
21619,4130,3786,0
21620,5219,5024,0
21621,4780,5024,0
21622,4780,5221,0
21623,4780,5219,0
21624,5024,5221,0
21625,6282,5977,0
21626,6321,5977,0
21627,5893,6199,0
21628,6133,6174,0
21629,6133,5893,0
21630,5848,5639,0
21631,5599,5639,0
21632,5586,5639,0
21633,6074,6282,0
21634,6074,6321,0
21635,5984,6321,0
21636,5984,6282,0
21637,5984,6074,0
21638,6422,5867,0
21639,6020,5867,0
21640,6020,6379,0
21641,6145,6104,0
21642,6145,6487,0
21643,297,6487,0
21644,297,6104,0
21645,297,6145,0
21646,6487,6104,0
21647,4376,4357,0
21648,4376,3949,0
21649,3930,4376,0
21650,6338,6447,0
21651,6227,6447,0
21652,6385,6447,0
21653,3248,3160,0
21654,6436,6353,0
21655,6313,6353,0
21656,6707,6083,0
21657,6328,6707,0
21658,6469,6447,0
21659,6469,6385,0
21660,6229,6385,0
21661,6229,6447,0
21662,6229,6469,0
21663,6491,29,0
21664,308,29,0
21665,308,6491,0
21666,37,29,0
21667,6017,6710,0
21668,6017,6229,0
21669,5993,6229,0
21670,5993,6710,0
21671,6229,6710,0
21672,6469,0,0
21673,6469,6490,0
21674,6473,6447,0
21675,6490,6447,0
21676,6183,6293,0
21677,6183,6229,0
21678,6710,6293,0
21679,6710,6183,0
21680,6229,6293,0
21681,6054,6227,0
21682,6370,6054,0
21683,328,470,0
21684,283,470,0
21685,470,258,0
21686,511,252,0
21687,299,242,0
21688,299,252,0
21689,248,89,0
21690,56,89,0
21691,56,213,0
21692,56,248,0
21693,6408,50,0
21694,6408,6505,0
21695,6408,6436,0
21696,50,6505,0
21697,543,469,0
21698,543,518,0
21699,448,543,0
21700,5419,5639,0
21701,5623,5639,0
21702,5639,5526,0
21703,6290,6353,0
21704,6243,6353,0
21705,5494,5618,0
21706,5494,5651,0
21707,5653,5618,0
21708,5653,5494,0
21709,5651,5618,0
21710,6551,272,0
21711,6551,337,0
21712,592,337,0
21713,592,272,0
21714,592,6551,0
21715,337,272,0
21716,6486,6491,0
21717,6486,37,0
21718,6519,6486,0
21719,6276,6070,0
21720,8,6070,0
21721,8,6276,0
21722,5945,6070,0
21723,247,439,0
21724,903,962,0
21725,790,962,0
21726,790,934,0
21727,790,903,0
21728,4734,6687,0
21729,4734,4914,0
21730,5388,4914,0
21731,5388,6687,0
21732,5388,4734,0
21733,4608,6672,0
21734,4608,4436,0
21735,4582,4436,0
21736,4582,4608,0
21737,4436,6672,0
21738,613,180,0
21739,439,613,0
21740,5440,5366,0
21741,5869,6127,0
21742,6040,6127,0
21743,5899,6127,0
21744,6016,6254,0
21745,6016,6065,0
21746,6313,6254,0
21747,6313,6016,0
21748,6316,6121,0
21749,6316,6367,0
21750,6206,6367,0
21751,6206,6316,0
21752,6367,6121,0
21753,6491,50,0
21754,29,50,0
21755,5433,5623,0
21756,5433,5541,0
21757,5433,5419,0
21758,224,36,0
21759,224,37,0
21760,71,37,0
21761,71,36,0
21762,71,224,0
21763,37,36,0
21764,280,245,0
21765,6497,101,0
21766,6497,245,0
21767,6497,280,0
21768,101,245,0
21769,6039,6144,0
21770,6062,6144,0
21771,759,676,0
21772,759,730,0
21773,577,759,0
21774,99,148,0
21775,99,6507,0
21776,179,6507,0
21777,179,148,0
21778,179,99,0
21779,4783,4873,0
21780,4788,4873,0
21781,4788,4842,0
21782,4788,4783,0
21783,4873,4842,0
21784,5132,5233,0
21785,5379,5233,0
21786,5379,5224,0
21787,5379,5132,0
21788,5233,5224,0
21789,4695,5446,0
21790,4750,5446,0
21791,5446,6689,0
21792,703,619,0
21793,435,619,0
21794,233,726,0
21795,233,600,0
21796,615,600,0
21797,615,233,0
21798,643,181,0
21799,181,261,0
21800,5513,5440,0
21801,5513,5642,0
21802,5004,4923,0
21803,5123,4923,0
21804,5081,4923,0
21805,6308,6367,0
21806,3712,3615,0
21807,3706,3615,0
21808,3615,3479,0
21809,6465,239,0
21810,5714,6048,0
21811,5969,6048,0
21812,5969,5714,0
21813,6040,6048,0
21814,5999,5085,0
21815,5999,40,0
21816,5945,5085,0
21817,5945,5999,0
21818,40,5085,0
21819,3136,2999,0
21820,4394,4644,0
21821,4606,4743,0
21822,4606,4394,0
21823,4743,4644,0
21824,474,600,0
21825,474,987,0
21826,1170,987,0
21827,1170,600,0
21828,1170,474,0
21829,987,600,0
21830,4278,4584,0
21831,5607,5749,0
21832,5607,5704,0
21833,5761,5704,0
21834,5761,5749,0
21835,5761,5607,0
21836,6127,6302,0
21837,6187,6302,0
21838,6060,6302,0
21839,6249,6218,0
21840,6249,6360,0
21841,6257,6249,0
21842,6106,6126,0
21843,5901,5914,0
21844,5936,5914,0
21845,5936,5901,0
21846,5543,5662,0
21847,5618,5662,0
21848,5618,5687,0
21849,5618,5543,0
21850,5662,5687,0
21851,79,183,0
21852,79,392,0
21853,79,640,0
21854,4790,4766,0
21855,3999,4002,0
21856,4120,4002,0
21857,4120,4193,0
21858,4120,3999,0
21859,4002,4193,0
21860,5257,5307,0
21861,5257,5148,0
21862,5123,6697,0
21863,5123,5473,0
21864,6697,5081,0
21865,6414,6419,0
21866,6348,6449,0
21867,6348,6414,0
21868,6449,6419,0
21869,6311,6324,0
21870,6311,6242,0
21871,6116,6242,0
21872,6116,6311,0
21873,6242,6324,0
21874,4875,4809,0
21875,4875,4950,0
21876,4940,4950,0
21877,4940,4809,0
21878,4940,4875,0
21879,4950,4809,0
21880,5586,5541,0
21881,5586,5526,0
21882,5541,5639,0
21883,5430,5431,0
21884,5430,5407,0
21885,5399,5407,0
21886,5399,5431,0
21887,5399,5430,0
21888,5407,5431,0
21889,1037,997,0
21890,1037,968,0
21891,1037,726,0
21892,997,968,0
21893,3877,4355,0
21894,6672,4355,0
21895,6672,3877,0
21896,4436,4355,0
21897,1086,6575,0
21898,1086,1041,0
21899,6566,6575,0
21900,6566,1086,0
21901,1041,6575,0
21902,6676,6678,0
21903,4590,6678,0
21904,4590,4710,0
21905,4590,6676,0
21906,6678,4710,0
21907,4150,3636,0
21908,4150,4184,0
21909,3908,3636,0
21910,3908,4150,0
21911,4184,3636,0
21912,4897,4896,0
21913,4897,4770,0
21914,4697,4896,0
21915,4697,4897,0
21916,823,648,0
21917,823,581,0
21918,6362,6549,0
21919,6362,20,0
21920,59,20,0
21921,59,6549,0
21922,59,6362,0
21923,20,6549,0
21924,5080,4985,0
21925,5080,5314,0
21926,5157,5314,0
21927,5157,4985,0
21928,5314,4985,0
21929,5872,6200,0
21930,5872,5936,0
21931,5954,5936,0
21932,5954,6200,0
21933,5954,5872,0
21934,5936,6200,0
21935,4233,4259,0
21936,4308,4259,0
21937,4259,4500,0
21938,4698,4462,0
21939,4698,4379,0
21940,4446,4462,0
21941,4446,4698,0
21942,4379,4462,0
21943,6454,8,0
21944,6454,79,0
21945,6308,79,0
21946,6308,8,0
21947,6308,6454,0
21948,79,8,0
21949,6290,6313,0
21950,6058,6313,0
21951,6058,6353,0
21952,6058,6290,0
21953,5783,5863,0
21954,5990,5863,0
21955,5990,5672,0
21956,5990,5783,0
21957,5863,5672,0
21958,4219,3944,1
21959,4219,4082,1
21960,3848,4219,1
21961,4082,3944,0
21962,4357,4609,0
21963,4609,4436,0
21964,3948,3606,0
21965,3948,3877,0
21966,3877,3335,0
21967,3539,3877,0
21968,5465,5404,0
21969,5433,5404,0
21970,5355,5404,0
21971,6627,3348,0
21972,6627,3255,0
21973,2863,1998,0
21974,420,249,0
21975,439,249,0
21976,720,6610,0
21977,2495,6610,0
21978,6610,1529,0
21979,481,348,0
21980,481,182,0
21981,4878,4796,0
21982,4702,4509,0
21983,4665,4359,0
21984,4665,4509,0
21985,4665,4702,0
21986,4359,4509,0
21987,4547,4486,0
21988,4547,4565,0
21989,6678,4565,0
21990,6678,4486,0
21991,6678,4547,0
21992,4565,4486,0
21993,6530,6497,0
21994,6530,6458,0
21995,6542,6458,0
21996,6542,6497,0
21997,6542,6530,0
21998,6458,6497,0
21999,4799,4608,0
22000,4799,4609,0
22001,4449,4608,0
22002,4609,4608,0
22003,5742,5704,0
22004,5742,5645,0
22005,5828,5645,0
22006,5828,5742,0
22007,5645,5704,0
22008,5459,6704,0
22009,5459,5833,0
22010,5875,5459,0
22011,5833,6704,0
22012,3188,3360,0
22013,3202,3360,0
22014,359,199,0
22015,161,199,0
22016,161,359,0
22017,233,199,0
22018,359,726,0
22019,997,948,0
22020,726,948,0
22021,6303,6361,0
22022,6382,6303,0
22023,6361,6291,0
22024,5868,6020,0
22025,5868,5820,0
22026,5605,6020,0
22027,5559,5421,0
22028,5361,5421,0
22029,5361,6703,0
22030,5361,5559,0
22031,5421,6703,0
22032,3611,6646,0
22033,3348,3545,0
22034,3348,6646,0
22035,3545,6646,0
22036,466,515,0
22037,696,515,0
22038,4334,4310,0
22039,4334,6651,0
22040,3738,4334,0
22041,5904,6061,0
22042,5904,5807,0
22043,6017,5807,0
22044,6017,6061,0
22045,6237,6554,0
22046,6237,6047,0
22047,615,6047,0
22048,615,6554,0
22049,615,6237,0
22050,6047,6554,0
22051,4420,4567,0
22052,4468,4567,0
22053,6676,4633,0
22054,6676,6671,0
22055,4659,6676,0
22056,359,554,0
22057,20,964,0
22058,20,554,0
22059,20,359,0
22060,964,554,0
22061,2032,2276,0
22062,4861,4562,0
22063,4712,4562,0
22064,4562,6682,0
22065,5912,5850,0
22066,5912,2495,0
22067,720,5850,0
22068,720,5912,0
22069,2495,5850,0
22070,6592,1583,0
22071,6592,1467,0
22072,1463,1467,0
22073,1463,1583,0
22074,1467,1583,0
22075,6657,6661,0
22076,6657,6659,0
22077,3701,3274,0
22078,3701,3676,0
22079,6582,1046,0
22080,6582,1241,0
22081,1241,1046,0
22082,6083,6458,0
22083,6083,6549,0
22084,6047,6549,0
22085,6047,6458,0
22086,6047,6083,0
22087,6549,6458,0
22088,3650,4018,0
22089,5436,5292,0
22090,5113,5292,0
22091,5346,5292,0
22092,1103,918,0
22093,811,918,0
22094,5761,5655,0
22095,5761,5742,0
22096,5266,5787,0
22097,5266,5265,0
22098,5535,5265,0
22099,5535,5266,0
22100,5265,5787,0
22101,6636,3050,0
22102,474,313,0
22103,474,6589,0
22104,1170,6589,0
22105,1170,313,0
22106,6589,313,0
22107,2048,1747,0
22108,2321,2347,0
22109,2321,1747,0
22110,5424,4734,0
22111,5424,4664,0
22112,5446,4664,0
22113,5446,4734,0
22114,5446,5424,0
22115,4664,4734,0
22116,667,592,0
22117,667,611,0
22118,713,611,0
22119,713,592,0
22120,713,667,0
22121,611,592,0
22122,5364,5417,0
22123,5364,5248,0
22124,5561,5248,0
22125,5561,5417,0
22126,5561,5364,0
22127,5248,5417,0
22128,4368,4256,0
22129,4295,4195,0
22130,4295,4256,0
22131,4295,4368,0
22132,4195,4256,0
22133,5511,5211,0
22134,5248,5211,0
22135,5248,5511,0
22136,6591,1520,0
22137,6591,1646,0
22138,1677,1646,0
22139,1677,1520,0
22140,1677,6591,0
22141,3891,3949,0
22142,4690,6677,0
22143,4690,4893,0
22144,6673,4893,0
22145,4893,6677,0
22146,4235,4680,0
22147,4680,4375,0
22148,2574,2863,0
22149,2574,6636,0
22150,6627,2863,0
22151,6636,2863,0
22152,3715,3507,0
22153,3715,6652,0
22154,3860,3507,0
22155,3860,3715,0
22156,6652,3507,0
22157,4345,4401,0
22158,4345,4252,0
22159,4186,4252,0
22160,4252,4401,0
22161,5014,6683,0
22162,5014,6682,0
22163,4562,5014,0
22164,6682,6683,0
22165,4375,4103,0
22166,496,592,0
22167,496,362,0
22168,611,362,0
22169,362,592,0
22170,5911,5597,0
22171,5911,5810,0
22172,5604,5810,0
22173,5604,5597,0
22174,5604,5911,0
22175,5810,5597,0
22176,6712,6715,0
22177,6712,6241,0
22178,6492,6241,0
22179,6492,6712,0
22180,6241,6715,0
22181,4799,4524,0
22182,4608,4524,0
22183,4608,4453,0
22184,4524,4453,0
22185,5590,5968,0
22186,5904,5968,0
22187,5904,5590,0
22188,6046,5978,0
22189,5795,5978,0
22190,5795,6021,0
22191,5795,6046,0
22192,5978,6021,0
22193,6590,1784,0
22194,6590,2022,0
22195,6619,6590,0
22196,4889,4768,0
22197,4889,4792,0
22198,4584,4889,0
22199,5554,5618,0
22200,5554,5351,0
22201,5554,5486,0
22202,4898,4760,0
22203,4631,4760,0
22204,4760,4752,0
22205,4643,6675,0
22206,6346,6361,0
22207,6346,6015,0
22208,6236,6346,0
22209,6458,6328,0
22210,6458,6300,0
22211,5823,5742,0
22212,5823,5837,0
22213,5876,5837,0
22214,5876,5742,0
22215,5876,5823,0
22216,5837,5742,0
22217,3476,3493,0
22218,3476,3534,0
22219,3440,3493,0
22220,3440,3476,0
22221,3534,3493,0
22222,5911,5572,0
22223,5604,5572,0
22224,5604,5867,0
22225,5572,5867,0
22226,5738,6705,0
22227,5903,6705,0
22228,6705,6202,0
22229,5146,6695,0
22230,5150,6695,0
22231,5187,6695,0
22232,4638,4768,0
22233,4768,4600,0
22234,4647,6675,0
22235,4680,4768,0
22236,5681,5726,0
22237,5681,5677,0
22238,5710,5726,0
22239,5710,5681,0
22240,5677,5726,0
22241,6230,6122,0
22242,6230,5989,0
22243,6230,5949,0
22244,6472,6399,0
22245,65,6399,0
22246,17,6399,0
22247,5527,5267,0
22248,5527,5288,0
22249,5527,5392,0
22250,4365,4433,0
22251,4365,4327,0
22252,4307,4433,0
22253,4307,4365,0
22254,4327,4433,0
22255,5515,5410,0
22256,5344,5410,0
22257,4215,4252,0
22258,4035,4252,0
22259,4035,4215,0
22260,4252,6662,0
22261,934,1008,0
22262,917,1126,0
22263,917,1008,0
22264,917,934,0
22265,4599,4268,0
22266,4599,4448,0
22267,4493,4448,0
22268,4493,4268,0
22269,4448,4268,0
22270,2482,2599,0
22271,2688,2447,0
22272,2688,2482,0
22273,5455,5416,0
22274,5594,5630,0
22275,5594,5455,0
22276,5630,5416,0
22277,5035,4556,0
22278,5035,4545,0
22279,4797,4556,0
22280,4559,4630,0
22281,4630,4773,0
22282,4361,4371,0
22283,4373,4371,0
22284,4468,4654,0
22285,5148,5271,0
22286,5143,5257,0
22287,5143,5271,0
22288,5143,5148,0
22289,6054,6713,0
22290,6054,6072,0
22291,5993,6072,0
22292,5993,6713,0
22293,5993,6054,0
22294,5243,5137,0
22295,5243,5204,0
22296,5113,5204,0
22297,5113,5137,0
22298,5113,5243,0
22299,4778,4856,0
22300,5149,5136,0
22301,5149,5435,0
22302,5332,5136,0
22303,5332,5149,0
22304,5435,5136,0
22305,4410,4258,0
22306,4410,4320,0
22307,6094,6235,0
22308,6094,5930,0
22309,5976,5930,0
22310,5976,6235,0
22311,5976,6094,0
22312,5930,6235,0
22313,5002,4914,0
22314,5002,4486,0
22315,6678,4914,0
22316,6678,5002,0
22317,4486,4914,0
22318,4331,4408,0
22319,4331,4504,0
22320,4662,4504,0
22321,4662,4408,0
22322,4504,4408,0
22323,5323,5331,0
22324,5323,5304,0
22325,5395,5331,0
22326,5395,5323,0
22327,5304,5331,0
22328,5113,5010,0
22329,4693,4747,0
22330,4747,4504,0
22331,4604,4767,0
22332,4557,4767,0
22333,5419,5391,0
22334,5419,5355,0
22335,5433,5391,0
22336,5355,5391,0
22337,5281,5307,0
22338,6445,6486,0
22339,6445,6444,0
22340,6302,6486,0
22341,4843,4839,0
22342,4843,4757,0
22343,4973,4757,0
22344,4973,4839,0
22345,4973,4843,0
22346,4757,4839,0
22347,4359,4458,0
22348,4359,4145,0
22349,4571,4145,0
22350,4571,4458,0
22351,5708,5725,0
22352,6342,6503,0
22353,6342,97,0
22354,6423,6342,0
22355,4937,4815,0
22356,4937,4825,0
22357,4701,4825,0
22358,4701,4815,0
22359,4825,4815,0
22360,3960,3881,0
22361,3748,4037,0
22362,3748,3960,0
22363,3881,4037,0
22364,4850,5095,0
22365,4850,5102,0
22366,4980,5102,0
22367,4980,5095,0
22368,4980,4850,0
22369,5102,5095,0
22370,4943,5075,0
22371,4943,5046,0
22372,5017,5046,0
22373,5017,5075,0
22374,5017,4943,0
22375,5046,5075,0
22376,4151,4230,0
22377,4373,4001,0
22378,4230,4001,0
22379,4462,4168,0
22380,4214,4462,0
22381,4168,4446,0
22382,5404,5268,0
22383,5404,5445,0
22384,5236,5268,0
22385,5236,5404,0
22386,5445,5268,0
22387,4835,4698,0
22388,4835,4462,0
22389,4464,4462,0
22390,4464,4698,0
22391,4464,4835,0
22392,5118,5136,0
22393,5010,5136,0
22394,5136,5016,0
22395,4509,4340,0
22396,4157,4509,0
22397,4426,4539,0
22398,4426,4203,0
22399,4126,4008,0
22400,4126,4153,0
22401,4185,4153,0
22402,4185,4126,0
22403,4153,4008,0
22404,4650,4539,0
22405,3255,3611,0
22406,4373,4409,0
22407,4409,4383,0
22408,6336,6105,0
22409,6344,6105,0
22410,6344,6427,0
22411,6344,6336,0
22412,6105,6427,0
22413,4972,4740,0
22414,4972,4779,0
22415,4774,4972,0
22416,4948,4751,0
22417,4948,4699,0
22418,4886,4699,0
22419,4886,4751,0
22420,4886,4948,0
22421,4272,4258,0
22422,4261,4258,0
22423,4261,4151,0
22424,4261,4272,0
22425,4258,4151,0
22426,4221,4178,0
22427,4185,4178,0
22428,4925,4878,0
22429,4925,4949,0
22430,4742,4949,0
22431,4742,4878,0
22432,4742,4925,0
22433,4949,4878,0
22434,4546,4663,0
22435,4546,4602,0
22436,4546,4583,0
22437,4663,4602,0
22438,4622,4410,0
22439,3259,3096,0
22440,3259,3551,0
22441,3129,3551,0
22442,3129,3096,0
22443,5473,5079,0
22444,544,259,0
22445,544,565,0
22446,489,565,0
22447,489,259,0
22448,565,259,0
22449,96,179,0
22450,96,6501,0
22451,6520,179,0
22452,6501,179,0
22453,4723,4751,0
22454,4723,4810,0
22455,4723,4718,0
22456,4972,4995,0
22457,4774,4995,0
22458,4740,4995,0
22459,5153,5351,0
22460,5253,5315,0
22461,5253,5351,0
22462,5253,5153,0
22463,5315,5351,0
22464,5090,4979,0
22465,5090,5141,0
22466,5115,5141,0
22467,5115,4979,0
22468,5115,5090,0
22469,5141,4979,0
22470,5305,5245,0
22471,5529,5618,0
22472,5529,5409,0
22473,5930,5802,0
22474,5930,5931,0
22475,5816,5931,0
22476,5816,5802,0
22477,5931,5802,0
22478,5437,5648,0
22479,5437,5527,0
22480,5600,5527,0
22481,5600,5648,0
22482,5600,5437,0
22483,5527,5648,0
22484,77,36,0
22485,77,18,0
22486,77,6444,0
22487,5694,5962,0
22488,5694,5922,0
22489,5836,5922,0
22490,5836,5962,0
22491,5836,5694,0
22492,1340,1596,0
22493,1555,1596,0
22494,1555,1340,0
22495,1135,1596,0
22496,267,139,0
22497,767,690,0
22498,796,690,0
22499,796,604,0
22500,796,767,0
22501,690,604,0
22502,489,882,0
22503,895,882,0
22504,895,326,0
22505,882,326,0
22506,5623,5837,0
22507,5302,5882,0
22508,5302,5393,0
22509,6151,5393,0
22510,6151,5882,0
22511,6151,5302,0
22512,5393,5882,0
22513,377,139,0
22514,268,379,0
22515,268,377,0
22516,5520,5798,0
22517,5490,5798,0
22518,5798,5549,0
22519,5961,6093,0
22520,6101,5845,1
22521,6101,5961,0
22522,6093,5845,0
22523,381,279,0
22524,381,575,0
22525,212,279,0
22526,212,381,0
22527,575,279,0
22528,6404,6204,0
22529,6404,6127,0
22530,6302,6204,0
22531,6302,6404,0
22532,6127,6204,0
22533,5386,5667,0
22534,5804,5667,0
22535,5804,5743,0
22536,5804,5386,0
22537,5667,5743,0
22538,5742,5794,0
22539,5742,5705,0
22540,5627,5705,0
22541,5627,5794,0
22542,5024,5051,0
22543,5173,5051,0
22544,5325,5051,0
22545,4023,4239,0
22546,4000,4377,0
22547,4000,4239,0
22548,4000,4023,0
22549,4377,4239,0
22550,5188,5240,0
22551,5188,5294,0
22552,4800,5006,0
22553,4992,5006,0
22554,4992,4800,0
22555,5006,5127,0
22556,1249,1193,0
22557,1039,1193,0
22558,988,1193,0
22559,4389,4041,0
22560,4389,3920,0
22561,4390,4508,0
22562,4541,4724,0
22563,4541,4390,0
22564,6099,5961,0
22565,6018,5961,0
22566,5961,5939,0
22567,1843,1854,0
22568,2010,1854,0
22569,6537,16,0
22570,6537,6533,0
22571,6537,6474,0
22572,16,6533,0
22573,6541,139,0
22574,5741,5590,0
22575,5741,5672,0
22576,5590,5672,0
22577,5386,5640,0
22578,5635,5640,0
22579,5635,5743,0
22580,5640,5743,0
22581,5880,6086,0
22582,5880,6284,0
22583,6281,6284,0
22584,6281,6086,0
22585,6281,5880,0
22586,5947,6002,0
22587,5947,6073,0
22588,5871,6073,0
22589,5871,6002,0
22590,5871,5947,0
22591,6073,6002,0
22592,1322,1260,0
22593,1322,1269,0
22594,6588,1269,0
22595,6588,1260,0
22596,6588,1322,0
22597,1043,903,0
22598,1043,1008,0
22599,1008,903,0
22600,5494,5351,0
22601,5357,5618,0
22602,5357,5351,0
22603,5357,5494,0
22604,5706,5801,0
22605,5706,6363,1
22606,6383,6363,1
22607,6383,5801,0
22608,6383,5706,1
22609,6363,5801,0
22610,5385,5045,0
22611,5385,4637,0
22612,4626,4637,0
22613,4626,5045,0
22614,4637,5045,0
22615,983,1022,0
22616,983,940,0
22617,988,983,0
22618,940,1022,0
22619,593,426,0
22620,183,426,0
22621,183,593,0
22622,553,426,0
22623,210,333,0
22624,210,6308,0
22625,6535,210,0
22626,841,613,0
22627,841,247,0
22628,439,841,0
22629,247,613,0
22630,6316,6082,0
22631,6206,6082,0
22632,6121,6082,0
22633,5801,6210,0
22634,5801,5991,0
22635,6363,5991,0
22636,6363,6210,0
22637,5991,6210,0
22638,4802,4743,0
22639,4601,4743,0
22640,4896,4682,0
22641,6168,6401,0
22642,6168,6259,0
22643,6410,6259,0
22644,6410,6401,0
22645,6410,6168,0
22646,6259,6401,0
22647,4642,4667,0
22648,4642,4774,0
22649,4813,4774,0
22650,4813,4667,0
22651,180,6507,0
22652,491,406,0
22653,302,406,0
22654,5069,5078,1
22655,4530,4886,0
22656,4530,5078,1
22657,4530,5069,1
22658,4886,5078,0
22659,6002,6121,0
22660,6206,6002,0
22661,5610,5741,0
22662,6068,6206,0
22663,6068,6329,0
22664,6068,6073,0
22665,6206,6329,0
22666,4551,4545,0
22667,4551,4348,0
22668,4696,4348,0
22669,4696,4545,0
22670,4696,4551,0
22671,4348,4545,0
22672,5164,5398,0
22673,5318,5164,0
22674,50,245,0
22675,50,348,0
22676,245,63,0
22677,6290,6254,0
22678,6330,6254,0
22679,6330,6058,0
22680,6254,6058,0
22681,6040,6253,0
22682,6127,6253,0
22683,5714,5902,0
22684,6069,5682,0
22685,6069,5902,0
22686,6069,5714,0
22687,5682,5902,0
22688,5229,4653,0
22689,481,634,0
22690,481,765,0
22691,623,765,0
22692,623,634,0
22693,623,481,0
22694,765,634,0
22695,5393,5035,0
22696,5393,4639,0
22697,4797,4639,0
22698,4797,5393,0
22699,4639,5035,0
22700,474,6554,0
22701,600,6554,0
22702,987,6554,0
22703,1556,1504,0
22704,1556,1777,0
22705,1631,1777,0
22706,1631,1504,0
22707,1631,1556,0
22708,1777,1504,0
22709,6345,6315,0
22710,6345,6273,0
22711,6099,6273,0
22712,6099,6315,0
22713,6099,6345,0
22714,6273,6315,0
22715,6004,6139,0
22716,6004,6281,0
22717,5880,6139,0
22718,3683,3988,0
22719,3683,3896,0
22720,3803,3896,0
22721,3803,3988,0
22722,5785,2379,0
22723,5785,3300,0
22724,3841,5785,0
22725,3300,2379,0
22726,4096,3736,0
22727,4096,4150,0
22728,3736,3636,0
22729,799,6534,0
22730,799,2280,0
22731,1690,6534,0
22732,1690,799,0
22733,2280,6534,0
22734,1906,2312,0
22735,1906,2619,0
22736,1906,1811,0
22737,2508,2306,0
22738,2305,2607,0
22739,2305,2508,0
22740,2306,2607,0
22741,3361,4451,0
22742,4451,2619,0
22743,3746,3807,0
22744,3746,4162,0
22745,3807,3574,0
22746,3361,3609,0
22747,4170,3609,0
22748,4170,3361,0
22749,4453,4175,0
22750,3989,4175,0
22751,3989,4376,0
22752,3989,4453,0
22753,4371,4537,0
22754,5606,5545,0
22755,2482,2370,0
22756,2482,2511,0
22757,2510,2370,0
22758,2510,2482,0
22759,2511,2370,0
22760,6276,4451,0
22761,4422,6070,0
22762,4422,6276,0
22763,4451,6070,0
22764,3182,3397,0
22765,3541,3397,0
22766,3993,3965,0
22767,3993,4359,0
22768,4030,4359,0
22769,4030,3965,0
22770,4359,3965,0
22771,5939,5816,0
22772,5802,5939,0
22773,120,82,0
22774,120,279,0
22775,212,82,0
22776,212,120,0
22777,279,82,0
22778,6393,34,0
22779,6393,6435,0
22780,6393,6427,0
22781,6092,5168,0
22782,5999,5168,0
22783,5999,6012,0
22784,5999,6092,0
22785,5168,6012,0
22786,1961,2107,0
22787,4212,4370,0
22788,1451,742,0
22789,1311,1458,0
22790,1218,1082,0
22791,1218,1311,0
22792,1458,1082,0
22793,5598,5385,0
22794,5598,5377,0
22795,5224,5377,0
22796,5224,5385,0
22797,5224,5598,0
22798,5377,5385,0
22799,6012,6196,0
22800,6012,6534,0
22801,672,6534,0
22802,672,6196,0
22803,672,6012,0
22804,6534,6196,0
22805,4731,5043,0
22806,4657,4469,0
22807,4657,4326,0
22808,4657,4455,0
22809,3084,2986,0
22810,5497,5278,0
22811,5497,5297,0
22812,5380,5297,0
22813,5380,5278,0
22814,5380,5497,0
22815,5297,5278,0
22816,6155,6297,0
22817,6155,6176,0
22818,6235,6176,0
22819,6235,6297,0
22820,6235,6155,0
22821,6176,6297,0
22822,6367,6535,0
22823,5826,5976,0
22824,5816,5976,0
22825,5816,6004,0
22826,5816,5826,0
22827,5976,6004,0
22828,6477,38,0
22829,6360,6477,0
22830,5752,5648,0
22831,5752,5600,0
22832,5620,5600,0
22833,5620,5648,0
22834,5620,5752,0
22835,6453,17,0
22836,6453,6448,0
22837,165,6448,0
22838,165,17,0
22839,165,6453,0
22840,6383,6356,0
22841,6383,6410,0
22842,6259,6356,0
22843,6259,6383,1
22844,6410,6356,0
22845,661,333,0
22846,854,333,0
22847,854,392,0
22848,854,661,0
22849,333,392,0
22850,6532,6541,0
22851,6532,6255,0
22852,4931,4999,0
22853,4931,5006,0
22854,4781,5006,0
22855,4781,4999,0
22856,4781,4931,0
22857,5006,4999,0
22858,5267,5298,0
22859,5267,5172,0
22860,5220,5172,0
22861,5220,5298,0
22862,5220,5267,0
22863,5172,5298,0
22864,6216,6315,0
22865,6216,6093,0
22866,6099,6216,0
22867,6093,6315,0
22868,4718,4476,0
22869,4492,4476,0
22870,4492,4751,0
22871,4492,4718,0
22872,4476,4751,0
22873,3511,3127,0
22874,3127,3791,1
22875,4735,4736,0
22876,4811,4736,0
22877,4811,4779,0
22878,4811,4735,0
22879,4258,4340,0
22880,4258,4157,0
22881,4030,4157,0
22882,4030,4340,0
22883,4030,4258,0
22884,5562,5736,0
22885,4976,4922,0
22886,4921,4922,0
22887,5088,4922,0
22888,5757,5870,0
22889,5976,5870,0
22890,5976,5757,0
22891,5816,5870,0
22892,3487,3356,0
22893,3466,3356,0
22894,3466,3362,0
22895,3466,3487,0
22896,3356,3362,0
22897,4495,4441,0
22898,4512,4495,0
22899,5392,5568,0
22900,5392,5530,0
22901,5492,5530,0
22902,5492,5568,0
22903,5492,5392,0
22904,5530,5568,0
22905,5185,4953,0
22906,5068,4953,0
22907,4953,5122,0
22908,4107,4217,0
22909,4233,4217,0
22910,4233,4107,0
22911,4217,4054,0
22912,5937,6051,0
22913,5937,6008,0
22914,6086,5937,0
22915,4885,4742,0
22916,4885,4850,0
22917,5570,5469,0
22918,5570,5562,0
22919,5271,5469,0
22920,5271,5570,0
22921,5562,5469,0
22922,5016,5173,0
22923,5016,5051,0
22924,5016,5024,0
22925,5285,5164,0
22926,5285,5398,0
22927,5121,5398,0
22928,5121,5285,0
22929,4850,4723,0
22930,4691,4723,0
22931,4691,4810,0
22932,4699,4471,0
22933,4454,4471,0
22934,4471,4495,0
22935,4546,4605,0
22936,4363,4413,0
22937,4363,4605,0
22938,4363,4546,0
22939,5098,5069,0
22940,5098,4971,0
22941,5047,4971,0
22942,5047,5069,0
22943,5047,5098,0
22944,4971,5069,0
22945,5949,5852,0
22946,5824,5852,0
22947,5824,5949,0
22948,6122,5852,0
22949,4943,5010,0
22950,4887,4979,0
22951,4887,4818,0
22952,4971,4818,0
22953,4971,4979,0
22954,4971,4887,0
22955,4818,4979,0
22956,5165,4850,0
22957,5165,5095,0
22958,5732,5844,0
22959,5716,5844,0
22960,5716,5840,0
22961,5716,5732,0
22962,5844,5840,0
22963,5012,4765,0
22964,4749,4765,0
22965,4765,4726,0
22966,4014,3867,0
22967,4729,4699,0
22968,4729,4818,0
22969,4886,4818,0
22970,4886,4729,0
22971,4818,4699,0
22972,5778,5844,0
22973,5778,5881,0
22974,5861,5881,0
22975,5861,5844,0
22976,5861,5778,0
22977,5881,5844,0
22978,6509,43,0
22979,6509,85,0
22980,91,85,0
22981,91,43,0
22982,91,6509,0
22983,85,43,0
22984,4888,4737,0
22985,5165,5174,0
22986,5165,5166,0
22987,5190,5166,0
22988,5190,5174,0
22989,5190,5165,0
22990,5166,5174,0
22991,4691,4492,0
22992,4492,4259,0
22993,4281,4492,0
22994,4492,4326,0
22995,4492,4469,0
22996,4476,4469,0
22997,4476,4326,0
22998,5276,5312,0
22999,5276,5476,0
23000,5439,5476,0
23001,5439,5312,0
23002,5476,5312,0
23003,5144,5260,0
23004,5327,5324,0
23005,5327,5260,0
23006,5327,5144,0
23007,5324,5260,0
23008,5129,5327,0
23009,5129,5260,0
23010,5223,5112,0
23011,5189,5223,0
23012,4544,4603,0
23013,4544,4539,0
23014,4544,4319,0
23015,4564,4735,0
23016,4700,4735,0
23017,4554,4735,0
23018,4673,4615,0
23019,4435,4673,0
23020,5231,4876,0
23021,5093,4987,0
23022,5093,5231,0
23023,4876,4987,0
23024,6005,6219,0
23025,6161,6098,0
23026,6161,6219,0
23027,6161,6005,0
23028,6098,6219,0
23029,5781,5660,0
23030,5781,5724,0
23031,5826,5660,0
23032,5724,5660,0
23033,6701,5394,0
23034,5679,5394,0
23035,5394,6702,0
23036,5762,5877,1
23037,5762,5858,1
23038,5891,5877,0
23039,5891,5762,0
23040,5858,5877,1
23041,4535,4435,0
23042,4255,4095,0
23043,4255,4081,0
23044,4255,4160,0
23045,3945,3928,0
23046,3945,3901,0
23047,4032,3901,0
23048,4032,3928,0
23049,4032,3945,0
23050,4767,4784,0
23051,4767,4791,0
23052,5143,4784,0
23053,5143,4767,0
23054,4791,4784,0
23055,5616,5733,0
23056,5544,5733,0
23057,5544,5637,0
23058,5544,5616,0
23059,5733,5637,0
23060,4880,4306,0
23061,4429,4306,0
23062,4414,4306,0
23063,5368,5276,0
23064,5368,5242,0
23065,5427,5893,0
23066,5815,5893,0
23067,5815,5592,0
23068,5815,5427,0
23069,5893,5592,0
23070,4869,4957,0
23071,4869,4909,0
23072,5082,4957,0
23073,5082,4869,0
23074,4909,4957,0
23075,4426,4528,0
23076,4426,4542,0
23077,4333,4542,0
23078,4333,4528,0
23079,4333,4426,0
23080,4542,4528,0
23081,4399,4452,0
23082,4399,4554,0
23083,4499,4554,0
23084,4499,4452,0
23085,4554,4452,0
23086,4544,4662,0
23087,4402,4662,0
23088,4402,4622,0
23089,4402,4544,0
23090,4662,4622,0
23091,4896,5056,0
23092,5684,5481,0
23093,5684,5698,0
23094,5684,5593,0
23095,5844,5874,0
23096,5736,5680,0
23097,5756,5680,0
23098,6009,5680,0
23099,5373,5253,0
23100,5409,5253,0
23101,5409,5329,0
23102,5409,5373,0
23103,5253,5329,0
23104,5190,5207,0
23105,5190,5297,0
23106,5166,5297,0
23107,5166,5207,0
23108,5297,5207,0
23109,4922,5107,0
23110,5036,5107,0
23111,5036,5088,0
23112,5036,4922,0
23113,6091,6043,0
23114,6091,6262,0
23115,6156,6262,0
23116,6156,6043,0
23117,6156,6091,0
23118,6262,6043,0
23119,5556,5180,1
23120,5556,5470,1
23121,5290,5470,0
23122,5290,5180,1
23123,5290,5556,1
23124,5470,5180,1
23125,5673,5839,0
23126,5748,5675,0
23127,5748,5839,0
23128,5675,5839,0
23129,5822,6036,0
23130,5874,6036,0
23131,6156,6261,0
23132,5752,5744,0
23133,5744,5648,0
23134,6024,5840,0
23135,5778,5892,0
23136,5778,5885,0
23137,5844,5885,0
23138,5844,5892,0
23139,5885,5892,0
23140,5892,5881,0
23141,5885,5881,0
23142,5805,5895,0
23143,5805,5631,0
23144,5895,5715,0
23145,6024,6230,0
23146,5957,6014,0
23147,3266,3321,0
23148,3814,3656,0
23149,3814,3780,0
23150,3780,3656,0
23151,3871,3814,0
23152,5892,5987,0
23153,5919,5987,0
23154,5919,5885,0
23155,5919,5892,0
23156,5987,5885,0
23157,5986,5982,0
23158,5982,6025,0
23159,6003,6131,0
23160,6003,5996,0
23161,6109,6131,0
23162,5996,6131,0
23163,4147,3944,0
23164,4147,4034,0
23165,6091,6023,0
23166,6262,6023,1
23167,6023,6043,0
23168,5631,5552,0
23169,5439,5552,0
23170,3859,4158,0
23171,3859,4027,0
23172,4137,4027,0
23173,4137,4158,0
23174,4137,3859,0
23175,3548,3599,0
23176,3833,3599,0
23177,3833,3548,0
23178,3599,3635,0
23179,4098,3941,0
23180,3266,3430,1
23181,3139,3430,0
23182,3185,3277,0
23183,3072,3277,0
23184,2864,2956,0
23185,2793,2956,0
23186,3667,3922,0
23187,3798,3667,0
23188,3797,3922,0
23189,3072,3055,0
23190,3363,3055,0
23191,3055,3323,0
23192,3416,3312,0
23193,3416,3345,0
23194,3283,3345,0
23195,3283,3312,0
23196,3283,3416,0
23197,3345,3312,0
23198,3760,3675,0
23199,3760,3651,0
23200,3614,3651,0
23201,3614,3675,0
23202,3614,3760,0
23203,3651,3675,0
23204,3933,3541,0
23205,3761,3893,0
23206,3922,3893,0
23207,3893,3848,0
23208,4684,4697,0
23209,4684,4896,0
23210,4684,4897,0
23211,3997,3889,0
23212,3997,3950,0
23213,3889,3922,0
23214,4080,3997,0
23215,4080,3922,0
23216,4080,3950,0
23217,3869,4159,0
23218,3889,3926,0
23219,4159,3926,0
23220,3893,4082,0
23221,4675,4694,0
23222,4583,4694,0
23223,4663,4694,0
23224,4593,4575,0
23225,3893,3997,0
23226,3797,3997,0
23227,3759,3535,0
23228,3629,3535,0
23229,3535,3411,0
23230,3374,3208,0
23231,3374,3145,0
23232,3295,3145,0
23233,3295,3208,0
23234,3295,3374,0
23235,3145,3208,0
23236,3664,3865,0
23237,3664,3819,0
23238,3647,3664,0
23239,3846,3728,0
23240,3846,3922,0
23241,3950,3846,0
23242,4154,4084,0
23243,4154,4095,0
23244,4110,4095,0
23245,4110,4084,0
23246,4095,4084,0
23247,3458,3390,0
23248,3328,3390,0
23249,3328,3198,0
23250,3328,3458,0
23251,3390,3198,0
23252,3947,3714,0
23253,4219,3893,0
23254,3893,3944,0
23255,3657,3667,0
23256,3657,3447,0
23257,3640,3447,0
23258,3640,3667,0
23259,3640,3657,0
23260,3447,3667,0
23261,4746,4711,1
23262,4555,4805,0
23263,4555,4711,0
23264,4555,4746,0
23265,4805,4711,0
23266,3143,3114,0
23267,3143,2939,1
23268,3349,2939,1
23269,3349,3143,1
23270,2939,3114,0
23271,4380,4471,0
23272,4380,4354,0
23273,4312,4380,0
23274,4354,4471,1
23275,3407,3107,0
23276,3407,3164,1
23277,3156,3164,0
23278,3156,3107,0
23279,3164,3107,0
23280,3880,3943,0
23281,3986,3780,0
23282,3986,3880,0
23283,3943,3780,0
23284,4440,4326,0
23285,4308,4326,0
23286,3986,3922,0
23287,3986,3950,0
23288,4311,4270,0
23289,4311,4067,0
23290,3986,3840,0
23291,3840,3761,0
23292,5269,5305,0
23293,5269,5367,0
23294,5351,5367,0
23295,5351,5305,0
23296,5351,5269,0
23297,5367,5305,0
23298,4333,4290,0
23299,4069,4048,0
23300,3966,4048,0
23301,5076,5102,0
23302,5076,5165,0
23303,4335,4125,0
23304,3797,3771,0
23305,3150,3257,0
23306,3772,3668,0
23307,3772,3771,0
23308,3886,3668,0
23309,3886,3772,0
23310,3771,3668,0
23311,3886,4043,0
23312,3886,4067,0
23313,5390,5517,0
23314,5390,5441,0
23315,5727,5441,0
23316,5727,5517,0
23317,5727,5390,0
23318,5441,5517,0
23319,4004,3979,0
23320,4004,4069,0
23321,4610,4742,0
23322,3997,4125,0
23323,4691,4476,0
23324,4691,4751,0
23325,4476,4580,0
23326,3951,4164,0
23327,3951,3987,0
23328,4325,3987,0
23329,4325,4164,0
23330,4325,3951,0
23331,3987,4164,0
23332,3997,4082,0
23333,4147,4075,0
23334,4507,4682,0
23335,4728,4507,0
23336,3871,3833,0
23337,4380,4335,0
23338,3884,4113,0
23339,3995,4113,0
23340,4054,4113,0
23341,3590,3640,0
23342,3640,3478,0
23343,4900,4934,0
23344,3848,4043,0
23345,3814,3880,0
23346,3880,3833,0
23347,3850,3884,0
23348,4100,3980,0
23349,4100,3884,0
23350,4100,3850,0
23351,3980,3884,0
23352,3934,3924,0
23353,4091,3939,0
23354,4091,3924,0
23355,3939,3924,0
23356,5337,5274,0
23357,5139,5337,0
23358,5344,5274,0
23359,4718,4354,1
23360,4476,4354,0
23361,3672,3926,0
23362,3672,3881,0
23363,4147,4194,0
23364,4219,4125,0
23365,4312,4125,0
23366,5036,4896,0
23367,5036,4883,0
23368,3997,4183,0
23369,4159,4290,0
23370,4159,4287,0
23371,4729,4751,0
23372,4454,4476,0
23373,3399,3758,0
23374,3399,3304,0
23375,3564,3758,0
23376,3304,3758,0
23377,3664,3778,0
23378,4075,3950,0
23379,4217,3995,0
23380,4736,4744,0
23381,4469,4281,0
23382,3668,3832,0
23383,3798,3668,0
23384,3832,3771,0
23385,3859,3934,0
23386,4027,3934,0
23387,5293,5110,0
23388,5293,5387,0
23389,5272,5387,0
23390,5272,5293,0
23391,5387,5110,0
23392,3904,3859,0
23393,3904,3934,0
23394,4027,3904,0
23395,3904,4169,0
23396,3904,4075,0
23397,3889,3846,0
23398,3846,3640,0
23399,3846,3832,0
23400,3922,3640,0
23401,3832,3640,0
23402,3053,3230,0
23403,3306,3230,0
23404,3306,3080,0
23405,3524,3620,0
23406,3404,3620,0
23407,3620,3559,0
23408,3926,4158,0
23409,3904,3943,0
23410,4137,3904,0
23411,3703,3656,0
23412,3703,3780,0
23413,3761,3780,0
23414,3761,3656,0
23415,3761,3703,0
23416,3986,3761,0
23417,3944,3780,0
23418,3944,3997,0
23419,4147,3997,0
23420,4456,4377,0
23421,4456,4442,0
23422,4541,4377,0
23423,4541,4456,0
23424,4366,4568,0
23425,4601,4568,0
23426,4601,4366,0
23427,4469,4691,0
23428,4657,4476,0
23429,4326,4137,0
23430,4212,4354,1
23431,4212,4219,1
23432,4147,4354,0
23433,4147,4212,0
23434,4332,4386,0
23435,4428,4244,0
23436,4428,4332,0
23437,4386,4244,0
23438,4219,3997,0
23439,5161,5115,0
23440,5276,5115,0
23441,5276,5161,0
23442,5115,5242,0
23443,4312,4183,0
23444,4563,4441,0
23445,4542,4441,0
23446,4542,4563,0
23447,4425,4441,0
23448,4948,4729,0
23449,4948,4818,0
23450,4425,4177,0
23451,4592,4441,0
23452,4592,4469,0
23453,4507,4346,0
23454,4574,4726,0
23455,4733,4726,0
23456,4606,4726,0
23457,4736,4651,0
23458,5101,4718,1
23459,4718,5076,1
23460,4802,4781,0
23461,4802,4568,0
23462,4568,4781,0
23463,3980,4231,0
23464,3980,4394,0
23465,4353,4394,0
23466,4353,4231,0
23467,4353,3980,0
23468,4394,4231,0
23469,4065,3880,0
23470,4899,5056,0
23471,4899,4929,0
23472,4980,4929,0
23473,4980,5056,0
23474,4980,4899,0
23475,4929,5056,0
23476,4147,4269,0
23477,4118,4242,0
23478,4118,4346,0
23479,4212,4242,0
23480,4346,4242,0
23481,4270,4288,0
23482,4312,4288,0
23483,4312,4270,0
23484,4326,4441,0
23485,4269,4354,0
23486,4219,4269,0
23487,4308,4137,0
23488,4966,4857,1
23489,4966,4594,1
23490,4745,4857,0
23491,4745,4966,0
23492,4594,4857,1
23493,3776,3656,0
23494,3780,3776,0
23495,3548,3558,0
23496,3548,3437,0
23497,3461,3437,0
23498,3461,3558,0
23499,3461,3548,0
23500,3437,3558,0
23501,4496,4564,0
23502,4496,4484,0
23503,4496,4623,0
23504,3997,4177,0
23505,4476,4269,0
23506,4476,4281,0
23507,4591,4417,0
23508,4591,4363,0
23509,4740,4363,0
23510,4740,4417,0
23511,4363,4417,0
23512,4304,4332,0
23513,5850,3225,0
23514,3624,6642,0
23515,3624,5850,0
23516,6642,3225,0
23517,4032,3886,0
23518,4396,4359,0
23519,4563,4593,0
23520,4563,4512,0
23521,4441,4593,0
23522,4718,4728,0
23523,4718,4682,0
23524,3168,3025,0
23525,3168,3256,0
23526,3025,3276,0
23527,3821,3778,0
23528,4323,4129,0
23529,4323,3941,0
23530,4337,3941,0
23531,4337,4129,0
23532,4337,4323,0
23533,3941,4129,0
23534,4426,4290,0
23535,3185,3082,0
23536,3250,3082,0
23537,4808,4812,0
23538,4808,4806,0
23539,4530,4808,0
23540,4346,4217,0
23541,4377,4217,0
23542,4212,4217,0
23543,4625,4500,0
23544,4259,4440,0
23545,3993,3817,0
23546,3993,3995,0
23547,4400,4528,0
23548,4400,4465,0
23549,4554,4528,0
23550,4554,4400,0
23551,4465,4528,0
23552,4949,4983,0
23553,4949,4779,0
23554,4813,4983,0
23555,4813,4949,0
23556,4779,4983,0
23557,4242,4233,0
23558,4259,4242,0
23559,4492,4233,0
23560,4948,5078,0
23561,4751,5078,1
23562,4509,4150,0
23563,4322,4150,0
23564,3969,4227,0
23565,4851,4817,0
23566,4851,4762,0
23567,4805,4762,0
23568,4805,4851,0
23569,4762,4817,0
23570,4812,4648,0
23571,4700,4806,0
23572,4380,4495,0
23573,4380,4454,0
23574,4580,4469,0
23575,4371,4342,0
23576,4201,4342,0
23577,4383,4342,0
23578,4297,4269,0
23579,4269,4370,0
23580,4769,4645,0
23581,4645,4720,0
23582,3846,3778,0
23583,3846,3869,0
23584,4925,4971,0
23585,4925,4886,0
23586,4818,4925,0
23587,4886,4971,0
23588,4188,4223,0
23589,4059,4188,0
23590,4208,4223,0
23591,4573,4320,0
23592,4426,4425,0
23593,4425,4511,0
23594,4851,4879,0
23595,4851,4803,0
23596,4817,4879,0
23597,4803,4879,0
23598,4126,3849,0
23599,3849,4008,0
23600,4218,4233,0
23601,4218,4242,0
23602,4238,4233,0
23603,3758,4030,0
23604,4115,4030,0
23605,4912,4692,0
23606,4912,4953,0
23607,5068,4912,0
23608,4953,4692,0
23609,4341,4444,0
23610,4417,4444,0
23611,4444,4543,0
23612,4979,4983,0
23613,4862,5115,0
23614,4862,4983,0
23615,4862,4979,0
23616,5115,4983,0
23617,3918,4026,0
23618,3918,4088,0
23619,3982,3918,0
23620,4657,4610,0
23621,4338,4159,0
23622,4425,4338,0
23623,4128,4234,0
23624,4128,4068,0
23625,4177,4075,0
23626,4128,4333,0
23627,4234,4333,0
23628,4068,4333,0
23629,4774,4528,0
23630,4528,4667,0
23631,4424,4560,1
23632,4424,4473,0
23633,4560,4473,0
23634,4593,4651,0
23635,4744,4818,0
23636,4744,4742,0
23637,4744,4729,0
23638,4818,4742,0
23639,4906,4976,0
23640,4718,4976,0
23641,3898,3779,0
23642,4560,4746,1
23643,4388,4746,1
23644,4388,4560,1
23645,4424,4746,0
23646,4014,3947,0
23647,4059,3947,0
23648,4315,4287,0
23649,4315,4465,0
23650,4500,4682,0
23651,4500,4507,0
23652,4492,4682,0
23653,4679,4650,0
23654,4646,4679,0
23655,4650,4548,0
23656,4318,4341,0
23657,4318,4254,0
23658,4444,4254,0
23659,4444,4318,0
23660,3600,3431,0
23661,3600,3438,0
23662,3450,3438,0
23663,3450,3600,0
23664,3438,3431,0
23665,4806,4845,0
23666,4399,4332,0
23667,4315,4332,0
23668,4589,4510,0
23669,4705,4740,0
23670,4592,4610,0
23671,4592,4657,0
23672,4691,4592,0
23673,4280,4337,0
23674,4224,4227,0
23675,4224,4337,0
23676,4227,4337,0
23677,4904,5023,0
23678,4904,4971,0
23679,4746,4677,0
23680,4746,4526,0
23681,4441,4287,0
23682,4323,4315,0
23683,4484,4337,0
23684,4484,4315,0
23685,4484,4323,0
23686,4337,4315,0
23687,4335,4471,0
23688,4563,4511,0
23689,4395,4456,0
23690,4010,3807,0
23691,3862,3807,0
23692,3862,4322,0
23693,3807,4322,0
23694,4796,4742,0
23695,4796,4689,0
23696,4642,4689,0
23697,4642,4742,0
23698,4642,4796,0
23699,4689,4742,0
23700,4622,4642,0
23701,4689,4511,0
23702,4689,4622,0
23703,4413,4241,0
23704,4413,4250,0
23705,4283,4250,0
23706,4283,4241,0
23707,4283,4413,0
23708,4250,4241,0
23709,4504,4402,0
23710,4504,4544,0
23711,4178,4373,0
23712,4410,4338,0
23713,4557,4586,0
23714,4736,4593,0
23715,4812,4818,0
23716,4736,4818,0
23717,4534,4457,0
23718,4855,4793,0
23719,4850,5056,0
23720,4850,4899,0
23721,4610,4699,0
23722,4744,4593,0
23723,4899,4921,0
23724,4899,4810,0
23725,4929,4921,0
23726,4810,4921,0
23727,4511,4542,0
23728,4542,4642,0
23729,4014,3886,0
23730,3947,3886,0
23731,4205,4332,0
23732,3615,3559,0
23733,3615,3413,0
23734,3620,3413,0
23735,3620,3615,0
23736,3413,3559,0
23737,4332,4388,0
23738,4332,4381,0
23739,3946,3844,0
23740,4455,4592,0
23741,4381,4304,0
23742,4304,4388,0
23743,4465,4550,0
23744,4059,4043,1
23745,4311,4380,0
23746,4311,4125,0
23747,4311,4335,0
23748,4851,4711,0
23749,4817,4808,0
23750,4817,4711,0
23751,4808,4711,0
23752,4428,4499,0
23753,4428,4711,0
23754,4400,4333,0
23755,4550,4287,0
23756,4323,4333,0
23757,4333,4337,0
23758,4530,4471,1
23759,4530,4495,0
23760,4323,4465,0
23761,4290,4323,0
23762,4623,4748,0
23763,4623,4805,0
23764,4555,4623,0
23765,4805,4748,0
23766,5008,5052,0
23767,4909,5052,0
23768,4909,5008,0
23769,5052,4957,0
23770,4299,4386,0
23771,4299,4473,0
23772,4386,4473,0
23773,4509,4153,0
23774,4153,4430,0
23775,3758,4157,0
23776,4455,4573,0
23777,4736,4528,0
23778,4642,4573,0
23779,4642,4563,0
23780,4642,4592,0
23781,4272,4185,0
23782,4258,4185,0
23783,4185,4151,0
23784,4736,4667,0
23785,4839,4832,0
23786,4827,4832,0
23787,4786,4832,0
23788,4810,4980,0
23789,5497,5507,0
23790,5497,5438,0
23791,4661,4369,0
23792,4382,4463,0
23793,4382,4369,0
23794,4382,4661,0
23795,4614,4661,0
23796,4614,4714,0
23797,4688,4661,0
23798,4610,4469,0
23799,4851,4958,0
23800,4803,4958,1
23801,4958,4879,0
23802,5276,5414,0
23803,5476,5414,0
23804,5414,5312,0
23805,4398,4307,0
23806,4603,4307,0
23807,4603,4398,0
23808,4307,4319,0
23809,5274,5209,0
23810,5139,5209,0
23811,5141,5209,0
23812,4958,4936,1
23813,4803,4936,1
23814,5134,5269,0
23815,5134,5136,0
23816,5332,5269,0
23817,5332,5134,0
23818,5136,5269,0
23819,4471,4886,0
23820,4471,4751,1
23821,4700,4811,0
23822,4700,4762,0
23823,4886,4744,0
23824,4886,4812,0
23825,6009,5928,0
23826,6009,5894,0
23827,4845,4808,0
23828,4845,4762,0
23829,4904,4762,0
23830,4904,4845,0
23831,4762,4808,0
23832,4564,4667,0
23833,4528,4735,0
23834,4528,4564,0
23835,4650,4433,0
23836,5230,5223,0
23837,5387,5223,0
23838,5387,5230,0
23839,5110,5223,0
23840,4413,4248,0
23841,4247,4363,0
23842,4248,4363,0
23843,4881,4951,0
23844,4961,4716,0
23845,4961,4951,0
23846,4716,4951,0
23847,5328,5250,0
23848,5189,5250,0
23849,5189,5326,0
23850,5250,5326,0
23851,4546,4670,0
23852,4670,4413,0
23853,4721,4822,0
23854,4822,4662,0
23855,4735,4794,0
23856,4700,4794,0
23857,5383,5339,0
23858,5358,5339,0
23859,5358,5334,0
23860,5358,5383,0
23861,5339,5334,0
23862,4864,4812,0
23863,4864,4886,0
23864,4818,4864,0
23865,4972,4987,0
23866,4740,4987,0
23867,4987,4995,0
23868,5031,5340,0
23869,5031,5220,0
23870,5031,5158,0
23871,4794,4564,0
23872,4508,4394,0
23873,4508,4416,0
23874,4650,4540,0
23875,4540,4433,0
23876,4679,4767,0
23877,4754,4679,0
23878,4426,4400,0
23879,4564,4400,0
23880,4010,4164,0
23881,4010,3964,0
23882,4010,3951,0
23883,4164,3964,0
23884,1096,1005,0
23885,1096,1312,0
23886,1073,1005,0
23887,1073,1096,0
23888,1312,1005,0
23889,4426,4159,0
23890,4646,4603,0
23891,4913,4999,0
23892,4913,5012,0
23893,5233,5012,0
23894,5233,4913,0
23895,5012,4999,0
23896,5020,4688,0
23897,5020,4714,0
23898,4073,4132,0
23899,4156,4132,0
23900,4426,4068,0
23901,4622,4319,0
23902,4128,4203,0
23903,4128,4400,0
23904,4234,4400,0
23905,4234,4203,0
23906,4400,4203,0
23907,4413,4275,0
23908,4369,4275,0
23909,4369,4413,0
23910,3691,3846,0
23911,3691,3640,0
23912,3832,3691,0
23913,5098,5090,0
23914,4971,5090,0
23915,5047,5090,0
23916,4408,4373,0
23917,4408,4253,0
23918,4504,4253,0
23919,4504,4373,0
23920,4972,4862,0
23921,4972,4876,0
23922,5115,4876,0
23923,5115,4972,0
23924,3128,3321,0
23925,3128,3338,0
23926,4657,4642,0
23927,5078,5163,0
23928,5078,5216,0
23929,5428,5527,0
23930,5428,5298,0
23931,5428,5267,0
23932,5527,5298,0
23933,5334,5213,0
23934,5334,5185,0
23935,5228,5334,0
23936,5185,5213,0
23937,4657,4796,0
23938,4972,5161,0
23939,5090,5139,0
23940,4979,5139,0
23941,4925,4885,0
23942,5060,4925,0
23943,4563,4610,0
23944,4563,4736,0
23945,4592,4512,0
23946,4931,4913,0
23947,4931,5224,0
23948,5233,4931,0
23949,4592,4593,0
23950,4931,4703,0
23951,4637,4703,0
23952,4637,4913,0
23953,4637,4931,0
23954,4703,4913,0
23955,4742,4592,0
23956,4736,4742,0
23957,4507,4242,0
23958,4507,4233,0
23959,5107,4897,0
23960,4947,4896,0
23961,4947,4897,0
23962,4947,5107,0
23963,4742,4593,0
23964,4610,4744,0
23965,4742,4563,0
23966,4742,4573,0
23967,5274,5331,0
23968,5213,5141,0
23969,5213,5331,0
23970,5213,5274,0
23971,5141,5331,0
23972,5128,4968,0
23973,5001,4968,0
23974,5001,5128,0
23975,4968,5167,0
23976,4665,4749,0
23977,4733,4796,0
23978,5172,5036,0
23979,5172,4947,0
23980,5172,5107,0
23981,5036,4947,0
23982,4697,4390,0
23983,4697,4507,0
23984,4390,4682,0
23985,4217,4395,0
23986,5888,5678,0
23987,5888,5798,0
23988,5888,5520,0
23989,5872,6139,0
23990,5872,5804,0
23991,5936,5804,0
23992,5804,6139,0
23993,5323,5115,0
23994,5323,5198,0
23995,5141,5198,0
23996,5141,5323,0
23997,5198,5115,0
23998,4242,4009,0
23999,4242,4054,0
24000,6404,6339,0
24001,6404,6538,0
24002,6408,6538,0
24003,6408,6404,0
24004,6538,6339,0
24005,4231,4508,0
24006,4456,4508,0
24007,4456,4390,0
24008,4456,4231,0
24009,3627,3465,0
24010,3525,3465,0
24011,3646,3465,0
24012,5164,5267,0
24013,5210,5318,0
24014,5210,5267,0
24015,5318,5267,0
24016,4625,4492,0
24017,4960,4899,0
24018,4867,5057,0
24019,4867,4899,0
24020,4867,4960,0
24021,5057,4899,0
24022,3458,3367,0
24023,3458,3332,0
24024,4053,4091,0
24025,4053,4308,0
24026,4233,4053,0
24027,4308,4091,0
24028,4764,4430,0
24029,4764,4627,0
24030,4764,4509,0
24031,4410,4662,0
24032,4686,4662,0
24033,4692,4662,0
24034,4699,4530,0
24035,4744,4699,0
24036,4699,4812,0
24037,4883,4715,0
24038,4724,4883,0
24039,4770,4715,0
24040,5101,4980,0
24041,5105,4980,0
24042,4699,4550,0
24043,5098,5198,0
24044,5098,5144,0
24045,5047,5198,0
24046,5144,5198,0
24047,4715,4601,0
24048,4394,4601,0
24049,4601,4416,0
24050,4541,4395,0
24051,2544,2604,0
24052,2241,2544,0
24053,4209,4013,0
24054,4209,4314,0
24055,4501,4314,0
24056,2964,3107,0
24057,2959,3083,0
24058,2959,2964,0
24059,3083,3107,0
24060,4037,4027,0
24061,3881,4126,0
24062,4027,4126,0
24063,4377,4390,0
24064,2468,2380,0
24065,2504,2284,0
24066,2504,2380,0
24067,2284,2380,0
24068,4118,3774,0
24069,3871,3774,0
24070,4478,4501,0
24071,4478,4771,0
24072,4423,4771,0
24073,4423,4478,0
24074,4771,4501,0
24075,4718,4370,0
24076,4370,4354,0
24077,4147,4370,0
24078,4370,4476,0
24079,3407,3257,0
24080,3488,3257,0
24081,3156,3257,0
24082,4009,4218,0
24083,4218,4118,0
24084,4506,4771,0
24085,4506,4501,0
24086,4354,4442,1
24087,3806,3959,0
24088,3806,3809,0
24089,3924,3809,0
24090,3924,3959,0
24091,3924,3806,0
24092,3809,3959,0
24093,4147,4297,0
24094,5467,5437,0
24095,155,86,0
24096,4368,4585,0
24097,4640,4285,0
24098,4640,4368,0
24099,4585,4285,0
24100,4027,4213,0
24101,3230,3441,0
24102,3230,3479,0
24103,3230,3071,0
24104,3076,3868,0
24105,3076,3146,0
24106,3753,3868,0
24107,3753,3076,0
24108,4118,4217,0
24109,4118,4377,0
24110,4000,4217,0
24111,4606,4697,0
24112,4023,4209,0
24113,4209,4239,0
24114,4508,4697,0
24115,4500,4346,0
24116,4346,4233,0
24117,4017,4100,0
24118,4017,3980,0
24119,4100,4231,0
24120,4416,4423,0
24121,4601,4423,0
24122,4423,4394,0
24123,3384,3270,0
24124,3377,3270,0
24125,3764,3706,0
24126,3764,3659,0
24127,3747,3706,0
24128,3659,3706,0
24129,3734,3951,0
24130,3734,3870,0
24131,3896,3870,0
24132,3896,3951,0
24133,3896,3734,0
24134,4239,4478,0
24135,4209,4478,0
24136,3817,3874,0
24137,4933,4771,0
24138,4933,4802,0
24139,4715,4802,0
24140,4715,4771,0
24141,4715,4933,0
24142,4802,4771,0
24143,3402,3084,0
24144,3402,3117,0
24145,3401,3117,0
24146,4101,4289,0
24147,4166,3933,0
24148,4166,4101,0
24149,4242,4217,0
24150,3980,4113,0
24151,4107,4242,0
24152,4394,4390,0
24153,4390,4353,0
24154,4921,4718,0
24155,3403,4166,0
24156,3123,3427,0
24157,4723,4896,0
24158,4366,4353,0
24159,4456,4239,0
24160,4113,4239,0
24161,4113,4000,0
24162,4217,4113,0
24163,4883,4947,0
24164,5021,4933,0
24165,5021,4947,0
24166,5021,4883,0
24167,4933,4947,0
24168,3640,3462,0
24169,3640,3628,0
24170,3656,3462,0
24171,3656,3640,0
24172,3628,3462,0
24173,4743,4704,0
24174,5132,5012,0
24175,4749,5132,0
24176,3769,3884,0
24177,3980,3995,0
24178,4025,4394,0
24179,4025,4145,0
24180,4514,4394,0
24181,4931,4676,0
24182,4931,4568,0
24183,4635,4931,0
24184,4897,4606,0
24185,5156,5036,0
24186,5156,5088,0
24187,3071,3228,0
24188,3070,2933,0
24189,3070,3071,0
24190,2933,3228,0
24191,1857,3841,0
24192,1857,1739,0
24193,1857,5908,0
24194,4025,3980,0
24195,5520,5343,0
24196,5233,5343,0
24197,5233,5520,0
24198,5490,5343,0
24199,4346,4390,0
24200,4933,4924,0
24201,5048,4933,0
24202,4346,4682,0
24203,4017,4209,0
24204,4013,4017,0
24205,3015,3105,0
24206,3015,3427,0
24207,3123,3015,0
24208,4601,4514,0
24209,4442,4996,1
24210,4925,4948,0
24211,4925,5078,0
24212,5095,5078,0
24213,5095,4948,0
24214,5095,4925,0
24215,5056,5105,0
24216,5088,5105,0
24217,5088,4980,0
24218,4810,4682,0
24219,5385,5233,0
24220,5385,4931,0
24221,5233,5598,0
24222,1938,1818,0
24223,1938,2107,0
24224,2009,1818,0
24225,4346,4697,0
24226,5621,5686,0
24227,5724,5686,0
24228,5686,5676,0
24229,4637,5224,0
24230,4346,4606,0
24231,2158,2012,0
24232,2370,2351,0
24233,2370,2158,0
24234,2012,2351,0
24235,4217,4394,0
24236,4644,4145,0
24237,6095,6381,0
24238,6095,6367,0
24239,6308,6095,0
24240,4394,4113,0
24241,4831,4897,0
24242,4831,4947,0
24243,4743,4947,0
24244,4743,4897,0
24245,4743,4831,0
24246,4606,4507,0
24247,3056,2893,0
24248,3063,3018,0
24249,3123,3541,0
24250,3123,3397,0
24251,3123,3182,0
24252,3791,5638,0
24253,4601,4025,0
24254,4346,4394,0
24255,3338,3409,0
24256,4478,4521,0
24257,4501,4521,0
24258,3496,3548,0
24259,3496,3635,0
24260,3599,3496,0
24261,3758,3862,0
24262,3758,3824,0
24263,3641,3824,0
24264,3641,3758,0
24265,4765,4571,0
24266,4765,4704,0
24267,4514,4765,0
24268,3852,3752,0
24269,3852,3802,0
24270,2997,3089,0
24271,2997,3251,0
24272,3290,3251,0
24273,3290,2997,0
24274,3251,3089,0
24275,3258,3055,0
24276,3258,3220,0
24277,3258,2982,0
24278,3939,3880,0
24279,3127,2436,1
24280,3282,3641,0
24281,3305,3641,0
24282,4883,5172,0
24283,5036,5031,0
24284,5031,5172,0
24285,3884,4023,0
24286,4000,3884,0
24287,4394,4366,0
24288,4529,4166,0
24289,3477,3769,0
24290,3477,3850,0
24291,5132,5210,0
24292,5132,5219,0
24293,5420,5219,0
24294,5420,5210,0
24295,5420,5132,0
24296,5219,5210,0
24297,2933,3046,0
24298,4749,4703,0
24299,3265,3409,0
24300,3884,4017,0
24301,3656,3409,0
24302,4508,4478,0
24303,4416,4771,0
24304,4416,4478,0
24305,4733,4644,0
24306,5420,5379,0
24307,5420,5224,0
24308,4873,4764,0
24309,4446,4764,0
24310,4446,4788,0
24311,4446,4873,0
24312,4764,4788,0
24313,4802,4514,0
24314,4704,4568,0
24315,5379,5210,0
24316,5449,5420,0
24317,5449,5210,0
24318,5343,5132,0
24319,5343,5379,0
24320,5210,5343,0
24321,4924,4781,0
24322,4771,4781,0
24323,4771,5048,0
24324,4771,4924,0
24325,4781,5048,0
24326,5458,5340,0
24327,5458,5721,0
24328,5629,5721,0
24329,5629,5340,0
24330,5629,5458,0
24331,5721,5340,0
24332,4394,4500,0
24333,5031,5108,0
24334,5108,4924,0
24335,3728,3859,0
24336,3728,3694,0
24337,3776,3694,0
24338,3776,3859,0
24339,3694,3859,0
24340,4442,4314,1
24341,4913,4704,0
24342,4514,4913,0
24343,717,790,0
24344,717,966,0
24345,1008,790,0
24346,1008,717,0
24347,966,790,0
24348,4924,4501,0
24349,4521,4924,0
24350,4501,4996,0
24351,2746,2744,0
24352,4353,4508,0
24353,5246,5520,0
24354,5246,5343,0
24355,5286,5031,0
24356,4394,4571,0
24357,4800,3920,0
24358,3920,4016,0
24359,4800,4389,0
24360,4009,4065,0
24361,3407,3584,0
24362,3407,3756,0
24363,3589,3756,0
24364,3589,3584,0
24365,3589,3407,0
24366,5076,5095,0
24367,4724,4933,0
24368,4999,5048,0
24369,4802,5048,0
24370,4802,4999,0
24371,4883,4728,0
24372,5015,5108,0
24373,4521,5108,0
24374,4996,5108,0
24375,5036,5072,0
24376,4601,4771,0
24377,4308,4037,0
24378,3496,3437,0
24379,3150,3437,0
24380,3437,3257,0
24381,3477,3123,0
24382,879,1320,0
24383,1559,1854,0
24384,1559,1320,0
24385,1559,879,0
24386,1854,1320,0
24387,4913,4743,0
24388,5012,4743,0
24389,4743,4999,0
24390,2468,2277,0
24391,2284,2277,0
24392,4209,4231,0
24393,3694,3616,0
24394,3694,3230,0
24395,3413,3230,0
24396,3413,3616,0
24397,3230,3616,0
24398,3215,3123,0
24399,4521,4016,0
24400,4771,4521,0
24401,4353,4416,0
24402,3123,2949,0
24403,3530,2949,0
24404,3397,3769,0
24405,3461,3769,0
24406,4353,4478,0
24407,4353,4239,0
24408,4000,3774,0
24409,3959,3993,0
24410,4053,3924,0
24411,3924,3993,0
24412,3558,3498,0
24413,3558,3599,0
24414,3558,3496,0
24415,3498,3599,0
24416,3528,3716,0
24417,3884,3716,0
24418,4023,3756,0
24419,4000,3756,0
24420,3236,3118,0
24421,3236,2977,0
24422,2500,2447,0
24423,2821,2744,0
24424,2821,2447,0
24425,2821,2500,0
24426,2744,2447,0
24427,3043,3146,0
24428,3043,3427,0
24429,3105,3146,0
24430,3105,3043,0
24431,3756,3716,0
24432,4107,4113,0
24433,4023,4013,0
24434,3943,4218,0
24435,4009,4212,0
24436,3446,3363,0
24437,3446,3424,0
24438,3648,3424,0
24439,3648,3363,0
24440,3424,3363,0
24441,3511,3530,0
24442,3530,3716,0
24443,2910,2800,0
24444,3769,3437,0
24445,3477,3437,0
24446,3850,3488,0
24447,4765,4703,0
24448,3641,3564,0
24449,3774,3341,1
24450,3774,3589,0
24451,3402,3341,0
24452,3402,3774,0
24453,3589,3341,0
24454,3965,3960,0
24455,3117,3291,0
24456,3117,3338,0
24457,3128,3291,0
24458,3884,3477,0
24459,4169,3859,0
24460,3859,3806,0
24461,3599,3806,0
24462,3599,3809,0
24463,3833,3809,0
24464,4126,3748,0
24465,4030,3748,0
24466,3965,3817,0
24467,4145,3874,0
24468,4145,3965,0
24469,3000,2280,0
24470,3000,3004,0
24471,3014,3000,0
24472,3980,4366,0
24473,2910,2903,0
24474,2910,2890,0
24475,2890,2903,0
24476,3232,3083,0
24477,3257,3232,0
24478,4703,4458,0
24479,4514,4703,0
24480,3310,3228,0
24481,3467,3228,0
24482,3467,3463,0
24483,3467,3310,0
24484,3228,3463,0
24485,1058,1071,0
24486,1058,1648,0
24487,2280,1648,0
24488,2280,1058,0
24489,4458,3874,0
24490,4340,4480,0
24491,4340,4418,0
24492,4692,4340,0
24493,4635,4802,0
24494,3980,4423,0
24495,3437,3063,0
24496,3437,3156,0
24497,3437,3289,0
24498,3694,3770,0
24499,3781,3616,0
24500,3616,3770,0
24501,3524,3570,0
24502,3524,3536,0
24503,2770,2874,0
24504,2830,2789,0
24505,2830,2770,0
24506,3980,4416,0
24507,3083,3156,0
24508,3636,3188,0
24509,3188,3497,0
24510,3037,3397,0
24511,3056,3290,0
24512,3397,3290,0
24513,3087,2487,0
24514,3748,3784,0
24515,3748,3558,0
24516,2258,2353,0
24517,2194,2353,0
24518,2226,2353,0
24519,3836,3756,0
24520,3755,3756,0
24521,3756,3774,0
24522,3004,3789,0
24523,4101,3014,0
24524,4101,3789,0
24525,4101,3004,0
24526,3014,3789,0
24527,3015,2949,0
24528,3488,4100,0
24529,2882,3043,0
24530,2882,3015,0
24531,3146,3015,0
24532,3146,2882,0
24533,3015,3043,0
24534,3755,3995,0
24535,3755,3884,0
24536,3028,2379,0
24537,3868,2379,0
24538,3038,3117,0
24539,3498,3402,0
24540,2158,1905,0
24541,2010,2158,0
24542,3021,3265,0
24543,3021,3250,0
24544,3082,3265,0
24545,2511,2603,0
24546,3160,3342,0
24547,3160,3239,0
24548,3226,3570,0
24549,3716,4209,0
24550,3791,4521,0
24551,451,544,0
24552,451,565,0
24553,579,565,0
24554,579,544,0
24555,579,451,0
24556,2865,2633,0
24557,1587,1690,0
24558,1733,1690,0
24559,1733,661,0
24560,1690,661,0
24561,5379,5377,0
24562,5379,5667,0
24563,5540,5667,0
24564,5667,5377,0
24565,2938,3107,0
24566,3142,3107,0
24567,3934,4037,0
24568,4090,3874,0
24569,2957,2950,0
24570,2957,3139,0
24571,2874,3139,0
24572,2874,2957,0
24573,3530,3127,0
24574,3716,4017,0
24575,2890,2964,0
24576,2587,2504,0
24577,3826,3548,0
24578,3826,3635,0
24579,3589,3826,0
24580,3230,3337,0
24581,3230,3353,0
24582,3230,3251,0
24583,3337,3353,0
24584,2729,2555,0
24585,2729,2762,0
24586,2709,2762,0
24587,2709,2729,0
24588,3498,3635,0
24589,3355,3635,0
24590,3584,3548,0
24591,3584,3289,0
24592,3477,3548,0
24593,3477,3584,0
24594,3289,3548,0
24595,3407,3341,1
24596,3257,3341,0
24597,3107,3341,0
24598,2890,2800,0
24599,2890,2922,0
24600,2890,2775,0
24601,2800,2922,0
24602,2810,2707,0
24603,2752,2707,0
24604,2504,2707,0
24605,2752,2605,0
24606,2752,2504,0
24607,2707,2605,0
24608,3117,3355,0
24609,2705,2765,0
24610,2829,2765,0
24611,2829,2773,0
24612,2829,2705,0
24613,2765,2773,0
24614,2997,3037,0
24615,3181,3290,0
24616,3181,3037,0
24617,3181,2997,0
24618,3530,4041,0
24619,5127,5785,0
24620,5785,4800,0
24621,2351,2472,0
24622,2500,2351,0
24623,3038,2987,0
24624,3716,3427,0
24625,3716,4100,0
24626,3257,3584,0
24627,3341,3584,0
24628,3589,3257,0
24629,3407,3774,1
24630,3755,3589,0
24631,3755,3548,0
24632,3716,3850,0
24633,3164,3528,0
24634,6454,506,0
24635,40,6454,0
24636,6168,6356,0
24637,2997,3353,0
24638,3441,3353,0
24639,3441,3290,0
24640,3441,2997,0
24641,3833,3826,0
24642,879,985,0
24643,803,698,0
24644,803,985,0
24645,803,879,0
24646,698,985,0
24647,6383,698,1
24648,112,698,1
24649,112,6363,0
24650,112,6383,1
24651,1744,1937,0
24652,1930,1937,0
24653,5048,5458,0
24654,5549,5458,0
24655,5458,5108,0
24656,3043,3511,0
24657,4025,3182,0
24658,4992,6012,0
24659,4992,6092,0
24660,4992,6415,0
24661,5318,5298,0
24662,4041,4501,0
24663,6363,1857,0
24664,6363,3841,0
24665,3658,1857,0
24666,3658,6363,1
24667,4922,4718,0
24668,2168,2185,0
24669,2185,2121,0
24670,5991,6012,0
24671,5991,39,0
24672,30,39,0
24673,30,6012,0
24674,30,5991,0
24675,1857,2713,0
24676,3841,2713,0
24677,2744,2511,0
24678,2719,2472,0
24679,2719,2511,0
24680,2719,2744,0
24681,2472,2511,0
24682,5015,4781,0
24683,4529,4800,0
24684,4529,5015,0
24685,4781,4800,0
24686,2599,2046,0
24687,5340,5706,0
24688,5340,5531,0
24689,5286,5531,0
24690,5286,5706,0
24691,5286,5340,0
24692,5531,5706,0
24693,4016,3511,0
24694,3511,3658,0
24695,803,1320,0
24696,985,1320,0
24697,3028,3511,0
24698,3146,3028,0
24699,801,115,0
24700,801,1071,0
24701,6534,1071,0
24702,6534,115,0
24703,6534,801,0
24704,1071,115,0
24705,3236,3636,0
24706,1914,1653,0
24707,2051,1653,0
24708,2051,1811,0
24709,4170,4696,0
24710,4481,4170,0
24711,4166,4676,0
24712,4166,4389,0
24713,4529,4389,0
24714,4090,4389,0
24715,5246,5277,0
24716,5048,5490,0
24717,5048,5277,0
24718,5048,5246,0
24719,2124,2010,0
24720,2124,2158,0
24721,5286,5108,0
24722,3028,4016,0
24723,2124,2246,0
24724,1648,2246,0
24725,2246,2379,0
24726,5889,6259,0
24727,6259,6176,0
24728,3868,4016,0
24729,2482,2821,0
24730,2379,1857,0
24731,1764,1486,0
24732,1764,1433,1
24733,1764,1534,0
24734,1486,1433,0
24735,2903,2744,0
24736,2949,2510,0
24737,2949,2511,0
24738,2272,2158,0
24739,2272,2510,0
24740,2511,2272,0
24741,2272,2189,0
24742,2316,2272,0
24743,2158,2189,0
24744,201,562,0
24745,201,698,0
24746,660,562,0
24747,698,562,0
24748,4800,3868,0
24749,4389,3868,0
24750,3156,3018,0
24751,2713,2436,0
24752,2713,2510,0
24753,3127,2510,0
24754,1058,882,0
24755,1058,1096,0
24756,1081,1096,0
24757,1081,882,0
24758,1081,1058,0
24759,4030,4480,0
24760,4090,3850,0
24761,1893,1905,0
24762,1893,1854,0
24763,1893,2019,0
24764,2295,2756,0
24765,2295,2599,0
24766,2702,2599,0
24767,2702,2756,0
24768,2702,2295,0
24769,2599,2756,0
24770,4668,4430,0
24771,4389,4501,0
24772,2242,2180,0
24773,6092,460,0
24774,6092,3300,0
24775,3710,460,0
24776,3710,6092,0
24777,3300,460,0
24778,3014,3710,0
24779,3988,4355,0
24780,3988,4467,0
24781,3989,4467,0
24782,3989,4355,0
24783,3989,3988,0
24784,4467,4355,0
24785,3182,3105,0
24786,1942,1966,0
24787,1942,2144,0
24788,3004,3076,0
24789,3004,2630,0
24790,2603,2630,0
24791,2603,3076,0
24792,2603,3004,0
24793,2630,3076,0
24794,3076,3182,0
24795,3105,3076,0
24796,3712,3748,0
24797,3758,3748,0
24798,2630,2280,0
24799,2630,2918,0
24800,3146,3300,0
24801,3146,3710,0
24802,3636,3641,0
24803,3908,3587,0
24804,3587,3641,0
24805,5451,5240,0
24806,5275,5240,0
24807,5275,5167,0
24808,5275,5451,0
24809,5240,5167,0
24810,4166,3868,0
24811,4529,4025,0
24812,6092,967,0
24813,3014,460,0
24814,3014,6092,0
24815,967,460,0
24816,489,672,0
24817,1081,672,0
24818,672,882,0
24819,598,814,0
24820,803,814,0
24821,803,598,0
24822,879,814,0
24823,799,506,0
24824,799,40,0
24825,1690,40,0
24826,1690,506,0
24827,39,672,0
24828,672,326,0
24829,6092,4101,0
24830,5168,4101,0
24831,4101,4992,0
24832,4912,4881,0
24833,4912,4693,0
24834,4961,4912,0
24835,4693,4881,0
24836,4325,4698,0
24837,4325,4585,0
24838,4464,4585,0
24839,4706,4676,0
24840,4706,4289,0
24841,4328,4706,0
24842,5343,5667,0
24843,5678,5667,0
24844,5678,5379,0
24845,5678,5343,0
24846,5342,5220,0
24847,5340,5342,0
24848,5286,5220,0
24849,5006,5168,0
24850,5006,4676,0
24851,4166,5168,0
24852,4166,5006,0
24853,4676,5168,0
24854,3455,3202,0
24855,4091,4065,0
24856,5085,506,0
24857,5085,893,0
24858,2521,893,0
24859,2521,506,0
24860,2521,5085,0
24861,893,506,0
24862,3646,3441,0
24863,3441,3465,0
24864,1545,1311,0
24865,1545,1818,0
24866,1587,1818,0
24867,1587,1545,0
24868,1818,1311,0
24869,4458,4706,0
24870,493,6070,0
24871,493,6276,0
24872,2603,2280,0
24873,4947,5246,0
24874,4947,5012,0
24875,4999,4947,0
24876,5012,5246,0
24877,5134,5123,0
24878,5134,5315,0
24879,3736,3455,0
24880,5498,5981,0
24881,6317,6033,0
24882,6317,5981,0
24883,6033,5981,0
24884,4702,4627,0
24885,4702,4764,0
24886,4822,4764,0
24887,4822,4702,0
24888,4834,4709,0
24889,5049,4709,0
24890,4150,3808,0
24891,4289,4150,0
24892,3636,4115,0
24893,4568,4706,0
24894,3789,2280,0
24895,3789,3000,0
24896,5001,5045,0
24897,5001,4626,0
24898,4637,5001,0
24899,3014,2630,0
24900,3951,4181,0
24901,4164,4181,0
24902,4181,3964,0
24903,4211,4143,0
24904,2898,2879,0
24905,2898,3151,0
24906,3005,3151,0
24907,3005,2879,0
24908,3005,2898,0
24909,3151,2879,0
24910,2539,2604,0
24911,2855,2604,0
24912,2855,2879,0
24913,2604,2879,0
24914,4166,4992,0
24915,4166,4800,0
24916,3202,4096,0
24917,5343,5298,0
24918,893,223,0
24919,893,493,0
24920,893,6276,0
24921,223,493,0
24922,3236,3641,0
24923,2702,2591,0
24924,2702,3188,0
24925,2702,2671,0
24926,3874,4025,0
24927,2536,2145,0
24928,2536,2619,0
24929,2182,2619,0
24930,2182,2145,0
24931,2619,2145,0
24932,573,239,0
24933,573,810,0
24934,841,810,0
24935,841,239,0
24936,810,239,0
24937,4556,4551,0
24938,4556,4964,0
24939,4545,4964,0
24940,4964,4551,0
24941,3852,3803,0
24942,3852,3988,0
24943,1565,6465,0
24944,1565,6276,0
24945,3810,3788,0
24946,5498,5696,0
24947,5167,5696,0
24948,5167,5498,0
24949,5635,5696,0
24950,4352,4379,0
24951,4214,4352,0
24952,3564,3736,0
24953,3874,3736,0
24954,2482,3004,0
24955,2482,2280,0
24956,5531,5127,0
24957,2295,2046,0
24958,5916,5869,0
24959,6040,5835,0
24960,6040,5916,0
24961,3000,2521,0
24962,3455,3789,0
24963,3789,2521,0
24964,1639,1599,0
24965,1639,1885,0
24966,1914,1885,0
24967,1914,1599,0
24968,1914,1639,0
24969,1885,1599,0
24970,3118,2867,0
24971,3080,3135,0
24972,3239,3080,0
24973,5045,5167,0
24974,4143,3609,0
24975,4143,4481,0
24976,4451,4143,0
24977,1021,1084,0
24978,1131,1084,0
24979,1131,723,0
24980,1084,723,0
24981,3000,4101,0
24982,3000,3403,0
24983,3808,3000,0
24984,4923,4795,0
24985,4841,5081,0
24986,4841,4795,0
24987,4841,4923,0
24988,5081,4795,0
24989,4272,4178,0
24990,4272,4221,0
24991,4130,3609,0
24992,6700,6698,0
24993,6700,5442,0
24994,6696,5442,0
24995,6696,6698,0
24996,6696,6700,0
24997,5442,6698,0
24998,2927,3202,0
24999,2583,2784,0
25000,2583,2934,0
25001,2901,2934,0
25002,2901,2784,0
25003,2901,2583,0
25004,2934,2784,0
25005,3202,4184,0
25006,4289,4096,0
25007,4053,4027,0
25008,4137,4053,0
25009,3270,3364,0
25010,3377,3364,0
25011,3364,3384,0
25012,893,6070,0
25013,5034,4835,0
25014,5034,4964,0
25015,5027,4964,0
25016,5027,5034,0
25017,4964,4835,0
25018,4168,3746,0
25019,3908,3746,0
25020,3190,6646,0
25021,3348,3190,0
25022,4487,4544,0
25023,4402,4487,0
25024,5128,5385,0
25025,5378,5385,0
25026,5378,5001,0
25027,5385,5001,0
25028,3824,3807,0
25029,3824,3951,0
25030,3824,3734,0
25031,3807,3951,0
25032,4168,4150,0
25033,4935,5051,0
25034,5024,4935,0
25035,5051,6680,0
25036,4285,4294,0
25037,5085,3455,0
25038,5085,4101,0
25039,3789,5085,0
25040,4383,4672,0
25041,4672,4373,0
25042,4213,4320,0
25043,5072,5220,0
25044,3807,3641,0
25045,3908,4214,0
25046,2182,2239,0
25047,2260,2239,0
25048,3989,4181,0
25049,3989,3896,0
25050,3870,4181,0
25051,3752,3803,0
25052,4184,3497,0
25053,4162,4348,0
25054,4348,4168,0
25055,5912,534,0
25056,3,5912,0
25057,1914,1934,0
25058,2007,1934,0
25059,2007,1885,0
25060,2007,1914,0
25061,1934,1885,0
25062,3746,3361,0
25063,3361,3551,0
25064,458,581,0
25065,436,581,0
25066,2619,3129,0
25067,4551,4162,0
25068,4162,4545,0
25069,5018,5229,0
25070,5018,5369,0
25071,5229,4985,0
25072,3122,2914,0
25073,2960,3122,0
25074,4834,5079,0
25075,5027,5079,0
25076,5027,5004,0
25077,5027,4834,0
25078,6534,2521,0
25079,3789,6534,0
25080,4010,4271,0
25081,4261,4430,0
25082,4261,4271,0
25083,4261,4010,0
25084,4430,4271,0
25085,4854,4912,0
25086,4854,4692,0
25087,4686,4912,0
25088,4686,4854,0
25089,4153,4577,0
25090,4153,4261,0
25091,4577,4261,0
25092,3564,3403,0
25093,4331,4295,0
25094,4277,4504,0
25095,4277,4295,0
25096,4277,4331,0
25097,4504,4295,0
25098,3574,3908,0
25099,3908,3497,0
25100,3964,4261,0
25101,4164,4261,0
25102,1733,1961,0
25103,1772,1690,0
25104,1772,1961,0
25105,1772,1733,0
25106,1690,1961,0
25107,3641,3574,0
25108,3908,3807,0
25109,4991,4873,0
25110,4991,5167,0
25111,4991,4859,0
25112,3268,3786,0
25113,3268,3609,0
25114,3539,3786,0
25115,3539,3268,0
25116,4698,4517,0
25117,4585,4379,0
25118,4585,4517,0
25119,4379,4517,0
25120,4352,4271,0
25121,4322,4271,0
25122,4325,4162,0
25123,4325,4168,0
25124,4462,4162,0
25125,4462,4325,0
25126,4352,4261,0
25127,3989,3803,0
25128,2253,2351,0
25129,2371,2277,0
25130,2371,2351,0
25131,2371,2253,0
25132,2277,2351,0
25133,4702,4780,0
25134,4692,4702,0
25135,3951,4214,0
25136,4214,4010,0
25137,5234,5310,0
25138,5234,5226,0
25139,5125,5226,0
25140,5125,5310,0
25141,5660,5667,0
25142,5660,5379,0
25143,1272,986,0
25144,1272,985,0
25145,1272,1320,0
25146,3020,3100,0
25147,3020,3383,0
25148,3058,3383,0
25149,3058,3020,0
25150,5061,5152,0
25151,5061,5093,0
25152,5131,5152,0
25153,5131,5061,0
25154,5093,5152,0
25155,4913,4568,0
25156,4112,4137,0
25157,4368,4538,0
25158,4517,4538,0
25159,4517,4368,0
25160,4585,4538,0
25161,2405,2465,0
25162,2405,2428,0
25163,2323,2405,0
25164,2925,3057,0
25165,3224,2925,0
25166,3057,3136,0
25167,3138,2855,0
25168,3138,2879,0
25169,2004,1707,0
25170,2004,6597,0
25171,1927,6597,0
25172,1927,1707,0
25173,2312,2239,0
25174,2312,2369,0
25175,3908,4162,0
25176,4155,4221,0
25177,4155,4045,0
25178,4155,4112,0
25179,4150,3641,0
25180,2305,2298,0
25181,2305,2478,0
25182,2454,2305,0
25183,2478,2298,0
25184,2309,2055,0
25185,1848,1951,0
25186,2017,1848,0
25187,1599,1546,0
25188,1599,2013,0
25189,1653,2013,0
25190,1653,1546,0
25191,2013,1546,0
25192,1914,1820,0
25193,1934,1820,0
25194,1820,1885,0
25195,3758,3736,0
25196,5313,5167,0
25197,5313,5077,0
25198,5062,5167,0
25199,5062,5313,0
25200,5077,5167,0
25201,4458,4637,0
25202,4458,4626,0
25203,4706,4637,0
25204,2013,2145,0
25205,2013,2927,0
25206,2591,2145,0
25207,2591,2013,0
25208,2927,2145,0
25209,3470,3824,0
25210,3497,4161,0
25211,1576,1546,0
25212,1576,1926,0
25213,1587,1926,0
25214,1587,1576,0
25215,1926,1546,0
25216,3453,3361,0
25217,3381,3181,0
25218,3381,3177,0
25219,3071,3381,0
25220,4261,3898,0
25221,2460,2541,0
25222,2460,2765,0
25223,2460,2705,0
25224,1965,1850,0
25225,1870,1793,0
25226,1870,1850,0
25227,1870,1965,0
25228,1793,1850,0
25229,3758,3636,0
25230,4158,4045,0
25231,4045,3881,0
25232,3364,3824,0
25233,4627,4446,0
25234,4322,4764,0
25235,4322,4627,0
25236,4115,4145,0
25237,3056,3089,0
25238,5080,5300,0
25239,5080,5035,0
25240,5079,5300,0
25241,2929,2863,0
25242,3121,2863,0
25243,3121,2929,0
25244,3263,2863,0
25245,3564,3455,0
25246,5001,4764,0
25247,4637,4764,0
25248,4764,4626,0
25249,3037,2891,0
25250,2599,2891,0
25251,2891,2867,0
25252,3399,3525,0
25253,3399,3441,0
25254,3479,3525,0
25255,3479,3399,0
25256,3441,3525,0
25257,4626,4150,0
25258,4637,4150,0
25259,3807,3305,0
25260,3646,3558,0
25261,3646,3784,0
25262,3809,3784,0
25263,3809,3558,0
25264,3381,3641,0
25265,3304,3381,0
25266,2702,2977,0
25267,3551,3268,0
25268,3381,3399,0
25269,3025,2983,0
25270,3347,3396,0
25271,3342,3396,0
25272,3342,3297,0
25273,3181,3399,0
25274,4348,4462,0
25275,3574,3587,0
25276,3463,3824,0
25277,3779,3467,0
25278,3779,3463,0
25279,3824,3467,0
25280,4702,4577,0
25281,4749,4577,0
25282,4577,4340,0
25283,3463,3071,0
25284,3413,3228,0
25285,3413,3071,0
25286,3413,3463,0
25287,2555,2500,0
25288,2746,2500,0
25289,2605,2500,0
25290,3305,3304,0
25291,3423,3259,0
25292,4115,4665,0
25293,4150,4665,0
25294,3463,3615,0
25295,3536,3413,0
25296,3536,3615,0
25297,3536,3463,0
25298,3463,3404,0
25299,3413,3404,0
25300,3404,3228,0
25301,1565,2927,0
25302,1565,3202,0
25303,2591,1565,0
25304,4379,4538,0
25305,4692,4577,0
25306,4577,4418,0
25307,1824,1706,0
25308,1734,1740,0
25309,1740,1706,0
25310,4027,4045,0
25311,4045,4126,0
25312,3615,3659,0
25313,3615,3467,0
25314,3779,3659,0
25315,3779,3615,0
25316,3467,3659,0
25317,2591,2487,0
25318,2891,2702,0
25319,3310,3177,0
25320,3270,3177,0
25321,3270,3310,0
25322,2241,2107,0
25323,2241,2295,0
25324,2129,2295,0
25325,2295,2107,0
25326,2729,2839,0
25327,2709,2839,0
25328,2539,2464,0
25329,2437,2544,0
25330,2437,2464,0
25331,2437,2539,0
25332,1565,893,0
25333,1565,1778,0
25334,3202,893,0
25335,1778,893,0
25336,4900,4850,0
25337,4900,5056,0
25338,4900,4899,0
25339,5850,6305,0
25340,5850,20,0
25341,6309,20,0
25342,6309,6305,0
25343,6309,5850,0
25344,6308,392,0
25345,4408,4410,0
25346,4504,4410,0
25347,3103,3808,0
25348,3228,3177,0
25349,3712,3862,0
25350,3779,3758,0
25351,3779,3712,0
25352,4331,4352,0
25353,4538,4668,0
25354,4538,4331,0
25355,4668,4352,0
25356,3615,3849,0
25357,3620,3849,0
25358,3249,3224,0
25359,4109,4073,0
25360,4109,4132,0
25361,4076,4132,0
25362,4076,4073,0
25363,4322,4164,0
25364,4214,4164,0
25365,3201,3489,0
25366,3201,3606,0
25367,3354,3489,0
25368,3988,4162,0
25369,3988,4464,0
25370,4211,4464,0
25371,4211,3988,0
25372,4464,4162,0
25373,4850,5060,0
25374,5185,5060,0
25375,4953,5060,0
25376,5068,5060,0
25377,4325,4214,0
25378,3646,3817,0
25379,3769,3646,0
25380,5516,5314,0
25381,5516,5661,0
25382,5535,5314,0
25383,4331,4368,0
25384,4504,4368,0
25385,4662,4368,0
25386,4329,4453,0
25387,4356,4453,0
25388,4516,4453,0
25389,5086,5122,0
25390,5086,5068,0
25391,4953,5086,0
25392,4256,4151,0
25393,4253,4261,0
25394,4253,4256,0
25395,4253,3898,0
25396,4261,4256,0
25397,3849,4151,0
25398,4271,4285,0
25399,4271,4331,0
25400,4271,4164,0
25401,4626,4096,0
25402,4626,4289,0
25403,4101,4626,0
25404,4703,4665,0
25405,3203,3500,0
25406,3580,3988,0
25407,3606,3121,0
25408,3121,3489,0
25409,6635,6633,0
25410,6635,2769,0
25411,6639,6633,0
25412,6639,6635,0
25413,2769,6633,0
25414,3500,3574,0
25415,3580,3423,0
25416,5198,5273,0
25417,3966,3898,0
25418,4637,4115,0
25419,4637,4665,0
25420,5449,5219,0
25421,4672,4721,0
25422,4662,4747,0
25423,4662,4672,0
25424,4721,4747,0
25425,4348,4446,0
25426,5062,4969,0
25427,5062,5196,0
25428,5125,4969,0
25429,5125,5062,0
25430,5196,4969,0
25431,3192,3580,0
25432,3765,4001,0
25433,5062,4968,0
25434,4991,4968,0
25435,4991,5062,0
25436,4968,4969,0
25437,4275,4121,0
25438,4283,4121,0
25439,4283,4275,0
25440,4369,4121,0
25441,3964,3824,0
25442,5085,4908,0
25443,4096,4908,0
25444,4096,5085,0
25445,3455,4908,0
25446,223,1565,0
25447,5785,4992,0
25448,3710,4992,0
25449,3710,6205,0
25450,3710,5785,0
25451,4992,6205,0
25452,4764,4168,0
25453,4368,4721,0
25454,4672,4538,0
25455,4672,4368,0
25456,4721,4538,0
25457,4585,4329,0
25458,4990,4995,0
25459,4951,4995,0
25460,4951,4919,0
25461,4951,4990,0
25462,4995,4919,0
25463,5080,4863,0
25464,4963,5123,0
25465,5100,5123,0
25466,5100,4959,0
25467,5100,4963,0
25468,5123,4959,0
25469,5128,4665,0
25470,5128,4703,0
25471,4637,5128,0
25472,4726,4743,0
25473,4834,4835,0
25474,4834,4464,0
25475,4585,4835,0
25476,4834,4524,0
25477,4585,4524,0
25478,6068,6175,0
25479,6068,6006,0
25480,4214,4271,0
25481,4538,4698,0
25482,4668,4698,0
25483,4430,4698,0
25484,4819,4795,0
25485,4819,4538,0
25486,4538,4795,0
25487,4863,4355,0
25488,4863,4582,0
25489,4608,4355,0
25490,4608,4863,0
25491,4582,4355,0
25492,6213,6454,0
25493,6213,6196,0
25494,329,6196,0
25495,329,6454,0
25496,329,6213,0
25497,4101,4908,0
25498,3789,4908,0
25499,4524,4467,0
25500,4464,4467,0
25501,4487,4548,0
25502,4487,4371,0
25503,4487,4757,0
25504,5012,4704,0
25505,5451,5626,0
25506,5451,5672,0
25507,5494,5672,0
25508,5494,5626,0
25509,5494,5451,0
25510,4842,4834,0
25511,5085,3202,0
25512,5234,5320,0
25513,5196,5320,0
25514,5196,5310,0
25515,5320,5310,0
25516,4626,3808,0
25517,1311,1039,0
25518,1165,661,0
25519,1165,1311,0
25520,1039,661,0
25521,1587,1778,0
25522,1565,727,0
25523,1565,1587,0
25524,1778,727,0
25525,5085,6534,0
25526,2521,40,0
25527,40,6534,0
25528,4963,5027,0
25529,4963,4834,0
25530,4963,4842,0
25531,5128,4702,0
25532,5128,4749,0
25533,5044,5027,0
25534,1545,1816,0
25535,1545,1736,0
25536,1720,1736,0
25537,1720,1816,0
25538,1720,1545,0
25539,1736,1816,0
25540,6002,6082,0
25541,4873,4627,0
25542,4627,4788,0
25543,4359,4637,0
25544,5343,5428,0
25545,5318,5379,0
25546,5318,5343,0
25547,5274,5232,0
25548,5213,5232,0
25549,5213,5209,0
25550,5232,5209,0
25551,4764,4665,0
25552,4665,4626,0
25553,4150,4764,0
25554,5415,5643,0
25555,5415,5662,0
25556,5553,5662,0
25557,5553,5415,0
25558,5662,5643,0
25559,4822,4780,0
25560,4577,4780,0
25561,4448,4052,0
25562,4448,6662,0
25563,4256,4277,0
25564,4261,4277,0
25565,4277,4253,0
25566,5013,5115,0
25567,5013,4862,0
25568,5013,4979,0
25569,4912,5073,0
25570,5058,4912,0
25571,4272,4410,0
25572,4320,4272,0
25573,5402,5196,0
25574,5310,5402,0
25575,4338,4290,0
25576,4068,4338,0
25577,4796,4574,0
25578,4640,4524,0
25579,4195,4164,0
25580,4860,4761,0
25581,4959,4819,0
25582,4959,4860,0
25583,4761,4819,0
25584,4258,4153,0
25585,4153,4340,0
25586,4320,4185,0
25587,5310,5330,0
25588,5125,5330,0
25589,5125,5320,0
25590,5330,5320,0
25591,5098,5129,0
25592,5129,5198,0
25593,4757,4693,0
25594,3966,4151,0
25595,4692,4408,0
25596,5000,4934,0
25597,5000,4912,0
25598,4796,4912,0
25599,4796,5000,0
25600,4912,4934,0
25601,4577,4258,0
25602,4872,6685,0
25603,4622,4426,0
25604,4831,4606,0
25605,4684,4831,0
25606,5053,4960,0
25607,5053,4901,0
25608,5029,4901,0
25609,5029,4960,0
25610,5029,5053,0
25611,4901,4960,0
25612,4641,4663,0
25613,3115,2955,0
25614,3115,2930,0
25615,3674,3566,0
25616,3495,3567,0
25617,3495,3566,0
25618,4253,4295,0
25619,4182,4371,0
25620,4167,4371,0
25621,4178,4410,0
25622,4319,4178,0
25623,4230,4178,0
25624,4230,4319,0
25625,4091,4259,0
25626,4238,4091,0
25627,2655,2794,0
25628,2655,2541,0
25629,2765,2655,0
25630,2541,2794,0
25631,6680,4970,0
25632,4959,4970,0
25633,4959,5051,0
25634,4959,6680,0
25635,4970,5051,0
25636,4284,4117,0
25637,4197,4038,0
25638,4197,4117,0
25639,4197,4284,0
25640,4467,4608,0
25641,3960,3784,0
25642,3960,3806,0
25643,3959,3784,0
25644,4464,5079,0
25645,5079,4835,0
25646,4272,4408,0
25647,4420,4372,0
25648,4296,4114,0
25649,4296,4420,0
25650,4372,4114,0
25651,4398,4544,0
25652,4774,4987,0
25653,4325,4379,0
25654,4181,4379,0
25655,4524,4709,0
25656,5107,5227,0
25657,5267,5107,0
25658,4813,4539,0
25659,2952,2856,0
25660,2952,2865,0
25661,2849,2856,0
25662,2865,2856,0
25663,3467,3536,0
25664,3849,4157,0
25665,4327,4189,0
25666,4342,4279,0
25667,4342,4189,0
25668,4342,4327,0
25669,4279,4189,0
25670,3080,3413,0
25671,3413,3306,0
25672,4325,4551,0
25673,4462,4551,0
25674,3037,2898,0
25675,3037,2634,0
25676,2599,2634,0
25677,2599,2898,0
25678,2634,2898,0
25679,3627,3758,0
25680,3627,4030,0
25681,3748,3627,0
25682,3646,3397,0
25683,3646,3461,0
25684,3541,3646,0
25685,3541,3465,0
25686,3381,3413,0
25687,3195,3184,0
25688,3283,3184,0
25689,3515,3432,0
25690,3515,3640,0
25691,3586,3640,0
25692,3586,3432,0
25693,3586,3515,0
25694,3640,3432,0
25695,4272,4402,0
25696,4402,4408,0
25697,3372,3160,0
25698,5113,5138,0
25699,5251,5138,0
25700,5346,5138,0
25701,2651,2655,0
25702,2651,2426,0
25703,2478,2655,0
25704,2478,2651,0
25705,2426,2655,0
25706,3766,3984,0
25707,4046,3984,0
25708,4076,3984,0
25709,4509,4168,0
25710,4402,4410,0
25711,3964,4256,0
25712,4738,4943,0
25713,4738,5010,0
25714,4329,4156,0
25715,3384,3527,0
25716,3384,3326,0
25717,3470,3527,0
25718,3470,3384,0
25719,4689,4813,0
25720,3231,3412,0
25721,3231,2768,0
25722,2731,3412,0
25723,2731,3231,0
25724,2768,3412,0
25725,4325,4556,0
25726,4462,4556,0
25727,4662,4430,0
25728,4662,4577,0
25729,4258,4408,0
25730,4666,4532,0
25731,4789,4618,0
25732,4789,4666,0
25733,4618,4532,0
25734,4662,4780,0
25735,4402,4178,0
25736,4261,4408,0
25737,5040,4951,0
25738,5040,5030,0
25739,4995,5030,0
25740,4995,5040,0
25741,5030,4951,0
25742,5213,5000,0
25743,5122,5000,0
25744,5185,5000,0
25745,4972,4951,0
25746,4813,4951,0
25747,4813,4972,0
25748,4774,4951,0
25749,5185,5398,0
25750,5303,5398,0
25751,5303,5228,0
25752,5303,5185,0
25753,5398,5228,0
25754,4865,4841,0
25755,4241,4190,0
25756,4241,4246,0
25757,4040,4246,0
25758,4040,4241,0
25759,4678,4475,0
25760,4567,4636,0
25761,4567,4678,0
25762,4053,4213,0
25763,4816,4437,0
25764,4498,4631,0
25765,4437,4631,0
25766,3417,3515,0
25767,3417,3462,0
25768,3640,3417,0
25769,3462,3515,0
25770,4201,4398,0
25771,4319,4201,0
25772,4213,4338,0
25773,4320,4221,0
25774,4221,4338,0
25775,4611,4675,0
25776,4675,4756,0
25777,4384,4450,0
25778,4557,4450,0
25779,4557,4247,0
25780,4557,4384,0
25781,4450,4247,0
25782,2500,2418,0
25783,4367,4191,0
25784,4832,4830,0
25785,4832,4654,0
25786,4766,4654,0
25787,4766,4830,0
25788,4766,4832,0
25789,4654,4830,0
25790,3566,3630,0
25791,4919,4987,0
25792,5030,4919,0
25793,4331,4430,0
25794,4408,4295,0
25795,4277,4408,0
25796,4540,4678,0
25797,4162,4556,0
25798,3766,3717,0
25799,3795,3717,0
25800,3795,3866,0
25801,3717,3866,0
25802,4408,4577,0
25803,3770,3865,0
25804,3707,3770,0
25805,4392,4420,0
25806,4373,4295,0
25807,3493,3707,0
25808,4408,4430,0
25809,3476,3623,0
25810,3782,3727,0
25811,3660,3727,0
25812,4373,4256,0
25813,4253,4230,0
25814,4230,4256,0
25815,2444,2471,0
25816,2444,2665,0
25817,2393,2444,0
25818,2665,2471,0
25819,4279,4319,0
25820,4279,4201,0
25821,4279,4135,0
25822,3396,3372,0
25823,3534,3372,0
25824,3534,3396,0
25825,3567,3372,0
25826,4078,4050,0
25827,3912,4050,0
25828,3912,4052,0
25829,3672,3473,0
25830,3616,3473,0
25831,2570,2598,0
25832,2570,2600,0
25833,2489,2600,0
25834,2489,2598,0
25835,2489,2570,0
25836,2600,2598,0
25837,3619,3840,0
25838,3674,3828,0
25839,3467,3270,0
25840,3467,3364,0
25841,3377,3467,0
25842,4590,4486,0
25843,4590,4547,0
25844,4030,3784,0
25845,4068,4158,0
25846,3659,3527,0
25847,3765,3527,0
25848,3527,3655,0
25849,4338,4158,0
25850,4408,4418,0
25851,4369,4558,0
25852,6672,6651,0
25853,5018,6651,0
25854,5018,4436,0
25855,4961,4646,0
25856,3337,3616,0
25857,4032,3772,0
25858,4051,3865,0
25859,4051,4069,0
25860,4135,3865,0
25861,4135,4051,0
25862,4069,3865,0
25863,6704,6053,0
25864,5786,6053,0
25865,5932,6053,0
25866,4487,4398,0
25867,4213,4340,0
25868,4480,4213,0
25869,4126,4258,0
25870,4340,4126,0
25871,4603,4548,0
25872,3813,3969,0
25873,3813,3821,0
25874,3772,3813,0
25875,4693,4662,0
25876,4172,4109,0
25877,4319,4342,0
25878,4352,4285,0
25879,4368,4271,0
25880,4368,4352,0
25881,4149,4093,0
25882,3956,4049,0
25883,3956,4149,0
25884,4093,4049,0
25885,4093,4048,0
25886,4936,5013,0
25887,4936,4957,0
25888,3707,3966,0
25889,4737,4805,0
25890,4748,4677,0
25891,4748,4737,0
25892,4646,4678,0
25893,4678,4754,0
25894,4552,4757,0
25895,4672,4792,0
25896,4672,4757,0
25897,5542,5383,0
25898,5542,5410,0
25899,5358,5542,0
25900,5410,5383,0
25901,4182,4003,0
25902,4046,4003,0
25903,4046,4372,0
25904,4046,4182,0
25905,4003,4372,0
25906,4546,4740,0
25907,4546,4784,0
25908,4413,4740,0
25909,4784,4740,0
25910,4342,4433,0
25911,4516,4537,0
25912,4872,4449,0
25913,4640,4449,0
25914,4333,4203,0
25915,3694,3672,0
25916,4778,4791,0
25917,4586,4791,0
25918,4889,4865,0
25919,4889,4640,0
25920,4792,4865,0
25921,5266,5341,0
25922,5155,5535,0
25923,5155,5341,0
25924,5155,5266,0
25925,4367,4268,0
25926,4191,4268,0
25927,4191,4192,0
25928,4268,4192,0
25929,4701,4403,0
25930,4570,4701,0
25931,3970,4049,0
25932,3970,4088,0
25933,4128,3970,0
25934,4839,4636,0
25935,4658,4757,0
25936,4658,4839,0
25937,4267,4128,0
25938,4234,4243,0
25939,4234,4267,0
25940,4243,4128,0
25941,4109,4291,0
25942,4265,4109,0
25943,4567,4738,0
25944,4658,4827,0
25945,4827,4757,0
25946,5016,4956,0
25947,5136,4956,0
25948,4956,5010,0
25949,4189,4117,0
25950,4189,4093,0
25951,3956,4117,0
25952,4093,4117,0
25953,4167,4230,0
25954,5080,4964,0
25955,2804,2611,0
25956,2667,2708,0
25957,2667,2611,0
25958,2667,2804,0
25959,2708,2611,0
25960,4201,4069,0
25961,4342,4398,0
25962,4342,4307,0
25963,4117,3983,0
25964,3946,3983,0
25965,3946,3935,0
25966,3946,4117,0
25967,3983,3935,0
25968,4180,3883,0
25969,4180,4228,0
25970,4121,3883,0
25971,4121,4180,0
25972,3664,3926,0
25973,3865,3926,0
25974,3819,3926,0
25975,3436,3244,0
25976,3436,3435,0
25977,3288,3435,0
25978,3288,3244,0
25979,3435,3244,0
25980,4248,4149,0
25981,4248,4111,0
25982,4243,4111,0
25983,4243,4248,0
25984,4111,4149,0
25985,4319,4410,0
25986,4319,4272,0
25987,4337,4564,0
25988,4337,4400,0
25989,4093,3865,0
25990,4093,4051,0
25991,5170,5024,0
25992,5170,5051,0
25993,4918,5051,0
25994,4918,5024,0
25995,4918,5170,0
25996,4298,4342,0
25997,4342,4548,0
25998,4487,4383,0
25999,4487,4373,0
26000,4557,4477,0
26001,4540,4477,0
26002,3935,4197,0
26003,4413,4254,0
26004,4250,4254,0
26005,4518,4345,0
26006,4518,4252,0
26007,4044,4252,0
26008,4044,4345,0
26009,4044,4518,0
26010,3224,3384,0
26011,4171,4295,0
26012,4195,4171,0
26013,3890,3739,0
26014,3890,3604,0
26015,3680,3604,0
26016,3680,3890,0
26017,3604,3739,0
26018,1175,1477,0
26019,1175,964,0
26020,720,964,0
26021,720,1477,0
26022,720,1175,0
26023,964,1477,0
26024,4672,4585,0
26025,4672,4795,0
26026,3984,4134,0
26027,4171,4373,0
26028,4230,4171,0
26029,4502,4263,0
26030,4502,4300,0
26031,6668,4300,0
26032,6668,4263,0
26033,6668,4502,0
26034,6645,3887,0
26035,6645,3520,0
26036,6645,3818,0
26037,4171,4142,0
26038,3936,4230,0
26039,3936,4142,0
26040,4358,4109,0
26041,4383,4548,0
26042,6667,4630,0
26043,4298,4201,0
26044,4077,4071,0
26045,4003,4077,0
26046,4843,4792,0
26047,4843,4956,0
26048,4973,4792,0
26049,4956,4792,0
26050,4398,4548,0
26051,4461,4537,0
26052,4768,4658,0
26053,4984,5084,0
26054,5149,5084,0
26055,4865,5084,0
26056,4693,4678,0
26057,5357,5415,0
26058,4365,4203,0
26059,4279,4203,0
26060,4279,4365,0
26061,6645,3643,0
26062,3855,3643,0
26063,3855,6655,0
26064,3855,6645,0
26065,3643,6655,0
26066,3923,3766,0
26067,3923,4003,0
26068,4046,3923,0
26069,4003,3766,0
26070,5627,5650,0
26071,5608,5627,0
26072,4990,5113,0
26073,4987,4990,0
26074,5113,4919,0
26075,4559,6668,0
26076,5146,5238,0
26077,5146,5142,0
26078,4994,5238,0
26079,5142,5238,0
26080,4189,4182,0
26081,4298,4182,0
26082,4298,4189,0
26083,4367,4666,0
26084,4824,4815,0
26085,4766,4600,0
26086,4766,4461,0
26087,4658,4600,0
26088,4658,4766,0
26089,4768,4766,0
26090,4952,4943,0
26091,4952,5017,0
26092,5075,4952,0
26093,4952,4832,0
26094,4918,4693,0
26095,4461,4358,0
26096,4064,6655,0
26097,4064,3740,0
26098,3905,3740,0
26099,3905,6655,0
26100,4204,4056,0
26101,6650,4251,0
26102,4766,4468,0
26103,4468,4600,0
26104,3870,3803,0
26105,4830,4937,0
26106,4552,4487,0
26107,5084,5064,0
26108,5084,5225,0
26109,5117,5064,0
26110,5117,5084,0
26111,5225,5064,0
26112,4552,4693,0
26113,6314,6416,0
26114,6063,6416,0
26115,6063,6306,0
26116,6416,6306,0
26117,3984,3866,0
26118,4431,4362,0
26119,4362,4489,0
26120,5009,5150,0
26121,3985,4134,0
26122,4134,4011,0
26123,5091,5218,0
26124,5091,5117,0
26125,6690,5091,0
26126,5170,5134,0
26127,5170,4984,0
26128,4970,5134,0
26129,4970,5170,0
26130,4984,5134,0
26131,4011,4046,0
26132,4263,4046,0
26133,4263,4134,0
26134,4263,4011,0
26135,4046,4134,0
26136,4073,3963,0
26137,4156,3963,0
26138,3963,4132,0
26139,3659,3377,0
26140,3527,3377,0
26141,3377,3655,0
26142,4171,3932,0
26143,3839,4171,0
26144,4397,4680,0
26145,4516,4397,0
26146,4175,3949,0
26147,4089,3949,0
26148,4089,4175,0
26149,4286,4103,0
26150,4286,4105,0
26151,3985,4235,0
26152,4516,4156,0
26153,4357,3989,0
26154,4436,3948,0
26155,6650,3948,0
26156,3701,3834,0
26157,3717,3557,0
26158,3717,3468,0
26159,3717,3421,0
26160,4171,4151,0
26161,4401,6669,0
26162,4066,6669,0
26163,6669,4393,0
26164,4401,6661,0
26165,4292,6661,0
26166,4317,6661,0
26167,4278,4257,0
26168,4461,4257,0
26169,4172,3932,0
26170,3932,4109,0
26171,4046,4114,0
26172,3572,3905,0
26173,3572,3855,0
26174,3740,3855,0
26175,3855,3905,0
26176,3673,3717,0
26177,3469,3717,0
26178,4257,4468,0
26179,3680,3977,0
26180,4257,4263,0
26181,4372,4298,0
26182,3299,3445,0
26183,3495,3445,0
26184,3408,3445,0
26185,4182,4196,0
26186,4196,4372,0
26187,3866,4046,0
26188,3866,3923,0
26189,4134,4257,0
26190,4502,4633,0
26191,5985,6039,0
26192,5985,6062,0
26193,5985,6144,0
26194,4449,4836,0
26195,4640,4836,0
26196,4397,4640,0
26197,4680,4640,0
26198,3595,3516,0
26199,4061,6668,0
26200,6668,4134,0
26201,4409,4358,0
26202,4358,4552,0
26203,3489,3513,0
26204,3489,3673,0
26205,3752,3513,0
26206,6654,6653,0
26207,6654,3937,0
26208,3701,6654,0
26209,3937,6653,0
26210,5070,4914,0
26211,5070,6679,0
26212,5193,6679,0
26213,5193,4914,0
26214,5193,5070,0
26215,6679,4914,0
26216,4547,4710,0
26217,4519,4710,0
26218,3984,4011,0
26219,4035,4097,0
26220,4035,3903,0
26221,3891,6654,0
26222,3436,3280,0
26223,3288,3471,0
26224,3280,3471,0
26225,6664,4089,0
26226,4449,4680,0
26227,5007,6679,0
26228,5007,4609,0
26229,4565,5007,0
26230,4310,4251,0
26231,4066,4252,0
26232,4252,6661,0
26233,4265,4132,0
26234,3445,3562,0
26235,3495,3562,0
26236,3445,3795,0
26237,4142,4071,0
26238,4142,4167,0
26239,3963,3673,0
26240,3963,3870,0
26241,3818,3882,0
26242,3866,3882,0
26243,3887,3882,0
26244,4941,5081,0
26245,4941,5049,0
26246,5444,5564,0
26247,5444,5341,0
26248,5444,6693,0
26249,2416,2466,0
26250,2416,2441,0
26251,2549,2466,0
26252,2549,2416,0
26253,2441,2466,0
26254,3705,6645,0
26255,3705,3818,0
26256,4419,3902,0
26257,6657,3902,0
26258,4220,4132,0
26259,4007,4204,0
26260,4204,3937,0
26261,4173,3915,0
26262,4175,3984,0
26263,3527,3495,0
26264,3527,3297,0
26265,3275,3701,0
26266,4436,3802,0
26267,4105,4056,0
26268,4175,4235,0
26269,3984,4235,0
26270,4278,4516,0
26271,5261,6700,0
26272,6696,6692,0
26273,6696,5261,0
26274,6692,6700,0
26275,4356,4300,0
26276,6659,3827,0
26277,4146,6661,0
26278,4146,6659,0
26279,3827,6661,0
26280,4134,4220,0
26281,3160,3213,0
26282,3160,3253,0
26283,3097,3213,0
26284,4004,3747,0
26285,3966,4004,0
26286,4235,3910,0
26287,3985,4089,0
26288,6630,2585,0
26289,2585,6629,0
26290,4680,6668,0
26291,4204,4018,0
26292,4204,3805,0
26293,4819,4963,0
26294,5341,5495,0
26295,5574,5495,0
26296,3165,3315,0
26297,3388,3315,0
26298,3388,3165,0
26299,3274,3315,0
26300,3930,4175,0
26301,5051,5134,0
26302,4680,4836,0
26303,4680,4872,0
26304,4547,4378,0
26305,5080,4799,0
26306,4799,5049,0
26307,4950,4889,0
26308,4950,4792,0
26309,4956,4889,0
26310,4950,4768,0
26311,5899,5904,0
26312,5899,5590,0
26313,5904,5741,0
26314,4378,4251,0
26315,5495,5155,0
26316,5170,5269,0
26317,5136,5170,0
26318,6633,3091,0
26319,2745,2543,0
26320,2745,2737,0
26321,2745,2597,0
26322,6362,5875,0
26323,6362,6309,0
26324,6305,5875,0
26325,6305,6362,0
26326,6309,5875,0
26327,4994,4815,0
26328,4994,4824,0
26329,5009,4824,0
26330,5009,4815,0
26331,4994,4790,0
26332,4773,4815,0
26333,4773,4994,0
26334,4790,4815,0
26335,5118,5091,0
26336,5118,6690,0
26337,5037,6690,0
26338,5037,5091,0
26339,5037,5118,0
26340,4559,4468,0
26341,5032,6682,0
26342,4861,4974,0
26343,4861,5032,0
26344,6682,4974,0
26345,4680,4633,0
26346,4680,4502,0
26347,4502,4638,0
26348,4633,4638,0
26349,3887,6655,0
26350,3887,3903,0
26351,3643,3903,0
26352,3643,3887,0
26353,3903,6655,0
26354,4044,4114,0
26355,4044,4232,0
26356,4305,4114,0
26357,4305,4044,0
26358,4232,4114,0
26359,4215,4344,0
26360,4252,4344,0
26361,4344,6662,0
26362,3940,3978,0
26363,3940,4035,0
26364,4401,4443,0
26365,4401,4518,0
26366,4252,4443,0
26367,5266,6685,0
26368,5266,6686,0
26369,5225,6686,0
26370,5225,5266,0
26371,6686,6685,0
26372,4232,4252,0
26373,4232,4518,0
26374,4252,4403,0
26375,4252,4581,0
26376,5394,6691,0
26377,6689,6691,0
26378,6691,6699,0
26379,4393,4204,0
26380,6676,4204,0
26381,6676,4393,0
26382,4680,4519,0
26383,4680,4710,0
26384,4633,4710,0
26385,4378,6671,0
26386,4890,5084,0
26387,4941,4993,0
26388,4941,5084,0
26389,4941,4890,0
26390,4993,5084,0
26391,4251,3611,0
26392,6646,4251,0
26393,3937,4173,0
26394,4173,3805,0
26395,4103,4056,0
26396,6660,3937,0
26397,2822,2750,0
26398,2822,2797,0
26399,3088,2797,0
26400,3088,2750,0
26401,2797,2750,0
26402,4485,4732,0
26403,4505,4485,0
26404,4204,4286,0
26405,4103,4173,0
26406,4066,6657,0
26407,6657,3962,0
26408,3350,3509,0
26409,3357,3561,0
26410,3357,3350,0
26411,4204,4378,0
26412,4173,6676,0
26413,4173,4378,0
26414,3350,3237,0
26415,3267,3237,0
26416,4018,4438,0
26417,4018,3902,0
26418,4518,4305,0
26419,4251,4334,0
26420,6683,4861,0
26421,4825,4861,0
26422,4825,5032,0
26423,4825,6683,0
26424,2229,1972,0
26425,1972,2320,0
26426,3715,6659,0
26427,3715,3827,0
26428,4317,3827,0
26429,4317,3715,0
26430,6648,3906,0
26431,6648,3547,0
26432,3855,3962,0
26433,6649,3855,0
26434,6652,3903,0
26435,6658,3903,0
26436,6658,4066,0
26437,6658,6652,0
26438,3903,4066,0
26439,4342,4475,0
26440,4105,4375,0
26441,6233,5950,0
26442,4708,5950,0
26443,4708,6233,0
26444,5950,6638,0
26445,4466,4140,0
26446,4466,4617,0
26447,4588,4466,0
26448,3489,3196,0
26449,3421,3315,0
26450,3531,3315,0
26451,3531,3421,0
26452,3315,3330,0
26453,4105,4447,0
26454,4186,4105,0
26455,3616,3442,0
26456,3231,3507,0
26457,3231,3010,0
26458,3386,3010,0
26459,3386,3507,0
26460,3386,3231,0
26461,3010,3507,0
26462,2570,2532,0
26463,2617,2532,0
26464,6659,6652,0
26465,6658,3827,0
26466,6658,6659,0
26467,3827,6652,0
26468,4974,4824,0
26469,4630,4974,0
26470,5365,5695,0
26471,5365,5421,0
26472,6703,5365,0
26473,5421,5695,0
26474,3412,3429,0
26475,2497,2768,0
26476,2497,3429,0
26477,2497,3412,0
26478,2768,3429,0
26479,4251,4486,0
26480,4565,4310,0
26481,4310,4486,0
26482,6657,3757,0
26483,6669,4447,0
26484,6669,6667,0
26485,3050,3676,0
26486,3611,3050,0
26487,3632,3553,0
26488,3632,3510,0
26489,3459,3510,0
26490,3459,3553,0
26491,3459,3632,0
26492,3510,3553,0
26493,3421,3469,0
26494,3307,3469,0
26495,3307,3468,0
26496,3307,3421,0
26497,3469,3468,0
26498,3787,3696,0
26499,3751,3696,0
26500,1921,1904,0
26501,2063,1904,0
26502,2063,2112,0
26503,2063,1921,0
26504,1904,2112,0
26505,3701,3717,0
26506,4011,3701,0
26507,4011,3737,0
26508,3088,3273,0
26509,3273,3205,0
26510,2416,2281,0
26511,2416,2274,0
26512,3545,3205,0
26513,2130,6602,0
26514,6605,6602,0
26515,6605,2130,0
26516,3175,2904,0
26517,3175,6629,0
26518,5625,5417,0
26519,5625,5561,0
26520,5546,5561,0
26521,5546,5417,0
26522,5546,5625,0
26523,6654,4061,0
26524,3717,6654,0
26525,4993,5155,0
26526,4993,5087,0
26527,4941,5155,0
26528,5087,5155,0
26529,4486,4438,0
26530,4486,4173,0
26531,3915,4486,0
26532,4173,4438,0
26533,6631,2320,0
26534,6631,2229,0
26535,2623,2320,0
26536,2765,2925,0
26537,2829,2460,0
26538,2829,2925,0
26539,2460,2925,0
26540,6570,6566,0
26541,6570,6575,0
26542,6570,1086,0
26543,6631,2451,0
26544,2229,2451,0
26545,2451,2320,0
26546,4695,4490,0
26547,6684,4490,0
26548,5314,5087,0
26549,4752,6666,0
26550,4479,6666,0
26551,4479,4760,0
26552,4479,4752,0
26553,4488,4634,0
26554,4488,4586,0
26555,3088,2743,0
26556,3121,6636,0
26557,3121,3088,0
26558,2743,6636,0
26559,3205,6636,0
26560,3891,6664,0
26561,5007,4985,0
26562,5007,5018,0
26563,4609,5018,0
26564,4609,4985,0
26565,3379,3673,0
26566,3469,3379,0
26567,4355,4357,0
26568,4608,4357,0
26569,4181,4162,0
26570,4695,4438,0
26571,4490,4438,0
26572,4438,4750,0
26573,3190,2835,0
26574,6665,2835,0
26575,3445,3426,0
26576,3579,3421,0
26577,3579,3445,0
26578,3165,3194,0
26579,3315,3194,0
26580,3275,3194,0
26581,2698,2822,0
26582,3010,2822,0
26583,2822,2318,0
26584,3307,3113,0
26585,3307,3058,0
26586,3307,3100,0
26587,3388,3752,0
26588,3676,3752,0
26589,5193,5388,0
26590,5193,6687,0
26591,3825,3828,0
26592,3743,3828,0
26593,3743,3623,0
26594,3743,3825,0
26595,3737,3531,0
26596,4905,6683,0
26597,6683,5055,0
26598,5366,5079,0
26599,3765,3824,0
26600,3779,3765,0
26601,4597,6676,0
26602,4173,4597,0
26603,6622,1868,0
26604,6622,2382,0
26605,6615,6622,0
26606,2382,1868,0
26607,6589,6613,0
26608,6649,3010,0
26609,4378,4486,0
26610,3877,4513,0
26611,3877,4211,0
26612,4355,4211,0
26613,4355,4513,0
26614,6665,3738,0
26615,6665,6233,0
26616,4695,4597,0
26617,4597,4750,0
26618,6675,4486,0
26619,4597,3915,0
26620,4597,4486,0
26621,4597,6675,0
26622,2515,2699,0
26623,2515,2499,0
26624,2407,2822,0
26625,2822,6618,0
26626,188,173,0
26627,188,354,0
26628,2753,2626,0
26629,2878,3113,0
26630,3917,3650,0
26631,6647,3917,0
26632,6627,3050,0
26633,1976,6602,0
26634,1975,2048,0
26635,1975,6602,0
26636,1975,1976,0
26637,6656,6613,0
26638,6656,6647,0
26639,3917,6613,0
26640,6647,6613,0
26641,4334,4486,0
26642,2033,1907,0
26643,1907,1929,0
26644,5446,6691,0
26645,5446,6699,0
26646,6652,3643,0
26647,3827,3643,0
26648,3827,3903,0
26649,3860,6657,0
26650,3860,6659,0
26651,3917,2876,0
26652,6586,1596,0
26653,6586,1804,0
26654,1555,1804,0
26655,1555,6586,0
26656,1804,1596,0
26657,3802,3611,0
26658,2576,2465,0
26659,2576,2183,0
26660,2287,2576,0
26661,2229,2574,0
26662,2732,2569,0
26663,2732,2940,0
26664,3009,3152,0
26665,3009,2883,0
26666,3009,3144,0
26667,2792,2772,0
26668,2750,2792,0
26669,2750,3003,0
26670,2790,2750,0
26671,1889,2015,0
26672,1889,1951,0
26673,1777,1951,0
26674,1777,2015,0
26675,1777,1889,0
26676,1859,2229,0
26677,1716,1972,0
26678,5868,5992,0
26679,6063,6706,0
26680,6063,5868,0
26681,6684,5692,0
26682,6684,5264,0
26683,4624,5692,0
26684,4624,6684,0
26685,5264,5692,0
26686,4624,4490,0
26687,6656,4490,0
26688,6656,6673,0
26689,6641,3190,0
26690,6627,3190,0
26691,1716,6607,0
26692,2994,3336,0
26693,2822,3336,0
26694,2822,2994,0
26695,3336,3010,0
26696,3088,2790,0
26697,3088,2992,0
26698,2992,2790,0
26699,2466,2638,0
26700,6676,4486,0
26701,6678,4597,0
26702,5124,5444,0
26703,5124,5341,0
26704,5124,6693,0
26705,2321,3010,0
26706,2895,3001,0
26707,3203,3001,0
26708,3203,2895,0
26709,3161,3001,0
26710,1711,1405,0
26711,2146,1405,0
26712,4616,4334,0
26713,4616,6665,0
26714,3738,4616,0
26715,6665,4334,0
26716,6612,6630,0
26717,6630,6626,0
26718,6631,2579,0
26719,6631,2549,0
26720,2772,2549,0
26721,2772,2579,0
26722,2549,2579,0
26723,2994,2919,0
26724,2994,6646,0
26725,3738,2919,0
26726,3738,2994,0
26727,6646,2919,0
26728,5007,4436,0
26729,5007,4310,0
26730,4647,4695,0
26731,4647,5446,0
26732,4664,4695,0
26733,4664,4647,0
26734,6687,6305,0
26735,6665,6305,0
26736,6665,5007,0
26737,6665,6687,0
26738,6305,5007,0
26739,4616,4486,0
26740,4616,4310,0
26741,2731,6613,0
26742,2731,2497,0
26743,2321,2497,0
26744,2413,6625,0
26745,2332,6625,0
26746,6625,2498,0
26747,5657,5361,0
26748,5657,5421,0
26749,2797,6640,0
26750,2498,2466,0
26751,2405,2572,0
26752,2465,2572,0
26753,2428,2572,0
26754,6665,4310,0
26755,6681,4868,0
26756,6681,5692,0
26757,5691,5692,0
26758,5691,6681,0
26759,5692,4868,0
26760,1859,1695,0
26761,1768,1695,0
26762,2790,6636,0
26763,2844,2797,0
26764,2844,6640,0
26765,3324,2844,0
26766,313,6638,0
26767,1405,6589,0
26768,1405,313,0
26769,6647,6646,0
26770,3100,3081,0
26771,2863,3050,0
26772,3738,3190,0
26773,2925,3173,0
26774,3136,3173,0
26775,3057,3173,0
26776,3470,3467,0
26777,3676,3255,0
26778,2544,2974,0
26779,2583,2974,0
26780,2583,2544,0
26781,2934,2974,0
26782,3948,4355,0
26783,4834,4788,0
26784,4698,4788,0
26785,4788,4819,0
26786,4653,4355,0
26787,4653,4467,0
26788,4211,4467,0
26789,3985,6654,0
26790,2574,2743,0
26791,3121,3001,0
26792,3121,2574,0
26793,2743,3001,0
26794,3051,3122,0
26795,3051,3040,0
26796,2932,3122,0
26797,3050,3121,0
26798,3802,3050,0
26799,3121,3255,0
26800,2532,2269,0
26801,2532,2274,0
26802,2540,2532,0
26803,5661,6048,0
26804,6028,6048,0
26805,6048,5776,0
26806,3203,3233,0
26807,3161,3233,0
26808,2867,3000,0
26809,2948,2929,0
26810,2948,3320,0
26811,4175,3752,0
26812,3379,3513,0
26813,3201,3513,0
26814,3201,3379,0
26815,4608,4412,0
26816,5004,4963,0
26817,5100,5027,0
26818,5100,5004,0
26819,3866,3556,0
26820,3866,3531,0
26821,3717,3531,0
26822,3717,3556,0
26823,5466,5449,0
26824,4109,3936,0
26825,3835,4077,0
26826,3835,4109,0
26827,3936,4077,0
26828,3513,3803,0
26829,3513,3896,0
26830,3383,3491,0
26831,2895,3173,0
26832,3057,2895,0
26833,3161,3173,0
26834,2804,2687,0
26835,2804,2649,0
26836,2611,2649,0
26837,2611,2687,0
26838,4464,4797,0
26839,5080,4709,0
26840,5080,4464,0
26841,4467,4709,0
26842,4467,5080,0
26843,4464,4709,0
26844,4033,4019,0
26845,4005,3958,0
26846,4019,3958,0
26847,3102,3282,0
26848,3102,3096,0
26849,3305,3102,0
26850,4639,4653,0
26851,3361,3268,0
26852,3910,6653,0
26853,5080,5473,0
26854,5661,5714,0
26855,5661,5902,0
26856,5759,5902,0
26857,5759,5714,0
26858,5759,5661,0
26859,5218,5124,0
26860,5218,5064,0
26861,5064,5124,0
26862,4892,6686,0
26863,4892,4633,0
26864,4710,4892,0
26865,4633,6686,0
26866,4795,4865,0
26867,5081,4865,0
26868,4355,4376,0
26869,5875,5007,0
26870,5875,5018,0
26871,5850,5018,0
26872,5850,5007,0
26873,5850,5875,0
26874,4379,4329,0
26875,4175,4195,0
26876,4175,3985,0
26877,5087,6679,0
26878,5087,4609,0
26879,5169,4609,0
26880,5169,6679,0
26881,4923,4963,0
26882,5596,5768,0
26883,5596,5755,0
26884,5646,5755,0
26885,5646,5768,0
26886,5646,5596,0
26887,5985,6016,0
26888,5969,6016,0
26889,5854,6016,0
26890,4678,4843,0
26891,4875,4975,0
26892,4891,4809,0
26893,4891,4875,0
26894,4975,4809,0
26895,4261,4331,0
26896,5087,5265,0
26897,5157,5265,0
26898,5314,5265,0
26899,4872,4609,0
26900,1058,1372,0
26901,1058,1760,0
26902,1232,1760,0
26903,1232,1372,0
26904,1232,1058,0
26905,1760,1372,0
26906,2638,2790,0
26907,2623,2638,0
26908,6350,720,0
26909,334,720,0
26910,4608,4376,0
26911,3203,3173,0
26912,4970,5081,0
26913,4970,4923,0
26914,5067,5222,0
26915,5067,5214,0
26916,5034,5214,0
26917,5034,5222,0
26918,5034,5067,0
26919,5214,5222,0
26920,3489,3803,0
26921,4513,6672,0
26922,4582,4513,0
26923,2495,1935,0
26924,2495,2560,0
26925,2066,1935,0
26926,2066,2495,0
26927,2929,3196,0
26928,3196,3001,0
26929,5409,5644,0
26930,5409,5553,0
26931,5615,5409,0
26932,6350,5912,0
26933,334,5912,0
26934,5302,5319,0
26935,5666,5319,0
26936,5666,5302,0
26937,5319,5882,0
26938,3167,3326,0
26939,3167,3384,0
26940,3539,3263,0
26941,3307,3081,0
26942,3379,3307,0
26943,3201,3081,0
26944,3877,4130,0
26945,3624,3877,0
26946,2748,2534,0
26947,2369,2748,0
26948,3852,4357,0
26949,3852,4355,0
26950,3167,3173,0
26951,3102,3574,0
26952,3102,3166,0
26953,4211,3852,0
26954,2824,2999,0
26955,2824,2765,0
26956,3136,2765,0
26957,3136,2824,0
26958,2536,2671,0
26959,2604,2671,0
26960,2536,2583,0
26961,2297,2536,0
26962,2241,2583,0
26963,3527,3898,0
26964,1790,1780,0
26965,6601,1780,0
26966,1780,2093,0
26967,1593,1889,0
26968,1593,1777,0
26969,1716,1889,0
26970,1716,1593,0
26971,2007,2062,0
26972,1951,2032,0
26973,1951,2062,0
26974,1951,2007,0
26975,2032,2062,0
26976,1135,720,0
26977,5912,4787,0
26978,3624,2495,0
26979,3624,4787,0
26980,3624,5912,0
26981,2495,4787,0
26982,3829,3962,0
26983,3855,3829,0
26984,6649,3962,0
26985,1889,2221,0
26986,2142,2015,0
26987,2142,2221,0
26988,2142,1889,0
26989,1763,1926,0
26990,2145,1926,0
26991,1998,6627,0
26992,6641,2994,0
26993,6646,6641,0
26994,4797,4572,0
26995,5222,5126,0
26996,5222,5079,0
26997,5362,5079,0
26998,5362,5126,0
26999,5362,5222,0
27000,5079,5126,0
27001,5157,5300,0
27002,6350,6351,0
27003,6350,5700,0
27004,5902,5700,0
27005,5902,6351,0
27006,5902,6350,0
27007,5700,6351,0
27008,5126,5034,0
27009,5126,5067,0
27010,2163,2142,0
27011,5863,5871,0
27012,5871,5975,0
27013,5596,5934,0
27014,5934,5768,0
27015,2339,2015,0
27016,2062,2015,0
27017,2086,2015,0
27018,3173,3233,0
27019,3057,3326,0
27020,2536,3151,0
27021,2604,3151,0
27022,2604,2583,0
27023,3151,2583,0
27024,2441,2489,0
27025,2441,2283,0
27026,2269,2489,0
27027,2269,2441,0
27028,2283,2489,0
27029,3580,3354,0
27030,2925,2901,0
27031,2925,2534,0
27032,2934,2534,0
27033,2934,2925,0
27034,2534,2901,0
27035,2271,2863,0
27036,2271,1998,0
27037,6642,2271,0
27038,4316,3786,0
27039,4316,4639,0
27040,4143,4316,0
27041,5916,6253,0
27042,4985,4608,0
27043,2473,2235,0
27044,2473,2500,0
27045,2599,2500,0
27046,2599,2235,0
27047,2599,2473,0
27048,2500,2235,0
27049,5018,3877,0
27050,3877,3852,0
27051,1350,1487,0
27052,1906,1487,0
27053,2495,1487,0
27054,2948,2714,0
27055,3192,2714,0
27056,2007,1935,0
27057,1951,1935,0
27058,2062,1935,0
27059,6586,1175,0
27060,6586,1529,0
27061,1804,1529,0
27062,1804,1175,0
27063,1529,1175,0
27064,2776,3032,0
27065,2855,3032,0
27066,2847,2955,0
27067,2847,3006,0
27068,2824,2955,0
27069,2824,2847,0
27070,3006,2955,0
27071,1077,1023,0
27072,1077,838,0
27073,1127,1077,0
27074,2066,2083,0
27075,2560,6642,0
27076,1350,1811,0
27077,1811,573,0
27078,2399,2221,0
27079,2399,2229,0
27080,2465,2221,0
27081,2465,2399,0
27082,2229,2221,0
27083,2297,2460,0
27084,2297,2354,0
27085,2260,2354,0
27086,2260,2460,0
27087,2354,2460,0
27088,2312,2872,0
27089,2312,2948,0
27090,2312,2748,0
27091,2872,2948,0
27092,4545,3609,0
27093,3046,3297,0
27094,1451,1587,0
27095,1451,1546,0
27096,1451,1576,0
27097,3500,3282,0
27098,3233,3166,0
27099,3161,3166,0
27100,4352,4517,0
27101,4835,5214,0
27102,4835,5067,0
27103,3683,3320,0
27104,3364,3224,0
27105,4124,4197,0
27106,3683,4211,0
27107,4545,3746,0
27108,4696,4859,0
27109,4761,4721,0
27110,4761,4698,0
27111,4761,4538,0
27112,4721,4698,0
27113,4214,3987,0
27114,5077,5240,0
27115,5240,5044,0
27116,4698,4842,0
27117,4698,4783,0
27118,6329,6501,0
27119,6507,6501,0
27120,6501,6389,0
27121,5079,6697,0
27122,5100,5366,0
27123,5100,5079,0
27124,5221,5125,0
27125,4356,4368,0
27126,4322,4698,0
27127,4788,5044,0
27128,4329,4175,0
27129,3479,3559,0
27130,3413,3706,0
27131,4819,4672,0
27132,4935,4854,0
27133,4935,4822,0
27134,4662,4854,0
27135,4662,4935,0
27136,4822,4854,0
27137,4698,4627,0
27138,4698,4764,0
27139,4819,4923,0
27140,4668,4761,0
27141,3870,4329,0
27142,4835,4556,0
27143,4835,4551,0
27144,4834,4923,0
27145,5596,5626,0
27146,5755,5626,0
27147,5646,5626,0
27148,4819,4721,0
27149,5067,5362,0
27150,5035,5362,0
27151,5149,5341,0
27152,5149,5376,0
27153,5225,5376,0
27154,5225,5341,0
27155,5225,5149,0
27156,5376,5341,0
27157,4285,4517,0
27158,4195,4181,0
27159,4329,3989,0
27160,4329,4397,0
27161,4963,4969,0
27162,4368,4373,0
27163,4295,4276,0
27164,4329,4709,0
27165,3381,3463,0
27166,3479,3463,0
27167,3712,3463,0
27168,4181,4285,0
27169,4368,4409,0
27170,4368,4516,0
27171,4368,4434,0
27172,3462,3424,0
27173,3316,3462,0
27174,3313,3424,0
27175,3674,3835,0
27176,3557,3835,0
27177,2953,3058,0
27178,2999,3058,0
27179,2999,3020,0
27180,2999,2953,0
27181,6640,3386,0
27182,2824,2755,0
27183,2824,2773,0
27184,2765,2755,0
27185,2773,2755,0
27186,3951,4195,0
27187,2765,2895,0
27188,2460,2895,0
27189,2895,2925,0
27190,4329,4164,0
27191,3672,3504,0
27192,3504,3664,0
27193,4379,4164,0
27194,4164,4352,0
27195,4517,4164,0
27196,3333,3440,0
27197,3377,3228,0
27198,3964,4285,0
27199,3734,4214,0
27200,3963,3839,0
27201,3673,3839,0
27202,2619,2487,0
27203,3167,2765,0
27204,2287,2249,0
27205,2183,2249,0
27206,2163,2249,0
27207,2829,3046,0
27208,3870,3489,0
27209,3468,3491,0
27210,3514,3468,0
27211,3491,3557,0
27212,3098,3408,0
27213,2829,3106,0
27214,3005,3138,0
27215,3243,3138,0
27216,3243,3005,0
27217,3151,3138,0
27218,3500,3896,0
27219,3527,3824,0
27220,3779,3527,0
27221,3562,3327,0
27222,3562,3299,0
27223,3445,3327,0
27224,2901,2895,0
27225,2901,3192,0
27226,3192,2895,0
27227,2182,2487,0
27228,3173,3001,0
27229,3500,3491,0
27230,4142,4109,0
27231,4142,4077,0
27232,3491,3173,0
27233,2680,2276,0
27234,2748,2901,0
27235,3096,2901,0
27236,3096,2748,0
27237,3166,2901,0
27238,2572,2895,0
27239,3001,2428,0
27240,3001,2572,0
27241,2428,2895,0
27242,1135,6586,0
27243,2276,2312,0
27244,3423,3233,0
27245,3233,3192,0
27246,4068,3926,0
27247,4051,3926,0
27248,4012,4005,0
27249,4005,3853,0
27250,3468,3379,0
27251,3388,3468,0
27252,3144,2936,0
27253,2798,2936,0
27254,2936,2883,0
27255,3233,3574,0
27256,3795,3673,0
27257,3795,3839,0
27258,3674,3785,0
27259,3785,3743,0
27260,3106,2925,0
27261,3748,3441,0
27262,3413,3441,0
27263,3467,3527,0
27264,3470,3377,0
27265,2934,2879,0
27266,2434,2539,0
27267,2464,2434,0
27268,3001,3201,0
27269,3196,3173,0
27270,3201,3173,0
27271,3249,3133,0
27272,3297,3160,0
27273,3133,3160,0
27274,3160,3396,0
27275,3489,3500,0
27276,3489,3683,0
27277,3003,6640,0
27278,3034,6640,0
27279,4201,3844,0
27280,3513,3683,0
27281,3315,3701,0
27282,3388,3307,0
27283,3556,3701,0
27284,3701,3531,0
27285,3326,3282,0
27286,3326,3364,0
27287,3347,3655,0
27288,3342,3655,0
27289,4317,4146,0
27290,4140,4317,0
27291,3224,3173,0
27292,2405,2534,0
27293,2460,2534,0
27294,2460,2428,0
27295,2460,2405,0
27296,2534,2428,0
27297,3513,3734,0
27298,3203,3513,0
27299,2999,3098,0
27300,2339,2097,0
27301,2360,2097,0
27302,2360,2354,0
27303,2097,2354,0
27304,2995,3165,0
27305,3205,2995,0
27306,3443,3174,0
27307,2788,3174,0
27308,4171,4276,0
27309,3133,3046,0
27310,2921,3100,0
27311,3167,2905,0
27312,3167,2921,0
27313,2369,2872,0
27314,2339,2460,0
27315,2437,2230,0
27316,2925,3070,0
27317,3245,3163,0
27318,3245,3421,0
27319,3245,3244,0
27320,3163,3421,0
27321,3834,3795,0
27322,3383,3468,0
27323,3383,3307,0
27324,3472,3468,0
27325,3557,3673,0
27326,3315,3516,0
27327,3354,3513,0
27328,3196,3513,0
27329,2804,2953,0
27330,3020,2804,0
27331,3513,3167,0
27332,3527,3500,0
27333,3527,3513,0
27334,3491,3734,0
27335,2992,3388,0
27336,3502,3696,0
27337,3502,3563,0
27338,3560,3502,0
27339,2809,3011,1
27340,2809,2909,0
27341,2987,3011,0
27342,2987,2809,0
27343,3795,3985,0
27344,2434,2629,0
27345,2434,2490,0
27346,2427,2490,0
27347,2427,2629,0
27348,2427,2434,0
27349,3828,4071,0
27350,3579,3562,0
27351,3426,3562,0
27352,6668,4064,0
27353,3723,3440,0
27354,3261,3406,0
27355,3261,3565,0
27356,3476,3406,0
27357,3476,3261,0
27358,3565,3406,0
27359,2981,2831,0
27360,2981,2914,0
27361,3562,3566,0
27362,3566,3743,0
27363,3630,3795,0
27364,3630,3562,0
27365,3073,3022,0
27366,2940,3022,0
27367,3770,3979,0
27368,4003,3677,0
27369,4003,3743,0
27370,4583,4673,0
27371,4641,4615,0
27372,4641,4673,0
27373,3445,3472,0
27374,4374,4190,0
27375,4374,4246,0
27376,4435,4374,0
27377,3280,3269,0
27378,3280,3612,0
27379,3269,3288,0
27380,3835,3839,0
27381,3299,3566,0
27382,3514,3673,0
27383,3307,3472,0
27384,3346,3254,0
27385,3504,3254,0
27386,3219,3254,0
27387,3482,3395,0
27388,3482,3448,0
27389,3346,3395,0
27390,3346,3482,0
27391,3468,3673,0
27392,2740,2525,0
27393,2761,2525,0
27394,2761,2740,0
27395,2760,2525,0
27396,3379,3491,0
27397,2451,2549,0
27398,6655,4097,0
27399,3903,3905,0
27400,4097,3905,0
27401,2645,2676,0
27402,2600,2554,0
27403,2600,2676,0
27404,2600,2645,0
27405,2554,2676,0
27406,3165,3307,0
27407,3081,3165,0
27408,2320,2618,0
27409,3412,6656,0
27410,3412,6613,0
27411,3650,6613,0
27412,3650,3412,0
27413,2626,2905,0
27414,2645,2905,0
27415,2645,2626,0
27416,2905,2753,0
27417,3388,3701,0
27418,2618,2750,0
27419,3388,3717,0
27420,3469,3701,0
27421,3468,3513,0
27422,2955,3239,0
27423,2955,3160,0
27424,3046,3160,0
27425,3046,3239,0
27426,3046,2955,0
27427,2954,2804,0
27428,2954,2990,0
27429,2991,2990,0
27430,2991,2804,0
27431,2990,2804,0
27432,1918,2132,0
27433,2202,2234,0
27434,2202,1918,0
27435,2132,2234,0
27436,2905,2765,0
27437,3307,3513,0
27438,2637,2851,0
27439,2637,2532,0
27440,2617,2851,0
27441,4137,4159,0
27442,3077,2954,0
27443,2990,3042,0
27444,2990,3077,0
27445,2598,2650,0
27446,2676,2489,0
27447,2676,2598,0
27448,2650,2489,0
27449,3097,3168,0
27450,2716,2649,0
27451,2705,2544,0
27452,2368,2460,0
27453,2368,2705,0
27454,2460,2544,0
27455,3669,3825,0
27456,3100,3201,0
27457,3460,3529,0
27458,3460,3486,0
27459,3714,3529,0
27460,3714,3460,0
27461,3486,3529,0
27462,3169,3399,0
27463,3169,3564,0
27464,6603,1985,0
27465,6600,2043,0
27466,6600,6603,0
27467,1985,2043,0
27468,2948,3268,0
27469,3268,2872,0
27470,3936,3743,0
27471,3421,3701,0
27472,2677,2814,0
27473,2884,2666,0
27474,2814,2666,0
27475,3866,3701,0
27476,3866,4011,0
27477,3737,3866,0
27478,4192,4036,0
27479,4192,4050,0
27480,4268,4050,0
27481,3531,3324,0
27482,3386,3324,0
27483,2676,2991,0
27484,2845,3324,0
27485,3386,2844,0
27486,3386,2845,0
27487,3244,3091,0
27488,3244,3194,0
27489,3330,3194,0
27490,3194,3091,0
27491,6629,2581,0
27492,3175,2581,0
27493,2581,6637,0
27494,3165,3469,0
27495,3556,3512,0
27496,3157,3144,0
27497,3157,3235,0
27498,3009,3235,0
27499,3009,3157,0
27500,3235,3144,0
27501,3443,3592,0
27502,3443,3610,0
27503,3252,3592,0
27504,3252,3443,0
27505,3610,3592,0
27506,2047,1860,0
27507,1858,2014,0
27508,1858,2047,0
27509,3324,3330,0
27510,2737,2643,0
27511,2737,2823,0
27512,2774,2823,0
27513,2774,2737,0
27514,6640,3330,0
27515,3205,3081,0
27516,3818,3923,0
27517,3940,3923,0
27518,3914,3923,0
27519,3644,3800,0
27520,3750,3644,0
27521,3739,3800,0
27522,2845,2797,0
27523,6640,2845,0
27524,2732,2598,0
27525,2600,2732,0
27526,3315,3469,0
27527,3163,3307,0
27528,3163,3081,0
27529,3113,3163,0
27530,3579,3520,0
27531,3927,3923,0
27532,3927,4114,0
27533,3914,4114,0
27534,3940,3887,0
27535,3940,3705,0
27536,3887,3705,0
27537,3531,3579,0
27538,3579,3556,0
27539,4171,4172,0
27540,4171,4073,0
27541,3165,3163,0
27542,2451,2283,0
27543,2451,2183,0
27544,2214,2183,0
27545,3923,3677,0
27546,3743,4071,0
27547,3903,3804,0
27548,3858,3643,0
27549,3858,3903,0
27550,3804,3643,0
27551,3866,3985,0
27552,3421,3194,0
27553,3194,3163,0
27554,3163,3330,0
27555,2579,2626,0
27556,3579,3717,0
27557,5150,4824,0
27558,3804,3509,0
27559,3509,3858,0
27560,2559,2600,0
27561,2732,2549,0
27562,2600,2549,0
27563,2617,2598,0
27564,6639,2845,0
27565,3098,3160,0
27566,3098,3396,0
27567,2631,2411,0
27568,2411,2450,0
27569,3006,3133,0
27570,2914,3030,0
27571,2981,3030,0
27572,2760,2424,0
27573,2760,2615,0
27574,2878,2732,0
27575,2921,2732,0
27576,3421,3165,0
27577,2541,2646,0
27578,4142,4172,0
27579,4230,4172,0
27580,3421,3388,0
27581,3866,4134,0
27582,3445,3307,0
27583,3932,3795,0
27584,3936,4172,0
27585,3688,3825,0
27586,3688,4003,0
27587,3743,3688,0
27588,3436,3261,0
27589,3200,3471,0
27590,3200,3436,0
27591,3261,3471,0
27592,3751,3742,0
27593,3751,3935,0
27594,3560,3552,0
27595,3560,3621,0
27596,3346,3621,0
27597,3630,3445,0
27598,3299,3058,0
27599,3408,3058,0
27600,3058,3445,0
27601,3406,3340,0
27602,3406,3481,0
27603,3475,3481,0
27604,3475,3340,0
27605,3475,3406,0
27606,3481,3340,0
27607,3020,2991,0
27608,3068,3253,0
27609,3068,3097,0
27610,2650,2611,0
27611,3372,3213,0
27612,2597,2643,0
27613,2597,2518,0
27614,2540,2643,0
27615,3577,3476,0
27616,3253,3565,0
27617,3253,3577,0
27618,3591,3562,0
27619,4196,4071,0
27620,3051,3044,0
27621,3147,3044,0
27622,3147,3062,0
27623,3147,3051,0
27624,3044,3062,0
27625,3445,3717,0
27626,3445,3245,0
27627,3245,3426,0
27628,3163,3445,0
27629,3058,3245,0
27630,3445,3383,0
27631,3445,3113,0
27632,3954,3876,0
27633,4248,4060,0
27634,3983,4060,0
27635,3983,4197,0
27636,3983,4248,0
27637,4060,4197,0
27638,3892,4049,0
27639,3892,3918,0
27640,4088,3892,0
27641,3918,4049,0
27642,4291,4077,0
27643,3835,4076,0
27644,4076,3932,0
27645,4167,4109,0
27646,3491,3839,0
27647,3514,3839,0
27648,3839,3674,0
27649,3963,3932,0
27650,3835,3963,0
27651,4076,3963,0
27652,3839,3513,0
27653,3839,3557,0
27654,3890,3912,0
27655,3766,3445,0
27656,3766,3963,0
27657,4172,4358,0
27658,3766,3562,0
27659,4077,4372,0
27660,4077,3743,0
27661,4126,4157,0
27662,4142,4001,0
27663,4172,4167,0
27664,4171,3964,0
27665,4171,4253,0
27666,4171,4368,0
27667,4171,3765,0
27668,3751,3720,0
27669,3751,3733,0
27670,3968,3733,0
27671,3968,3720,0
27672,3968,3751,0
27673,3733,3720,0
27674,3568,3560,0
27675,3720,3560,0
27676,2740,2861,0
27677,2761,2861,0
27678,2962,3095,0
27679,3095,2908,0
27680,3347,3659,0
27681,3377,3536,0
27682,3659,3342,0
27683,3810,3968,0
27684,3810,3720,0
27685,3560,3810,0
27686,3621,3810,0
27687,3093,2848,0
27688,2917,2848,0
27689,2917,2979,0
27690,2848,2979,0
27691,3245,3327,0
27692,3245,3213,0
27693,2705,2539,0
27694,2705,2437,0
27695,3876,3818,0
27696,2611,2655,0
27697,2650,2716,0
27698,2650,2655,0
27699,2716,2655,0
27700,2542,2628,0
27701,2542,2596,0
27702,2582,2596,0
27703,2582,2628,0
27704,2582,2542,0
27705,2905,2794,0
27706,3764,3849,0
27707,4213,4258,0
27708,4283,4382,0
27709,3904,4065,0
27710,3979,3844,0
27711,3616,3306,0
27712,4004,3764,0
27713,3195,3448,0
27714,3112,3448,0
27715,3112,3395,0
27716,3722,3696,0
27717,3742,3696,0
27718,3742,3722,0
27719,3373,3356,0
27720,3480,3378,0
27721,3480,3356,0
27722,3480,3373,0
27723,3378,3356,0
27724,3742,3853,0
27725,3983,3742,0
27726,3853,3751,0
27727,3261,3253,0
27728,3935,3864,0
27729,3722,3864,0
27730,3722,3935,0
27731,3742,3864,0
27732,4518,4630,0
27733,6667,4518,0
27734,3370,3308,0
27735,3370,3183,0
27736,3340,3183,0
27737,3340,3308,0
27738,3340,3370,0
27739,3183,3308,0
27740,3702,3669,0
27741,3702,3787,0
27742,3825,3702,0
27743,3333,3372,0
27744,2788,3048,0
27745,3126,3036,0
27746,2970,3036,0
27747,3036,3183,0
27748,3882,4064,0
27749,3866,4064,0
27750,3887,4064,0
27751,3462,3728,0
27752,3462,3409,0
27753,3628,3728,0
27754,3409,3728,0
27755,3213,3396,0
27756,2646,2921,0
27757,2646,2905,0
27758,4038,3954,0
27759,4038,3864,0
27760,3935,3954,0
27761,4178,4203,0
27762,3372,3623,0
27763,3299,3245,0
27764,3440,3346,0
27765,2770,2739,0
27766,2770,2644,0
27767,2659,2739,0
27768,2644,2739,0
27769,3213,3042,0
27770,2502,2607,0
27771,3346,3333,0
27772,2827,2666,0
27773,3270,3470,0
27774,2576,2579,0
27775,2576,2283,0
27776,2183,2579,0
27777,2283,2579,0
27778,2261,2265,0
27779,2131,2265,0
27780,2131,2117,0
27781,2131,2261,0
27782,2265,2117,0
27783,2667,2687,0
27784,2651,2953,0
27785,2794,2953,0
27786,2794,2651,0
27787,2953,2655,0
27788,3409,3616,0
27789,4784,4681,0
27790,4784,4798,0
27791,4670,4784,0
27792,3733,3853,0
27793,3097,3095,0
27794,3765,3467,0
27795,2902,2939,0
27796,3270,3070,0
27797,3160,3068,0
27798,3068,3098,0
27799,3966,3764,0
27800,3366,3570,0
27801,3644,3286,0
27802,3644,3456,0
27803,3309,3456,0
27804,3309,3286,0
27805,3309,3644,0
27806,3456,3286,0
27807,2709,2473,0
27808,2709,2599,0
27809,2634,2709,0
27810,3396,3623,0
27811,3228,3297,0
27812,3270,3326,0
27813,3310,3381,0
27814,3177,3243,0
27815,3243,3381,0
27816,3169,3381,0
27817,3310,3824,0
27818,2862,2865,0
27819,2900,2793,0
27820,2900,2862,0
27821,2793,2865,0
27822,3527,3347,0
27823,2825,2745,0
27824,2825,2852,0
27825,2932,2745,0
27826,2852,2745,0
27827,2812,3228,0
27828,2812,3046,0
27829,2755,2541,0
27830,2755,2590,0
27831,2755,2705,0
27832,2502,2655,0
27833,2824,2925,0
27834,2824,2829,0
27835,2824,3133,0
27836,2553,2400,0
27837,2553,2458,0
27838,2509,2553,0
27839,2576,2905,0
27840,2503,2745,0
27841,2747,2745,0
27842,2747,2503,0
27843,2745,2677,0
27844,2991,3299,0
27845,3245,2991,0
27846,1134,1264,0
27847,1134,1311,0
27848,1545,1264,0
27849,1545,1134,0
27850,1311,1264,0
27851,4158,4455,0
27852,3706,3620,0
27853,2371,2284,0
27854,2402,2284,0
27855,2402,2504,0
27856,2402,2371,0
27857,2662,2678,0
27858,2818,2678,0
27859,2681,2678,0
27860,3559,3747,0
27861,3620,3747,0
27862,3239,3228,0
27863,3559,3570,0
27864,3536,3228,0
27865,3770,3747,0
27866,3747,3597,0
27867,3397,3018,0
27868,3331,3258,0
27869,3331,3359,0
27870,3448,3359,0
27871,3448,3258,0
27872,3448,3331,0
27873,3770,3881,0
27874,3570,3493,0
27875,3764,3781,0
27876,4008,4004,0
27877,3849,4004,0
27878,3668,3582,0
27879,3668,3431,0
27880,3450,3668,0
27881,3664,3918,0
27882,3819,3918,0
27883,3918,3926,0
27884,3451,3363,0
27885,3450,3363,0
27886,3442,3728,0
27887,3694,3442,0
27888,3597,3764,0
27889,2806,2856,0
27890,2865,2806,0
27891,2718,2856,0
27892,3904,3780,0
27893,3814,3904,0
27894,4337,4496,0
27895,4400,4496,0
27896,3353,3558,0
27897,3353,3498,0
27898,3558,3394,0
27899,3995,3924,0
27900,4091,4218,0
27901,4242,4091,0
27902,4213,4574,0
27903,3770,3926,0
27904,3982,3926,0
27905,3982,3770,0
27906,3979,4051,0
27907,3672,3865,0
27908,3819,3666,0
27909,3810,3819,0
27910,3290,3541,0
27911,3397,3465,0
27912,3297,3239,0
27913,3290,3525,0
27914,3442,3363,0
27915,3600,3458,0
27916,3600,3519,0
27917,3538,3519,0
27918,3538,3600,0
27919,3519,3458,0
27920,3006,3097,0
27921,3006,2930,0
27922,3006,2885,0
27923,3258,2963,0
27924,3254,2963,0
27925,2866,2908,0
27926,2866,2833,0
27927,2796,2908,0
27928,2641,2834,0
27929,2641,2818,0
27930,3077,3253,0
27931,3168,3261,0
27932,2463,2501,0
27933,2463,2302,0
27934,2302,2501,0
27935,3135,3366,0
27936,3135,3306,0
27937,2182,2241,0
27938,2251,2380,0
27939,2251,2381,0
27940,2251,2357,0
27941,2380,2381,0
27942,3353,3465,0
27943,2368,2502,0
27944,2368,2541,0
27945,3519,3390,0
27946,3519,3501,0
27947,3390,3501,0
27948,3523,3594,0
27949,3362,3594,0
27950,3594,3487,0
27951,3083,2987,0
27952,3664,3552,0
27953,3890,3998,0
27954,4031,3998,0
27955,4031,3912,0
27956,4031,3890,0
27957,3648,3582,0
27958,3248,3346,0
27959,3428,3345,0
27960,3482,3345,0
27961,3482,3428,0
27962,3345,3613,0
27963,3332,3362,0
27964,3332,3434,0
27965,3246,3362,0
27966,3246,3332,0
27967,3434,3362,0
27968,3668,3729,0
27969,3691,3729,0
27970,3691,3668,0
27971,3832,3729,0
27972,3390,3332,0
27973,3499,3506,0
27974,3631,3506,0
27975,3631,3768,0
27976,3631,3499,0
27977,3668,3490,0
27978,3586,3729,0
27979,3586,3490,0
27980,3586,3668,0
27981,3729,3490,0
27982,3119,3258,0
27983,3112,3258,0
27984,3112,3049,0
27985,3112,3119,0
27986,3258,3049,0
27987,2677,2721,0
27988,2720,2721,0
27989,2720,2677,0
27990,2721,2825,0
27991,2481,2582,0
27992,2614,2582,0
27993,2582,2588,0
27994,3768,3921,0
27995,3921,3685,0
27996,2804,3006,0
27997,2804,2930,0
27998,2804,2885,0
27999,3781,3597,0
28000,3747,3781,0
28001,4230,4048,0
28002,3968,3970,0
28003,3968,4005,0
28004,4111,3970,0
28005,4111,3968,0
28006,4005,3970,0
28007,4186,4097,0
28008,4097,4252,0
28009,3926,4026,0
28010,4068,4026,0
28011,3691,3778,0
28012,3889,3691,0
28013,4138,3901,0
28014,4138,4110,0
28015,3854,3901,0
28016,3854,4138,0
28017,4110,3901,0
28018,4740,4716,0
28019,4716,4605,0
28020,4069,4230,0
28021,3853,3851,0
28022,3853,3720,0
28023,3733,3851,0
28024,3946,4196,0
28025,4111,4020,0
28026,4111,4241,0
28027,4048,4001,0
28028,4048,4142,0
28029,4048,4319,0
28030,4126,3781,0
28031,3560,3751,0
28032,3720,3696,0
28033,4323,4032,0
28034,4129,4315,0
28035,3837,3670,0
28036,3837,3759,0
28037,3901,3759,0
28038,3901,3670,0
28039,3759,3670,0
28040,4337,4417,0
28041,4400,4417,0
28042,3865,3956,0
28043,3909,3741,0
28044,3725,3741,0
28045,3725,3909,0
28046,3900,3741,0
28047,3865,3810,0
28048,3588,3614,0
28049,3588,3651,0
28050,3588,3675,0
28051,3941,3982,0
28052,3941,4026,0
28053,4362,4567,0
28054,4362,4634,0
28055,3742,3822,0
28056,4068,3982,0
28057,4027,4308,0
28058,3416,3428,0
28059,3416,3613,0
28060,3654,3837,0
28061,3654,3614,0
28062,3830,3614,0
28063,3830,3837,0
28064,3830,3654,0
28065,3614,3837,0
28066,4814,4713,0
28067,4814,4663,0
28068,4641,4814,0
28069,4193,4139,0
28070,4306,4415,0
28071,4306,4139,0
28072,4415,4139,0
28073,4149,3983,0
28074,3983,4093,0
28075,4029,3851,0
28076,3863,3851,0
28077,3863,4040,0
28078,3863,4029,0
28079,3851,4040,0
28080,3956,3968,0
28081,4365,4267,0
28082,4248,4327,0
28083,4248,4267,0
28084,4248,4365,0
28085,3813,3928,0
28086,3772,3654,0
28087,3928,3654,0
28088,3594,3837,0
28089,3594,3654,0
28090,3661,3837,0
28091,4302,4475,0
28092,4302,4372,0
28093,4298,4302,0
28094,4372,4475,0
28095,3684,3675,0
28096,3684,3588,0
28097,3693,3588,0
28098,3693,3675,0
28099,3693,3684,0
28100,4243,3970,0
28101,3918,4068,0
28102,4611,4374,0
28103,4611,4439,0
28104,4641,4374,0
28105,4641,4611,0
28106,4439,4374,0
28107,4104,4040,0
28108,3582,3821,0
28109,3582,3772,0
28110,4155,4069,0
28111,4008,4151,0
28112,3409,3776,0
28113,3306,3131,0
28114,3306,3442,0
28115,3950,3869,0
28116,2588,2785,0
28117,2832,2749,0
28118,2832,2785,0
28119,2749,2785,0
28120,4008,4155,0
28121,3337,3355,0
28122,3859,3950,0
28123,3859,3846,0
28124,3859,3869,0
28125,3442,3409,0
28126,3337,3558,0
28127,2985,2853,0
28128,2985,3135,0
28129,2812,2985,0
28130,4008,4051,0
28131,3865,4008,0
28132,4008,4272,0
28133,4008,4258,0
28134,4008,3982,0
28135,4008,4203,0
28136,3770,3764,0
28137,3770,4155,0
28138,3770,4158,0
28139,3926,4045,0
28140,4053,4396,0
28141,3605,3529,0
28142,4030,3849,0
28143,3759,3830,0
28144,3901,3830,0
28145,3501,3486,0
28146,3483,3501,0
28147,3538,3486,0
28148,3833,3924,0
28149,3824,3712,0
28150,2893,2800,0
28151,3849,3748,0
28152,3461,3809,0
28153,3465,3558,0
28154,3748,4045,0
28155,4213,4155,0
28156,3496,3461,0
28157,3840,3703,0
28158,3995,4053,0
28159,3437,3394,0
28160,3150,3063,0
28161,3959,3817,0
28162,3995,3959,0
28163,3599,3769,0
28164,3769,3558,0
28165,3461,3353,0
28166,3461,3394,0
28167,3833,3769,0
28168,3959,3965,0
28169,3993,3809,0
28170,2335,2421,0
28171,2335,2477,0
28172,2343,2477,0
28173,2343,2421,0
28174,2343,2335,0
28175,3364,3463,0
28176,4030,3712,0
28177,2427,2464,0
28178,2427,2273,0
28179,2490,2273,0
28180,2490,2464,0
28181,3784,3965,0
28182,3465,3461,0
28183,3461,3441,0
28184,2964,3232,0
28185,3776,3761,0
28186,3462,3365,0
28187,3409,3365,0
28188,3365,3728,0
28189,3515,3430,0
28190,3627,3874,0
28191,3656,3728,0
28192,3691,3728,0
28193,2410,2500,0
28194,4159,3859,0
28195,2782,2707,0
28196,3806,3498,0
28197,3442,3778,0
28198,2654,2752,0
28199,2654,2909,0
28200,2654,2890,0
28201,3548,3995,0
28202,3833,3755,0
28203,3712,4157,0
28204,3177,3106,0
28205,3758,3463,0
28206,3399,3627,0
28207,3337,3441,0
28208,3441,3694,0
28209,2709,2500,0
28210,2709,2821,0
28211,2688,2500,0
28212,2688,2709,0
28213,3290,3461,0
28214,3712,4126,0
28215,2385,2435,0
28216,2675,2435,1
28217,2675,2348,0
28218,2675,2385,0
28219,2435,2348,0
28220,3118,2898,0
28221,2891,2898,0
28222,3627,3479,0
28223,3627,3965,0
28224,3627,3809,0
28225,3627,3736,0
28226,2846,2907,0
28227,2846,2834,0
28228,2770,2735,0
28229,2874,2739,0
28230,2739,2735,0
28231,2391,2458,0
28232,2391,2301,0
28233,2395,2458,0
28234,2395,2391,0
28235,2301,2458,0
28236,2705,2776,0
28237,3463,3177,0
28238,3442,3462,0
28239,3728,3424,0
28240,2879,2974,0
28241,2583,2879,0
28242,3381,3228,0
28243,2487,2784,0
28244,2014,2003,0
28245,3118,3181,0
28246,3228,3080,0
28247,2793,2679,0
28248,2749,2679,0
28249,3037,2821,0
28250,3138,2974,0
28251,2855,3005,0
28252,3169,3243,0
28253,3177,3169,0
28254,3106,3310,0
28255,3310,3070,0
28256,3670,3830,0
28257,3594,3830,0
28258,3080,3366,0
28259,3404,3080,0
28260,2558,2681,0
28261,2816,2762,0
28262,2816,2839,0
28263,2816,2729,0
28264,2505,2410,0
28265,3150,3089,0
28266,3290,3394,0
28267,3859,3814,0
28268,3128,2986,0
28269,2809,2986,0
28270,2909,2775,0
28271,2775,2986,0
28272,3232,3107,0
28273,2818,2849,0
28274,2398,2500,0
28275,2345,2421,0
28276,2855,2634,0
28277,2890,2888,0
28278,2372,2205,0
28279,2205,2502,0
28280,3700,3657,0
28281,3700,3761,0
28282,3703,3657,0
28283,3703,3700,0
28284,3761,3657,0
28285,2526,2477,0
28286,2526,2593,0
28287,2509,2477,0
28288,2593,2477,0
28289,2505,2500,0
28290,2505,2709,0
28291,3180,3185,0
28292,3291,3185,0
28293,3291,3266,0
28294,3291,3180,0
28295,3185,3266,0
28296,3409,3478,0
28297,3131,3265,0
28298,2678,2963,0
28299,2681,2963,0
28300,2653,2963,0
28301,3755,3584,0
28302,3756,3548,0
28303,3266,3128,0
28304,2802,2751,0
28305,2846,2751,0
28306,2751,2730,0
28307,2775,2654,0
28308,2672,2775,0
28309,2695,2672,0
28310,2727,2775,0
28311,3657,3848,0
28312,3679,3761,0
28313,3679,3657,0
28314,3131,3365,0
28315,2662,2593,0
28316,2668,2593,0
28317,3338,3250,0
28318,3053,3178,0
28319,3648,3691,0
28320,3258,3504,0
28321,3219,3258,0
28322,3667,3729,0
28323,3797,3729,0
28324,3798,3729,0
28325,3848,3703,0
28326,3258,3292,0
28327,3359,3292,0
28328,3986,3904,0
28329,3277,3322,0
28330,3130,3139,0
28331,3130,3322,0
28332,3130,3277,0
28333,3139,3322,0
28334,3548,3884,0
28335,3365,3313,0
28336,3250,3365,0
28337,3368,3363,0
28338,3368,3424,0
28339,3451,3424,0
28340,2910,3150,0
28341,3019,2888,0
28342,3019,2910,0
28343,3150,2888,0
28344,3089,2888,0
28345,3700,3679,0
28346,3447,3417,0
28347,3462,3432,0
28348,3798,3640,0
28349,3640,3729,0
28350,3365,3178,0
28351,3365,3337,0
28352,3230,3365,0
28353,3728,3761,0
28354,3523,3367,0
28355,3594,3367,0
28356,3362,3367,0
28357,3548,3769,0
28358,3774,3590,1
28359,3848,3590,1
28360,3840,3590,0
28361,3331,3446,0
28362,3679,3430,1
28363,2632,2726,0
28364,2730,2726,0
28365,2730,2612,0
28366,2730,2632,0
28367,3483,3771,0
28368,3729,3771,0
28369,3407,3528,0
28370,3528,3584,0
28371,3365,3082,0
28372,3365,3265,0
28373,3821,3691,0
28374,3728,3640,0
28375,3141,2881,0
28376,2944,3031,0
28377,2944,3141,0
28378,2881,3031,0
28379,2513,2530,0
28380,2513,2222,1
28381,2528,2222,1
28382,2528,2513,1
28383,2222,2530,0
28384,3703,3478,0
28385,3656,3700,0
28386,3635,3694,0
28387,3884,3836,0
28388,4612,4756,0
28389,3198,3130,0
28390,3322,3141,0
28391,3322,3198,0
28392,3130,3141,0
28393,3814,3986,0
28394,3664,3621,0
28395,3368,3277,0
28396,3316,3277,0
28397,3316,3368,0
28398,3424,3277,0
28399,3793,3645,0
28400,3793,3794,0
28401,3986,3776,0
28402,3041,3141,0
28403,3066,3041,0
28404,3140,3141,0
28405,3691,3798,0
28406,3128,3180,0
28407,3323,3331,0
28408,3323,3446,0
28409,3363,3331,0
28410,3778,3694,0
28411,3321,3291,0
28412,3321,3180,0
28413,3590,3703,0
28414,3590,3657,0
28415,3590,3700,0
28416,3664,3821,0
28417,3640,3700,0
28418,3667,3515,0
28419,3679,3729,0
28420,3729,3515,0
28421,3679,3703,0
28422,3679,3590,1
28423,3401,3590,0
28424,3135,3053,0
28425,3759,3714,0
28426,3790,3759,0
28427,3220,3292,0
28428,3220,3323,0
28429,3055,3292,0
28430,3797,3744,0
28431,3331,3451,0
28432,3450,3331,0
28433,3691,3586,0
28434,3668,3648,0
28435,3586,3450,0
28436,3586,3648,0
28437,3414,3515,0
28438,2724,2881,0
28439,2944,2842,0
28440,2944,2724,0
28441,2842,2881,0
28442,3571,3523,0
28443,3582,3571,0
28444,3535,3617,0
28445,3368,3072,0
28446,3363,3316,0
28447,3316,3072,0
28448,3501,3349,0
28449,3501,3529,0
28450,3486,3349,1
28451,3529,3349,0
28452,3714,3767,0
28453,3714,3854,1
28454,3193,3016,0
28455,3193,3145,0
28456,3295,3016,0
28457,3295,3193,0
28458,3143,3065,0
28459,2939,3065,0
28460,3414,3490,0
28461,3586,3451,0
28462,3586,3414,0
28463,3451,3490,0
28464,3130,2874,0
28465,2996,2874,0
28466,2996,3026,0
28467,2996,3130,0
28468,2874,3026,0
28469,3112,2967,0
28470,2967,3079,0
28471,3414,3277,0
28472,3414,3130,0
28473,3451,3439,0
28474,3439,3490,0
28475,3390,3529,0
28476,3529,3519,0
28477,3114,3031,0
28478,3328,3501,0
28479,3328,3486,1
28480,3657,3417,0
28481,3667,3417,0
28482,3728,3648,0
28483,3434,3594,0
28484,3434,3367,0
28485,3448,3292,0
28486,2982,2853,0
28487,3135,2982,0
28488,3053,2853,0
28489,3460,3535,0
28490,2962,3168,0
28491,3322,3026,0
28492,3139,3026,0
28493,3258,3323,0
28494,3424,3586,0
28495,3640,3648,0
28496,3424,3640,0
28497,3648,3462,0
28498,3230,3131,0
28499,3438,3451,0
28500,3487,3614,0
28501,3594,3614,0
28502,3594,3466,0
28503,3614,3466,0
28504,3331,3119,0
28505,3331,3367,0
28506,3141,3119,0
28507,2988,3178,0
28508,2815,2816,0
28509,2815,3178,0
28510,2815,2988,0
28511,2816,3178,0
28512,3424,3432,0
28513,3424,3417,0
28514,2681,2982,0
28515,2681,2988,0
28516,3072,2874,0
28517,3490,3515,0
28518,3432,3490,0
28519,3131,2988,0
28520,3892,3720,0
28521,3851,3970,0
28522,3851,3892,0
28523,3970,3720,0
28524,3442,3178,0
28525,3442,3230,0
28526,3442,3337,0
28527,3030,3042,0
28528,2360,2372,0
28529,2360,2502,0
28530,2360,2590,0
28531,2690,2694,0
28532,2694,2850,0
28533,5309,5558,0
28534,5309,5441,0
28535,5354,5441,0
28536,5354,5309,0
28537,5441,5558,0
28538,3012,3072,0
28539,3012,3055,0
28540,3082,3072,0
28541,3082,3012,0
28542,2632,2802,0
28543,2632,2712,0
28544,2368,2437,0
28545,2368,2590,0
28546,3363,3277,0
28547,3529,3538,0
28548,3298,3484,0
28549,3298,3449,0
28550,3398,3449,0
28551,3398,3484,0
28552,3398,3298,0
28553,3449,3484,0
28554,3119,3079,0
28555,2966,3079,0
28556,3074,3079,0
28557,3086,3069,0
28558,3086,2966,0
28559,2862,2966,0
28560,2862,3069,0
28561,2966,3069,0
28562,2913,3143,1
28563,2836,3143,0
28564,2846,2775,0
28565,2751,2775,0
28566,2751,2984,0
28567,3590,3417,0
28568,3679,3417,0
28569,3066,3198,0
28570,3277,3331,0
28571,2421,2267,0
28572,2421,2356,0
28573,2343,2356,0
28574,2343,2267,0
28575,2356,2267,0
28576,3501,3605,0
28577,3762,3861,0
28578,3762,3801,0
28579,3847,3861,0
28580,3847,3762,0
28581,3352,3483,0
28582,3438,3439,0
28583,3266,3417,0
28584,2735,2789,0
28585,3401,3266,0
28586,3313,3277,0
28587,3277,3292,0
28588,3438,3490,0
28589,3447,3409,0
28590,2944,3026,0
28591,3026,2830,0
28592,3363,3414,0
28593,3114,2902,0
28594,4108,4127,0
28595,4133,4127,0
28596,3430,3590,1
28597,3668,3538,0
28598,3414,3352,0
28599,3439,3352,0
28600,2902,3065,0
28601,3700,3776,0
28602,3140,3198,0
28603,2997,2888,0
28604,2997,2910,0
28605,3250,3291,0
28606,3341,3142,1
28607,3164,3341,1
28608,3109,3180,0
28609,3667,3848,0
28610,3483,3586,0
28611,3478,3462,0
28612,3341,3232,0
28613,3291,3462,0
28614,3700,3667,0
28615,3922,3700,0
28616,3700,3628,0
28617,2328,2477,0
28618,2328,2641,0
28619,2459,2641,0
28620,2459,2477,0
28621,2459,2328,0
28622,2641,2477,0
28623,3628,3590,0
28624,3871,3826,0
28625,3257,3063,0
28626,3417,3321,0
28627,3289,3257,0
28628,2957,3130,0
28629,3011,3142,1
28630,3700,3728,0
28631,3893,3700,0
28632,3700,3848,0
28633,3700,3478,0
28634,2468,2362,0
28635,2277,2362,0
28636,2284,2362,0
28637,2587,2586,0
28638,2648,2556,0
28639,2648,2587,0
28640,2586,2556,0
28641,3019,3082,0
28642,2469,2522,0
28643,3257,3548,0
28644,3011,2802,0
28645,2986,2802,0
28646,3277,3291,0
28647,3417,3291,0
28648,3277,3321,0
28649,3424,3291,0
28650,3082,2775,0
28651,3082,2984,0
28652,3185,3109,0
28653,3084,3338,0
28654,3109,3139,0
28655,2957,2802,0
28656,2993,2802,0
28657,2900,2944,0
28658,2937,2900,0
28659,2296,2267,0
28660,2380,2243,0
28661,2380,2267,0
28662,2243,2267,0
28663,2672,2726,0
28664,2775,2726,0
28665,2846,2726,0
28666,2846,3082,0
28667,2775,2577,0
28668,2800,2577,0
28669,2577,2695,0
28670,3082,2907,0
28671,2158,2019,0
28672,3142,3401,0
28673,3142,3084,0
28674,2728,2752,0
28675,3703,3402,0
28676,3840,3402,0
28677,2462,2513,0
28678,2462,2218,0
28679,2394,2513,0
28680,2394,2462,0
28681,2218,2513,1
28682,2530,2357,0
28683,2530,2432,0
28684,2381,2530,0
28685,2717,2682,0
28686,2672,2717,0
28687,2672,2575,0
28688,2575,2577,0
28689,3407,3716,1
28690,3341,3401,0
28691,3341,3703,0
28692,3590,3341,1
28693,3341,3266,0
28694,3142,3266,1
28695,3142,3590,1
28696,3341,3548,0
28697,3826,3402,0
28698,3774,3703,0
28699,3774,4023,0
28700,3774,3716,1
28701,2882,3028,0
28702,2713,2882,0
28703,3028,3043,0
28704,2587,2686,0
28705,2728,2987,0
28706,3774,3619,0
28707,3774,3401,0
28708,3774,3635,0
28709,3407,3127,1
28710,2528,2622,1
28711,2351,2167,0
28712,2277,2084,0
28713,2809,2751,0
28714,2568,2556,0
28715,2380,2469,0
28716,2402,2469,0
28717,2402,2380,0
28718,2355,2169,0
28719,2250,2169,0
28720,2624,2987,0
28721,2247,2362,0
28722,2526,2668,0
28723,3038,2890,0
28724,2719,2810,0
28725,2719,2903,0
28726,2782,2719,0
28727,2563,2577,0
28728,2512,2577,0
28729,2563,2522,0
28730,2421,2512,0
28731,2421,2563,0
28732,2512,2522,0
28733,1943,1990,0
28734,1943,2106,0
28735,1917,2106,0
28736,1917,1990,0
28737,2106,1990,0
28738,2492,2394,0
28739,2462,2516,0
28740,2462,2492,0
28741,2394,2516,0
28742,1942,2213,0
28743,2144,2212,0
28744,2888,2922,0
28745,2351,2006,0
28746,2744,2605,0
28747,2719,2605,0
28748,2605,2472,0
28749,3018,3289,0
28750,2882,2379,0
28751,2603,3146,0
28752,2603,2379,0
28753,2603,2882,0
28754,3146,2379,0
28755,2728,2686,0
28756,2728,2624,0
28757,2686,2938,0
28758,2504,2556,0
28759,2605,2810,0
28760,2246,2151,0
28761,2752,2686,0
28762,2648,2752,0
28763,2648,2728,0
28764,2432,2380,0
28765,2124,2012,0
28766,2432,2504,0
28767,2511,2447,0
28768,2707,2648,0
28769,1764,1620,0
28770,1764,1744,0
28771,1713,1620,0
28772,1713,1764,0
28773,2556,2468,0
28774,2380,2289,0
28775,2284,2289,0
28776,2993,2809,1
28777,1908,2222,1
28778,1908,1990,1
28779,2469,2512,0
28780,2418,2371,0
28781,2472,2371,0
28782,2472,2418,0
28783,2469,2432,0
28784,2641,2412,0
28785,2641,2575,0
28786,2903,3257,0
28787,3038,2922,0
28788,2746,2719,0
28789,2744,2810,0
28790,2654,2922,0
28791,3018,2719,0
28792,3215,2719,0
28793,3215,3018,0
28794,3156,2719,0
28795,2563,2356,0
28796,2505,2421,0
28797,1764,1908,1
28798,1713,1827,0
28799,1908,1827,1
28800,4166,3014,0
28801,4166,3004,0
28802,4166,2918,0
28803,1966,1675,0
28804,1961,1675,0
28805,2253,2284,0
28806,1792,1897,0
28807,1792,1866,0
28808,1956,1928,0
28809,1956,1949,0
28810,2213,2351,0
28811,2436,2316,0
28812,1420,1261,0
28813,1261,1242,0
28814,2568,2622,1
28815,3178,3089,0
28816,3178,2888,0
28817,2056,1943,0
28818,2178,1943,0
28819,3511,2713,0
28820,2012,1966,0
28821,2116,2012,0
28822,2713,2379,0
28823,2603,3015,0
28824,2603,3123,0
28825,3105,2603,0
28826,5108,5291,0
28827,5108,5340,0
28828,5458,5291,0
28829,5340,5291,0
28830,1798,1773,0
28831,1604,1798,0
28832,2556,2707,0
28833,2556,2605,0
28834,2247,2380,0
28835,2511,2351,0
28836,2882,2949,0
28837,1949,1830,0
28838,1948,1830,0
28839,1830,1928,0
28840,2331,2459,0
28841,2331,2477,0
28842,2331,2328,0
28843,2110,2247,0
28844,2167,2251,0
28845,2167,2110,0
28846,1058,801,0
28847,1081,801,0
28848,882,801,0
28849,1843,1714,0
28850,1739,1714,0
28851,2010,1714,0
28852,2432,2587,0
28853,2432,2556,0
28854,1930,1890,0
28855,1930,2006,0
28856,1894,2006,0
28857,1894,1890,0
28858,1894,1930,0
28859,2006,1890,0
28860,2568,2707,0
28861,2568,2728,0
28862,2624,2568,1
28863,2707,2565,0
28864,2565,2605,0
28865,1754,1667,1
28866,1908,1754,1
28867,2262,2267,0
28868,2289,2267,0
28869,2402,2267,0
28870,2949,2719,0
28871,2335,2319,0
28872,2175,2319,0
28873,2175,2343,0
28874,2319,2343,0
28875,1764,1751,0
28876,1764,1668,0
28877,1893,1668,0
28878,1893,1751,0
28879,1893,1764,0
28880,3076,4166,0
28881,2896,3182,0
28882,2896,3123,0
28883,2504,2568,0
28884,1330,1353,0
28885,1330,1436,0
28886,1696,1937,0
28887,1842,1770,0
28888,2144,2116,0
28889,1329,1143,1
28890,1329,1336,1
28891,2081,2242,0
28892,2081,2240,0
28893,2213,2081,0
28894,2853,2729,0
28895,2853,2816,0
28896,2839,2853,0
28897,3004,2867,0
28898,2289,2371,0
28899,2688,2398,0
28900,2526,2641,0
28901,1608,1675,0
28902,1608,1760,0
28903,1635,1608,0
28904,2624,2813,0
28905,2624,2707,0
28906,2624,2648,0
28907,2624,2782,0
28908,2719,2707,0
28909,2565,2719,0
28910,2891,3151,0
28911,2949,2896,0
28912,2949,2603,0
28913,1250,1370,0
28914,2681,2816,0
28915,2853,2520,0
28916,2853,2681,0
28917,2816,2520,0
28918,2151,2882,0
28919,2713,2151,0
28920,2510,2882,0
28921,2603,3182,0
28922,1857,2010,0
28923,1857,1854,0
28924,1857,1843,0
28925,1058,1537,0
28926,1232,1081,0
28927,1232,1537,0
28928,1081,1537,0
28929,1694,1700,0
28930,1694,1703,0
28931,1694,1866,0
28932,2681,2985,0
28933,2681,2811,0
28934,2985,2653,0
28935,3710,4166,0
28936,2599,2604,0
28937,2599,2324,0
28938,2605,2511,0
28939,2719,2821,0
28940,2565,2472,0
28941,2251,2528,1
28942,3182,3004,0
28943,2997,2709,0
28944,2634,2997,0
28945,2325,2258,0
28946,2427,2258,0
28947,2427,2325,0
28948,3080,2853,0
28949,2505,2729,0
28950,985,827,0
28951,803,827,0
28952,2291,2124,0
28953,2291,2158,0
28954,2452,2218,0
28955,1537,1605,0
28956,1760,1537,0
28957,1232,1605,0
28958,2151,1857,0
28959,2306,2199,0
28960,2997,3399,0
28961,2812,2629,0
28962,1690,1778,0
28963,893,1690,0
28964,2246,2280,0
28965,2246,2046,0
28966,1760,2046,0
28967,1760,2280,0
28968,1760,2246,0
28969,1810,1890,0
28970,1810,1803,0
28971,2012,1803,0
28972,2012,1890,0
28973,2012,1810,0
28974,1803,1890,0
28975,2997,3056,0
28976,640,506,0
28977,640,661,0
28978,79,661,0
28979,79,506,0
28980,661,506,0
28981,2898,3032,0
28982,2898,2997,0
28983,3032,3037,0
28984,2505,2634,0
28985,2593,2520,0
28986,2596,2458,0
28987,2409,2395,0
28988,2409,2596,0
28989,2985,3239,0
28990,2607,2755,0
28991,2607,2773,0
28992,2716,2773,0
28993,2716,2755,0
28994,2398,2410,0
28995,2898,3169,0
28996,3181,2898,0
28997,2447,2719,0
28998,2345,2343,0
28999,2253,2212,0
29000,2289,2212,0
29001,2289,2253,0
29002,2284,2212,0
29003,2896,3215,0
29004,2896,2719,0
29005,2896,2511,0
29006,1541,1810,0
29007,1541,1835,0
29008,1803,1541,0
29009,1835,1810,0
29010,3182,3103,0
29011,2418,2469,0
29012,895,1096,0
29013,895,1110,0
29014,1043,1110,0
29015,1043,1096,0
29016,1043,895,0
29017,1110,1096,0
29018,2124,1760,0
29019,1648,1760,0
29020,3289,2896,0
29021,1555,1497,0
29022,1614,1038,0
29023,1614,1555,0
29024,3103,3004,0
29025,2124,2603,0
29026,2482,2246,0
29027,2482,2124,0
29028,2603,2246,0
29029,2482,2719,0
29030,2482,2949,0
29031,2811,2796,0
29032,2649,2653,0
29033,2653,2796,0
29034,2855,2898,0
29035,1818,1659,0
29036,1770,1818,0
29037,1659,1842,0
29038,1576,2013,0
29039,2145,1576,0
29040,2013,1926,0
29041,98,280,0
29042,98,101,0
29043,6542,101,0
29044,6542,280,0
29045,2272,2151,0
29046,1772,2280,0
29047,1772,1760,0
29048,2046,1772,0
29049,1760,1690,0
29050,1537,1843,0
29051,1537,1648,0
29052,1714,1648,0
29053,1714,1537,0
29054,1648,1843,0
29055,5128,4765,0
29056,5226,4765,0
29057,5226,4703,0
29058,5226,5128,0
29059,239,6531,0
29060,223,6531,0
29061,141,6531,0
29062,3403,3004,0
29063,6200,6100,0
29064,6100,5954,0
29065,1561,1261,0
29066,1604,1261,0
29067,1597,1261,0
29068,2241,2324,0
29069,2324,2107,0
29070,2630,2246,0
29071,2729,2353,0
29072,1608,1803,0
29073,3004,2896,0
29074,1961,1803,0
29075,841,661,0
29076,841,333,0
29077,854,841,0
29078,1961,2295,0
29079,1961,2324,0
29080,1545,1643,0
29081,1763,1643,0
29082,1763,1720,0
29083,1763,1545,0
29084,1023,751,0
29085,1023,573,0
29086,315,573,0
29087,315,751,0
29088,315,1023,0
29089,573,751,0
29090,3005,3169,0
29091,1565,2013,0
29092,2145,1565,0
29093,1613,1682,0
29094,1613,1688,0
29095,1471,1682,0
29096,1471,1613,0
29097,2212,2371,0
29098,1810,1894,0
29099,1835,1894,0
29100,1835,1890,0
29101,1249,1185,0
29102,1291,1193,0
29103,1291,1249,0
29104,1193,1185,0
29105,2251,2084,1
29106,1957,1978,0
29107,1957,1866,0
29108,1897,1957,0
29109,2006,1835,0
29110,2265,2178,0
29111,2218,2178,0
29112,2178,2187,0
29113,2222,2248,0
29114,2222,2452,0
29115,2630,2379,0
29116,1551,1588,0
29117,1551,1591,0
29118,1672,1551,0
29119,967,2379,0
29120,1857,1714,0
29121,1854,1714,0
29122,2379,3076,0
29123,1744,1908,0
29124,2882,3123,0
29125,2882,3105,0
29126,1605,1392,0
29127,1605,1635,0
29128,1645,1605,0
29129,1635,1392,0
29130,51,381,0
29131,51,82,0
29132,120,381,0
29133,120,51,0
29134,82,381,0
29135,329,640,0
29136,329,553,0
29137,79,553,0
29138,79,329,0
29139,1739,1648,0
29140,967,1739,0
29141,1312,1043,0
29142,2010,2713,0
29143,2510,2010,0
29144,1955,1942,0
29145,1957,1700,0
29146,1700,1942,0
29147,2102,1930,0
29148,2102,2006,0
29149,2212,2006,0
29150,2212,1930,0
29151,2212,2102,0
29152,1810,1905,0
29153,1893,2012,0
29154,1893,1810,0
29155,1893,1890,0
29156,1713,1534,0
29157,1667,1764,1
29158,1739,2124,0
29159,879,1714,0
29160,1714,1320,0
29161,2510,2316,0
29162,962,917,0
29163,1158,917,0
29164,917,985,0
29165,1905,1714,0
29166,1372,1249,0
29167,1372,1501,0
29168,1312,1501,0
29169,1312,1372,0
29170,1501,1249,0
29171,6454,6381,0
29172,2124,1843,0
29173,429,30,0
29174,326,30,0
29175,327,30,0
29176,801,672,0
29177,39,115,0
29178,39,801,0
29179,672,115,0
29180,1713,1536,0
29181,2005,1986,0
29182,2005,2099,0
29183,1993,2099,0
29184,1993,1986,0
29185,1993,2005,0
29186,2099,1986,0
29187,2158,2482,0
29188,2242,2088,0
29189,2206,2088,0
29190,2088,2028,0
29191,1966,2006,0
29192,1966,1890,0
29193,773,983,0
29194,773,940,0
29195,654,983,0
29196,654,773,0
29197,2352,2343,0
29198,2352,2319,0
29199,2400,2343,0
29200,2400,2352,0
29201,2006,1893,0
29202,2316,2019,0
29203,2397,2371,0
29204,1534,1696,0
29205,1810,1635,0
29206,1905,1635,0
29207,1635,2012,0
29208,2006,1872,0
29209,1668,1843,0
29210,1668,1714,0
29211,1668,1854,0
29212,1893,1827,0
29213,1843,1645,0
29214,2160,2251,0
29215,2251,2222,1
29216,2102,2253,0
29217,2102,2284,0
29218,2289,2102,0
29219,2275,2263,0
29220,2227,2265,0
29221,2227,2263,0
29222,2227,2275,0
29223,2265,2263,0
29224,803,568,0
29225,803,817,0
29226,803,637,0
29227,5085,6070,0
29228,5945,4908,0
29229,6070,4908,0
29230,1961,1659,0
29231,1961,1770,0
29232,1675,1659,0
29233,1835,1604,0
29234,1835,1744,0
29235,1542,1699,0
29236,1458,1699,0
29237,1458,1501,0
29238,1458,1542,0
29239,1699,1501,0
29240,1244,950,0
29241,1714,1645,0
29242,1320,817,0
29243,986,803,0
29244,986,817,0
29245,1081,1110,0
29246,891,986,0
29247,891,1110,0
29248,891,1081,0
29249,986,1110,0
29250,39,460,0
29251,1071,460,0
29252,1071,39,0
29253,1187,460,0
29254,1187,1739,0
29255,2257,2356,0
29256,2257,2343,0
29257,2352,2356,0
29258,2352,2257,0
29259,6018,5889,0
29260,6018,6176,0
29261,6018,5870,0
29262,1537,879,0
29263,1537,1320,0
29264,1773,1894,0
29265,1835,1773,0
29266,1894,1744,0
29267,2046,2116,0
29268,30,6363,0
29269,30,6383,0
29270,6363,6356,0
29271,2235,2238,0
29272,2235,2107,0
29273,1772,1675,0
29274,1854,2084,0
29275,3181,3005,0
29276,2116,2246,0
29277,1908,1930,0
29278,1974,2235,0
29279,2081,2235,0
29280,2291,2116,0
29281,2258,2030,0
29282,2009,2230,0
29283,2030,2230,0
29284,1336,1667,1
29285,1564,1667,1
29286,1667,1370,0
29287,1096,1022,0
29288,1312,1022,0
29289,1022,1005,0
29290,2052,1949,0
29291,1949,2070,0
29292,1634,1675,0
29293,1401,1396,0
29294,1887,1938,0
29295,1887,1731,0
29296,1938,1831,0
29297,1712,1808,0
29298,2023,1949,0
29299,1880,1949,0
29300,2160,2138,0
29301,2160,2102,0
29302,2289,2138,0
29303,2289,2160,0
29304,2102,2138,0
29305,2045,1979,0
29306,2045,1930,0
29307,2212,2045,0
29308,1930,1979,0
29309,1792,1791,0
29310,1541,1635,0
29311,1608,1539,0
29312,1608,1541,0
29313,1635,1539,0
29314,2070,2343,0
29315,2070,2352,0
29316,2070,2257,0
29317,1608,1634,0
29318,1608,1659,0
29319,1370,1289,0
29320,1373,1080,0
29321,1373,1289,0
29322,1553,1261,0
29323,1553,1604,0
29324,1325,1604,0
29325,1325,1261,0
29326,2328,2261,0
29327,2345,2261,0
29328,2263,2261,0
29329,1541,1277,0
29330,1604,1541,0
29331,2045,2026,0
29332,1937,2026,0
29333,1937,1979,0
29334,1937,2045,0
29335,2026,1979,0
29336,1414,1518,0
29337,1388,1518,0
29338,1388,1387,0
29339,1388,1414,0
29340,1518,1387,0
29341,2167,2102,0
29342,2212,2167,0
29343,1956,1943,0
29344,2145,2241,0
29345,1541,1620,0
29346,2898,2671,0
29347,1987,2134,0
29348,1987,2023,0
29349,2079,2134,0
29350,2079,1987,0
29351,2124,2116,0
29352,2436,2189,1
29353,2436,2272,0
29354,2116,2482,0
29355,1957,2180,0
29356,1979,2180,0
29357,5006,4635,0
29358,4529,5006,0
29359,2212,2138,0
29360,1679,1704,0
29361,2267,2160,0
29362,2138,2267,0
29363,1890,1744,0
29364,1320,1433,0
29365,6105,5874,0
29366,6088,5874,0
29367,6088,6105,0
29368,5874,5832,0
29369,1645,2012,0
29370,2158,2006,0
29371,1893,2158,0
29372,1422,1483,0
29373,1422,1356,0
29374,1366,1356,0
29375,1366,1483,0
29376,1366,1422,0
29377,1356,1483,0
29378,1810,1645,0
29379,2824,2953,0
29380,3098,2953,0
29381,1960,1831,0
29382,1960,1924,0
29383,1870,1924,0
29384,1870,1831,0
29385,1924,1831,0
29386,1931,1924,0
29387,1938,1870,0
29388,1938,1931,0
29389,2010,2189,0
29390,2010,2272,0
29391,2510,2189,0
29392,2206,2289,0
29393,2138,2180,0
29394,2138,2206,0
29395,2289,2180,0
29396,2138,2026,0
29397,2138,2186,0
29398,2397,2568,0
29399,1080,959,0
29400,1080,961,0
29401,2418,2504,0
29402,2006,2253,0
29403,2081,1938,0
29404,2081,2030,0
29405,2025,1938,0
29406,1956,1917,0
29407,2045,2138,0
29408,1979,2138,0
29409,1894,2212,0
29410,2084,2624,1
29411,2019,1890,0
29412,2019,2351,0
29413,1751,1827,0
29414,1744,1827,0
29415,1372,1659,0
29416,1372,1675,0
29417,1608,1372,0
29418,2189,2713,0
29419,2189,3127,1
29420,2189,3791,1
29421,2189,3658,1
29422,2189,1857,0
29423,6401,6529,0
29424,6401,259,0
29425,201,259,0
29426,201,6401,0
29427,259,6529,0
29428,2247,2102,0
29429,2184,1978,0
29430,2178,1978,0
29431,1978,2204,0
29432,129,28,0
29433,76,185,0
29434,76,129,0
29435,185,28,0
29436,1908,2167,0
29437,1937,2102,0
29438,1908,2102,0
29439,1433,1667,1
29440,1541,1392,0
29441,1541,1309,0
29442,1277,1309,0
29443,1277,1392,0
29444,1309,1392,0
29445,1005,1036,0
29446,1049,1036,0
29447,1036,773,0
29448,1890,1751,0
29449,2045,2160,0
29450,2026,2160,0
29451,2106,2222,0
29452,2106,2113,0
29453,2218,2106,0
29454,2248,2187,0
29455,2248,2227,0
29456,2187,2227,0
29457,1792,1713,0
29458,2218,2131,0
29459,2102,2251,0
29460,1956,1841,0
29461,1827,2167,0
29462,2343,2186,0
29463,1559,698,1
29464,1604,1634,0
29465,3021,2888,0
29466,3021,2775,0
29467,3082,2888,0
29468,1949,1916,0
29469,1812,1916,0
29470,1880,1916,0
29471,1604,1539,0
29472,722,1049,0
29473,758,846,0
29474,1561,1553,0
29475,598,562,0
29476,598,327,0
29477,568,598,0
29478,1942,1974,0
29479,1908,2084,1
29480,1309,1110,0
29481,1277,1110,0
29482,1949,1825,0
29483,1346,1480,0
29484,1346,1384,0
29485,1379,1384,0
29486,1379,1346,0
29487,1384,1480,0
29488,2117,2190,0
29489,2131,2190,0
29490,2131,2016,0
29491,2190,2016,0
29492,1979,1978,0
29493,1866,1937,0
29494,1866,1979,0
29495,1937,1978,0
29496,1872,1974,0
29497,1957,1916,0
29498,1957,2088,0
29499,1978,2088,0
29500,1978,1916,0
29501,2088,1916,0
29502,1608,1835,0
29503,1608,1798,0
29504,2026,1957,0
29505,1978,2026,0
29506,1496,1634,0
29507,1493,1496,0
29508,1957,1930,0
29509,1894,1957,0
29510,2184,2131,0
29511,2227,2131,0
29512,2654,2577,0
29513,2238,2081,0
29514,1756,1808,0
29515,1753,1808,0
29516,1702,1808,0
29517,1916,1791,0
29518,1916,1884,0
29519,1880,1884,0
29520,1930,1866,0
29521,1008,1336,0
29522,1143,1008,0
29523,1018,1336,1
29524,1242,1266,0
29525,1312,1261,0
29526,1266,1261,0
29527,381,451,0
29528,381,160,0
29529,527,160,0
29530,527,451,0
29531,527,381,0
29532,160,451,0
29533,1827,1890,0
29534,2126,2211,0
29535,2299,2099,0
29536,2299,2126,0
29537,2211,2099,0
29538,2102,1827,0
29539,2917,2832,0
29540,2625,2917,0
29541,1930,1827,0
29542,1827,2006,0
29543,1827,1810,0
29544,2550,2516,0
29545,2514,2580,0
29546,2514,2550,0
29547,1962,1992,0
29548,2054,1948,0
29549,2054,1962,0
29550,1948,1992,0
29551,2243,2222,0
29552,2632,2577,0
29553,2775,2632,0
29554,2580,2710,0
29555,2580,2675,0
29556,1996,1950,0
29557,2710,2741,0
29558,2710,2837,0
29559,2251,2289,0
29560,2284,2251,0
29561,2204,2248,0
29562,2204,2106,0
29563,2187,2106,0
29564,2187,2204,0
29565,2106,2248,0
29566,2632,2751,0
29567,2726,2751,0
29568,2751,2672,0
29569,2131,1990,0
29570,3116,3036,0
29571,3051,3036,0
29572,3132,3036,0
29573,2452,2412,0
29574,2005,2126,0
29575,2038,2005,0
29576,1532,1609,0
29577,1609,1526,0
29578,1572,1701,0
29579,1560,1701,0
29580,1560,1532,0
29581,1560,1572,0
29582,1773,1957,0
29583,2131,2263,0
29584,2054,1947,0
29585,2117,1947,0
29586,1948,1947,0
29587,2296,2275,0
29588,2227,2296,0
29589,1916,1897,0
29590,2816,2668,0
29591,2816,2640,0
29592,1897,1812,0
29593,1956,1814,0
29594,2335,2261,0
29595,2240,2505,0
29596,2240,2326,0
29597,6597,2000,0
29598,1838,2000,0
29599,1838,1911,0
29600,1838,6597,0
29601,2000,1911,0
29602,2446,2438,0
29603,2438,2299,0
29604,1730,1750,0
29605,1730,1785,0
29606,1701,1730,0
29607,1785,1750,0
29608,2345,2227,0
29609,2345,2275,0
29610,2682,2834,0
29611,2633,2793,0
29612,2793,2718,0
29613,2461,2357,0
29614,2357,2452,0
29615,2044,2111,0
29616,2516,2459,0
29617,2641,2516,0
29618,2459,2644,0
29619,2248,2113,0
29620,2243,2113,0
29621,2243,2106,0
29622,2319,2395,0
29623,2319,2259,0
29624,2301,2319,0
29625,1862,1970,0
29626,1933,1970,0
29627,1933,1862,0
29628,1970,1876,0
29629,2459,2526,0
29630,1869,1992,0
29631,1923,1992,0
29632,1725,1672,0
29633,1808,1791,0
29634,1694,1791,0
29635,1694,1808,0
29636,1939,1928,0
29637,2710,2944,0
29638,1948,1950,0
29639,1950,1992,0
29640,1688,1694,0
29641,1688,1791,0
29642,1682,1694,0
29643,2275,2178,0
29644,2394,2254,0
29645,2336,2254,0
29646,2336,2364,0
29647,2336,2394,0
29648,2254,2364,0
29649,2265,2254,0
29650,2218,2254,1
29651,1275,1299,0
29652,1256,1239,0
29653,1256,1275,0
29654,1239,1299,0
29655,2831,2873,0
29656,2831,2991,0
29657,1688,1812,0
29658,1792,1812,0
29659,958,721,0
29660,958,806,0
29661,863,806,0
29662,863,721,0
29663,863,958,0
29664,806,721,0
29665,2218,2190,0
29666,2218,2016,0
29667,2842,2857,0
29668,2842,2951,0
29669,2516,2406,0
29670,2394,2514,0
29671,2406,2514,0
29672,1384,1056,1
29673,1384,1263,0
29674,1384,1202,0
29675,1056,1263,0
29676,2641,2334,0
29677,2265,2336,0
29678,2131,2187,0
29679,1431,1395,0
29680,1396,1542,0
29681,1396,1395,0
29682,1542,1395,0
29683,1808,1944,0
29684,1992,1947,0
29685,2005,1947,0
29686,1947,1862,0
29687,2456,2387,0
29688,2383,2387,0
29689,1496,1660,0
29690,1613,1660,0
29691,1613,1634,0
29692,1613,1496,0
29693,2254,2358,0
29694,2290,2358,0
29695,2358,2190,0
29696,2710,2724,0
29697,2162,2346,0
29698,2067,1948,0
29699,2117,2067,0
29700,2913,2685,0
29701,2860,2685,0
29702,2685,2911,0
29703,2254,2131,0
29704,2265,2190,0
29705,2462,2452,0
29706,2462,2403,0
29707,1830,1956,0
29708,1830,1841,0
29709,2381,2247,0
29710,2340,2140,0
29711,2336,2190,0
29712,2358,2336,0
29713,2596,2526,0
29714,2678,2526,0
29715,1884,1866,0
29716,2364,2358,0
29717,2830,2724,0
29718,1767,1678,0
29719,1879,1678,0
29720,1879,1670,0
29721,2751,2654,0
29722,2514,2340,0
29723,2514,2475,0
29724,2566,2475,0
29725,2566,2340,0
29726,2641,2403,0
29727,2640,2563,0
29728,2345,2296,0
29729,2421,2402,0
29730,2512,2267,0
29731,2358,2394,0
29732,2348,2310,0
29733,2348,2195,0
29734,2233,2310,0
29735,2233,2348,0
29736,2195,2310,0
29737,2085,2044,0
29738,2085,1963,1
29739,2091,2085,1
29740,1963,2044,0
29741,2712,2830,0
29742,2652,2830,0
29743,2717,2652,0
29744,2717,2712,0
29745,2513,2717,0
29746,2141,2301,0
29747,2301,2185,0
29748,2016,2254,0
29749,2016,2162,0
29750,1551,1452,0
29751,1471,1452,0
29752,1361,1452,0
29753,1496,1485,0
29754,1325,1485,0
29755,1386,1485,0
29756,2829,2583,0
29757,1986,1994,0
29758,2092,2034,0
29759,2092,1994,0
29760,2092,1986,0
29761,2034,1994,0
29762,2056,1978,0
29763,2344,2346,0
29764,2344,2358,0
29765,2358,2346,0
29766,1472,1509,0
29767,1472,1513,0
29768,1521,1509,0
29769,1513,1509,0
29770,1365,1262,0
29771,1186,1262,0
29772,1227,1262,0
29773,1866,1688,0
29774,1970,1977,0
29775,1970,1812,0
29776,2023,1977,0
29777,2023,1970,0
29778,1812,1977,0
29779,2406,2330,0
29780,2406,2344,0
29781,1329,1528,0
29782,1452,1528,0
29783,1384,1528,0
29784,1792,1776,0
29785,1748,1661,0
29786,1968,2003,0
29787,2003,2034,0
29788,1830,1826,0
29789,1896,1917,0
29790,1263,1410,0
29791,1441,1263,0
29792,1672,1619,0
29793,2238,2324,0
29794,2235,2324,0
29795,1209,1031,0
29796,1104,1080,0
29797,1104,1031,0
29798,1143,1209,0
29799,1901,1865,0
29800,1844,1865,0
29801,1776,1841,0
29802,1704,1776,0
29803,1896,1776,0
29804,1937,1917,0
29805,2070,2188,0
29806,2088,2188,0
29807,1410,1246,0
29808,2257,2326,0
29809,2352,2326,0
29810,2204,2160,0
29811,2204,2243,0
29812,2138,2243,0
29813,2138,2204,0
29814,2243,2160,0
29815,2254,1990,0
29816,2330,2438,0
29817,2474,2438,0
29818,1106,1226,0
29819,1209,1106,0
29820,1226,1143,0
29821,1533,1621,0
29822,1621,1562,0
29823,2475,2459,0
29824,2459,2514,0
29825,1942,2006,0
29826,1894,1942,0
29827,1671,1623,0
29828,1623,1611,0
29829,1202,1252,0
29830,1230,1222,0
29831,1230,1202,0
29832,1252,1222,0
29833,1357,1289,0
29834,1289,1143,0
29835,1812,1785,0
29836,1812,1825,0
29837,1844,1871,0
29838,1952,1834,0
29839,1952,1871,0
29840,1952,1844,0
29841,1834,1871,0
29842,1798,1894,0
29843,1773,1942,0
29844,1660,1942,0
29845,1359,6588,0
29846,1359,1260,0
29847,1359,1322,0
29848,2041,1978,0
29849,1978,2045,0
29850,2041,2113,0
29851,1720,1850,0
29852,2235,2291,0
29853,1814,1792,0
29854,2092,2099,0
29855,1703,1613,0
29856,1700,1613,0
29857,1613,1694,0
29858,1869,1969,0
29859,1969,1992,0
29860,1869,1963,0
29861,1919,1992,0
29862,1919,1963,0
29863,1919,1869,0
29864,1792,1686,0
29865,1688,1814,0
29866,1730,1970,0
29867,1730,1812,0
29868,1947,1812,0
29869,1947,1970,0
29870,1947,1730,0
29871,1808,1880,0
29872,1708,1581,1
29873,1708,1437,0
29874,1581,1384,1
29875,1437,1216,0
29876,1379,1216,0
29877,1379,1369,0
29878,1216,1369,0
29879,1271,1344,0
29880,1102,1344,0
29881,1259,1344,0
29882,2344,2550,0
29883,2566,2474,0
29884,2566,2550,0
29885,2566,2344,0
29886,1721,1671,0
29887,1721,1689,0
29888,1629,1689,0
29889,1629,1671,0
29890,1629,1721,0
29891,1865,1993,0
29892,1865,2073,0
29893,2157,1865,0
29894,1682,1621,0
29895,1724,1621,0
29896,1522,1532,0
29897,1522,1609,0
29898,1641,1532,0
29899,1892,1876,0
29900,1533,1287,0
29901,1533,1425,0
29902,1446,1425,0
29903,1446,1287,0
29904,1446,1533,0
29905,1814,1748,0
29906,1748,1704,0
29907,1748,1686,0
29908,2181,2197,0
29909,2181,2322,0
29910,2855,2839,0
29911,2041,1990,0
29912,1917,2041,0
29913,1825,1730,0
29914,2223,2363,0
29915,2223,2329,0
29916,2223,2164,0
29917,1647,1613,0
29918,2522,2381,0
29919,2391,2306,0
29920,2306,2325,0
29921,1931,2009,0
29922,2120,1924,0
29923,2120,2009,0
29924,2120,1931,0
29925,2087,2070,0
29926,2087,2188,0
29927,2985,2982,0
29928,2004,2149,0
29929,2163,2149,0
29930,2383,2389,0
29931,2383,2390,0
29932,2535,2390,0
29933,2535,2389,0
29934,2168,2087,0
29935,2168,2141,0
29936,2236,2141,0
29937,2236,2087,0
29938,2236,2168,0
29939,1610,1618,0
29940,1610,1753,0
29941,1626,1753,0
29942,1626,1618,0
29943,1626,1610,0
29944,1702,1694,0
29945,1730,1686,0
29946,1730,1724,0
29947,1740,1821,0
29948,1916,1943,0
29949,2005,2054,0
29950,2284,2160,0
29951,1387,1239,0
29952,1387,1154,0
29953,1156,1154,0
29954,1156,1239,0
29955,1154,1239,0
29956,1988,2082,0
29957,2182,2077,0
29958,2182,1988,0
29959,1562,1730,0
29960,1562,1629,0
29961,1702,1629,0
29962,1702,1730,0
29963,1702,1562,0
29964,1629,1730,0
29965,1731,1955,0
29966,1938,1955,0
29967,1496,1561,0
29968,1553,1660,0
29969,1660,1561,0
29970,1419,1496,0
29971,1588,1682,0
29972,1588,1686,0
29973,1621,1588,0
29974,1496,1456,0
29975,1386,1456,0
29976,1456,1485,0
29977,1703,1619,0
29978,1703,1667,0
29979,1691,1619,0
29980,1667,1619,0
29981,1703,1725,0
29982,1713,1703,0
29983,1703,1696,0
29984,1659,1772,0
29985,2052,2319,0
29986,2259,2052,0
29987,2052,1916,0
29988,1916,2070,0
29989,2469,2381,0
29990,2251,2243,0
29991,2593,2400,0
29992,1867,1706,0
29993,1867,1718,0
29994,1765,1718,0
29995,1765,1706,0
29996,1718,1706,0
29997,2041,2160,0
29998,2106,2160,0
29999,2106,2041,0
30000,2356,2186,0
30001,2267,2180,0
30002,2226,2238,0
30003,2226,2240,0
30004,6621,2240,0
30005,6621,2238,0
30006,6621,2226,0
30007,2240,2238,0
30008,1916,2056,0
30009,1943,1791,0
30010,2273,2241,0
30011,2885,2990,0
30012,2990,3006,0
30013,2028,1974,0
30014,2213,1974,0
30015,2898,2604,0
30016,1945,2017,0
30017,1793,2017,0
30018,2184,2263,0
30019,2117,2162,0
30020,2380,2160,0
30021,2289,2243,0
30022,2160,2247,0
30023,2204,2026,0
30024,2204,2088,0
30025,2402,2522,0
30026,2402,2577,0
30027,2041,1943,0
30028,2106,1978,0
30029,2041,2026,0
30030,2106,2026,0
30031,2204,2113,0
30032,2204,1943,0
30033,1955,2025,0
30034,1887,2028,0
30035,1887,2025,0
30036,2028,2025,0
30037,2028,1916,0
30038,2088,1884,0
30039,2267,2206,0
30040,2204,2041,0
30041,2789,2818,0
30042,2526,2458,0
30043,1719,1678,0
30044,2348,2313,0
30045,2140,2348,0
30046,1997,2023,0
30047,2712,2726,0
30048,2459,2340,0
30049,2475,2331,0
30050,2331,2340,0
30051,2345,2522,0
30052,1997,2134,0
30053,1987,1932,0
30054,1987,1812,0
30055,2023,1932,0
30056,1812,1932,0
30057,2602,2652,0
30058,2612,2652,0
30059,2513,2809,1
30060,2712,2809,0
30061,1977,1987,0
30062,1970,2079,0
30063,2023,1947,0
30064,2038,2079,0
30065,2038,1977,0
30066,2038,1970,0
30067,2079,1977,0
30068,1702,1721,0
30069,2117,2148,0
30070,2117,2023,0
30071,1880,2070,0
30072,2069,2259,0
30073,2069,2319,0
30074,2704,2485,0
30075,2069,1932,0
30076,2395,2308,0
30077,2395,2342,0
30078,2308,2250,0
30079,2308,2060,0
30080,2198,2060,0
30081,2198,2250,0
30082,2198,2308,0
30083,2060,2250,0
30084,2853,2988,0
30085,2134,2179,0
30086,2656,2741,0
30087,2724,2656,0
30088,1898,1995,0
30089,1932,1880,0
30090,2334,2261,0
30091,2517,2558,0
30092,2716,2558,0
30093,2517,2391,0
30094,2306,2517,0
30095,2391,2342,0
30096,1932,1797,0
30097,1797,2002,0
30098,2080,1987,0
30099,2002,1987,0
30100,1931,2196,0
30101,1938,1770,0
30102,1938,1842,0
30103,1884,2070,0
30104,2352,2353,0
30105,2974,3305,0
30106,3282,2974,0
30107,2583,2534,0
30108,2460,2934,0
30109,2460,2583,0
30110,2080,2301,0
30111,1932,2000,0
30112,1932,2080,0
30113,1987,2000,0
30114,2596,2391,0
30115,2301,2342,0
30116,2409,2542,0
30117,2542,2445,0
30118,2400,2236,0
30119,2236,2353,0
30120,2391,2508,0
30121,2391,2558,0
30122,2607,2391,0
30123,2629,2853,0
30124,2933,2729,0
30125,2235,2240,0
30126,2319,2236,0
30127,1634,1647,0
30128,2025,1884,0
30129,2839,3053,0
30130,1731,1634,0
30131,1946,1699,0
30132,1946,1731,0
30133,1634,1699,0
30134,2319,2409,0
30135,2343,2509,0
30136,2604,2546,0
30137,2009,2081,0
30138,1659,1458,0
30139,1659,1699,0
30140,2070,1978,0
30141,3244,3375,0
30142,3435,3330,0
30143,3435,3375,0
30144,3330,3375,0
30145,2812,2607,0
30146,2070,2204,0
30147,2088,2184,0
30148,2070,1943,0
30149,2099,2223,0
30150,2223,2133,0
30151,2168,2194,0
30152,2236,2194,0
30153,1938,1946,0
30154,2756,1733,0
30155,2521,1733,0
30156,2458,2653,0
30157,2505,2762,0
30158,2204,2296,0
30159,2681,2812,0
30160,2188,2257,0
30161,2088,2257,0
30162,2512,2380,0
30163,2335,2070,0
30164,2233,2177,0
30165,2157,2177,0
30166,2950,3109,0
30167,2717,2874,0
30168,2712,2874,0
30169,2874,2652,0
30170,2727,2477,0
30171,2662,2459,0
30172,2352,2087,0
30173,2352,2052,0
30174,2352,2175,0
30175,2257,2194,0
30176,2257,2400,0
30177,2319,2194,0
30178,2319,2257,0
30179,2400,2194,0
30180,2204,2343,0
30181,2088,2343,0
30182,2186,2243,0
30183,2490,2604,0
30184,2490,2539,0
30185,2144,1974,0
30186,1542,1493,0
30187,1712,1493,0
30188,1493,1501,0
30189,2028,2180,0
30190,2473,2240,0
30191,2410,2473,0
30192,1960,2030,0
30193,2030,1831,0
30194,2258,2159,0
30195,2236,2159,0
30196,1953,1944,0
30197,1953,1880,0
30198,1736,1752,0
30199,1736,1870,0
30200,1654,1752,0
30201,1654,1736,0
30202,1870,1752,0
30203,2028,2026,0
30204,2030,2226,0
30205,1859,2214,0
30206,1960,1945,0
30207,1960,2109,0
30208,2199,2360,0
30209,2855,2997,0
30210,2120,1960,0
30211,2226,2326,0
30212,2242,2226,0
30213,3032,3005,0
30214,1887,1924,0
30215,2025,1924,0
30216,2257,2242,0
30217,2235,6621,0
30218,1953,1884,0
30219,2087,2257,0
30220,2634,2839,0
30221,6597,1610,0
30222,1797,1683,0
30223,1797,1610,0
30224,1683,1610,0
30225,2230,2159,0
30226,2236,2120,0
30227,2756,2891,0
30228,1626,1735,0
30229,2306,2198,0
30230,2185,2198,0
30231,2198,2121,0
30232,2611,2651,0
30233,958,816,0
30234,837,816,0
30235,816,1006,0
30236,4316,4787,0
30237,4316,4130,0
30238,3786,4787,0
30239,4130,4787,0
30240,6621,2326,0
30241,1608,1604,0
30242,1756,1712,0
30243,1731,1756,0
30244,1712,1735,0
30245,2257,2186,0
30246,2257,2180,0
30247,2238,2273,0
30248,1953,2052,0
30249,1563,1694,0
30250,1563,1613,0
30251,1682,1563,0
30252,2196,2107,0
30253,2273,2107,0
30254,2353,2257,0
30255,2985,2963,0
30256,2353,2188,0
30257,2226,2257,0
30258,2120,2337,0
30259,2337,2236,0
30260,2046,2324,0
30261,1756,1700,0
30262,1700,1712,0
30263,2249,2278,0
30264,2283,2278,0
30265,2183,2278,0
30266,1626,1797,0
30267,1615,1657,0
30268,1987,1753,0
30269,2120,2030,0
30270,2231,2072,0
30271,2317,2072,0
30272,2097,1848,0
30273,2028,2081,0
30274,1753,1735,0
30275,1386,1261,0
30276,1987,2069,0
30277,2030,1887,0
30278,1542,1654,0
30279,1458,1654,0
30280,2105,2074,0
30281,2049,2115,0
30282,2049,2105,0
30283,2074,2115,0
30284,742,333,0
30285,198,742,0
30286,2473,6621,0
30287,625,567,0
30288,1561,1634,0
30289,1946,1818,0
30290,1816,1818,0
30291,1816,2027,0
30292,1818,1699,0
30293,1818,1870,0
30294,333,593,0
30295,476,593,0
30296,1770,1699,0
30297,2081,2088,0
30298,2257,2081,0
30299,2081,2326,0
30300,1773,1955,0
30301,2230,2109,0
30302,2120,2109,0
30303,2337,2109,0
30304,1955,1712,0
30305,1976,1907,0
30306,1786,6602,0
30307,1786,1907,0
30308,1431,1401,0
30309,1490,1396,0
30310,1490,1431,0
30311,1626,1756,0
30312,1988,1926,0
30313,1988,2145,0
30314,1797,2000,0
30315,2970,2785,0
30316,2814,2833,0
30317,2814,2785,0
30318,2814,2970,0
30319,2833,2785,0
30320,1239,1079,0
30321,1610,1615,0
30322,891,903,0
30323,891,565,0
30324,579,903,0
30325,579,891,0
30326,565,903,0
30327,1735,1490,0
30328,1542,1489,0
30329,1737,1489,0
30330,1737,1490,0
30331,1489,1490,0
30332,1778,1733,0
30333,1772,1842,0
30334,1659,1733,0
30335,1475,1570,0
30336,1475,1448,0
30337,1644,1475,0
30338,1710,1819,0
30339,1797,1819,0
30340,1797,1710,0
30341,1683,1819,0
30342,895,983,0
30343,1165,895,0
30344,983,1096,0
30345,1456,1712,0
30346,1203,1376,0
30347,1203,1317,0
30348,1203,1111,0
30349,1951,1631,0
30350,1951,1556,0
30351,1438,1396,0
30352,1438,1542,0
30353,1456,1493,0
30354,1322,1319,0
30355,1313,1319,0
30356,1319,1160,0
30357,1699,1736,0
30358,1951,2086,0
30359,2032,2017,0
30360,2086,2017,0
30361,2304,1778,0
30362,1778,2145,0
30363,1816,1752,0
30364,1850,1752,0
30365,1850,1736,0
30366,1850,1816,0
30367,1669,1707,0
30368,1136,1501,0
30369,1136,1659,0
30370,1165,1659,0
30371,1165,1501,0
30372,1165,1136,0
30373,1654,1489,0
30374,1458,1489,0
30375,2230,2427,0
30376,1490,1626,0
30377,1610,1439,0
30378,1610,1490,0
30379,1626,1439,0
30380,1385,1488,0
30381,1385,1342,0
30382,2125,2105,0
30383,2049,2125,0
30384,1728,1708,1
30385,1398,1563,0
30386,1398,1419,0
30387,1613,1419,0
30388,1613,1398,0
30389,1419,1563,0
30390,976,1239,0
30391,976,1299,0
30392,1567,1721,0
30393,1609,1721,0
30394,1641,1721,0
30395,1299,1385,0
30396,1299,1342,0
30397,1240,1385,0
30398,1240,1299,0
30399,1136,1193,0
30400,1136,1003,0
30401,1218,1003,0
30402,1218,1136,0
30403,1003,1193,0
30404,1299,1154,0
30405,1342,976,0
30406,1342,1154,0
30407,976,1154,0
30408,1436,1689,0
30409,1629,1567,0
30410,1629,1436,0
30411,1689,1567,0
30412,1718,1722,0
30413,1718,1813,0
30414,1718,1548,0
30415,1414,1201,0
30416,1425,1201,0
30417,1201,1154,0
30418,1574,1401,0
30419,1400,1574,0
30420,1395,1333,0
30421,1395,1082,0
30422,1512,1082,0
30423,1512,1395,0
30424,1082,1333,0
30425,1771,1959,0
30426,1701,1748,0
30427,2264,1856,1
30428,2264,2173,0
30429,2349,2174,0
30430,1820,2007,0
30431,764,746,0
30432,1705,1771,0
30433,1705,1692,0
30434,1862,1821,0
30435,1953,1916,0
30436,2060,2018,0
30437,2185,2018,0
30438,1690,1659,0
30439,2195,2005,0
30440,1993,2068,0
30441,1993,2195,0
30442,2005,2068,0
30443,2908,3115,0
30444,2579,2441,0
30445,2451,2579,0
30446,2554,2489,0
30447,2554,2598,0
30448,1439,1669,0
30449,2879,2700,0
30450,2844,3010,0
30451,1779,2029,0
30452,2071,1771,0
30453,2071,2029,0
30454,1771,2029,0
30455,2427,2539,0
30456,1911,1707,0
30457,1944,1987,0
30458,2080,1997,0
30459,1221,1177,0
30460,1221,1192,0
30461,2646,2571,0
30462,2042,1838,0
30463,2011,1838,0
30464,6656,2497,0
30465,2331,2335,0
30466,1685,1927,0
30467,1927,1839,0
30468,2000,2060,0
30469,2004,2115,0
30470,2004,1981,0
30471,2049,2004,0
30472,1981,2115,0
30473,2125,2115,0
30474,2149,2115,0
30475,2018,1911,0
30476,2784,2948,0
30477,3361,2948,0
30478,1931,2027,0
30479,2260,2368,0
30480,2607,2590,0
30481,1851,1654,0
30482,2004,1911,0
30483,2018,2004,0
30484,2154,2170,0
30485,2154,2103,0
30486,2169,2103,0
30487,2169,2170,0
30488,2169,2154,0
30489,2103,2170,0
30490,2981,3148,0
30491,1819,1932,0
30492,1819,2000,0
30493,1365,1332,0
30494,1365,1475,0
30495,1448,1332,0
30496,1995,1944,0
30497,1995,1887,0
30498,1995,1831,0
30499,1995,1960,0
30500,2315,2443,0
30501,2315,2361,0
30502,2518,2315,0
30503,2361,2443,0
30504,1981,2105,0
30505,2342,2198,0
30506,2305,2198,0
30507,1911,2060,0
30508,2097,2017,0
30509,2086,2097,0
30510,2082,2017,0
30511,2411,2250,0
30512,2395,2250,0
30513,2183,2100,0
30514,2229,2163,0
30515,2229,2183,0
30516,2163,2100,0
30517,1911,2042,0
30518,2078,2049,0
30519,2305,2426,0
30520,2426,2298,0
30521,2078,2165,0
30522,2125,2165,0
30523,2139,2165,0
30524,2136,2108,0
30525,2300,2108,0
30526,2567,2820,0
30527,2567,2538,0
30528,2519,2820,0
30529,2538,2820,0
30530,2105,2078,0
30531,2308,2185,0
30532,2308,2141,0
30533,2301,2308,0
30534,2308,2080,0
30535,2080,2250,0
30536,2301,2250,0
30537,2339,2017,0
30538,2036,1981,0
30539,1489,1396,0
30540,1489,1395,0
30541,2532,2489,0
30542,2617,2489,0
30543,1299,920,0
30544,1240,1079,0
30545,1079,920,0
30546,1738,1752,0
30547,1738,1736,0
30548,1839,1777,0
30549,2161,2375,0
30550,2161,2197,0
30551,1951,1593,0
30552,2638,3088,0
30553,2638,6636,0
30554,2623,3088,0
30555,2120,2121,0
30556,2804,2824,0
30557,2650,2824,0
30558,2651,2824,0
30559,2086,2260,0
30560,1616,1951,0
30561,1820,1951,0
30562,1707,1851,0
30563,1615,1838,0
30564,6597,1819,0
30565,1838,1819,0
30566,2198,2298,0
30567,2278,2298,0
30568,2165,2298,0
30569,1131,1512,0
30570,1131,1311,0
30571,1082,1131,0
30572,1311,1512,0
30573,1793,1820,0
30574,1793,1951,0
30575,1818,1736,0
30576,2027,2241,0
30577,2822,2498,0
30578,2750,2498,0
30579,2797,2498,0
30580,1458,1736,0
30581,1458,1818,0
30582,2097,2368,0
30583,1443,1447,0
30584,1435,1448,0
30585,3068,3020,0
30586,2004,2060,0
30587,1914,2083,0
30588,2007,2083,0
30589,2083,1934,0
30590,2354,2086,0
30591,1100,1207,0
30592,1207,1227,0
30593,1793,1738,0
30594,1793,1752,0
30595,1850,1738,0
30596,2062,2017,0
30597,1504,1593,0
30598,1504,1322,0
30599,893,40,0
30600,3075,3225,0
30601,3075,3786,0
30602,3786,3225,0
30603,2502,2278,0
30604,2426,2278,0
30605,2278,2305,0
30606,1820,2017,0
30607,1820,2082,0
30608,1793,2082,0
30609,2032,1820,0
30610,2353,2434,0
30611,1512,1736,0
30612,2004,1833,0
30613,1911,1981,0
30614,6606,2142,0
30615,6606,6607,0
30616,6627,6607,0
30617,6627,6606,0
30618,6607,2142,0
30619,2312,3361,0
30620,3361,1906,0
30621,1988,1885,0
30622,2182,1885,0
30623,1926,1885,0
30624,2354,2541,0
30625,2004,2036,0
30626,1911,2036,0
30627,2276,2405,0
30628,2534,2239,0
30629,2405,2239,0
30630,1763,1965,0
30631,1898,2121,0
30632,1945,1870,0
30633,2297,2077,0
30634,1777,1644,0
30635,2121,2060,0
30636,1965,1983,0
30637,1931,1850,0
30638,1931,1983,0
30639,1931,1965,0
30640,1850,1983,0
30641,1365,1438,0
30642,1365,1402,0
30643,1343,1402,0
30644,1343,1438,0
30645,1343,1365,0
30646,1402,1438,0
30647,3075,3268,0
30648,3075,3263,0
30649,2312,1885,0
30650,2060,2042,0
30651,2060,2036,0
30652,2312,2784,0
30653,2097,1983,0
30654,1811,1639,0
30655,2249,2205,0
30656,2220,2163,0
30657,2220,2249,0
30658,948,909,0
30659,968,909,0
30660,968,948,0
30661,726,909,0
30662,2004,2198,0
30663,747,491,0
30664,406,747,0
30665,2680,2422,0
30666,2100,1749,0
30667,2100,1981,0
30668,1839,1981,0
30669,1839,2100,0
30670,1935,2221,0
30671,2066,2221,0
30672,2422,2221,0
30673,1674,1566,0
30674,1674,1606,0
30675,1566,1687,0
30676,1965,2017,0
30677,1616,1644,0
30678,1402,1475,0
30679,1332,1402,0
30680,1477,6610,0
30681,20,1477,0
30682,6610,964,0
30683,1430,1633,0
30684,1576,2051,0
30685,2738,2051,0
30686,2738,2013,0
30687,2051,2013,0
30688,2333,6628,0
30689,2333,6624,0
30690,2333,2483,0
30691,2231,2288,0
30692,2231,2043,0
30693,6624,2231,0
30694,1077,1639,0
30695,1077,1350,0
30696,1399,1350,0
30697,1399,1077,0
30698,1350,1639,0
30699,2495,3075,0
30700,2495,3225,0
30701,6642,3877,0
30702,6642,3335,0
30703,2013,2619,0
30704,2051,2619,0
30705,1529,2271,0
30706,1529,1935,0
30707,1804,1935,0
30708,1804,2271,0
30709,1823,6598,0
30710,1789,6598,0
30711,6598,6607,0
30712,2294,2071,0
30713,2341,2071,0
30714,2341,2203,0
30715,1556,1585,0
30716,1556,1643,0
30717,1820,1643,0
30718,1643,1585,0
30719,1644,1492,0
30720,1664,1492,0
30721,1716,1859,0
30722,1716,2100,0
30723,2083,2276,0
30724,2083,2312,0
30725,2201,2231,0
30726,2201,2350,0
30727,2317,2350,0
30728,2317,2201,0
30729,2350,2231,0
30730,2885,2962,0
30731,2885,2960,0
30732,2990,2960,0
30733,2990,2962,0
30734,2036,2078,0
30735,2399,2142,0
30736,6428,6458,0
30737,161,6458,0
30738,6458,6143,0
30739,2651,2646,0
30740,2651,2554,0
30741,2651,2571,0
30742,2646,2554,0
30743,6594,1907,0
30744,6605,1786,0
30745,6605,1907,0
30746,6605,6594,0
30747,1991,2089,0
30748,1921,2089,0
30749,2123,2089,0
30750,1203,1492,0
30751,1199,1347,0
30752,1199,1127,0
30753,1023,1347,0
30754,1023,1199,0
30755,1127,1347,0
30756,914,993,0
30757,941,993,0
30758,993,926,0
30759,1794,1652,0
30760,1489,1438,0
30761,1402,1396,0
30762,1402,1489,0
30763,1723,1912,0
30764,1921,1912,0
30765,1921,1723,0
30766,1912,1684,0
30767,1838,1833,0
30768,251,59,0
30769,251,334,0
30770,6309,334,0
30771,6309,59,0
30772,6309,251,0
30773,2121,2109,0
30774,1898,2004,0
30775,1494,1468,0
30776,1494,1264,0
30777,1545,1468,0
30778,1545,1494,0
30779,1264,1468,0
30780,1165,1587,0
30781,1639,2083,0
30782,1811,2083,0
30783,1885,1585,0
30784,3159,2784,0
30785,1965,1988,0
30786,1816,1587,0
30787,2089,2231,0
30788,2089,2361,0
30789,2209,2361,0
30790,2209,2231,0
30791,2209,2089,0
30792,2361,2231,0
30793,1598,1749,0
30794,1669,1749,0
30795,5348,5753,0
30796,5348,5833,0
30797,5459,5753,0
30798,5459,5348,0
30799,5833,5753,0
30800,1499,1596,0
30801,1499,1593,0
30802,1889,1596,0
30803,1889,1499,0
30804,1260,1310,0
30805,1303,1310,0
30806,1303,1260,0
30807,1310,1359,0
30808,1448,1262,0
30809,1332,1262,0
30810,1848,2015,0
30811,2163,2017,0
30812,2163,1848,0
30813,2163,1839,0
30814,1175,1172,0
30815,964,1172,0
30816,1172,1477,0
30817,1435,1303,0
30818,1435,1504,0
30819,1435,1492,0
30820,958,1111,0
30821,1024,816,0
30822,1024,958,0
30823,1125,931,0
30824,1000,1105,0
30825,1000,931,0
30826,1000,1125,0
30827,1105,931,0
30828,1492,1391,0
30829,1566,1515,0
30830,1492,1376,0
30831,1290,1376,0
30832,1290,1418,0
30833,1290,1492,0
30834,1376,1418,0
30835,2201,2232,0
30836,2201,2424,0
30837,2217,2424,0
30838,2217,2232,0
30839,2217,2201,0
30840,2424,2232,0
30841,2407,6627,0
30842,6614,6627,0
30843,6598,1790,0
30844,1789,1790,0
30845,1749,2015,0
30846,2015,2100,0
30847,4809,4600,0
30848,4638,4891,0
30849,4638,4809,0
30850,6606,1823,0
30851,1981,2078,0
30852,1874,1920,0
30853,1874,1985,0
30854,1980,1874,0
30855,1859,6593,0
30856,1260,1391,0
30857,1443,1359,0
30858,1443,1260,0
30859,2824,2655,0
30860,2716,2824,0
30861,2170,2060,0
30862,2170,2042,0
30863,2000,2170,0
30864,1874,6603,0
30865,1874,6599,0
30866,1967,6599,0
30867,1967,1874,0
30868,6599,6603,0
30869,1817,1911,0
30870,2698,2498,0
30871,2797,2698,0
30872,2042,2139,0
30873,2042,2161,0
30874,2042,6609,0
30875,6617,6605,0
30876,1975,6605,0
30877,1975,2255,0
30878,1975,6617,0
30879,6605,2255,0
30880,2165,2269,0
30881,2322,2174,0
30882,1001,1076,0
30883,1001,1145,0
30884,1121,1145,0
30885,1121,1076,0
30886,1145,1076,0
30887,2769,2549,0
30888,6611,2281,0
30889,1882,2281,0
30890,1882,6611,0
30891,1374,1584,0
30892,1434,1584,0
30893,1434,1374,0
30894,1584,1331,0
30895,1515,1651,0
30896,1809,1651,0
30897,1189,1145,0
30898,1121,1189,0
30899,1095,1457,0
30900,1500,1095,0
30901,1443,1167,0
30902,1443,1364,0
30903,1445,1364,0
30904,1445,1167,0
30905,1445,1443,0
30906,1364,1167,0
30907,1606,1651,0
30908,1674,1651,0
30909,1829,1651,0
30910,1367,1450,0
30911,1367,1506,0
30912,1367,1515,0
30913,1315,1506,0
30914,1315,1515,0
30915,1685,1833,0
30916,3572,6643,0
30917,3512,3572,0
30918,6617,2413,0
30919,6617,2281,0
30920,2416,2413,0
30921,2416,6617,0
30922,2281,2413,0
30923,1817,1838,0
30924,2201,2072,0
30925,2123,2231,0
30926,2123,2201,0
30927,1612,1676,0
30928,1921,1676,0
30929,1941,1676,0
30930,1615,1817,0
30931,1697,1921,0
30932,1673,1921,0
30933,1921,1788,0
30934,1783,6608,0
30935,1980,1882,0
30936,1980,6608,0
30937,1980,1783,0
30938,1882,6608,0
30939,2161,2165,0
30940,2161,2269,0
30941,1569,1629,0
30942,1623,1629,0
30943,1629,1518,0
30944,2200,2127,0
30945,2361,6620,0
30946,2361,2127,0
30947,2361,2200,0
30948,6620,2127,0
30949,2100,1777,0
30950,2015,1716,0
30951,2278,2115,0
30952,2115,2283,0
30953,6640,3165,0
30954,6640,3194,0
30955,2360,2368,0
30956,2772,2790,0
30957,2792,2797,0
30958,2769,2797,0
30959,6639,2797,0
30960,1991,1920,0
30961,1991,1980,0
30962,2569,2532,0
30963,2569,2274,0
30964,2518,2532,0
30965,2489,2559,0
30966,2205,2115,0
30967,2396,2470,0
30968,2396,2443,0
30969,2396,2430,0
30970,2115,2198,0
30971,2241,1988,0
30972,2399,2572,0
30973,2399,2680,0
30974,2422,2572,0
30975,2422,2399,0
30976,5652,5939,0
30977,5652,5802,0
30978,5845,5939,0
30979,5845,5652,0
30980,1763,1885,0
30981,1027,942,0
30982,1027,1061,0
30983,1072,1061,0
30984,1072,942,0
30985,1061,942,0
30986,2170,2181,0
30987,2181,2150,0
30988,2864,2975,0
30989,2806,2975,0
30990,2749,2975,0
30991,2205,2360,0
30992,2276,2221,0
30993,2276,2066,0
30994,2422,2276,0
30995,2708,2873,0
30996,2274,2139,0
30997,2653,2391,0
30998,2653,2517,0
30999,2405,2221,0
31000,2405,2422,0
31001,2323,2422,0
31002,2127,2089,0
31003,2127,2072,0
31004,2231,2127,0
31005,6614,2146,0
31006,6614,2093,0
31007,2004,1685,0
31008,2000,2036,0
31009,1530,1552,0
31010,1611,1552,0
31011,1692,1552,0
31012,2139,2036,0
31013,2601,2721,0
31014,2601,2832,0
31015,2832,2721,0
31016,2125,2278,0
31017,2489,2433,0
31018,2269,2433,0
31019,2283,2433,0
31020,2506,2288,0
31021,2506,2300,0
31022,2457,2300,0
31023,2457,2288,0
31024,2457,2506,0
31025,1459,6575,0
31026,1459,1454,0
31027,6580,6575,0
31028,6580,1459,0
31029,1454,6575,0
31030,2136,2201,0
31031,2307,2201,0
31032,2368,2199,0
31033,2249,2149,0
31034,2636,2533,0
31035,2636,2491,0
31036,3097,2955,0
31037,3160,3006,0
31038,1603,1529,0
31039,1603,1614,0
31040,1935,1614,0
31041,1935,1603,0
31042,1614,1529,0
31043,2520,2729,0
31044,2520,2546,0
31045,2638,2750,0
31046,2638,2618,0
31047,6636,2750,0
31048,1991,6609,0
31049,1991,2181,0
31050,2089,2181,0
31051,2089,6609,0
31052,3057,2934,0
31053,2405,2339,0
31054,2354,2405,0
31055,1934,2032,0
31056,1951,1934,0
31057,2914,3040,0
31058,2035,2103,0
31059,2035,2174,0
31060,2150,2103,0
31061,2150,2035,0
31062,2174,2103,0
31063,2489,2426,0
31064,2433,2426,0
31065,2645,2576,0
31066,2198,2161,0
31067,2123,2063,0
31068,2639,2663,0
31069,2974,3243,0
31070,2411,2298,0
31071,2198,2411,0
31072,2298,2342,0
31073,2417,2491,0
31074,2606,2533,0
31075,2606,2491,0
31076,2606,2417,0
31077,2611,2448,0
31078,2478,2708,0
31079,2448,2708,0
31080,3193,3303,0
31081,3378,3193,0
31082,2298,2269,0
31083,2269,2448,0
31084,2161,2298,0
31085,2990,3068,0
31086,2990,3097,0
31087,3168,2990,0
31088,2360,2437,0
31089,2337,2360,0
31090,3408,3020,0
31091,2755,2655,0
31092,2934,3096,0
31093,841,1134,0
31094,841,1264,0
31095,1311,841,0
31096,2215,2292,0
31097,2118,2292,0
31098,2118,2215,0
31099,2101,2292,0
31100,2287,2502,0
31101,2283,2298,0
31102,2298,2125,0
31103,2170,2064,0
31104,2161,2064,0
31105,2161,2170,0
31106,2298,2105,0
31107,2298,2115,0
31108,2601,2628,0
31109,2601,2785,0
31110,2721,2785,0
31111,2721,2628,0
31112,2785,2628,0
31113,3062,2976,0
31114,3062,2932,0
31115,3044,2976,0
31116,2932,2976,0
31117,2297,2337,0
31118,2199,2297,0
31119,2337,2368,0
31120,2399,2323,0
31121,2323,2572,0
31122,2454,2667,0
31123,2667,2448,0
31124,2182,2013,0
31125,2325,2168,0
31126,2646,2655,0
31127,1927,2163,0
31128,2929,2560,0
31129,2863,2680,0
31130,2399,2405,0
31131,2489,2708,0
31132,2489,2478,0
31133,2448,2489,0
31134,2004,2100,0
31135,1839,2004,0
31136,2004,1848,0
31137,2004,2097,0
31138,2004,1669,0
31139,1749,2004,0
31140,2541,2249,0
31141,2249,2502,0
31142,2426,2287,0
31143,3020,3245,0
31144,2260,2196,0
31145,1931,2230,0
31146,2082,1885,0
31147,1763,2082,0
31148,3263,3001,0
31149,3006,3068,0
31150,2502,2199,0
31151,3252,2915,0
31152,3267,2915,0
31153,3267,6629,0
31154,2915,6629,0
31155,3003,3273,0
31156,2935,3081,0
31157,2905,2935,0
31158,2934,3102,0
31159,2502,2220,0
31160,3245,3054,0
31161,3288,3054,0
31162,2534,2895,0
31163,1934,1935,0
31164,1934,1614,0
31165,2066,1614,0
31166,2066,1934,0
31167,2617,2448,0
31168,3001,3167,0
31169,1778,2591,0
31170,2591,2304,0
31171,1935,1889,0
31172,2062,2221,0
31173,2062,1889,0
31174,2145,2051,0
31175,2935,2753,0
31176,2935,2626,0
31177,3001,2905,0
31178,3001,2626,0
31179,3001,2935,0
31180,3263,2560,0
31181,5393,5916,0
31182,5393,5835,0
31183,5759,5835,0
31184,5759,5916,0
31185,5759,5393,0
31186,2465,3001,0
31187,1716,2142,0
31188,3091,3174,0
31189,3091,3375,0
31190,2428,2765,0
31191,2765,3173,0
31192,2765,3001,0
31193,2995,2946,0
31194,3165,2946,0
31195,2426,2554,0
31196,2283,2554,0
31197,2935,3201,0
31198,3201,2992,0
31199,2995,3163,0
31200,2995,3081,0
31201,3113,2995,0
31202,3245,3435,0
31203,3426,3435,0
31204,3008,3183,0
31205,3006,2716,0
31206,2716,2804,0
31207,3010,3003,0
31208,3332,3411,0
31209,3279,3301,0
31210,3279,3411,0
31211,3279,3332,0
31212,3301,3411,0
31213,2451,2465,0
31214,3097,2962,0
31215,2231,2430,0
31216,2396,2317,0
31217,2396,2231,0
31218,2317,2430,0
31219,2755,2502,0
31220,2992,3205,0
31221,2441,2600,0
31222,2554,2441,0
31223,2708,2598,0
31224,2554,2478,0
31225,2650,2478,0
31226,2650,2554,0
31227,2571,2287,0
31228,2066,2007,0
31229,2646,2676,0
31230,3003,3088,0
31231,3274,3088,0
31232,3034,3088,0
31233,2465,2579,0
31234,2676,2794,0
31235,2655,2571,0
31236,3006,3020,0
31237,3068,2804,0
31238,2994,3650,0
31239,2441,2570,0
31240,2628,2616,0
31241,1980,2127,0
31242,1985,2127,0
31243,2543,2687,0
31244,2543,2747,0
31245,2667,2747,0
31246,2747,2687,0
31247,6609,2078,0
31248,6625,1975,0
31249,6625,2255,0
31250,2617,2873,0
31251,6640,2946,0
31252,3194,2946,0
31253,2600,2579,0
31254,2646,2645,0
31255,2703,2674,0
31256,2703,2457,0
31257,2051,2312,0
31258,2453,2523,0
31259,2453,2601,0
31260,2453,2507,0
31261,2491,2527,0
31262,2491,2543,0
31263,2597,2527,0
31264,2597,2491,0
31265,2543,2527,0
31266,2255,2318,0
31267,2350,2424,0
31268,2307,2350,0
31269,2424,2317,0
31270,3829,3721,0
31271,3829,3902,0
31272,6657,3721,0
31273,6657,3829,0
31274,3902,3721,0
31275,3967,6648,0
31276,3967,3561,0
31277,3967,3804,0
31278,2498,2638,0
31279,2498,2618,0
31280,2320,2638,0
31281,6631,2498,0
31282,2626,2576,0
31283,2765,2626,0
31284,6687,6233,0
31285,5560,6233,0
31286,5560,5388,0
31287,5560,6687,0
31288,6233,5388,0
31289,2413,2698,0
31290,2413,2742,0
31291,6628,2742,0
31292,6628,2698,0
31293,6628,2413,0
31294,2742,2698,0
31295,2574,2465,0
31296,3137,3073,0
31297,3174,3073,0
31298,6622,2268,0
31299,6622,2043,0
31300,6623,6622,0
31301,6618,2498,0
31302,2332,6618,0
31303,2946,3163,0
31304,6625,6618,0
31305,2637,2873,0
31306,2708,2637,0
31307,2549,2878,0
31308,2772,2732,0
31309,2772,2878,0
31310,2797,3003,0
31311,2448,2532,0
31312,2757,2788,0
31313,2703,2561,0
31314,2788,2561,0
31315,3902,4490,0
31316,3375,3512,0
31317,3512,3435,0
31318,2995,3088,0
31319,2532,2433,0
31320,2645,2732,0
31321,2645,2921,0
31322,2753,2772,0
31323,2929,3335,0
31324,2579,2732,0
31325,2576,2249,0
31326,2428,2626,0
31327,2626,2451,0
31328,2878,2946,0
31329,2935,3100,0
31330,2935,3167,0
31331,2935,3307,0
31332,2878,2790,0
31333,2790,2946,0
31334,2332,2281,0
31335,2750,2769,0
31336,2382,2585,0
31337,2382,2483,0
31338,2382,6629,0
31339,2585,2483,0
31340,2994,2321,0
31341,2822,2321,0
31342,3231,6649,0
31343,2769,2732,0
31344,2845,2779,0
31345,2844,2779,0
31346,2779,6633,0
31347,1971,1941,0
31348,1971,1915,0
31349,2063,1971,0
31350,6622,2768,0
31351,6622,6626,0
31352,1929,6626,0
31353,1929,6622,0
31354,6626,2768,0
31355,1829,1875,0
31356,2779,2769,0
31357,2779,2698,0
31358,2779,2413,0
31359,2769,2698,0
31360,2643,2470,0
31361,2518,2470,0
31362,2470,2561,0
31363,3273,2797,0
31364,3273,2822,0
31365,2757,2569,0
31366,2540,2569,0
31367,2540,2757,0
31368,6582,1666,0
31369,6582,6584,0
31370,1459,6584,0
31371,1459,1666,0
31372,1459,6582,0
31373,6584,1666,0
31374,2845,2769,0
31375,607,811,0
31376,763,811,0
31377,763,788,0
31378,763,607,0
31379,811,788,0
31380,2321,6618,0
31381,1837,1807,0
31382,2003,1837,0
31383,2994,3545,0
31384,3429,6612,0
31385,2252,3634,0
31386,2252,3429,0
31387,6612,3634,0
31388,6632,6612,0
31389,2347,2822,0
31390,6631,2626,0
31391,2172,2382,0
31392,6630,2382,0
31393,2497,4624,0
31394,3553,3286,0
31395,3553,3280,0
31396,3284,3280,0
31397,3284,3286,0
31398,3284,3553,0
31399,3280,3286,0
31400,2413,2466,0
31401,2769,2416,0
31402,974,1176,0
31403,974,6573,0
31404,1019,1176,0
31405,1019,974,0
31406,6573,1176,0
31407,2252,5264,0
31408,2497,3634,0
31409,1107,1121,0
31410,1243,1107,0
31411,2742,2844,0
31412,2742,2779,0
31413,2742,6633,0
31414,2255,6628,0
31415,6616,6628,0
31416,6616,2255,0
31417,6628,2318,0
31418,2731,6628,0
31419,2731,2742,0
31420,1900,1805,0
31421,1976,1780,0
31422,6602,1780,0
31423,2048,1780,0
31424,3010,3516,0
31425,1972,6614,0
31426,2093,2048,0
31427,2768,6630,0
31428,2585,6626,0
31429,2451,6611,0
31430,2093,2407,0
31431,2822,2876,0
31432,4690,6612,0
31433,6632,3634,0
31434,6632,4690,0
31435,1971,2201,0
31436,1971,2123,0
31437,2063,2201,0
31438,2769,2878,0
31439,2742,2569,0
31440,2742,6635,0
31441,6633,2569,0
31442,2940,2878,0
31443,3244,3058,0
31444,3443,3715,0
31445,3443,3643,0
31446,3827,3443,0
31447,3643,3715,0
31448,3231,3592,0
31449,2768,3592,0
31450,3592,3412,0
31451,2320,6607,0
31452,1695,1786,0
31453,1695,1780,0
31454,1786,1780,0
31455,2288,2754,0
31456,2288,6629,0
31457,2844,2822,0
31458,3688,3436,0
31459,3688,3471,0
31460,3577,3471,0
31461,3577,3688,0
31462,2430,2537,0
31463,2470,2317,0
31464,2470,2537,0
31465,2317,2537,0
31466,2114,1967,0
31467,2114,2043,0
31468,1985,1967,0
31469,1985,2114,0
31470,2731,2844,0
31471,1421,1586,0
31472,6585,1586,0
31473,2255,2698,0
31474,2731,2994,0
31475,3091,2946,0
31476,2698,2844,0
31477,6586,1499,0
31478,1889,1804,0
31479,1889,6586,0
31480,1804,1499,0
31481,2495,1804,0
31482,1998,1804,0
31483,1998,3225,0
31484,1998,2495,0
31485,1804,3225,0
31486,1545,1517,0
31487,1720,1517,0
31488,1643,1517,0
31489,3435,3579,0
31490,3421,3435,0
31491,6615,6623,0
31492,6670,3816,0
31493,6659,3816,0
31494,3816,3757,0
31495,3244,3022,0
31496,3288,3022,0
31497,3022,3054,0
31498,2146,6627,0
31499,6620,6617,0
31500,2416,6620,0
31501,2407,6606,0
31502,6606,2835,0
31503,2036,2008,0
31504,2036,6609,0
31505,2042,2008,0
31506,987,1757,0
31507,987,2497,0
31508,6613,987,0
31509,1907,1780,0
31510,5700,5912,0
31511,5700,5229,0
31512,5434,5229,0
31513,5434,5912,0
31514,5434,5700,0
31515,5229,5912,0
31516,6610,1804,0
31517,6610,1774,0
31518,1998,1774,0
31519,1774,1804,0
31520,3010,3412,0
31521,3917,2994,0
31522,1720,1738,0
31523,1720,1752,0
31524,1399,810,0
31525,2427,6621,0
31526,2273,6621,0
31527,6621,2258,0
31528,6607,1889,0
31529,3225,3877,0
31530,6604,1780,0
31531,1780,1789,0
31532,2139,2089,0
31533,1477,1405,0
31534,6457,964,0
31535,6457,1477,0
31536,964,1405,0
31537,2093,1976,0
31538,1598,1664,0
31539,2361,2470,0
31540,1907,1747,0
31541,6048,6267,0
31542,6048,6412,0
31543,6479,6048,0
31544,1868,2043,0
31545,1975,6611,0
31546,2332,2048,0
31547,2332,1975,0
31548,6589,6592,0
31549,6589,1790,0
31550,1711,1790,0
31551,1711,6592,0
31552,1711,6589,0
31553,1790,6592,0
31554,1823,6627,0
31555,1907,1975,0
31556,1786,1975,0
31557,313,3838,0
31558,313,987,0
31559,5950,987,0
31560,5950,3838,0
31561,5950,313,0
31562,987,3838,0
31563,5424,6233,0
31564,5348,5389,0
31565,5446,5389,0
31566,5446,5753,0
31567,5446,5348,0
31568,5389,5753,0
31569,6350,59,0
31570,6479,59,0
31571,59,6412,0
31572,5754,5777,0
31573,5713,5754,0
31574,1477,1554,0
31575,6457,1554,0
31576,1747,6602,0
31577,987,6550,0
31578,5042,1757,0
31579,5042,987,0
31580,6550,1757,0
31581,6588,1499,0
31582,6588,1340,0
31583,1593,6588,0
31584,1340,1499,0
31585,1882,1975,0
31586,474,726,0
31587,474,615,0
31588,808,667,0
31589,808,713,0
31590,743,713,0
31591,743,808,0
31592,1549,1789,0
31593,2788,2904,0
31594,6605,2033,0
31595,6626,1868,0
31596,815,6560,0
31597,777,6560,0
31598,2405,2086,0
31599,3075,2929,0
31600,1494,1297,0
31601,1494,1525,0
31602,1475,1494,0
31603,1525,1297,0
31604,652,1836,0
31605,2609,652,0
31606,1836,1822,0
31607,1920,1783,0
31608,1520,1586,0
31609,6316,6324,0
31610,6367,6324,0
31611,6324,6121,0
31612,1445,1473,0
31613,1583,1364,0
31614,1583,1473,0
31615,1583,1445,0
31616,1364,1473,0
31617,1695,1583,0
31618,1695,1473,0
31619,1695,1445,0
31620,1473,1459,0
31621,1473,6584,0
31622,1498,6584,0
31623,1498,1459,0
31624,6607,1972,0
31625,703,954,0
31626,703,538,0
31627,968,703,0
31628,6606,1998,0
31629,6606,6610,0
31630,1998,2835,0
31631,1935,2399,0
31632,726,1405,0
31633,997,1405,0
31634,2229,6607,0
31635,1789,1889,0
31636,2260,2534,0
31637,1487,534,0
31638,5359,5018,0
31639,6665,5018,0
31640,152,1038,0
31641,315,1038,0
31642,315,152,0
31643,1504,6588,0
31644,1549,6588,0
31645,1716,6588,0
31646,2619,2948,0
31647,1324,1122,0
31648,1122,1297,0
31649,6339,6243,0
31650,6144,6408,0
31651,6144,6339,0
31652,6408,6243,0
31653,3075,1906,0
31654,2142,2100,0
31655,2142,1972,0
31656,3202,4422,0
31657,2142,1859,0
31658,2142,6611,0
31659,6606,1804,0
31660,6607,1804,0
31661,1804,2142,0
31662,6606,6614,0
31663,1780,1583,0
31664,1780,1473,0
31665,6606,1789,0
31666,6606,1774,0
31667,1789,1774,0
31668,1774,6607,0
31669,6646,2835,0
31670,987,209,0
31671,987,492,0
31672,738,209,0
31673,738,987,0
31674,492,209,0
31675,3348,2835,0
31676,2271,6606,0
31677,6316,6374,0
31678,6501,6324,0
31679,6501,6316,0
31680,6374,6324,0
31681,1269,1359,0
31682,6350,6309,0
31683,59,5932,0
31684,6309,5932,0
31685,726,6589,0
31686,1390,1405,0
31687,1390,6589,0
31688,1390,726,0
31689,1044,1083,0
31690,1269,1083,0
31691,1269,1044,0
31692,1072,1083,0
31693,1477,1774,0
31694,1998,1477,0
31695,233,538,0
31696,1445,1454,0
31697,1445,6594,0
31698,1786,1454,0
31699,1786,1445,0
31700,3225,6610,0
31701,885,1014,0
31702,885,1135,0
31703,623,1135,0
31704,623,1014,0
31705,623,885,0
31706,1135,1014,0
31707,2062,2066,0
31708,5002,5348,0
31709,5002,5389,0
31710,5446,5002,0
31711,182,623,0
31712,182,634,0
31713,2574,2623,0
31714,2574,2320,0
31715,1914,1906,0
31716,2901,2714,0
31717,1297,1131,0
31718,1084,1324,0
31719,1084,1297,0
31720,1439,1683,0
31721,1462,1683,0
31722,1462,1615,0
31723,1462,1439,0
31724,1340,1127,0
31725,1127,1038,0
31726,640,1690,0
31727,1165,1690,0
31728,1165,640,0
31729,2574,2572,0
31730,1499,1789,0
31731,1774,1889,0
31732,1774,1499,0
31733,2572,2743,0
31734,2572,2626,0
31735,1489,1517,0
31736,1489,1512,0
31737,1889,2271,0
31738,2271,3225,0
31739,2221,2271,0
31740,6586,1269,0
31741,1323,1269,0
31742,1323,1499,0
31743,1323,6586,0
31744,1269,1499,0
31745,245,113,0
31746,1774,1175,0
31747,1774,6586,0
31748,2495,5434,0
31749,5434,4787,0
31750,2427,2226,0
31751,1583,1341,0
31752,1037,1341,0
31753,1037,1583,0
31754,1341,1364,0
31755,6663,513,0
31756,6151,573,0
31757,6151,513,0
31758,6151,6663,0
31759,573,513,0
31760,1350,513,0
31761,534,1350,0
31762,513,1487,0
31763,2619,3609,0
31764,4639,4787,0
31765,506,210,0
31766,1965,1945,0
31767,4908,5502,0
31768,5045,5502,0
31769,5045,4908,0
31770,5502,5945,0
31771,2239,2354,0
31772,2460,2239,0
31773,2239,2339,0
31774,2062,2276,0
31775,2276,2086,0
31776,2276,2323,0
31777,747,683,0
31778,1311,1468,0
31779,721,463,0
31780,721,775,0
31781,707,775,0
31782,707,463,0
31783,775,463,0
31784,2738,2145,0
31785,1021,754,0
31786,723,754,0
31787,1084,754,0
31788,2539,2629,0
31789,1599,1926,0
31790,841,1546,0
31791,1264,1546,0
31792,2948,3075,0
31793,3786,2872,0
31794,3786,2948,0
31795,2948,3609,0
31796,3361,3786,0
31797,4316,6663,0
31798,4316,5393,0
31799,5434,5393,0
31800,5434,6663,0
31801,5434,4316,0
31802,5393,6663,0
31803,1599,1468,0
31804,1585,1546,0
31805,1585,1599,0
31806,1468,1546,0
31807,593,406,0
31808,514,593,0
31809,1639,1487,0
31810,1614,1487,0
31811,1614,1639,0
31812,1487,1497,0
31813,1079,1036,0
31814,1036,853,0
31815,1906,2948,0
31816,1763,1820,0
31817,893,1733,0
31818,1021,1122,0
31819,754,1122,0
31820,1084,1122,0
31821,1599,2051,0
31822,1451,1653,0
31823,1451,1599,0
31824,1323,885,0
31825,1323,1014,0
31826,1135,1323,0
31827,1935,1593,0
31828,1935,1596,0
31829,2495,2271,0
31830,423,643,0
31831,423,613,0
31832,261,423,0
31833,224,158,0
31834,71,158,0
31835,36,158,0
31836,6308,6317,0
31837,6308,6033,0
31838,6308,5981,0
31839,5990,6032,0
31840,6242,6032,0
31841,6215,6032,0
31842,493,210,0
31843,506,1733,0
31844,1545,1458,0
31845,2437,2297,0
31846,573,6531,0
31847,78,239,0
31848,78,573,0
31849,1585,1545,0
31850,1763,1585,0
31851,6531,210,0
31852,223,210,0
31853,141,210,0
31854,1545,1738,0
31855,1077,849,0
31856,1931,1818,0
31857,2324,2273,0
31858,2258,2238,0
31859,2487,2738,0
31860,2927,2487,0
31861,1438,1540,0
31862,1438,1669,0
31863,1570,1669,0
31864,1570,1540,0
31865,1570,1438,0
31866,1669,1540,0
31867,481,581,0
31868,481,659,0
31869,6663,4787,0
31870,5434,1350,0
31871,1350,4787,0
31872,3361,1811,0
31873,1850,1763,0
31874,2077,2241,0
31875,868,1082,0
31876,573,742,0
31877,552,634,0
31878,552,572,0
31879,436,572,0
31880,436,634,0
31881,436,552,0
31882,572,634,0
31883,1546,1545,0
31884,1094,1207,0
31885,1643,1885,0
31886,1082,1134,0
31887,613,476,0
31888,476,747,0
31889,2082,1643,0
31890,1199,1399,0
31891,1468,1347,0
31892,1468,1199,0
31893,1399,1347,0
31894,5067,5027,0
31895,5126,5027,0
31896,742,210,0
31897,1763,1468,0
31898,742,727,0
31899,742,392,0
31900,661,742,0
31901,392,727,0
31902,1134,1517,0
31903,1545,1131,0
31904,1517,1131,0
31905,1576,1653,0
31906,6465,1653,0
31907,1653,4451,0
31908,1077,751,0
31909,2077,2196,0
31910,1512,1699,0
31911,864,921,0
31912,796,1163,0
31913,796,921,0
31914,796,864,0
31915,1163,921,0
31916,1988,1850,0
31917,2604,2634,0
31918,2671,2295,0
31919,2097,2077,0
31920,1720,1988,0
31921,1818,1850,0
31922,1965,1820,0
31923,1816,1983,0
31924,1983,1818,0
31925,1160,1064,0
31926,1127,1064,0
31927,1311,1451,0
31928,6621,2324,0
31929,1659,1587,0
31930,1659,1311,0
31931,6205,460,0
31932,5888,6203,0
31933,6012,6213,0
31934,6012,6203,0
31935,6012,5888,0
31936,6213,6203,0
31937,1384,1441,0
31938,1816,1738,0
31939,2391,2372,0
31940,2325,2372,0
31941,2325,2508,0
31942,1720,1512,0
31943,5636,5377,0
31944,5636,5667,0
31945,5233,5667,0
31946,5233,5377,0
31947,5233,5636,0
31948,2756,2304,0
31949,2129,2756,0
31950,1084,1070,0
31951,1416,1506,0
31952,1315,1416,0
31953,1506,1429,0
31954,747,1007,0
31955,886,661,0
31956,2304,2702,0
31957,2107,2046,0
31958,2295,2304,0
31959,2295,1690,0
31960,2295,1733,0
31961,1690,2129,0
31962,2107,1690,0
31963,2107,1772,0
31964,2230,1924,0
31965,2250,2000,0
31966,2182,2196,0
31967,2196,1983,0
31968,2196,1965,0
31969,2974,2925,0
31970,3070,2974,0
31971,2536,3129,0
31972,2536,2196,0
31973,2544,2536,0
31974,2473,2324,0
31975,2123,2217,0
31976,2209,2217,0
31977,2209,2112,0
31978,2209,2123,0
31979,2217,2112,0
31980,2473,2238,0
31981,2473,2273,0
31982,2604,2473,0
31983,2473,2427,0
31984,2473,2490,0
31985,2893,2997,0
31986,6184,6590,0
31987,1097,2595,0
31988,1097,6590,0
31989,1097,6184,0
31990,2595,6590,0
31991,3541,3037,0
31992,3037,3403,0
31993,2434,2558,0
31994,2729,2855,0
31995,2655,2607,0
31996,2847,2804,0
31997,2963,2662,0
31998,3254,2985,0
31999,3055,2963,0
32000,2678,2833,0
32001,2653,2833,0
32002,2833,2963,0
32003,2773,2955,0
32004,2773,2847,0
32005,2250,2161,0
32006,2042,2250,0
32007,2590,2655,0
32008,3762,3976,0
32009,3831,3762,0
32010,2558,2325,0
32011,2450,2491,0
32012,2558,2400,0
32013,2593,2352,0
32014,2831,2804,0
32015,2708,2991,0
32016,2708,2831,0
32017,1991,2150,0
32018,2112,2089,0
32019,2150,2089,0
32020,2705,2360,0
32021,2866,2930,0
32022,2812,2955,0
32023,3195,3256,0
32024,3183,3184,0
32025,3183,3195,0
32026,3184,3256,0
32027,2824,2794,0
32028,2395,2450,0
32029,1651,1864,0
32030,1651,1697,0
32031,1781,1697,0
32032,1781,1651,0
32033,1697,1864,0
32034,2445,2582,0
32035,2445,2459,0
32036,2475,2582,0
32037,2475,2445,0
32038,2459,2582,0
32039,2607,2478,0
32040,3374,3638,0
32041,3374,3535,0
32042,3294,3535,0
32043,3294,3638,0
32044,3294,3374,0
32045,2966,2793,0
32046,2966,2956,0
32047,2639,2631,0
32048,2639,2666,0
32049,2631,2666,0
32050,2866,2653,0
32051,2250,2134,0
32052,2299,2340,0
32053,2299,2475,0
32054,3135,2963,0
32055,2957,2717,0
32056,2884,3025,0
32057,2814,2962,0
32058,2814,3025,0
32059,2520,2434,0
32060,2520,2427,0
32061,2505,2520,0
32062,2520,2326,0
32063,2589,2386,0
32064,2446,2547,0
32065,2446,2386,0
32066,2446,2589,0
32067,2522,2477,0
32068,2516,2334,0
32069,2516,2403,0
32070,2008,1911,0
32071,2008,1838,0
32072,2825,3024,0
32073,3284,3147,0
32074,3284,3009,0
32075,2970,2972,0
32076,2975,2972,0
32077,2975,2785,0
32078,2975,2970,0
32079,2972,2785,0
32080,2391,2553,0
32081,2250,2298,0
32082,3035,3045,0
32083,3094,3086,0
32084,3094,3045,0
32085,3094,3035,0
32086,3086,3045,0
32087,2804,2873,0
32088,2517,2305,0
32089,1904,1941,0
32090,3256,3248,0
32091,3248,3025,0
32092,2161,2448,0
32093,2161,2411,0
32094,2411,2305,0
32095,2832,2970,0
32096,2417,2608,0
32097,2527,2606,0
32098,2527,2417,0
32099,2608,2606,0
32100,3449,3197,0
32101,2811,2517,0
32102,2408,2538,0
32103,2484,2479,0
32104,2484,2408,0
32105,2960,3168,0
32106,2930,2847,0
32107,2611,2502,0
32108,2687,2448,0
32109,2667,2411,0
32110,3147,2976,0
32111,3006,2953,0
32112,3248,2962,0
32113,2963,2975,0
32114,2963,2785,0
32115,2963,2970,0
32116,3148,3030,0
32117,2924,6635,0
32118,2757,6635,0
32119,2757,2924,0
32120,2831,2687,0
32121,2687,2827,0
32122,2831,2667,0
32123,2687,2990,0
32124,2687,2885,0
32125,2687,2954,0
32126,2833,2811,0
32127,2540,2503,0
32128,2952,2900,0
32129,2601,2666,0
32130,2721,2666,0
32131,2833,2885,0
32132,2885,2663,0
32133,2885,2639,0
32134,3077,3148,0
32135,3148,3261,0
32136,2885,2847,0
32137,2983,3024,0
32138,3506,3452,0
32139,3537,3631,0
32140,3537,3452,0
32141,3537,3506,0
32142,3631,3452,0
32143,2917,2916,0
32144,2832,2916,0
32145,3024,2970,0
32146,2970,2884,0
32147,2334,2459,0
32148,2331,2334,0
32149,2963,3219,0
32150,2963,3095,0
32151,2970,2962,0
32152,2963,2866,0
32153,3021,2815,0
32154,2862,2842,0
32155,2951,2900,0
32156,2951,2862,0
32157,3968,4149,0
32158,4049,3968,0
32159,3012,3292,0
32160,3012,2907,0
32161,2644,2735,0
32162,2652,2462,0
32163,2513,2406,1
32164,2513,2254,1
32165,2612,2513,0
32166,2459,2614,0
32167,2459,2679,0
32168,1919,1861,0
32169,1849,1919,0
32170,3772,3670,0
32171,3772,3790,0
32172,3661,3790,0
32173,3661,3772,0
32174,3790,3670,0
32175,2818,3055,0
32176,2865,2966,0
32177,2966,2856,0
32178,2633,2475,0
32179,2693,2679,0
32180,2475,2679,0
32181,2818,3012,0
32182,2294,2431,0
32183,2392,2203,0
32184,2392,2294,0
32185,2431,2203,0
32186,2366,2459,0
32187,2678,2796,0
32188,2596,2833,0
32189,2678,2982,0
32190,3302,3476,0
32191,3302,3406,0
32192,3302,3261,0
32193,2966,2900,0
32194,2259,2477,0
32195,2261,2227,0
32196,2336,2403,0
32197,2575,2668,0
32198,2395,2355,0
32199,2632,2513,0
32200,2531,2513,0
32201,2421,2326,0
32202,2622,2712,0
32203,2622,2513,1
32204,2580,2644,0
32205,2739,2710,0
32206,2739,2580,0
32207,2644,2710,0
32208,2477,2400,0
32209,2846,2717,0
32210,2602,2513,0
32211,2334,2117,0
32212,2334,2148,0
32213,2340,2148,0
32214,2334,2190,0
32215,2290,2340,0
32216,2290,2148,0
32217,2290,2117,0
32218,2421,2353,0
32219,2461,2421,0
32220,2085,2037,0
32221,1923,2044,0
32222,1923,2085,0
32223,2037,2044,0
32224,2335,2263,0
32225,2335,2088,0
32226,2335,2509,0
32227,2296,2187,0
32228,2296,2184,0
32229,2830,2739,0
32230,2530,2461,0
32231,2452,2530,0
32232,2357,2160,0
32233,2612,2712,0
32234,2815,2888,0
32235,2652,2739,0
32236,3021,2695,0
32237,2514,2334,0
32238,2640,2505,0
32239,2640,2520,0
32240,2640,2729,0
32241,2557,2340,0
32242,2816,2888,0
32243,2888,3265,0
32244,3251,2888,0
32245,2957,3026,1
32246,2888,3131,0
32247,2888,2988,0
32248,2888,3250,0
32249,2364,2514,0
32250,2513,2452,0
32251,2775,2907,0
32252,2996,2944,0
32253,2147,2225,0
32254,2147,2177,0
32255,2358,2406,0
32256,2358,2514,0
32257,1472,1575,0
32258,1427,1575,0
32259,1427,1509,0
32260,1427,1472,0
32261,3460,3411,0
32262,3460,3629,0
32263,2993,3180,0
32264,3139,2993,0
32265,2957,2846,0
32266,2846,2874,0
32267,3142,2809,1
32268,2492,2602,0
32269,2602,2462,0
32270,2513,2492,0
32271,3221,3016,0
32272,4139,3999,0
32273,4139,4165,0
32274,2735,2717,0
32275,2641,2462,0
32276,2967,2975,0
32277,2967,2806,0
32278,2856,2975,0
32279,2950,2947,0
32280,2834,2947,0
32281,2566,2710,0
32282,2652,2644,0
32283,2516,2336,0
32284,2336,2514,0
32285,2516,2358,0
32286,2492,2514,0
32287,2580,2513,0
32288,2513,2474,1
32289,2580,2659,0
32290,2834,2717,0
32291,2385,2420,0
32292,2385,2547,0
32293,2435,2547,0
32294,4028,3742,0
32295,4031,3742,0
32296,3742,3842,0
32297,3430,3026,1
32298,3430,2993,1
32299,3430,2957,0
32300,3026,2993,1
32301,2412,2682,0
32302,2682,2462,0
32303,2739,2724,0
32304,2682,2403,0
32305,2682,2516,0
32306,2843,2691,0
32307,2625,2843,0
32308,2947,3012,0
32309,2996,3012,0
32310,2633,2438,0
32311,2475,2438,0
32312,2438,2614,0
32313,2789,2834,0
32314,3328,3140,0
32315,3352,3140,0
32316,3393,3140,0
32317,2842,2793,0
32318,2724,2849,0
32319,2842,2849,0
32320,2633,2566,0
32321,2566,2438,0
32322,3529,3629,0
32323,2947,2818,0
32324,2947,2907,0
32325,2834,3012,0
32326,2947,2735,0
32327,3082,2950,0
32328,2950,3012,0
32329,2950,2717,0
32330,2950,2907,0
32331,2950,2682,0
32332,2957,3322,0
32333,2957,3266,0
32334,2474,2656,0
32335,2778,2786,0
32336,2803,2706,0
32337,2786,2706,0
32338,2037,2059,0
32339,2059,2111,0
32340,3374,3110,0
32341,3260,3145,0
32342,3260,3374,0
32343,3929,3775,0
32344,3929,3371,0
32345,3775,3464,0
32346,3031,3171,0
32347,3031,3016,0
32348,2710,2492,0
32349,2064,2103,0
32350,2000,2103,0
32351,2515,2725,0
32352,2515,2485,0
32353,2613,2485,0
32354,2613,2515,0
32355,2659,2633,0
32356,2589,2557,0
32357,2446,2557,0
32358,2557,2547,0
32359,2723,2669,0
32360,2439,2685,0
32361,2439,2723,0
32362,2669,2685,0
32363,2557,2633,0
32364,2557,2741,0
32365,2678,2679,0
32366,2817,2980,0
32367,2597,2608,0
32368,2597,2670,0
32369,2597,2606,0
32370,2608,2670,0
32371,2806,2818,0
32372,2662,2856,0
32373,3041,2944,0
32374,2996,3141,0
32375,2996,3041,0
32376,2535,2613,0
32377,2095,2292,0
32378,2849,2834,0
32379,2203,2223,0
32380,2203,2329,0
32381,2203,2133,0
32382,3145,3171,0
32383,2724,2770,0
32384,3298,2980,0
32385,3298,2928,0
32386,2899,3298,0
32387,2778,2685,0
32388,2669,2778,0
32389,2552,2685,0
32390,2557,2675,0
32391,2741,2675,0
32392,2005,1933,0
32393,2550,2644,0
32394,2385,2286,0
32395,2385,2438,0
32396,2446,2385,0
32397,2675,2547,0
32398,1977,1753,0
32399,1702,1977,0
32400,2338,2166,0
32401,2386,2310,0
32402,2386,2348,0
32403,1708,1693,1
32404,1581,1755,0
32405,2359,2390,0
32406,2659,2710,0
32407,1982,2001,0
32408,1982,2128,0
32409,2001,2119,0
32410,1708,1923,0
32411,1708,1869,0
32412,1862,1825,0
32413,1947,1825,0
32414,2293,2137,0
32415,2192,2137,0
32416,2192,2293,0
32417,2862,2725,0
32418,2828,2725,0
32419,1426,1806,0
32420,1630,1806,0
32421,1630,1426,0
32422,1806,1601,0
32423,3016,2857,0
32424,2951,2912,0
32425,1693,2044,0
32426,1693,1923,0
32427,1708,2044,0
32428,2442,2438,0
32429,2190,2155,0
32430,2589,2951,0
32431,3420,3314,0
32432,3242,3208,0
32433,3242,3420,0
32434,3314,3208,0
32435,2877,2642,0
32436,2669,2642,0
32437,2669,2683,0
32438,2669,2877,0
32439,2642,2683,0
32440,2965,2998,0
32441,2975,2678,0
32442,2210,2173,0
32443,1909,2173,0
32444,1982,2173,0
32445,2806,2963,0
32446,2951,2725,0
32447,2842,2725,0
32448,2860,2777,0
32449,2529,2799,0
32450,2926,2660,0
32451,2660,2899,0
32452,3260,3208,0
32453,4127,3969,0
32454,4127,4227,0
32455,3971,4227,0
32456,3520,3436,0
32457,3520,3426,0
32458,3435,3520,0
32459,3218,3378,0
32460,3329,3378,0
32461,3329,3373,0
32462,3329,3218,0
32463,2777,2913,1
32464,2777,2524,1
32465,2911,2777,0
32466,2524,2913,1
32467,4364,4119,0
32468,4364,4632,0
32469,4578,4119,0
32470,4578,4364,0
32471,2548,2764,0
32472,2706,2548,0
32473,2764,2535,0
32474,2485,2547,0
32475,1844,2073,0
32476,1952,1901,0
32477,1952,2073,0
32478,2850,2471,0
32479,2155,2290,0
32480,2429,2415,0
32481,2415,2293,0
32482,3371,3314,0
32483,3314,3540,0
32484,2631,2885,0
32485,2796,2631,0
32486,1813,2171,0
32487,1895,2171,0
32488,3339,3104,0
32489,3311,3104,0
32490,3371,3104,0
32491,3187,2968,0
32492,3017,2968,0
32493,2968,3162,0
32494,3480,3542,0
32495,3434,3542,0
32496,3434,3378,0
32497,3434,3480,0
32498,3542,3378,0
32499,2620,2787,0
32500,2787,2423,0
32501,2264,2429,0
32502,2438,2589,0
32503,2438,2557,0
32504,1933,1821,0
32505,2704,2614,0
32506,2693,2459,0
32507,2900,2881,0
32508,3312,3234,0
32509,3283,3234,0
32510,3345,3234,0
32511,2338,2192,0
32512,2415,2642,0
32513,2481,2445,0
32514,2485,2446,0
32515,2814,2628,0
32516,2150,2064,0
32517,2181,2064,0
32518,2499,2285,0
32519,2613,2285,0
32520,1933,1750,0
32521,1191,1354,0
32522,1308,1356,0
32523,1308,1191,0
32524,1356,1354,0
32525,2704,2515,0
32526,4282,4404,0
32527,2552,2548,0
32528,2177,2059,0
32529,2177,2310,0
32530,2177,2111,0
32531,2059,2310,0
32532,2683,2613,0
32533,2499,2444,0
32534,2694,2444,0
32535,2694,2285,0
32536,2444,2285,0
32537,2589,2741,0
32538,2877,3013,0
32539,2941,3013,0
32540,2941,2877,0
32541,3013,2783,0
32542,2446,2420,0
32543,2548,2725,0
32544,2499,2507,0
32545,2690,2699,0
32546,2690,2507,0
32547,2690,2499,0
32548,2699,2507,0
32549,2327,2499,0
32550,1901,1871,0
32551,2341,2095,0
32552,2169,1959,0
32553,2327,2286,0
32554,2327,2446,0
32555,1746,2551,0
32556,1989,2551,0
32557,1989,1746,0
32558,1846,2551,0
32559,1910,1901,0
32560,2499,2431,0
32561,2699,2431,0
32562,3065,2675,0
32563,2338,2548,0
32564,2538,2270,0
32565,2538,2480,0
32566,2749,2562,0
32567,2749,2699,0
32568,2173,2429,0
32569,2173,2293,0
32570,3172,3145,0
32571,2911,3145,0
32572,2515,2389,0
32573,3540,3543,0
32574,2431,2329,0
32575,1865,1886,0
32576,1865,1922,0
32577,2856,2947,0
32578,2589,2912,0
32579,2589,2548,0
32580,2355,2301,0
32581,2589,2675,0
32582,3612,3553,0
32583,3510,3287,0
32584,3510,3612,0
32585,3287,3553,0
32586,2589,2656,0
32587,2054,2091,0
32588,2223,2034,0
32589,2628,2678,0
32590,1766,2085,1
32591,2037,1693,0
32592,2037,1766,0
32593,2085,1693,1
32594,2817,2926,0
32595,2481,2499,0
32596,2299,2459,0
32597,3618,3565,0
32598,3618,3406,0
32599,3475,3565,0
32600,6666,4588,0
32601,6666,4140,0
32602,1865,1871,0
32603,1993,1821,0
32604,2122,2147,0
32605,2294,2453,0
32606,2096,2128,0
32607,2614,2749,0
32608,2499,2223,0
32609,2442,2223,0
32610,2442,2431,0
32611,2442,2499,0
32612,2223,2431,0
32613,3303,3285,0
32614,3303,3217,0
32615,3303,3358,0
32616,2481,2223,0
32617,2481,2363,0
32618,3419,3459,0
32619,3419,3309,0
32620,3456,3459,0
32621,3456,3419,0
32622,3309,3459,0
32623,3631,3481,0
32624,3631,3722,0
32625,3537,3722,0
32626,3537,3481,0
32627,3722,3481,0
32628,2900,2996,0
32629,3119,3012,0
32630,3012,2856,0
32631,2446,2614,0
32632,2628,2395,0
32633,2047,2098,0
32634,2193,1858,0
32635,2193,2047,0
32636,2098,1858,0
32637,2678,2785,0
32638,3419,3510,0
32639,3433,3510,0
32640,3433,3459,0
32641,3433,3419,0
32642,2679,2641,0
32643,3529,3328,0
32644,4033,4040,0
32645,3863,4019,0
32646,3863,4033,0
32647,4019,4040,0
32648,3568,3283,0
32649,3568,3312,0
32650,3568,3416,0
32651,2633,2446,0
32652,2912,3110,0
32653,3199,3264,0
32654,3199,3362,0
32655,3345,3362,0
32656,3345,3264,0
32657,3345,3199,0
32658,3362,3264,0
32659,2939,3041,0
32660,3670,3600,0
32661,3571,3600,0
32662,3661,3600,0
32663,3431,3446,0
32664,3049,2975,0
32665,3049,2963,0
32666,3095,2975,0
32667,3095,3049,0
32668,3385,3387,0
32669,3241,3387,0
32670,3325,3387,0
32671,3523,3431,0
32672,3448,3367,0
32673,3448,3523,0
32674,2767,2820,0
32675,2767,3029,0
32676,2956,2967,0
32677,2793,2967,0
32678,2533,2722,0
32679,2785,2864,0
32680,2678,2864,0
32681,3487,3661,0
32682,3124,2945,0
32683,2889,2945,0
32684,2943,2945,0
32685,2967,2865,0
32686,3328,3026,1
32687,3393,3026,1
32688,3486,3425,0
32689,3094,2848,0
32690,3094,2850,0
32691,2828,3094,0
32692,3049,3219,0
32693,3219,3112,0
32694,2967,2966,0
32695,3119,3448,0
32696,3292,3119,0
32697,3370,3256,0
32698,3370,3283,0
32699,3502,3370,0
32700,2979,3029,0
32701,2767,2979,0
32702,3029,2894,0
32703,2862,2589,0
32704,3416,3370,0
32705,3312,3308,0
32706,3312,3370,0
32707,3246,3217,0
32708,3358,3617,0
32709,3358,3535,0
32710,3374,3617,0
32711,3374,3358,0
32712,3487,3482,0
32713,3358,3544,0
32714,3358,3542,0
32715,3045,2864,0
32716,2956,2978,0
32717,2956,3045,0
32718,3571,3458,0
32719,3571,3411,0
32720,3519,3411,0
32721,3519,3571,0
32722,3411,3458,0
32723,3540,3247,0
32724,3540,3596,0
32725,3278,3596,0
32726,3278,3247,0
32727,3278,3540,0
32728,3596,3247,0
32729,2862,2562,0
32730,2978,3035,0
32731,3452,3340,0
32732,3452,3308,0
32733,3452,3370,0
32734,3119,3220,0
32735,3395,3119,0
32736,3613,3499,0
32737,3613,3631,0
32738,3853,3631,0
32739,3583,3577,0
32740,3332,3031,0
32741,2975,3025,0
32742,3458,3431,0
32743,2894,2625,0
32744,2832,2894,0
32745,2883,2763,0
32746,2886,3009,0
32747,2886,2883,0
32748,3009,2763,0
32749,3122,3276,0
32750,3024,3276,0
32751,3024,3122,0
32752,2665,2850,0
32753,2665,2690,0
32754,2848,2699,0
32755,2699,2625,0
32756,3555,3653,0
32757,3555,3689,0
32758,3663,3689,0
32759,3689,3653,0
32760,3029,2871,0
32761,2819,2820,0
32762,2819,2871,0
32763,2819,3029,0
32764,3283,3482,0
32765,3415,3395,0
32766,3415,3482,0
32767,3415,3283,0
32768,2833,2884,0
32769,2796,2884,0
32770,2894,2917,0
32771,2916,2785,0
32772,2037,1802,0
32773,2721,2814,0
32774,2628,2588,0
32775,2678,2588,0
32776,2442,2445,0
32777,2442,2363,0
32778,1577,1852,0
32779,1899,1852,0
32780,1801,1852,0
32781,3036,2832,0
32782,2758,3036,0
32783,3431,3331,0
32784,2767,2825,0
32785,2767,2722,0
32786,2525,2484,0
32787,2525,2384,0
32788,2885,2884,0
32789,2543,2663,0
32790,4123,4503,0
32791,3668,3451,0
32792,3051,3200,0
32793,3044,3200,0
32794,3195,3049,0
32795,3219,3195,0
32796,2979,2843,0
32797,3358,3246,0
32798,2917,2843,0
32799,2294,2095,0
32800,2444,2341,0
32801,2690,2444,0
32802,3276,3261,0
32803,3563,3618,0
32804,3563,3702,0
32805,3722,3618,0
32806,4052,3977,0
32807,3406,3633,0
32808,3565,3633,0
32809,2960,3077,0
32810,2636,2677,0
32811,2962,2827,0
32812,2827,2663,0
32813,2747,2663,0
32814,3124,3211,0
32815,3197,2943,0
32816,3197,3124,0
32817,2943,3211,0
32818,2932,2914,0
32819,2757,2851,0
32820,2747,2825,0
32821,3199,3283,0
32822,2745,2636,0
32823,2796,2827,0
32824,2766,2734,0
32825,2766,2807,0
32826,2737,2920,0
32827,2737,2981,0
32828,2831,2920,0
32829,2831,2737,0
32830,2981,2920,0
32831,3457,3385,0
32832,3229,3385,0
32833,3385,3212,0
32834,2827,2990,0
32835,3030,2852,0
32836,3572,6652,0
32837,3855,6652,0
32838,6652,6645,0
32839,2329,2169,0
32840,2154,2355,0
32841,2154,2329,0
32842,2637,2831,0
32843,3030,2920,0
32844,2329,2442,0
32845,2920,2914,0
32846,2631,2517,0
32847,3183,3283,0
32848,3283,3308,0
32849,4245,4268,0
32850,4245,4036,0
32851,2491,2540,0
32852,3253,3302,0
32853,2884,2721,0
32854,2663,2666,0
32855,2631,2827,0
32856,2763,2608,0
32857,2597,2763,0
32858,2608,2715,0
32859,1474,1469,0
32860,1521,1469,0
32861,1469,1455,0
32862,4549,4669,0
32863,2825,2914,0
32864,2395,2542,0
32865,2838,2670,0
32866,2838,2615,0
32867,2453,2414,0
32868,1977,1932,0
32869,1932,1877,0
32870,2666,2885,0
32871,3044,2920,0
32872,3044,3022,0
32873,3044,2886,0
32874,2920,3022,0
32875,2737,2637,0
32876,2737,2873,0
32877,2617,2737,0
32878,2366,2445,0
32879,2042,2197,0
32880,2569,2441,0
32881,2722,2819,0
32882,2722,2932,0
32883,2767,2932,0
32884,2767,2819,0
32885,2932,2819,0
32886,2924,2920,0
32887,2392,2601,0
32888,3241,3176,0
32889,3241,2979,0
32890,3207,3176,0
32891,3207,3241,0
32892,2608,2643,0
32893,2443,2643,0
32894,2711,2819,0
32895,2771,2943,0
32896,2871,2943,0
32897,2873,2851,0
32898,2503,2616,0
32899,2250,2375,0
32900,2852,2737,0
32901,2838,2763,0
32902,2722,2838,0
32903,2503,2663,0
32904,2740,2701,0
32905,2533,2701,0
32906,2543,2532,0
32907,2696,2883,0
32908,2976,2838,0
32909,3044,2838,0
32910,2932,2838,0
32911,2408,2519,0
32912,2408,2533,0
32913,2414,2408,0
32914,2636,2601,0
32915,2250,2170,0
32916,2034,1892,0
32917,2409,2582,0
32918,2601,2419,0
32919,2014,1837,0
32920,2383,2613,0
32921,2699,2843,0
32922,3234,3199,0
32923,3009,3044,0
32924,3009,2838,0
32925,3009,2976,0
32926,2374,2564,0
32927,2374,2868,0
32928,2374,2733,0
32929,2564,2868,0
32930,2690,2625,0
32931,2176,2621,0
32932,2176,2584,0
32933,2176,2440,0
32934,1210,1304,0
32935,1210,1330,0
32936,1168,1304,0
32937,1330,1304,0
32938,3591,3577,0
32939,2417,2232,0
32940,2417,2424,0
32941,3155,3189,0
32942,3155,3334,0
32943,3200,3148,0
32944,1462,1416,0
32945,1462,1407,0
32946,1615,1416,0
32947,2211,2223,0
32948,2223,2299,0
32949,2035,2154,0
32950,2174,2154,0
32951,2294,2507,0
32952,2133,2080,0
32953,2294,2499,0
32954,1879,2031,0
32955,1879,2068,0
32956,2059,2068,0
32957,2059,2031,0
32958,2059,1879,0
32959,2071,2058,0
32960,2285,2341,0
32961,2285,2203,0
32962,2285,2294,0
32963,2294,2519,0
32964,3035,2848,0
32965,2956,2848,0
32966,1864,1676,0
32967,3148,3054,0
32968,2916,2864,0
32969,2972,2916,0
32970,2569,2416,0
32971,2549,2569,0
32972,2701,2761,0
32973,2861,2968,0
32974,2861,2701,0
32975,2761,2968,0
32976,3474,3269,0
32977,3474,3343,0
32978,3287,3343,0
32979,3287,3474,0
32980,3343,3269,0
32981,2715,2643,0
32982,2774,2540,0
32983,2883,6634,0
32984,6634,3009,0
32985,2969,2757,0
32986,2969,2703,0
32987,6634,2969,0
32988,2457,2317,0
32989,2488,2463,0
32990,3074,3198,0
32991,3031,3074,0
32992,3295,3411,0
32993,3295,3332,0
32994,2294,2349,0
32995,2414,2349,0
32996,1302,1594,0
32997,1628,1292,0
32998,1628,1302,1
32999,1594,1292,0
33000,2976,3125,0
33001,3199,3356,0
33002,3199,3285,0
33003,3094,3356,0
33004,3285,3356,0
33005,3036,3276,0
33006,3340,3276,0
33007,3276,3227,0
33008,2807,2958,0
33009,2807,3152,0
33010,2892,3152,0
33011,2892,2807,0
33012,3152,2958,0
33013,3044,3235,0
33014,3235,3030,0
33015,3125,2807,0
33016,3125,2766,0
33017,2760,2766,0
33018,2760,2807,0
33019,2760,3125,0
33020,3204,2807,0
33021,3204,3152,0
33022,2892,3204,0
33023,2858,2374,0
33024,2858,2476,0
33025,2923,2374,0
33026,2058,1904,0
33027,2174,1904,0
33028,2174,2112,0
33029,2174,2058,0
33030,3369,3522,0
33031,3419,3522,0
33032,3419,3223,0
33033,3419,3369,0
33034,3522,3223,0
33035,2926,2501,0
33036,2817,2945,0
33037,3187,3517,0
33038,3517,3162,0
33039,4671,3992,0
33040,2926,2980,0
33041,2976,3029,0
33042,2976,2819,0
33043,2871,2976,0
33044,2838,3125,0
33045,3523,3395,0
33046,3285,3193,0
33047,3285,3378,0
33048,3346,3568,0
33049,3568,3482,0
33050,2417,2322,0
33051,2349,2322,0
33052,2349,2417,0
33053,2322,2491,0
33054,3857,3878,0
33055,3857,3681,0
33056,3857,3639,0
33057,3537,3340,0
33058,3502,3302,0
33059,3111,2976,0
33060,2819,3111,0
33061,3189,3116,0
33062,3116,3155,0
33063,3395,3367,0
33064,3593,3568,0
33065,3593,3720,0
33066,3733,3568,0
33067,3733,3593,0
33068,3537,3742,0
33069,3742,3631,0
33070,2916,2970,0
33071,3276,3183,0
33072,3653,3660,0
33073,3653,3410,0
33074,3387,3410,0
33075,3387,3660,0
33076,3387,3653,0
33077,3410,3660,0
33078,2916,3024,0
33079,3370,3568,0
33080,3502,3568,0
33081,3184,3234,0
33082,3184,3312,0
33083,2285,2171,0
33084,2285,2014,0
33085,2244,2171,0
33086,2244,2285,0
33087,3405,3484,0
33088,3405,3398,0
33089,3494,3484,0
33090,2499,2203,0
33091,1940,1913,0
33092,1761,1940,0
33093,3197,3405,0
33094,3494,3191,0
33095,2377,2388,0
33096,2377,2314,0
33097,2228,2377,0
33098,2314,2388,0
33099,2828,3013,0
33100,2828,2783,0
33101,3013,2725,0
33102,2367,2219,0
33103,2256,2219,0
33104,2493,2264,1
33105,2173,2493,0
33106,2264,2210,1
33107,3411,3670,0
33108,3016,3078,0
33109,2877,2725,0
33110,2870,2669,0
33111,2870,2683,0
33112,2870,2877,0
33113,2783,2704,0
33114,2723,2529,0
33115,2897,2529,0
33116,2529,2524,0
33117,2877,2781,0
33118,2941,2781,0
33119,2783,2781,0
33120,2799,2854,0
33121,2799,2877,0
33122,2669,2854,0
33123,2877,2854,0
33124,1915,1684,0
33125,1915,1801,0
33126,1684,1801,0
33127,3210,3484,0
33128,3210,3398,0
33129,3380,3398,0
33130,3380,3484,0
33131,3380,3210,0
33132,2034,1877,0
33133,2449,2658,0
33134,3549,3382,0
33135,3549,3391,0
33136,3090,3085,0
33137,3319,2859,0
33138,3319,3085,0
33139,2859,3085,0
33140,3972,3023,0
33141,2850,2567,0
33142,3389,3687,0
33143,3389,3392,0
33144,3569,3392,0
33145,3569,3687,0
33146,3569,3389,0
33147,3392,3687,0
33148,3317,3214,0
33149,3317,3067,0
33150,3293,3214,0
33151,3293,3317,0
33152,3970,3863,0
33153,3358,3411,0
33154,3535,3542,0
33155,2899,2783,0
33156,2132,2302,0
33157,2132,2463,0
33158,2302,2245,0
33159,2440,2219,0
33160,1989,2584,0
33161,2584,2207,0
33162,2440,1999,0
33163,2440,2104,0
33164,2207,2104,0
33165,2207,1999,0
33166,2374,2050,0
33167,2065,1940,0
33168,2065,2374,0
33169,2050,1940,0
33170,1592,1860,0
33171,1592,1718,0
33172,1799,1718,0
33173,1799,1592,0
33174,1718,1860,0
33175,2393,2694,0
33176,2414,2169,0
33177,3152,2674,0
33178,3152,2936,0
33179,3931,3708,0
33180,3931,3665,0
33181,3931,3505,0
33182,3575,3376,0
33183,3064,3376,0
33184,2923,3376,0
33185,2595,4739,0
33186,2501,2234,0
33187,2787,2234,0
33188,2471,2673,0
33189,3002,2877,0
33190,2973,2877,0
33191,2877,2875,0
33192,1548,1617,0
33193,1590,1617,0
33194,1590,1718,0
33195,1590,1548,0
33196,1617,1718,0
33197,1646,1681,0
33198,1646,1783,0
33199,1794,1681,0
33200,1374,1595,0
33201,1595,1331,0
33202,2501,2471,0
33203,2771,2850,0
33204,2292,2408,0
33205,2292,2384,0
33206,1964,2219,0
33207,2128,2219,0
33208,2219,1973,0
33209,2943,2820,0
33210,2850,2943,0
33211,2943,3029,0
33212,2817,2771,0
33213,2817,2943,0
33214,2943,2980,0
33215,2841,2980,0
33216,2525,2701,0
33217,2606,2745,0
33218,2722,2606,0
33219,2759,3418,0
33220,3186,3179,0
33221,3186,3400,0
33222,3385,3400,0
33223,3385,3179,0
33224,3385,3186,0
33225,1999,1806,0
33226,1444,1806,0
33227,1936,1806,0
33228,5019,5184,0
33229,5019,4849,0
33230,4525,4849,0
33231,4525,5184,0
33232,4525,5019,0
33233,4849,5184,0
33234,1745,1836,0
33235,3149,3518,0
33236,3158,3518,0
33237,2661,3518,0
33238,2945,2980,0
33239,2945,2928,0
33240,2841,2945,0
33241,6644,3697,0
33242,3704,3697,0
33243,3704,6644,0
33244,3376,3697,0
33245,6392,5979,0
33246,6392,6429,0
33247,6392,6358,0
33248,4119,4042,0
33249,4119,4200,0
33250,3856,4200,0
33251,3856,4042,0
33252,3856,4119,0
33253,4200,4042,0
33254,1521,1582,0
33255,2915,3060,0
33256,3175,3060,0
33257,3175,2915,0
33258,3060,2581,0
33259,2378,1989,0
33260,1989,2176,0
33261,3125,3309,0
33262,3125,3187,0
33263,3162,3309,0
33264,3162,3125,0
33265,3187,3309,0
33266,2136,2216,0
33267,2136,2476,0
33268,1353,1327,0
33269,2075,2098,0
33270,2101,2098,0
33271,2101,2075,0
33272,2132,2501,0
33273,3288,3073,0
33274,3022,3235,0
33275,3235,3073,0
33276,3124,3179,0
33277,3124,3385,0
33278,3449,3124,0
33279,3625,3400,0
33280,3625,3449,0
33281,3385,3625,0
33282,2858,2868,0
33283,2923,2868,0
33284,3644,3459,0
33285,3459,3286,0
33286,441,794,0
33287,441,2050,0
33288,1461,2050,0
33289,1461,794,0
33290,1461,441,0
33291,2050,794,0
33292,2791,2684,0
33293,2791,2915,0
33294,2303,2915,0
33295,2303,2684,0
33296,3223,3017,0
33297,3149,2564,0
33298,2661,2868,0
33299,2657,2733,0
33300,3532,3484,0
33301,3532,3494,0
33302,3639,3494,0
33303,3639,3484,0
33304,3639,3532,0
33305,3760,3823,0
33306,3686,3823,0
33307,3686,3793,0
33308,3686,3760,0
33309,3823,3793,0
33310,3111,3227,0
33311,1745,1891,0
33312,1013,1115,0
33313,1013,1026,0
33314,1192,1026,0
33315,1192,1013,0
33316,1026,1115,0
33317,6629,6615,0
33318,2581,6615,0
33319,2581,2506,0
33320,6615,2506,0
33321,3308,3126,0
33322,3207,3183,0
33323,2090,2365,0
33324,2365,2480,0
33325,2234,2302,0
33326,2660,2692,0
33327,3179,3391,0
33328,2945,3281,0
33329,2945,3179,0
33330,6658,6661,0
33331,2232,2174,0
33332,2417,2430,0
33333,2443,2417,0
33334,2256,1964,0
33335,2366,2355,0
33336,2245,1964,0
33337,2245,1958,0
33338,2219,1958,0
33339,2219,2245,0
33340,1958,1964,0
33341,3237,2915,0
33342,2581,3237,0
33343,3418,1836,0
33344,2202,1742,0
33345,924,955,0
33346,924,1124,0
33347,924,876,0
33348,2480,2118,0
33349,2322,2232,0
33350,2564,2401,0
33351,2564,2065,0
33352,1912,1941,0
33353,3124,3298,0
33354,2980,3179,0
33355,2980,3124,0
33356,3298,3179,0
33357,2661,3027,0
33358,1650,1665,0
33359,1958,1665,0
33360,1630,1665,0
33361,2219,1936,0
33362,1571,1507,0
33363,1571,1292,0
33364,1335,1292,0
33365,1335,1507,0
33366,1292,1507,0
33367,2423,2202,0
33368,2657,2480,0
33369,3626,3101,0
33370,3626,3149,0
33371,3518,3101,0
33372,2627,3158,0
33373,2627,3149,0
33374,2736,2234,0
33375,3153,3223,0
33376,3153,3017,0
33377,2869,3153,0
33378,1936,1964,0
33379,645,782,0
33380,6224,782,0
33381,2942,2684,0
33382,2942,2266,0
33383,2915,2942,0
33384,3369,3517,0
33385,3522,3517,0
33386,3517,3223,0
33387,3505,3459,0
33388,3510,3505,0
33389,2887,2620,0
33390,2423,2736,0
33391,908,880,0
33392,908,887,0
33393,990,880,0
33394,990,908,0
33395,887,880,0
33396,2439,2429,0
33397,2439,2173,0
33398,2404,2173,0
33399,2404,2429,0
33400,1722,1650,0
33401,2715,2696,0
33402,2608,2696,0
33403,5338,5083,0
33404,5099,5083,0
33405,5059,5083,0
33406,3391,3812,0
33407,3549,3709,0
33408,3549,3812,0
33409,3709,3812,0
33410,5247,5441,0
33411,5247,4965,0
33412,5588,5441,0
33413,5588,5247,0
33414,4965,5441,0
33415,1836,2365,0
33416,3092,3027,0
33417,2423,3027,0
33418,3027,3101,0
33419,2415,2456,0
33420,2207,2551,0
33421,2584,2551,0
33422,5019,4086,0
33423,5500,4525,0
33424,5500,5019,0
33425,2309,2096,0
33426,3637,3719,0
33427,3637,3400,0
33428,3101,3400,0
33429,3101,3719,0
33430,3400,3719,0
33431,2501,2480,0
33432,2889,2501,0
33433,2309,2219,0
33434,2309,2373,0
33435,2309,2425,0
33436,1219,1283,0
33437,1257,1206,0
33438,1257,1283,0
33439,1257,1219,0
33440,1206,1283,0
33441,1828,2302,0
33442,1828,2098,0
33443,2193,1828,0
33444,1910,1765,0
33445,1765,1813,0
33446,4200,4309,0
33447,2152,1852,0
33448,335,3238,0
33449,335,2647,0
33450,3792,3238,0
33451,3792,335,0
33452,2647,3238,0
33453,2245,2377,0
33454,2245,2367,0
33455,1663,1630,0
33456,1630,1796,0
33457,1183,1120,0
33458,725,1120,0
33459,725,1432,0
33460,725,1183,0
33461,1120,1432,0
33462,1183,924,0
33463,725,924,0
33464,914,834,0
33465,914,789,0
33466,941,789,0
33467,941,834,0
33468,789,834,0
33469,441,2266,0
33470,2237,2266,0
33471,2050,2266,0
33472,1697,1632,0
33473,1921,1632,0
33474,1665,1758,0
33475,1665,1964,0
33476,1912,1915,0
33477,1265,1363,0
33478,1265,1394,0
33479,1184,1363,0
33480,1394,1363,0
33481,2341,2014,0
33482,2609,1847,0
33483,1847,2065,0
33484,2040,1742,0
33485,2202,2040,0
33486,2040,1891,0
33487,1891,1836,0
33488,2090,2040,0
33489,3518,3209,0
33490,2491,2722,0
33491,1606,1506,0
33492,1615,1687,0
33493,1615,1506,0
33494,1615,1606,0
33495,1687,1506,0
33496,6620,2208,0
33497,6620,2413,0
33498,2416,2208,0
33499,2413,2208,0
33500,3575,6648,0
33501,3575,3206,0
33502,3343,3206,0
33503,3343,6648,0
33504,3343,3575,0
33505,1836,1847,0
33506,2365,1847,0
33507,2040,1918,0
33508,1684,1543,0
33509,1745,1847,0
33510,6648,4225,0
33511,4079,4225,0
33512,4079,3906,0
33513,4079,6648,0
33514,4225,3906,0
33515,4905,4485,0
33516,4905,4520,0
33517,4732,4905,0
33518,3158,3626,0
33519,3579,3436,0
33520,1900,2136,0
33521,2072,2136,0
33522,2090,2282,0
33523,2040,1815,0
33524,2040,1745,0
33525,3419,3492,0
33526,3522,3492,0
33527,3522,3665,0
33528,1331,1338,0
33529,1331,1237,0
33530,1221,1237,0
33531,1237,1338,0
33532,1891,1852,0
33533,1899,2020,0
33534,1915,2020,0
33535,2020,1971,0
33536,2020,1912,0
33537,1912,1971,0
33538,2923,2401,0
33539,2923,2564,0
33540,6615,2288,0
33541,1676,1899,0
33542,1902,1676,0
33543,1801,2020,0
33544,2063,2215,0
33545,3637,3626,0
33546,3637,3773,0
33547,3953,3773,0
33548,3953,3626,0
33549,3953,3637,0
33550,3773,3626,0
33551,497,607,0
33552,497,409,0
33553,3418,3518,0
33554,1606,1586,0
33555,1651,1586,0
33556,1095,1051,0
33557,1288,1051,0
33558,1430,1051,0
33559,769,832,0
33560,844,704,0
33561,832,704,0
33562,1801,1822,0
33563,3027,2887,0
33564,2202,2887,0
33565,2202,3023,0
33566,2202,3027,0
33567,2887,3023,0
33568,3281,3812,0
33569,2887,3812,0
33570,3812,3992,0
33571,5847,5289,0
33572,5847,5532,0
33573,4978,5532,0
33574,4978,5289,0
33575,4978,5847,0
33576,5532,5289,0
33577,2050,1822,0
33578,2736,2525,0
33579,2736,2701,0
33580,2606,2424,0
33581,2430,2424,0
33582,2430,2734,0
33583,2430,2606,0
33584,2424,2734,0
33585,3027,2620,0
33586,2202,2620,0
33587,4525,3209,0
33588,2759,4849,0
33589,2759,4525,0
33590,4849,3209,0
33591,3216,2958,0
33592,3059,3343,0
33593,3059,2958,0
33594,3343,2958,0
33595,3281,3092,0
33596,3101,3281,0
33597,3400,3092,0
33598,4058,4629,0
33599,4525,4629,0
33600,4531,4629,0
33601,4411,4240,0
33602,4411,4330,0
33603,4491,4330,0
33604,4491,4240,0
33605,4330,4240,0
33606,2191,2564,0
33607,3906,4588,0
33608,3237,3252,0
33609,2703,2798,0
33610,2674,2798,0
33611,156,652,0
33612,156,5464,0
33613,5838,5464,0
33614,5838,652,0
33615,5838,156,0
33616,5464,652,0
33617,2609,2627,0
33618,3695,3518,0
33619,3695,3626,0
33620,3695,3873,0
33621,2020,1881,0
33622,2020,2076,0
33623,2216,2076,0
33624,2216,1881,0
33625,2216,2020,0
33626,4759,5003,0
33627,2307,2457,0
33628,3695,2759,0
33629,3695,3209,0
33630,3223,3162,0
33631,3522,3162,0
33632,3149,3209,0
33633,3209,3101,0
33634,3521,3626,0
33635,3518,3895,0
33636,3418,3895,0
33637,3209,3895,0
33638,3187,2976,0
33639,2374,2191,0
33640,2282,2374,0
33641,3027,2143,0
33642,2143,3023,0
33643,3339,3293,0
33644,3339,3214,0
33645,3339,3317,0
33646,4777,2647,0
33647,4777,6201,0
33648,4777,1746,0
33649,5390,5338,0
33650,5247,5727,0
33651,5247,5338,0
33652,3812,4229,0
33653,3812,3879,0
33654,4222,3879,0
33655,4222,4229,0
33656,4222,3812,0
33657,4058,3812,0
33658,4553,4629,0
33659,2191,1847,0
33660,6603,1868,0
33661,6600,1868,0
33662,1457,1723,0
33663,1457,1881,0
33664,1761,1457,0
33665,3938,6644,0
33666,3938,3697,0
33667,2942,3697,0
33668,2942,6644,0
33669,2942,3938,0
33670,3376,2942,0
33671,2020,2065,0
33672,2915,3064,0
33673,3064,2581,0
33674,1461,1832,0
33675,1461,1822,0
33676,2050,1832,0
33677,1822,1832,0
33678,2869,2861,0
33679,6615,2153,0
33680,3048,2904,0
33681,3048,3267,0
33682,3267,2904,0
33683,2736,2376,0
33684,2525,2376,0
33685,2476,2766,0
33686,2766,2892,0
33687,6618,2318,0
33688,2733,2858,0
33689,2869,2858,0
33690,2757,2742,0
33691,2788,2569,0
33692,1241,6570,0
33693,1241,738,0
33694,3547,2942,0
33695,3547,3064,0
33696,2915,3547,0
33697,3064,2942,0
33698,6582,1929,0
33699,6582,6587,0
33700,6582,1510,0
33701,1929,6587,0
33702,2807,2936,0
33703,2798,2807,0
33704,2701,2479,0
33705,2237,2564,0
33706,2191,2065,0
33707,2065,2627,0
33708,2237,2627,0
33709,2065,2365,0
33710,6143,6237,0
33711,233,6047,0
33712,233,6237,0
33713,1840,1651,0
33714,1840,1845,0
33715,1809,1840,0
33716,1845,1651,0
33717,1788,1878,0
33718,1920,1878,0
33719,1920,1788,0
33720,1878,1783,0
33721,1577,1523,0
33722,1577,1403,0
33723,1633,1403,0
33724,1633,1523,0
33725,1403,1523,0
33726,542,133,0
33727,652,133,0
33728,652,542,0
33729,922,133,0
33730,68,9,0
33731,6358,9,0
33732,6358,68,0
33733,208,9,0
33734,1461,1368,0
33735,1461,1457,0
33736,441,638,0
33737,991,638,0
33738,991,441,0
33739,1020,156,0
33740,1020,652,0
33741,1775,652,0
33742,1775,156,0
33743,1775,1020,0
33744,4848,3418,0
33745,3418,4920,0
33746,5813,5820,0
33747,5868,6067,0
33748,5820,6067,0
33749,5054,4942,0
33750,4717,4942,0
33751,2311,2595,0
33752,2311,2684,0
33753,2595,2303,0
33754,1761,1832,0
33755,2942,2311,0
33756,2266,2311,0
33757,1732,1805,0
33758,1726,1805,0
33759,6619,2684,0
33760,6619,2915,0
33761,1784,6596,0
33762,3829,3592,0
33763,3829,3757,0
33764,3860,3757,0
33765,3860,3592,0
33766,3860,3829,0
33767,3757,3592,0
33768,1176,1140,0
33769,1068,1019,0
33770,2022,2476,0
33771,2172,6629,0
33772,3092,2945,0
33773,3092,3179,0
33774,2760,2892,0
33775,2760,2733,0
33776,2766,2733,0
33777,2733,2892,0
33778,3387,3334,0
33779,3387,3207,0
33780,3410,3207,0
33781,3410,3334,0
33782,3207,3334,0
33783,2760,2858,0
33784,2114,2208,0
33785,2114,6616,0
33786,2130,2114,0
33787,6616,2208,0
33788,2152,2191,0
33789,2152,2282,0
33790,4035,6658,0
33791,3503,2564,0
33792,3503,2627,0
33793,3158,2564,0
33794,3175,3064,0
33795,2483,6623,0
33796,2382,6623,0
33797,2382,6624,0
33798,2215,2020,0
33799,1915,2076,0
33800,2657,2525,0
33801,2231,1985,0
33802,2043,2072,0
33803,2152,2075,0
33804,2376,2075,0
33805,2075,2215,0
33806,1900,1788,0
33807,1900,1673,0
33808,2200,6617,0
33809,1747,1929,0
33810,1747,6613,0
33811,1971,2076,0
33812,2969,2936,0
33813,2798,2969,0
33814,2374,2216,0
33815,2374,2424,0
33816,6558,601,0
33817,467,314,0
33818,467,601,0
33819,467,6558,0
33820,314,601,0
33821,6622,2585,0
33822,2561,2798,0
33823,2674,2561,0
33824,26,6717,0
33825,26,5738,0
33826,5911,6717,0
33827,5738,6717,0
33828,1881,1940,0
33829,1913,1881,0
33830,2657,2376,0
33831,1822,1881,0
33832,2375,2491,0
33833,2419,2491,0
33834,2819,2740,0
33835,2216,2152,0
33836,2333,2731,0
33837,2333,2318,0
33838,1286,6582,0
33839,2791,2581,0
33840,2581,2172,0
33841,2401,2266,0
33842,1503,1743,0
33843,6596,1503,0
33844,3064,2374,0
33845,3064,2476,0
33846,2401,3064,0
33847,2476,3060,0
33848,1097,2303,0
33849,6644,2266,0
33850,2869,3101,0
33851,3047,3101,0
33852,217,638,0
33853,354,6548,0
33854,354,638,0
33855,354,217,0
33856,6548,638,0
33857,3134,3124,0
33858,3134,3179,0
33859,3186,3124,0
33860,3186,3134,0
33861,2958,3060,0
33862,2476,6637,0
33863,6572,1531,0
33864,6587,1531,0
33865,1503,1531,0
33866,475,607,0
33867,475,763,0
33868,515,763,0
33869,6612,5264,0
33870,3412,3721,0
33871,3429,3592,0
33872,3429,3721,0
33873,3592,3721,0
33874,2569,2698,0
33875,2569,2779,0
33876,5691,492,0
33877,5691,6550,0
33878,5691,987,0
33879,492,6550,0
33880,1531,1316,0
33881,1531,6579,0
33882,6585,1531,0
33883,3245,3261,0
33884,3327,3261,0
33885,1929,6596,0
33886,1929,1868,0
33887,2942,2401,0
33888,2923,2942,0
33889,2936,2757,0
33890,5032,5055,0
33891,4079,4293,0
33892,4432,4225,0
33893,4432,4079,0
33894,4293,4225,0
33895,2255,2413,0
33896,6625,2698,0
33897,4225,4122,0
33898,4225,4202,0
33899,1556,1525,0
33900,1322,1525,0
33901,1340,1525,0
33902,5707,5532,0
33903,5707,5647,0
33904,6022,5532,0
33905,6022,5707,0
33906,5647,5532,0
33907,5707,5688,0
33908,5707,5140,0
33909,5289,5140,0
33910,5289,5688,0
33911,5289,5707,0
33912,5140,5688,0
33913,104,358,0
33914,638,1053,0
33915,638,104,0
33916,1053,358,0
33917,441,3344,0
33918,5847,2266,0
33919,5847,3344,0
33920,2266,3344,0
33921,4470,4122,0
33922,4122,4520,0
33923,4482,3704,0
33924,4628,3704,0
33925,4628,3885,0
33926,4628,4482,0
33927,6592,1695,0
33928,1780,6592,0
33929,3547,3575,0
33930,3547,4207,0
33931,3906,4207,0
33932,3906,3575,0
33933,4207,3575,0
33934,1900,1920,0
33935,1673,1920,0
33936,1732,2108,0
33937,1732,1913,0
33938,6600,1732,0
33939,2268,2033,0
33940,2268,6616,0
33941,1929,6616,0
33942,1929,2268,0
33943,3518,3704,0
33944,2915,4207,0
33945,2942,4207,0
33946,3376,2868,0
33947,2564,3376,0
33948,3561,3665,0
33949,3931,3967,0
33950,3931,3561,0
33951,3665,3967,0
33952,5208,5184,0
33953,5208,4525,0
33954,4849,5208,0
33955,2942,2581,0
33956,3902,3816,0
33957,2609,3503,0
33958,3376,3708,0
33959,3369,3708,0
33960,3369,3704,0
33961,3369,3376,0
33962,3708,3704,0
33963,2237,794,0
33964,5208,5838,0
33965,6212,5838,0
33966,250,358,0
33967,250,6708,0
33968,217,358,0
33969,217,250,0
33970,6708,358,0
33971,6543,108,0
33972,462,108,0
33973,462,6545,0
33974,462,6543,0
33975,108,6545,0
33976,3547,3697,0
33977,3697,4207,0
33978,2942,2476,0
33979,4785,4928,0
33980,4785,4652,0
33981,4497,4928,0
33982,4497,4785,0
33983,4652,4928,0
33984,4898,4905,0
33985,4752,4905,0
33986,4905,4816,0
33987,6568,6573,0
33988,6568,6579,0
33989,1316,6568,0
33990,2498,2318,0
33991,2497,6550,0
33992,3715,3757,0
33993,6716,209,0
33994,6716,168,0
33995,492,6716,0
33996,168,209,0
33997,3829,4007,0
33998,4018,3829,0
33999,3048,3152,0
34000,3343,3152,0
34001,3343,3048,0
34002,3206,3152,0
34003,3855,3507,0
34004,3443,6652,0
34005,3715,3829,0
34006,1625,6585,0
34007,6585,6595,0
34008,5064,5011,0
34009,5064,4955,0
34010,4940,4955,0
34011,4940,5011,0
34012,4940,5064,0
34013,4955,5011,0
34014,4292,4141,0
34015,4292,4035,0
34016,4485,4344,0
34017,4122,4344,0
34018,4122,4485,0
34019,4097,4066,0
34020,2537,2561,0
34021,2288,2561,0
34022,2288,2537,0
34023,2457,2561,0
34024,2014,1828,0
34025,1813,1828,0
34026,1813,1860,0
34027,2136,2076,0
34028,2136,1881,0
34029,1757,1929,0
34030,1097,2172,0
34031,3375,3022,0
34032,3435,3531,0
34033,1874,2033,0
34034,6599,2033,0
34035,1967,2033,0
34036,1445,1459,0
34037,6575,1473,0
34038,6575,1445,0
34039,2114,6623,0
34040,2114,2268,0
34041,6616,6623,0
34042,2114,1868,0
34043,2033,1868,0
34044,2033,2114,0
34045,1967,1868,0
34046,2288,2382,0
34047,6581,1762,0
34048,2268,1868,0
34049,1646,1786,0
34050,1646,6594,0
34051,2268,2318,0
34052,1757,492,0
34053,738,6550,0
34054,738,1757,0
34055,2300,6615,0
34056,2065,1881,0
34057,1929,6599,0
34058,1907,6599,0
34059,1286,6584,0
34060,6584,1241,0
34061,1510,6626,0
34062,296,354,0
34063,296,173,0
34064,6422,296,0
34065,1510,520,0
34066,1097,520,0
34067,1097,1510,0
34068,6612,520,0
34069,1510,2172,0
34070,1789,1467,0
34071,2333,2413,0
34072,6616,2413,0
34073,6616,2333,0
34074,4064,4011,0
34075,3737,4064,0
34076,2043,2108,0
34077,6600,2153,0
34078,1900,1732,0
34079,2315,2181,0
34080,2315,2375,0
34081,2540,2315,0
34082,2022,2300,0
34083,1040,1048,0
34084,937,1040,0
34085,6581,1048,0
34086,2252,6626,0
34087,6605,6599,0
34088,2483,6622,0
34089,1874,6608,0
34090,1985,6608,0
34091,1307,6584,0
34092,1307,1459,0
34093,1307,6582,0
34094,2333,2268,0
34095,6325,6684,0
34096,6325,5692,0
34097,5264,6325,0
34098,275,6550,0
34099,275,6716,0
34100,492,275,0
34101,6716,6550,0
34102,4893,6684,0
34103,4893,6691,0
34104,4893,6325,0
34105,6684,6691,0
34106,6684,6716,0
34107,5692,6716,0
34108,2108,2022,0
34109,2731,2268,0
34110,1882,1874,0
34111,1786,6608,0
34112,811,6566,0
34113,1284,6587,0
34114,1284,1531,0
34115,1284,6572,0
34116,1726,6595,0
34117,1840,2008,0
34118,1840,1838,0
34119,1784,6600,0
34120,503,520,0
34121,503,22,0
34122,811,22,0
34123,811,520,0
34124,22,520,0
34125,6582,1284,0
34126,1307,1284,0
34127,1459,1284,0
34128,6622,6628,0
34129,2731,6622,0
34130,6628,2268,0
34131,6599,1868,0
34132,4141,4485,0
34133,4344,4292,0
34134,4344,4141,0
34135,4292,4485,0
34136,1781,1783,0
34137,1676,1852,0
34138,2217,2063,0
34139,2940,2873,0
34140,4252,4141,0
34141,4252,4292,0
34142,4140,4207,0
34143,4479,3547,0
34144,3474,3459,0
34145,3510,3474,0
34146,3459,3287,0
34147,3357,2936,0
34148,3357,2788,0
34149,3048,3357,0
34150,4140,2915,0
34151,4140,3252,0
34152,4140,2791,0
34153,2333,6622,0
34154,3553,3288,0
34155,3429,6656,0
34156,2878,2569,0
34157,2559,2569,0
34158,2742,2768,0
34159,6628,2768,0
34160,2797,2779,0
34161,6609,1980,0
34162,2139,1980,0
34163,1817,1980,0
34164,6688,6691,0
34165,6688,4893,0
34166,6689,4893,0
34167,6689,6688,0
34168,2417,2217,0
34169,2217,2322,0
34170,2798,6634,0
34171,2969,3073,0
34172,2969,3174,0
34173,3137,3572,0
34174,3137,3507,0
34175,3386,3572,0
34176,6608,2139,0
34177,1985,2033,0
34178,2350,2430,0
34179,2537,2350,0
34180,4485,4466,0
34181,3906,4292,0
34182,3906,4485,0
34183,6617,2332,0
34184,3194,2940,0
34185,6645,3443,0
34186,2300,2374,0
34187,2476,2300,0
34188,2940,2924,0
34189,2333,6623,0
34190,2506,6619,0
34191,2022,2506,0
34192,2506,2476,0
34193,2483,2288,0
34194,2361,2396,0
34195,3931,4079,0
34196,3931,6648,0
34197,4122,4079,0
34198,6666,3906,0
34199,1921,1920,0
34200,6617,6611,0
34201,6617,1882,0
34202,6625,6617,0
34203,1920,1732,0
34204,1403,1434,0
34205,1403,1430,0
34206,1403,1288,0
34207,1434,1430,0
34208,2072,2209,0
34209,1971,1921,0
34210,2350,2217,0
34211,2217,2231,0
34212,6624,1985,0
34213,6624,2127,0
34214,2200,2139,0
34215,2200,2214,0
34216,1882,2200,0
34217,6609,1911,0
34218,1981,6609,0
34219,1035,968,0
34220,1035,954,0
34221,1035,703,0
34222,2200,1980,0
34223,2089,2200,0
34224,2020,2374,0
34225,2374,1881,0
34226,1913,1900,0
34227,2300,1940,0
34228,2108,1940,0
34229,2424,2766,0
34230,2585,6628,0
34231,6624,6620,0
34232,6624,2416,0
34233,2208,6624,0
34234,2920,2715,0
34235,2852,2715,0
34236,2413,6624,0
34237,6624,2114,0
34238,2208,1985,0
34239,2715,2745,0
34240,6616,6624,0
34241,2288,2470,0
34242,2288,2396,0
34243,1900,1632,0
34244,2703,2643,0
34245,2315,2417,0
34246,2527,2315,0
34247,1408,1595,0
34248,1408,1584,0
34249,1408,1374,0
34250,2540,2527,0
34251,2540,2322,0
34252,2527,2322,0
34253,1836,922,0
34254,2232,2376,0
34255,2216,2376,0
34256,2216,2384,0
34257,2216,2232,0
34258,2769,2569,0
34259,2774,6634,0
34260,3357,3267,0
34261,3267,3509,0
34262,3206,2958,0
34263,4122,4215,0
34264,3073,3375,0
34265,3073,3244,0
34266,2396,2209,0
34267,6628,2904,0
34268,3022,3009,0
34269,2506,3060,0
34270,2768,2788,0
34271,2823,2798,0
34272,2608,2798,0
34273,2674,2643,0
34274,2674,2608,0
34275,2798,2643,0
34276,5353,5306,0
34277,5514,5306,0
34278,5514,5360,0
34279,5514,5353,0
34280,5306,5360,0
34281,2540,2823,0
34282,2282,2525,0
34283,2282,2376,0
34284,2315,2217,0
34285,2430,2217,0
34286,2430,2315,0
34287,3708,3433,0
34288,3704,3711,0
34289,3704,3773,0
34290,3708,3773,0
34291,3708,3711,0
34292,3773,3711,0
34293,3376,3153,0
34294,2868,3153,0
34295,2923,3153,0
34296,6643,3507,0
34297,3634,6630,0
34298,3357,3443,0
34299,3509,3443,0
34300,3187,2871,0
34301,4122,4292,0
34302,4225,4292,0
34303,6629,6619,0
34304,2761,2858,0
34305,2761,2733,0
34306,2029,2058,0
34307,2215,2058,0
34308,3147,3235,0
34309,2747,2637,0
34310,3269,3144,0
34311,3269,3152,0
34312,3235,3152,0
34313,3235,3269,0
34314,4825,4443,0
34315,4485,4443,0
34316,6020,5255,0
34317,2976,2760,0
34318,2976,2740,0
34319,3610,3816,0
34320,3610,3634,0
34321,3610,3429,0
34322,2430,2615,0
34323,4630,4401,0
34324,4630,4655,0
34325,4401,4712,0
34326,2533,2232,0
34327,2696,2670,0
34328,2674,2470,0
34329,2127,2208,0
34330,1817,1991,0
34331,4263,4064,0
34332,4305,4011,0
34333,2561,2483,0
34334,2561,6624,0
34335,2561,2396,0
34336,6624,2361,0
34337,6624,2396,0
34338,2561,2754,0
34339,2537,2703,0
34340,2525,2733,0
34341,1877,2035,0
34342,1959,2103,0
34343,1959,2035,0
34344,2643,6634,0
34345,4562,4630,0
34346,2315,2396,0
34347,2569,2466,0
34348,2569,2413,0
34349,2569,6624,0
34350,6628,2569,0
34351,2569,6620,0
34352,3271,3284,0
34353,3474,3357,0
34354,3048,3269,0
34355,3048,3474,0
34356,3357,3269,0
34357,2540,2637,0
34358,6675,4438,0
34359,6514,6208,0
34360,2065,2152,0
34361,2734,2883,0
34362,2734,2798,0
34363,2696,2734,0
34364,3677,3688,0
34365,3157,2883,0
34366,3157,2969,0
34367,2936,3157,0
34368,2969,2883,0
34369,3132,3122,0
34370,3132,3200,0
34371,3509,6645,0
34372,3157,3073,0
34373,3009,3073,0
34374,2883,3073,0
34375,2936,3174,0
34376,3644,3604,0
34377,3271,3604,0
34378,3271,3286,0
34379,3271,3644,0
34380,3604,3286,0
34381,3091,3054,0
34382,3022,3030,0
34383,2976,2722,0
34384,3284,3235,0
34385,2637,2569,0
34386,2774,2883,0
34387,2737,2757,0
34388,2737,2569,0
34389,2747,2737,0
34390,2861,2976,0
34391,2608,2537,0
34392,2608,2561,0
34393,2519,2292,0
34394,3157,3174,0
34395,3286,3287,0
34396,3286,3204,0
34397,3204,3287,0
34398,2315,2209,0
34399,2430,2209,0
34400,2103,2250,0
34401,2457,2136,0
34402,156,6256,0
34403,156,297,0
34404,6212,297,0
34405,6212,156,0
34406,2527,2643,0
34407,1466,1519,0
34408,1466,1465,0
34409,1523,1465,0
34410,1523,1519,0
34411,1523,1466,0
34412,1465,1519,0
34413,2424,2376,0
34414,2424,2384,0
34415,2375,2527,0
34416,2696,2838,0
34417,2883,2838,0
34418,3345,3415,0
34419,3132,3147,0
34420,3708,3522,0
34421,2807,2838,0
34422,3829,3650,0
34423,3650,3721,0
34424,2733,2424,0
34425,2476,2733,0
34426,3044,2763,0
34427,1852,2020,0
34428,2807,2883,0
34429,2734,2608,0
34430,3739,3912,0
34431,3978,3912,0
34432,2871,2861,0
34433,4079,3916,0
34434,4202,4079,0
34435,3419,3162,0
34436,3492,3162,0
34437,2274,2127,0
34438,3419,3216,0
34439,3433,3309,0
34440,3309,3216,0
34441,2740,2871,0
34442,2365,2376,0
34443,3027,3281,0
34444,3197,2980,0
34445,3197,2850,0
34446,3612,3643,0
34447,6645,3612,0
34448,3643,3705,0
34449,4079,4482,0
34450,4079,3704,0
34451,4628,4079,0
34452,3456,3492,0
34453,2376,2118,0
34454,2376,2090,0
34455,1530,1705,0
34456,1676,1705,0
34457,2374,2152,0
34458,2538,2292,0
34459,3237,3064,0
34460,2417,2408,0
34461,1621,1701,0
34462,3773,3521,0
34463,2216,2201,0
34464,3204,3009,0
34465,3235,3204,0
34466,3708,3153,0
34467,3036,3207,0
34468,3036,3308,0
34469,3593,3631,0
34470,3733,3631,0
34471,3568,3631,0
34472,3308,3334,0
34473,3308,3410,0
34474,3125,2861,0
34475,2958,3064,0
34476,2457,2958,0
34477,2858,3017,0
34478,2745,2491,0
34479,2484,2292,0
34480,2525,2869,0
34481,2525,2374,0
34482,2525,2216,0
34483,2216,2282,0
34484,2525,2766,0
34485,1840,1674,0
34486,1687,1840,0
34487,2215,2232,0
34488,2215,2384,0
34489,2479,2740,0
34490,2760,2479,0
34491,2606,2696,0
34492,2058,2154,0
34493,2118,2384,0
34494,2038,1997,0
34495,2021,1902,0
34496,2021,1941,0
34497,2215,1902,0
34498,2480,2292,0
34499,1921,1781,0
34500,2011,2181,0
34501,1878,1980,0
34502,1900,1971,0
34503,6600,1726,0
34504,6600,6595,0
34505,2232,2063,0
34506,2374,2136,0
34507,2136,1940,0
34508,1913,2136,0
34509,2274,2315,0
34510,6514,250,0
34511,6514,5707,0
34512,6022,250,0
34513,6022,6514,0
34514,5707,250,0
34515,6572,6569,0
34516,6572,1176,0
34517,6579,1176,0
34518,6579,6569,0
34519,6579,6572,0
34520,2153,2072,0
34521,2209,2150,0
34522,2008,1817,0
34523,1569,1671,0
34524,2349,2408,0
34525,1858,1837,0
34526,1837,1860,0
34527,2035,1829,0
34528,2011,1959,0
34529,2011,2035,0
34530,1710,1877,0
34531,2089,2274,0
34532,2181,2209,0
34533,2491,2615,0
34534,2375,2532,0
34535,2375,2298,0
34536,1877,1819,0
34537,2000,1829,0
34538,2000,1877,0
34539,1819,1829,0
34540,1991,2008,0
34541,2150,6609,0
34542,1428,1334,0
34543,1454,1334,0
34544,1454,1167,0
34545,1454,1428,0
34546,1334,1167,0
34547,1874,6595,0
34548,2089,2315,0
34549,1805,6603,0
34550,6603,6595,0
34551,6608,2033,0
34552,1967,6608,0
34553,1430,1544,0
34554,1684,1544,0
34555,1881,1832,0
34556,2136,2022,0
34557,1904,1845,0
34558,2011,1845,0
34559,6237,600,0
34560,6608,2200,0
34561,899,789,0
34562,2127,6608,0
34563,6617,2127,0
34564,1448,1598,0
34565,1664,1435,0
34566,1435,1598,0
34567,1723,1500,0
34568,2127,2114,0
34569,1408,1328,0
34570,1838,1687,0
34571,2127,2130,0
34572,6617,6608,0
34573,2050,1881,0
34574,6608,2114,0
34575,2281,6608,0
34576,1307,6575,0
34577,6584,6575,0
34578,2064,2008,0
34579,2130,6608,0
34580,6608,2214,0
34581,6608,1975,0
34582,6608,6605,0
34583,6608,2208,0
34584,6581,1531,0
34585,6581,6572,0
34586,6595,1646,0
34587,503,6582,0
34588,6582,1053,0
34589,245,417,0
34590,245,458,0
34591,6589,987,0
34592,6638,987,0
34593,6194,44,0
34594,6194,6514,0
34595,1462,1600,0
34596,1462,1515,0
34597,1595,1697,0
34598,1632,1651,0
34599,1632,1595,0
34600,1434,1192,0
34601,1026,1132,0
34602,1026,1434,0
34603,1132,1192,0
34604,1300,6578,0
34605,1300,1409,0
34606,6577,1409,0
34607,6577,6578,0
34608,1409,6578,0
34609,6583,1520,0
34610,1606,1520,0
34611,1838,1674,0
34612,1615,1566,0
34613,1260,1027,0
34614,1072,1303,0
34615,1303,1027,0
34616,1586,1697,0
34617,1586,1632,0
34618,1394,1491,0
34619,1394,1595,0
34620,1544,1491,0
34621,1544,1394,0
34622,1783,1768,0
34623,1363,1189,0
34624,6605,1874,0
34625,1781,1788,0
34626,2033,6594,0
34627,2209,2201,0
34628,933,913,0
34629,1788,1805,0
34630,1632,1543,0
34631,1214,1434,0
34632,1214,1331,0
34633,1273,1068,0
34634,1829,1838,0
34635,72,70,0
34636,72,147,0
34637,238,70,0
34638,238,72,0
34639,147,70,0
34640,6708,5422,0
34641,1053,1075,0
34642,1053,937,0
34643,354,937,0
34644,354,1075,0
34645,1472,1484,0
34646,1351,1513,0
34647,1351,1484,0
34648,1351,1472,0
34649,1761,1822,0
34650,1057,1247,0
34651,1057,1133,0
34652,930,1133,0
34653,930,1247,0
34654,930,1057,0
34655,1133,1247,0
34656,658,779,0
34657,779,704,0
34658,990,1095,0
34659,990,1204,0
34660,1697,1612,0
34661,1921,1595,0
34662,2122,1871,0
34663,2122,1865,0
34664,2073,1871,0
34665,1705,1624,0
34666,1633,1852,0
34667,1633,1705,0
34668,1852,1624,0
34669,1612,1632,0
34670,1288,1362,0
34671,1403,1362,0
34672,1362,1434,0
34673,2314,2244,0
34674,2314,2393,0
34675,2302,2314,0
34676,2393,2244,0
34677,1107,1234,0
34678,1221,1107,0
34679,1676,1624,0
34680,1904,1959,0
34681,1649,1706,0
34682,1649,1521,0
34683,1649,1509,0
34684,1706,1521,0
34685,1877,2154,0
34686,1959,2154,0
34687,2063,2076,0
34688,2008,1845,0
34689,2201,2384,0
34690,2076,2201,0
34691,2136,1971,0
34692,1864,2008,0
34693,1569,1411,0
34694,1415,1411,0
34695,1411,1550,0
34696,2076,2232,0
34697,1900,2201,0
34698,1238,1220,0
34699,1238,1516,0
34700,1742,1516,0
34701,1742,1220,0
34702,1742,1238,0
34703,1516,1220,0
34704,1881,2108,0
34705,1374,1530,0
34706,1864,2112,0
34707,1612,1491,0
34708,1612,1543,0
34709,1684,1491,0
34710,1523,1430,0
34711,1523,1500,0
34712,2152,2525,0
34713,2152,2090,0
34714,705,125,0
34715,1090,1251,0
34716,1090,1200,0
34717,2152,2118,0
34718,1692,1858,0
34719,480,662,0
34720,480,498,0
34721,620,498,0
34722,620,662,0
34723,620,480,0
34724,498,662,0
34725,1383,1358,0
34726,1293,1358,0
34727,1482,1358,0
34728,2071,2292,0
34729,2071,2215,0
34730,1799,1727,0
34731,1799,1722,0
34732,2000,2035,0
34733,1530,1460,0
34734,1362,1530,0
34735,1460,1434,0
34736,2445,2526,0
34737,1904,2021,0
34738,2080,2103,0
34739,2071,2021,0
34740,1403,1500,0
34741,1020,994,0
34742,1020,542,0
34743,156,542,0
34744,156,994,0
34745,542,994,0
34746,1633,1888,0
34747,1891,1633,0
34748,1676,1684,0
34749,1838,1845,0
34750,1895,2302,0
34751,1569,1436,0
34752,1569,1689,0
34753,1750,1708,0
34754,1705,1552,0
34755,1633,1552,0
34756,1623,1550,0
34757,1600,1611,0
34758,1933,1865,0
34759,1689,1968,0
34760,1051,1500,0
34761,1051,1457,0
34762,1337,1434,0
34763,1337,1530,0
34764,1837,2029,0
34765,1902,2029,0
34766,2197,2064,0
34767,2058,2035,0
34768,1904,2035,0
34769,2080,2170,0
34770,2059,2135,0
34771,1592,1692,0
34772,1837,1592,0
34773,1692,1860,0
34774,2021,1771,0
34775,1813,1799,0
34776,1478,1404,0
34777,1478,1411,0
34778,1550,1404,0
34779,1411,1404,0
34780,2377,2463,0
34781,2302,2377,0
34782,1864,2150,0
34783,1600,1769,0
34784,1132,1214,0
34785,1569,1611,0
34786,1799,1692,0
34787,1727,1692,0
34788,1054,989,0
34789,1054,953,0
34790,1174,1054,0
34791,851,776,0
34792,2203,2154,0
34793,1478,1450,0
34794,1478,1381,0
34795,1462,1381,0
34796,1462,1450,0
34797,1462,1478,0
34798,1381,1450,0
34799,1381,1411,0
34800,1411,1450,0
34801,1478,1515,0
34802,1331,1276,0
34803,1314,1276,0
34804,1276,1328,0
34805,1840,1817,0
34806,2329,2392,0
34807,1623,1610,0
34808,1462,1610,0
34809,1462,1623,0
34810,2039,2219,0
34811,2309,2039,0
34812,2055,2219,0
34813,1184,1182,0
34814,1140,1108,0
34815,1140,1184,0
34816,1182,1108,0
34817,2223,2285,0
34818,2223,2327,0
34819,2223,2092,0
34820,1623,1753,0
34821,1797,1623,0
34822,2154,2034,0
34823,1977,2034,0
34824,1997,2034,0
34825,2063,2021,0
34826,1412,1446,0
34827,1446,1522,0
34828,2029,2075,0
34829,2154,2197,0
34830,1055,1138,0
34831,972,1138,0
34832,1569,1567,0
34833,2035,2064,0
34834,1592,1706,0
34835,1592,1734,0
34836,1617,1734,0
34837,1617,1706,0
34838,1623,1618,0
34839,1718,1637,0
34840,1718,1741,0
34841,1765,1637,0
34842,1464,1344,0
34843,1259,1471,0
34844,1471,1344,0
34845,1578,1665,0
34846,1578,1590,0
34847,1637,1590,0
34848,1637,1665,0
34849,1637,1578,0
34850,1590,1665,0
34851,2126,1970,0
34852,1807,1813,0
34853,1721,1876,0
34854,1609,1876,0
34855,2094,2122,0
34856,2094,2073,0
34857,1952,2122,0
34858,1886,2157,0
34859,1766,1573,1
34860,1318,1074,0
34861,1318,1098,0
34862,1335,1098,0
34863,1335,1074,0
34864,1335,1318,0
34865,1858,1633,0
34866,1727,1633,0
34867,1727,1705,0
34868,1919,1862,0
34869,1849,1862,0
34870,1877,2080,0
34871,1255,1180,0
34872,1255,1101,0
34873,1270,1101,0
34874,1270,1255,0
34875,1101,1180,0
34876,1533,1580,0
34877,1533,1572,0
34878,1779,2021,0
34879,1858,1680,0
34880,1858,1984,0
34881,2244,2471,0
34882,1453,1366,0
34883,1453,1483,0
34884,1453,1422,0
34885,1858,2075,0
34886,1858,2101,0
34887,1426,1557,0
34888,1444,1557,0
34889,1444,1426,0
34890,1095,1403,0
34891,1051,1403,0
34892,2594,2692,0
34893,2620,2594,0
34894,1478,1600,0
34895,1600,1381,0
34896,1404,1255,0
34897,1093,1055,0
34898,1093,1210,0
34899,1093,1091,0
34900,1055,1210,0
34901,309,189,0
34902,309,6226,0
34903,6064,189,0
34904,6064,309,0
34905,6226,189,0
34906,2029,2047,0
34907,1369,1274,0
34908,1369,1366,0
34909,1308,1366,0
34910,1308,1274,0
34911,1366,1274,0
34912,1592,1552,0
34913,1692,1505,0
34914,1130,1208,0
34915,1130,1045,0
34916,963,1208,0
34917,963,1130,0
34918,1045,1208,0
34919,1592,1548,0
34920,1377,1548,0
34921,2193,1860,0
34922,1828,2234,0
34923,1895,2193,0
34924,2373,2096,0
34925,2219,2096,0
34926,1481,1513,0
34927,1481,1502,1
34928,1573,1502,1
34929,1573,1513,0
34930,1573,1481,0
34931,1318,980,0
34932,1029,1120,0
34933,1029,980,0
34934,1029,1318,0
34935,1120,980,0
34936,2808,2224,1
34937,2279,2808,0
34938,2224,2573,0
34939,1910,1867,0
34940,1973,1867,0
34941,1440,1248,0
34942,1505,1248,0
34943,1867,1759,0
34944,1460,1633,0
34945,1460,1727,0
34946,1680,1460,0
34947,1521,1589,0
34948,1484,1589,0
34949,1513,1589,0
34950,1270,1205,0
34951,1201,1205,0
34952,1201,1270,0
34953,1101,1205,0
34954,1412,1369,0
34955,1366,1412,0
34956,1440,1362,0
34957,1440,1552,0
34958,1440,1592,0
34959,1436,1592,0
34960,912,1148,0
34961,1460,1124,0
34962,1718,1807,0
34963,1155,1059,0
34964,1155,633,0
34965,1123,1155,0
34966,2047,2101,0
34967,2061,2147,0
34968,2073,2147,0
34969,1867,2061,0
34970,1440,1692,0
34971,1440,1611,0
34972,1802,2031,0
34973,1952,1879,0
34974,1952,1802,0
34975,2228,2057,0
34976,2387,2057,0
34977,1902,2047,0
34978,1663,1759,0
34979,1759,1758,0
34980,2014,1892,0
34981,2071,2003,0
34982,4330,4683,0
34983,4330,4429,0
34984,4491,4429,0
34985,2047,2075,0
34986,2047,1984,0
34987,2285,2061,0
34988,2314,2285,0
34989,2314,2171,0
34990,2302,2171,0
34991,2578,2488,0
34992,1986,2038,0
34993,2137,1802,0
34994,2059,1802,0
34995,2059,2024,0
34996,1802,2024,0
34997,1029,725,0
34998,689,725,0
34999,689,1120,0
35000,689,1029,0
35001,1192,1304,0
35002,1192,1093,0
35003,1168,1192,0
35004,1093,1304,0
35005,2225,2386,0
35006,2244,2444,0
35007,1796,1758,0
35008,2499,2341,0
35009,2425,2176,0
35010,2219,2176,0
35011,2193,2171,0
35012,2171,1828,0
35013,2548,2429,0
35014,2673,2377,0
35015,2302,2228,0
35016,2228,2245,0
35017,2781,2545,0
35018,2425,2545,0
35019,2314,2665,0
35020,2386,2286,0
35021,1444,2207,0
35022,3678,3573,0
35023,2723,2799,0
35024,3526,3389,0
35025,3526,3090,0
35026,3392,3090,0
35027,3392,3526,0
35028,3090,3389,0
35029,2348,2420,0
35030,1925,1982,0
35031,2344,2514,0
35032,2299,2327,0
35033,1730,1682,0
35034,2393,2285,0
35035,1369,1453,0
35036,1581,1453,0
35037,1453,1354,0
35038,2177,2037,0
35039,1547,1532,0
35040,1871,1879,0
35041,1393,1244,0
35042,2203,2092,0
35043,2003,2203,0
35044,2154,2133,0
35045,2445,2458,0
35046,2203,2327,0
35047,2203,2014,0
35048,2203,2244,0
35049,2445,2596,0
35050,2445,2509,0
35051,2363,2299,0
35052,2363,2331,0
35053,2363,2475,0
35054,2363,2459,0
35055,2355,2601,0
35056,1877,1970,0
35057,1877,2133,0
35058,2133,2169,0
35059,2133,1959,0
35060,1869,1849,0
35061,1825,1869,0
35062,1963,1990,1
35063,1963,1996,0
35064,1849,1963,1
35065,2067,2016,0
35066,2067,2254,0
35067,1628,1795,0
35068,1628,1573,1
35069,1909,1573,1
35070,1909,1795,0
35071,1909,1628,1
35072,1573,1795,0
35073,2001,1834,0
35074,1952,1925,0
35075,1952,2001,0
35076,1834,1925,0
35077,2005,1970,0
35078,1954,2068,0
35079,1721,1800,0
35080,1721,1821,0
35081,1734,1721,0
35082,1869,1728,0
35083,2031,2135,0
35084,2094,2135,0
35085,1947,1949,0
35086,2085,1856,1
35087,2085,1849,1
35088,1849,2044,0
35089,1970,1997,0
35090,2092,2005,0
35091,2005,2140,0
35092,2126,2290,0
35093,2340,2126,0
35094,3099,2965,0
35095,3314,3052,0
35096,3314,3099,0
35097,2965,3052,0
35098,2195,2092,0
35099,2313,2330,0
35100,2313,2385,0
35101,2557,2385,0
35102,2493,2429,0
35103,2094,2147,0
35104,1865,1952,0
35105,2225,2135,0
35106,2147,2135,0
35107,824,982,0
35108,768,982,0
35109,1693,1879,0
35110,2166,2135,0
35111,2059,2166,0
35112,1814,1730,0
35113,1873,1642,0
35114,1909,1873,0
35115,1844,2061,0
35116,1883,1766,0
35117,1883,1795,0
35118,1856,1795,0
35119,1856,1766,1
35120,1856,1883,0
35121,1795,1766,0
35122,1573,1856,1
35123,1670,1509,0
35124,1649,1513,0
35125,123,6525,0
35126,123,6467,0
35127,6376,123,0
35128,2264,1909,1
35129,1909,1856,1
35130,2177,2386,0
35131,2313,2344,0
35132,2474,2435,1
35133,2474,2310,1
35134,2313,2155,0
35135,2340,2155,0
35136,2313,2290,0
35137,2091,2313,0
35138,1973,1883,0
35139,1909,1883,0
35140,1883,1982,0
35141,2293,2310,0
35142,2031,2024,0
35143,2031,2137,0
35144,1509,1474,0
35145,2067,1962,0
35146,1962,1963,0
35147,1796,1936,0
35148,1973,1936,0
35149,1973,1796,0
35150,1871,2068,0
35151,1892,1721,0
35152,1689,1800,0
35153,1871,2031,0
35154,1876,1750,0
35155,1533,1414,0
35156,1425,1518,0
35157,1622,1582,0
35158,2024,1982,0
35159,2024,1883,0
35160,2001,1883,0
35161,2001,2024,0
35162,1636,1547,0
35163,1384,1216,1
35164,1200,1208,0
35165,1251,1208,0
35166,1800,1779,0
35167,1689,1734,0
35168,1406,1255,0
35169,1353,1255,0
35170,1330,1255,0
35171,951,779,0
35172,935,972,0
35173,935,951,0
35174,1425,1393,0
35175,1393,1446,0
35176,1425,1567,0
35177,1968,1721,0
35178,1356,1321,0
35179,1356,1268,0
35180,1388,1201,0
35181,1388,1205,0
35182,1366,1354,0
35183,1466,1640,0
35184,1466,1305,0
35185,1465,1305,0
35186,1465,1640,0
35187,1305,1640,0
35188,1670,1821,0
35189,1670,1871,0
35190,1335,1476,0
35191,1335,1120,0
35192,1948,1862,0
35193,1877,1876,0
35194,1588,1661,0
35195,1588,1655,0
35196,1636,1588,0
35197,1275,1151,0
35198,1275,1156,0
35199,1259,1151,0
35200,1259,1275,0
35201,976,1156,0
35202,976,1151,0
35203,976,969,0
35204,1414,1173,0
35205,1201,1173,0
35206,1173,1154,0
35207,950,1252,0
35208,1252,1216,0
35209,1200,1351,0
35210,1806,1571,0
35211,1560,1636,0
35212,1547,1560,0
35213,1950,1849,0
35214,1730,1721,0
35215,1099,894,1
35216,780,862,1
35217,780,894,1
35218,780,1099,1
35219,862,894,0
35220,2055,1909,0
35221,1721,1877,0
35222,1970,1721,0
35223,1977,1721,0
35224,1721,1753,0
35225,1641,1629,0
35226,590,711,0
35227,2778,2683,0
35228,2706,2669,0
35229,1139,970,0
35230,1139,847,0
35231,1099,847,0
35232,1099,970,0
35233,1099,1139,0
35234,847,970,0
35235,1766,1729,0
35236,1795,1729,0
35237,1795,1709,0
35238,1069,1045,0
35239,1090,1045,0
35240,2111,2313,0
35241,2091,2111,0
35242,2140,1954,0
35243,1522,1535,0
35244,1730,1977,0
35245,1802,1923,0
35246,1670,1638,0
35247,2119,2210,0
35248,1964,2228,0
35249,1863,2039,0
35250,1919,1830,0
35251,1969,1963,0
35252,1969,2044,0
35253,1670,1755,0
35254,1849,1708,1
35255,1996,2067,0
35256,1996,2091,0
35257,2155,2286,0
35258,2037,1879,0
35259,2068,2037,0
35260,2068,2140,0
35261,2085,1708,1
35262,1895,1964,0
35263,1973,1925,0
35264,1729,1925,0
35265,1729,1883,0
35266,1729,1973,0
35267,1925,1883,0
35268,2091,1990,1
35269,2091,2218,1
35270,1963,1939,0
35271,1963,1950,0
35272,2386,2385,0
35273,2286,2126,0
35274,2155,2148,0
35275,2091,2016,0
35276,2195,2327,0
35277,2195,2299,0
35278,2195,2037,0
35279,2111,2348,0
35280,2310,2313,0
35281,2233,2286,0
35282,2155,2299,0
35283,2044,1869,0
35284,2195,2099,0
35285,2195,2126,0
35286,2195,2223,0
35287,2195,1954,0
35288,2233,2092,0
35289,2330,2310,0
35290,1863,1656,0
35291,1482,1658,0
35292,1482,1628,1
35293,1594,1482,0
35294,2385,2233,0
35295,2385,2195,0
35296,2111,2195,0
35297,2233,2111,0
35298,2068,2111,0
35299,1581,1638,0
35300,2171,2228,0
35301,2085,2330,0
35302,2474,2085,1
35303,2085,2313,0
35304,2001,2173,0
35305,1802,1856,0
35306,1802,1883,0
35307,2166,2031,0
35308,2166,2094,0
35309,2147,2031,0
35310,1856,1982,0
35311,3991,3847,0
35312,3991,3690,0
35313,3692,3690,0
35314,3692,3991,0
35315,3690,3847,0
35316,1302,956,0
35317,1292,956,0
35318,1758,1925,0
35319,1759,1973,0
35320,812,780,0
35321,1527,1152,1
35322,1527,2224,0
35323,1628,2224,1
35324,1628,1152,1
35325,1628,1527,1
35326,2224,1152,1
35327,1795,1658,0
35328,1581,1427,0
35329,1074,963,0
35330,1074,825,0
35331,956,825,0
35332,956,963,0
35333,956,1074,0
35334,825,963,0
35335,2594,3023,0
35336,2594,2143,0
35337,1589,1740,0
35338,1581,1766,1
35339,1649,1734,0
35340,1481,1358,0
35341,1482,1513,0
35342,1482,1481,1
35343,1513,1358,0
35344,1582,1589,0
35345,1622,1484,0
35346,1663,1973,0
35347,1302,1358,0
35348,1514,1469,0
35349,1417,1469,0
35350,1806,2176,0
35351,2037,2137,0
35352,1481,1589,0
35353,1383,963,0
35354,1649,1821,0
35355,1318,1251,0
35356,1090,1098,0
35357,1302,1335,0
35358,1638,1649,0
35359,1734,1638,0
35360,2642,2781,0
35361,2390,2293,0
35362,2001,2192,0
35363,1422,1575,0
35364,1422,1581,0
35365,1936,2039,0
35366,2119,2404,0
35367,2119,2373,0
35368,2119,2439,0
35369,1582,1318,0
35370,1622,1476,0
35371,1622,1318,0
35372,1834,1883,0
35373,1642,2224,0
35374,2137,1766,0
35375,3608,3371,0
35376,3371,3546,0
35377,1883,1709,0
35378,1883,1759,0
35379,1883,1767,0
35380,2373,2210,0
35381,2057,1952,0
35382,1514,1638,0
35383,2057,2061,0
35384,1665,1718,0
35385,1765,1665,0
35386,1718,1758,0
35387,1973,2055,0
35388,1867,2057,0
35389,1844,2057,0
35390,2024,1879,0
35391,1952,2024,0
35392,2192,2057,0
35393,1834,2024,0
35394,2875,2764,0
35395,2496,2493,1
35396,2496,2264,1
35397,3002,2836,0
35398,3543,3420,0
35399,2486,2378,0
35400,2486,2621,0
35401,2455,2486,0
35402,1123,1444,0
35403,1444,1278,0
35404,4006,3991,0
35405,1873,1656,0
35406,3007,2808,1
35407,1909,1796,0
35408,3238,3170,0
35409,3238,3061,0
35410,3033,3170,0
35411,3033,3238,0
35412,3061,3170,0
35413,2073,2057,0
35414,2377,2393,0
35415,1590,1741,0
35416,705,1278,0
35417,228,1278,0
35418,228,307,0
35419,228,705,0
35420,1278,307,0
35421,1507,1527,0
35422,1782,1152,0
35423,1782,1527,0
35424,4174,4229,0
35425,1729,1796,0
35426,2132,1958,0
35427,2132,1964,0
35428,1895,1958,0
35429,2610,2455,0
35430,2610,2053,0
35431,3319,2053,0
35432,3319,2455,0
35433,3319,2610,0
35434,1665,1741,0
35435,1846,1444,0
35436,2057,2024,0
35437,2961,2697,0
35438,2801,2697,0
35439,2697,3007,0
35440,4165,4120,0
35441,4273,4120,0
35442,4273,4306,0
35443,4273,4165,0
35444,4120,4306,0
35445,2989,2673,0
35446,2941,2989,0
35447,2057,2094,0
35448,2057,2031,0
35449,2053,1873,0
35450,2224,1782,0
35451,1482,1795,0
35452,1658,1729,0
35453,1973,1795,0
35454,1432,1335,0
35455,1662,1622,0
35456,2176,1873,0
35457,1867,1813,0
35458,1807,1867,0
35459,1617,1637,0
35460,1637,1706,0
35461,1650,2143,0
35462,2202,1650,0
35463,2143,2104,0
35464,309,760,0
35465,3961,3820,0
35466,3961,3603,0
35467,1663,1568,0
35468,307,3972,0
35469,3023,2931,0
35470,3972,2931,0
35471,1566,1408,0
35472,1045,1074,0
35473,318,162,0
35474,74,184,0
35475,74,162,0
35476,74,318,0
35477,184,162,0
35478,4598,4607,0
35479,1999,1958,0
35480,309,633,0
35481,427,633,0
35482,427,1123,0
35483,427,309,0
35484,122,2759,0
35485,1775,122,0
35486,3953,3695,0
35487,1578,1758,0
35488,1630,1578,0
35489,2594,2578,0
35490,1507,760,0
35491,1795,1796,0
35492,1327,1138,0
35493,1863,2224,0
35494,1863,2055,0
35495,1863,1973,0
35496,4569,4566,0
35497,4569,4364,0
35498,4828,4569,0
35499,1656,1627,0
35500,760,1628,1
35501,2039,1973,0
35502,1426,1507,0
35503,4022,3777,0
35504,4083,3777,0
35505,4083,3526,0
35506,4083,4022,0
35507,3777,3526,0
35508,1378,1278,0
35509,1378,1557,0
35510,1444,1378,0
35511,1627,1662,0
35512,1782,1627,0
35513,1806,1627,0
35514,1002,890,0
35515,1069,890,0
35516,890,970,0
35517,2256,2377,0
35518,2610,1855,0
35519,2529,2309,0
35520,1069,1191,0
35521,1200,1191,0
35522,1200,1268,0
35523,1200,1069,0
35524,1191,1268,0
35525,2859,2486,0
35526,2859,2224,0
35527,1535,1721,0
35528,1734,1535,0
35529,1377,1582,0
35530,1590,1476,0
35531,1590,1582,0
35532,1590,1377,0
35533,807,804,0
35534,807,872,0
35535,1045,804,0
35536,1045,807,0
35537,872,804,0
35538,1642,1782,0
35539,1642,1627,0
35540,189,6354,0
35541,6226,6354,0
35542,2104,2931,0
35543,4174,3812,0
35544,2309,2621,0
35545,5831,5849,0
35546,4671,3899,0
35547,2781,2658,0
35548,2545,2658,0
35549,2551,2610,0
35550,1989,2610,0
35551,2584,2610,0
35552,4938,4615,0
35553,3603,3319,0
35554,2610,3820,0
35555,2610,3603,0
35556,3319,3820,0
35557,4820,4777,0
35558,3820,4777,0
35559,3913,4777,1
35560,1855,1846,0
35561,1855,2551,0
35562,2245,2256,0
35563,4407,4083,0
35564,3792,4083,0
35565,4083,3296,0
35566,1507,1413,0
35567,3603,3526,0
35568,3569,3526,0
35569,3569,3603,0
35570,3296,3526,0
35571,2176,2039,0
35572,2176,2055,0
35573,1936,2176,0
35574,5920,6117,0
35575,3526,3961,0
35576,2610,2647,0
35577,2610,1746,0
35578,2551,2647,0
35579,5071,4858,0
35580,4763,5096,0
35581,4763,4858,0
35582,5096,4858,0
35583,2840,2783,0
35584,2207,2931,0
35585,783,1238,0
35586,783,1220,0
35587,1124,1220,0
35588,1124,1238,0
35589,1936,2440,0
35590,1796,1601,0
35591,725,1123,0
35592,4407,4915,0
35593,4491,4965,0
35594,4491,4407,0
35595,4965,4915,0
35596,4240,4039,0
35597,5176,5059,0
35598,5176,4927,0
35599,4967,5059,0
35600,4967,5176,0
35601,4927,5059,0
35602,5517,5634,0
35603,5517,5354,0
35604,3090,2584,0
35605,3090,3033,0
35606,2621,3033,0
35607,2621,3085,0
35608,3033,3085,0
35609,3238,2207,0
35610,2584,3238,0
35611,3296,2551,0
35612,3296,2610,0
35613,2584,3296,0
35614,2207,2647,0
35615,1846,2647,0
35616,3247,3642,0
35617,3726,3247,0
35618,3278,3642,0
35619,4777,3319,0
35620,3913,3319,0
35621,189,1746,0
35622,189,4777,0
35623,6201,189,0
35624,3603,4022,0
35625,4240,4022,0
35626,4022,4407,0
35627,5735,5558,0
35628,5730,5558,0
35629,3007,3726,0
35630,3007,3247,0
35631,3526,3238,0
35632,3792,3526,0
35633,3238,3296,0
35634,3296,4022,0
35635,3569,3820,0
35636,3961,4022,0
35637,729,535,0
35638,729,559,0
35639,2423,2594,0
35640,5866,5796,0
35641,2840,2642,0
35642,2642,2658,0
35643,4039,4306,0
35644,4039,4165,0
35645,1746,1855,0
35646,5500,5970,0
35647,6528,6195,0
35648,6528,6079,0
35649,6279,6195,0
35650,6279,6528,0
35651,1029,702,0
35652,1029,809,0
35653,649,145,0
35654,240,145,0
35655,240,343,0
35656,240,649,0
35657,145,343,0
35658,633,645,0
35659,6528,124,0
35660,6528,6365,0
35661,6195,124,0
35662,6365,124,0
35663,1650,1964,0
35664,1426,1181,0
35665,1123,1413,0
35666,1123,1426,0
35667,2610,3090,0
35668,1152,4777,1
35669,1152,2053,0
35670,3319,1152,0
35671,2053,4777,0
35672,3793,3754,0
35673,3793,3732,0
35674,3686,3732,0
35675,3686,3754,0
35676,3732,3754,0
35677,1516,1650,0
35678,1722,1516,0
35679,5120,4725,0
35680,5120,4671,0
35681,4174,3391,0
35682,3218,2973,0
35683,2941,2973,0
35684,2941,3218,0
35685,2245,1895,0
35686,3218,3120,0
35687,3094,3120,0
35688,2664,2545,0
35689,3197,3380,0
35690,2377,2635,0
35691,2781,2965,0
35692,2440,2378,0
35693,2496,2675,0
35694,2435,2777,1
35695,2675,2777,1
35696,2660,2989,0
35697,3952,3999,0
35698,3952,4139,0
35699,3975,4139,0
35700,3975,3999,0
35701,3975,3952,0
35702,2388,2694,0
35703,2781,2840,0
35704,3314,3278,0
35705,3543,3278,0
35706,2778,2723,0
35707,2778,2870,0
35708,2826,2689,0
35709,2621,2801,0
35710,2621,2826,0
35711,3085,2826,0
35712,3085,2998,0
35713,2801,3085,0
35714,4775,4880,0
35715,2449,2621,0
35716,2388,2359,0
35717,4022,4491,0
35718,2578,2545,0
35719,2309,2689,0
35720,2373,2689,0
35721,2899,2989,0
35722,3645,3929,0
35723,3645,3464,0
35724,3554,3929,0
35725,2658,2456,0
35726,2621,2573,0
35727,4063,3389,0
35728,4063,3777,0
35729,3389,3777,0
35730,4119,3777,0
35731,4119,4083,0
35732,4063,4083,0
35733,4063,4119,0
35734,2989,2926,0
35735,3298,3210,0
35736,2926,3210,0
35737,2928,3210,0
35738,3380,3120,0
35739,3380,3218,0
35740,2989,2635,0
35741,4229,4349,0
35742,4459,4404,0
35743,4459,4229,0
35744,4349,4404,0
35745,3214,3210,0
35746,2989,3210,0
35747,2989,3339,0
35748,2805,2692,0
35749,2805,2488,0
35750,3856,3549,0
35751,689,304,0
35752,633,304,0
35753,304,450,0
35754,2805,3061,0
35755,2931,3061,0
35756,2805,2463,0
35757,2826,2486,0
35758,2573,2689,0
35759,2486,2053,0
35760,2493,2439,0
35761,2552,2429,0
35762,2697,2808,0
35763,2826,3033,0
35764,3033,2801,0
35765,2781,2456,0
35766,2880,2840,0
35767,3830,3823,0
35768,3614,3823,0
35769,3594,3823,0
35770,3339,3120,0
35771,3210,3120,0
35772,3210,3104,0
35773,3120,3104,0
35774,3052,2877,0
35775,2781,3052,0
35776,2689,3033,0
35777,2524,2808,1
35778,2524,2573,0
35779,2697,2573,0
35780,3464,3444,0
35781,3464,3329,0
35782,3378,3464,0
35783,3329,3444,0
35784,2529,2573,0
35785,2859,2053,0
35786,4967,307,0
35787,4967,335,0
35788,3687,3671,0
35789,3687,3843,0
35790,3730,3687,0
35791,3843,3671,0
35792,2551,3603,0
35793,2647,3296,0
35794,2524,2224,1
35795,3596,3642,0
35796,4165,3952,0
35797,4039,3952,0
35798,3991,3724,0
35799,2552,2493,0
35800,2552,2496,0
35801,2548,2493,0
35802,3120,3311,0
35803,3067,3052,0
35804,2840,3052,0
35805,2840,3099,0
35806,3608,4042,0
35807,3608,3856,0
35808,3554,4042,0
35809,3554,3608,0
35810,3033,2998,0
35811,2965,3007,0
35812,2808,2689,0
35813,4807,4674,0
35814,4807,4755,0
35815,4730,4674,0
35816,4730,4807,0
35817,4755,4674,0
35818,2902,3016,0
35819,3390,3411,0
35820,3318,3411,0
35821,3540,3464,0
35822,3314,3464,0
35823,3260,3294,0
35824,3260,3638,0
35825,4070,4136,0
35826,3783,4136,0
35827,4092,4136,0
35828,4174,3856,0
35829,4174,4119,0
35830,3143,2777,1
35831,2675,3143,1
35832,2877,2706,0
35833,2764,2778,0
35834,2524,2689,0
35835,3260,3420,0
35836,2524,2309,0
35837,3242,3454,0
35838,2529,2685,0
35839,2439,2210,0
35840,2911,2723,0
35841,3544,3686,0
35842,3542,3686,0
35843,3686,3698,0
35844,2897,2854,0
35845,2941,3120,0
35846,2941,3311,0
35847,2493,2415,0
35848,3172,3208,0
35849,4174,3602,0
35850,3099,3033,0
35851,2799,2642,0
35852,3314,3247,0
35853,3311,3329,0
35854,3378,3311,0
35855,2799,2783,0
35856,2786,2836,0
35857,2803,2836,0
35858,2836,2675,0
35859,2685,2404,0
35860,2902,2836,0
35861,4006,4262,0
35862,4262,4160,0
35863,2912,2875,0
35864,3425,3501,0
35865,3108,2951,0
35866,2951,3031,0
35867,3975,3991,0
35868,2778,2877,0
35869,3278,3260,0
35870,3573,3454,0
35871,3114,3026,0
35872,3145,3294,0
35873,3294,3110,0
35874,2913,2697,0
35875,2808,2913,1
35876,3990,4062,0
35877,3847,3724,0
35878,3285,3480,0
35879,3466,3480,0
35880,3454,3713,0
35881,3260,3454,0
35882,3864,3702,0
35883,3722,3911,0
35884,3702,3911,0
35885,3894,3724,0
35886,3724,3843,0
35887,3303,3434,0
35888,3542,3303,0
35889,3532,3508,0
35890,3380,3554,0
35891,3380,3508,0
35892,3380,3532,0
35893,3554,3508,0
35894,3358,3279,0
35895,3295,3358,0
35896,3279,3374,0
35897,3991,4070,0
35898,4002,3847,0
35899,4002,4070,0
35900,4006,4136,0
35901,4262,4136,0
35902,4136,4160,0
35903,4411,4407,0
35904,3374,3143,0
35905,3294,3143,0
35906,3374,3318,0
35907,3535,3318,0
35908,3294,3318,0
35909,3110,2860,0
35910,3264,3069,0
35911,3074,3069,0
35912,3246,3069,0
35913,3199,3086,0
35914,3199,3069,0
35915,3264,3086,0
35916,3535,3801,0
35917,3247,2961,0
35918,3247,2965,0
35919,3242,2911,0
35920,3540,3671,0
35921,3642,3540,0
35922,3596,3671,0
35923,3540,3687,0
35924,3247,3687,0
35925,3642,3687,0
35926,3278,3110,0
35927,3260,2913,0
35928,3594,3480,0
35929,3614,3480,0
35930,4047,4120,0
35931,4047,4262,0
35932,4136,4120,0
35933,4136,4047,0
35934,4262,4120,0
35935,4039,3389,0
35936,3371,3317,0
35937,4002,3975,0
35938,5517,5591,0
35939,4445,3913,1
35940,4445,4411,0
35941,4445,4846,1
35942,3894,3847,0
35943,3464,3754,0
35944,3745,3576,0
35945,3745,3754,0
35946,3576,3754,0
35947,3990,3929,0
35948,3990,3745,0
35949,3754,3929,0
35950,3754,3990,0
35951,3843,3999,0
35952,3730,3999,0
35953,3843,3952,0
35954,3454,3690,0
35955,4406,4339,0
35956,4406,4255,0
35957,4343,4255,0
35958,4343,4339,0
35959,4343,4406,0
35960,4255,4339,0
35961,3759,3767,0
35962,3759,3831,0
35963,3854,3759,0
35964,3295,3217,0
35965,3295,3246,0
35966,3900,3851,0
35967,3900,3684,0
35968,3638,3278,1
35969,4339,4611,0
35970,4339,4522,0
35971,4321,4522,0
35972,4321,4611,0
35973,4321,4339,0
35974,4049,3810,0
35975,4339,4385,0
35976,4343,4321,0
35977,4321,4385,0
35978,3969,3973,0
35979,4127,4224,0
35980,4224,3969,0
35981,3901,3831,0
35982,3901,3976,0
35983,4116,4094,0
35984,4846,4775,0
35985,4915,4846,0
35986,4880,4674,0
35987,4306,4674,0
35988,4674,4877,0
35989,3941,3928,0
35990,4560,4826,0
35991,4746,4826,1
35992,4087,4129,0
35993,4087,4014,0
35994,4208,4087,0
35995,4014,4129,0
35996,3901,3790,0
35997,3854,3790,0
35998,4711,4550,0
35999,4550,4808,0
36000,3830,3831,0
36001,3976,3830,0
36002,3767,3535,0
36003,3767,3629,0
36004,3439,3538,0
36005,3439,3458,0
36006,3692,3485,0
36007,3692,3573,0
36008,3678,3485,0
36009,3690,3573,0
36010,3861,4092,0
36011,3638,4095,1
36012,4623,4579,0
36013,4496,4579,0
36014,4484,4579,0
36015,4206,4311,1
36016,4012,4149,0
36017,3713,4070,0
36018,3485,3242,0
36019,3576,3692,0
36020,3576,3678,0
36021,3303,3544,0
36022,3303,3374,0
36023,3420,3374,0
36024,3420,3544,0
36025,3374,3544,0
36026,3332,3358,0
36027,3183,3312,0
36028,3573,3576,0
36029,5195,5293,0
36030,5453,5293,0
36031,5293,5356,0
36032,4374,4673,0
36033,4439,4673,0
36034,4084,4106,0
36035,3301,3318,0
36036,4216,4313,0
36037,4216,4543,0
36038,4347,4543,0
36039,4347,4313,0
36040,4347,4216,0
36041,4543,4313,0
36042,3687,3763,0
36043,3247,3763,0
36044,3247,3392,0
36045,3763,3392,0
36046,4092,3638,1
36047,4523,4621,0
36048,4663,4621,0
36049,4904,4817,0
36050,4374,4483,0
36051,3767,3617,0
36052,3831,3617,0
36053,3614,3542,0
36054,3614,3686,0
36055,3614,3698,0
36056,4254,4019,0
36057,3941,4290,0
36058,4148,4087,0
36059,4148,4129,0
36060,4108,4087,0
36061,4936,5116,1
36062,4958,5116,1
36063,4958,5028,0
36064,3378,3544,0
36065,3378,3686,0
36066,4081,3861,0
36067,4081,3976,0
36068,3974,3976,0
36069,4106,3901,0
36070,4255,4210,0
36071,4255,4473,0
36072,4343,4473,0
36073,4343,4210,0
36074,4473,4210,0
36075,4343,4347,0
36076,3831,3801,0
36077,4095,3974,0
36078,3732,3678,0
36079,3732,3576,0
36080,3692,3732,0
36081,3698,3830,0
36082,3617,3830,0
36083,3830,3762,0
36084,3821,3668,0
36085,3851,3958,0
36086,4005,3851,0
36087,3945,3942,0
36088,3919,3901,0
36089,3919,3942,0
36090,3919,3945,0
36091,3901,3942,0
36092,3797,3486,0
36093,2900,3031,0
36094,2900,3141,0
36095,3411,3434,0
36096,2828,3078,0
36097,2828,3069,0
36098,2862,3078,0
36099,3639,3422,0
36100,3639,3398,0
36101,3374,3171,0
36102,3294,3171,0
36103,3760,3654,0
36104,3973,3760,0
36105,3947,3854,0
36106,4110,3947,0
36107,4106,4081,0
36108,4154,4081,0
36109,4313,4081,0
36110,4223,4424,1
36111,4223,4381,0
36112,4388,4223,1
36113,3947,4032,0
36114,4591,4605,0
36115,4667,4605,0
36116,4667,4591,0
36117,4208,4205,0
36118,4208,4315,0
36119,4129,4205,0
36120,3771,3947,0
36121,3901,3947,0
36122,4288,4205,0
36123,3794,3760,0
36124,3675,3981,0
36125,3675,3794,0
36126,3415,3264,0
36127,3571,3332,0
36128,4223,4210,0
36129,4110,4188,0
36130,4032,4057,0
36131,3698,3823,0
36132,3823,3762,0
36133,3264,3079,0
36134,3264,3395,0
36135,3668,3605,0
36136,3821,4032,0
36137,3352,3490,0
36138,3460,3519,0
36139,3794,3741,0
36140,4104,3741,0
36141,4032,4043,0
36142,4032,4125,0
36143,4623,4510,0
36144,4555,4579,0
36145,4510,4579,0
36146,4014,3901,0
36147,4318,4133,0
36148,4363,4254,0
36149,4363,4444,0
36150,4363,4318,0
36151,4803,4711,1
36152,4399,4484,0
36153,4465,4452,0
36154,4465,4399,0
36155,4484,4452,0
36156,4224,4129,0
36157,4224,4315,0
36158,4108,4224,0
36159,4227,4111,0
36160,4224,4148,0
36161,4623,4648,0
36162,4554,4579,0
36163,4648,4579,0
36164,3668,3571,0
36165,3431,3571,0
36166,4208,3947,0
36167,3813,3863,0
36168,3851,3813,0
36169,3654,3863,0
36170,3367,3571,0
36171,3679,3486,1
36172,4059,3714,1
36173,3486,3875,1
36174,3425,3439,0
36175,3322,3140,0
36176,3143,3638,1
36177,3535,3143,0
36178,3544,3732,0
36179,3322,3352,0
36180,3026,3349,1
36181,3732,3485,0
36182,3684,3581,0
36183,3578,3684,0
36184,2881,3041,0
36185,3668,3600,0
36186,3490,3600,0
36187,4062,4249,0
36188,4062,4094,0
36189,4085,4094,0
36190,4085,4249,0
36191,4085,4062,0
36192,4094,4249,0
36193,2996,3140,0
36194,3594,3698,0
36195,3542,3823,0
36196,3074,2900,0
36197,2951,3074,0
36198,2862,3074,0
36199,3482,3720,0
36200,3482,3552,0
36201,3654,3552,0
36202,2951,3069,0
36203,3246,3199,0
36204,3143,3260,0
36205,3292,3141,0
36206,3352,3390,0
36207,3079,3035,0
36208,3094,2783,0
36209,3094,2941,0
36210,3013,3094,0
36211,3847,3732,0
36212,3678,3762,0
36213,3031,2902,0
36214,3374,3573,0
36215,3485,3374,0
36216,3227,3116,0
36217,2694,3094,0
36218,3374,3411,0
36219,2952,3141,0
36220,2725,3078,0
36221,3069,3016,0
36222,3016,3217,0
36223,3217,3193,0
36224,3955,3969,0
36225,3582,3654,0
36226,3079,2956,0
36227,3813,3955,0
36228,3928,3955,0
36229,3928,3863,0
36230,2952,3031,0
36231,3141,3072,0
36232,3141,3277,0
36233,2972,3049,0
36234,3370,3499,0
36235,3141,3012,0
36236,3141,2947,0
36237,3012,2952,0
36238,3318,3171,0
36239,3318,3114,0
36240,3294,3279,0
36241,3318,3279,0
36242,3772,3600,0
36243,2912,3065,0
36244,3294,3295,0
36245,3535,3279,0
36246,3143,3318,0
36247,3143,3278,1
36248,3143,3145,0
36249,3374,3678,0
36250,3775,3894,0
36251,3775,3843,0
36252,3303,3480,0
36253,3217,3332,0
36254,3264,3285,0
36255,3356,3264,0
36256,3285,3362,0
36257,4327,4197,0
36258,4093,4197,0
36259,4093,4327,0
36260,4197,4189,0
36261,3732,3690,0
36262,3745,3690,0
36263,3745,3732,0
36264,3303,3295,0
36265,3578,3685,0
36266,3685,3681,0
36267,3193,3094,0
36268,3378,3094,0
36269,3593,3416,0
36270,3482,3416,0
36271,3693,3639,0
36272,3693,3794,0
36273,3830,3542,0
36274,3221,3217,0
36275,3221,3246,0
36276,3958,3863,0
36277,3362,3395,0
36278,3422,3578,0
36279,3191,2979,0
36280,3093,3197,0
36281,2979,3197,0
36282,3942,3973,0
36283,3942,3830,0
36284,3837,3973,0
36285,3837,3942,0
36286,3830,3973,0
36287,3745,3847,0
36288,4384,4284,0
36289,4384,4327,0
36290,4117,4327,0
36291,4117,4384,0
36292,4327,4284,0
36293,3651,3378,0
36294,3480,3588,0
36295,3480,3651,0
36296,3378,3588,0
36297,3731,3725,0
36298,3900,3731,0
36299,3686,3480,0
36300,3686,3651,0
36301,3126,3234,0
36302,3045,3234,0
36303,3234,3093,0
36304,3762,3974,0
36305,3823,3976,0
36306,3762,3759,0
36307,3047,3186,0
36308,3047,3134,0
36309,4180,4192,0
36310,4180,4031,0
36311,4124,4192,0
36312,4124,4180,0
36313,4031,4192,0
36314,3651,3645,0
36315,3651,3581,0
36316,3693,3651,0
36317,3942,3823,0
36318,3823,3973,0
36319,3793,3651,0
36320,3754,3645,0
36321,3754,3651,0
36322,3449,3639,0
36323,3485,3544,0
36324,3892,3819,0
36325,3810,3892,0
36326,3819,3720,0
36327,3576,3544,0
36328,4087,3945,0
36329,4087,3928,0
36330,4108,3945,0
36331,3684,3614,0
36332,3678,3544,0
36333,5120,5059,0
36334,5059,5866,0
36335,3837,3919,0
36336,3973,3919,0
36337,3217,3074,0
36338,3264,3466,0
36339,3094,2899,0
36340,3858,3940,0
36341,3858,3705,0
36342,3940,3643,0
36343,4254,4246,0
36344,4254,4029,0
36345,4040,4254,0
36346,4029,4246,0
36347,3398,3120,0
36348,3078,2764,0
36349,2912,3078,0
36350,3568,3499,0
36351,3031,3069,0
36352,3078,2786,0
36353,3074,3221,0
36354,3195,3025,0
36355,3025,3184,0
36356,3340,3256,0
36357,3444,3380,0
36358,192,450,0
36359,3428,3199,0
36360,3356,3345,0
36361,3356,3428,0
36362,4005,3863,0
36363,3970,4149,0
36364,3760,3942,0
36365,3332,3594,0
36366,4942,5201,0
36367,4942,5026,0
36368,5159,5201,0
36369,5159,4942,0
36370,5026,5201,0
36371,3059,3376,0
36372,2828,3045,0
36373,3086,3074,0
36374,3631,3696,0
36375,3733,3696,0
36376,3733,3742,0
36377,3334,3229,0
36378,3334,3176,0
36379,3155,3176,0
36380,3176,3229,0
36381,3069,3221,0
36382,2912,3069,0
36383,3069,2725,0
36384,3568,3696,0
36385,3199,3217,0
36386,3086,3079,0
36387,3219,2975,0
36388,3287,3433,0
36389,3287,3152,0
36390,3152,3433,0
36391,3302,3340,0
36392,3195,3095,0
36393,3466,3428,0
36394,3645,3444,0
36395,3554,3444,0
36396,3532,3444,0
36397,3661,3668,0
36398,3373,3285,0
36399,4255,4223,0
36400,4255,4560,0
36401,4473,4223,0
36402,4560,4223,1
36403,3119,2947,0
36404,3600,3439,0
36405,3195,2975,0
36406,3415,3654,0
36407,4148,4106,0
36408,4148,4216,0
36409,4087,4216,0
36410,4087,4106,0
36411,4645,4677,0
36412,4735,4642,0
36413,3523,3552,0
36414,4748,4769,0
36415,3851,4033,0
36416,2889,3179,0
36417,4188,3947,0
36418,3604,3742,0
36419,3604,3506,0
36420,3406,3598,0
36421,3741,3958,0
36422,3741,3981,0
36423,3981,3958,0
36424,3856,3812,0
36425,3878,3812,0
36426,3878,4200,0
36427,3812,4200,0
36428,4323,4234,0
36429,4068,4323,0
36430,3210,3549,0
36431,3668,3438,0
36432,4475,4420,0
36433,4477,4567,0
36434,4477,4420,0
36435,4477,4475,0
36436,4247,4284,0
36437,3741,3639,0
36438,3832,3772,0
36439,3668,3439,0
36440,3919,3830,0
36441,3772,3947,0
36442,4445,3726,1
36443,4445,3763,0
36444,3913,3726,0
36445,4111,4012,0
36446,4327,4302,0
36447,4117,4302,0
36448,4302,4189,0
36449,4671,3972,0
36450,4671,4421,0
36451,4138,4087,0
36452,4138,4208,0
36453,4129,4138,0
36454,3994,3705,0
36455,3994,3665,0
36456,3800,3705,0
36457,3800,3994,0
36458,3665,3705,0
36459,4243,4227,0
36460,4243,4127,0
36461,5429,5387,0
36462,5429,5272,0
36463,5429,5293,0
36464,3928,3973,0
36465,3955,3837,0
36466,3928,3919,0
36467,3813,3892,0
36468,3813,3819,0
36469,3918,3813,0
36470,3428,3415,0
36471,3170,3214,0
36472,3813,3720,0
36473,4321,4313,0
36474,3261,3577,0
36475,3958,4040,0
36476,3929,3608,0
36477,3810,3970,0
36478,4284,4302,0
36479,4284,4274,0
36480,4179,4274,0
36481,4179,4302,0
36482,4179,4284,0
36483,4274,4302,0
36484,3654,3588,0
36485,3945,3976,0
36486,3976,3942,0
36487,4284,4557,0
36488,4450,4284,0
36489,3921,3742,0
36490,3482,3582,0
36491,3523,3482,0
36492,4049,4203,0
36493,4135,4049,0
36494,4558,4557,0
36495,4557,4248,0
36496,4363,4382,0
36497,3892,3968,0
36498,3882,4097,0
36499,3887,4097,0
36500,4117,3954,0
36501,4117,3911,0
36502,4196,3911,0
36503,4196,4117,0
36504,3653,3727,0
36505,3604,3822,0
36506,3604,3864,0
36507,3482,3560,0
36508,3733,3613,0
36509,3863,3837,0
36510,4094,4246,0
36511,3899,2594,0
36512,3883,3907,0
36513,3883,3735,0
36514,3909,3735,0
36515,3428,3588,0
36516,3428,3684,0
36517,4033,3741,0
36518,3813,3664,0
36519,3689,3799,0
36520,3735,3799,0
36521,3735,3689,0
36522,3727,3799,0
36523,3968,3851,0
36524,3633,3563,0
36525,3669,3633,0
36526,3688,3598,0
36527,3633,3471,0
36528,3598,3471,0
36529,3892,4128,0
36530,3502,3631,0
36531,3502,3481,0
36532,3563,3481,0
36533,3563,3631,0
36534,3720,3582,0
36535,3532,3405,0
36536,3428,3362,0
36537,3552,3813,0
36538,3621,3813,0
36539,3422,3681,0
36540,3685,3422,0
36541,4078,4031,0
36542,3578,3499,0
36543,3613,3578,0
36544,3499,3725,0
36545,3631,3370,0
36546,3502,3452,0
36547,3191,3578,0
36548,3578,3197,0
36549,4275,4180,0
36550,4250,4180,0
36551,4250,4275,0
36552,3825,3822,0
36553,3644,3533,0
36554,3739,3533,0
36555,4489,4237,0
36556,4403,4237,0
36557,3633,3825,0
36558,4274,4196,0
36559,4114,4196,0
36560,4114,4179,0
36561,3024,3036,0
36562,3618,3481,0
36563,2970,3184,0
36564,3742,3598,0
36565,3890,3897,0
36566,3890,3699,0
36567,3811,3699,0
36568,3811,3890,0
36569,3699,3897,0
36570,3189,3176,0
36571,3116,3176,0
36572,3565,3302,0
36573,3876,3998,0
36574,3914,3998,0
36575,3998,3927,0
36576,3502,3340,0
36577,3481,3452,0
36578,3253,3276,0
36579,3598,3680,0
36580,3680,3471,0
36581,3256,3440,0
36582,3187,3492,0
36583,3598,3604,0
36584,4224,4496,0
36585,3346,3195,0
36586,3036,3122,0
36587,3122,3227,0
36588,3900,3768,0
36589,3302,3475,0
36590,3967,4122,0
36591,3967,4099,0
36592,3665,3474,0
36593,3665,3612,0
36594,3475,3502,0
36595,3793,4094,0
36596,3155,2894,0
36597,3036,3155,0
36598,2894,3116,0
36599,3176,3029,0
36600,2979,3155,0
36601,2932,3111,0
36602,3811,3663,0
36603,3842,3699,0
36604,3663,3699,0
36605,3553,3271,0
36606,3334,3241,0
36607,3537,3702,0
36608,3577,3633,0
36609,3555,3325,0
36610,3334,3325,0
36611,3334,3533,0
36612,3334,3555,0
36613,3444,3651,0
36614,3378,3645,0
36615,3116,2758,0
36616,3116,2825,0
36617,2767,3116,0
36618,3356,3191,0
36619,4093,4267,0
36620,5124,6686,0
36621,5124,5365,0
36622,5444,5365,0
36623,5444,6686,0
36624,5365,6686,0
36625,3126,3312,0
36626,3155,2767,0
36627,3994,3967,0
36628,4099,4052,0
36629,4099,3994,0
36630,3967,4052,0
36631,4141,3967,0
36632,3967,4215,0
36633,3583,3688,0
36634,3208,3218,0
36635,3116,3029,0
36636,2819,3116,0
36637,3577,3406,0
36638,2845,3091,0
36639,3705,3662,0
36640,3705,3739,0
36641,3978,3705,0
36642,3406,3452,0
36643,3800,3931,0
36644,3708,3800,0
36645,3022,3091,0
36646,3520,3591,0
36647,3591,3436,0
36648,3897,3912,0
36649,3054,2920,0
36650,3176,3325,0
36651,2825,3036,0
36652,3653,3782,0
36653,3782,3689,0
36654,3227,3200,0
36655,3261,3227,0
36656,3406,3200,0
36657,3227,3302,0
36658,3116,2932,0
36659,3436,3406,0
36660,3406,3471,0
36661,3681,3909,0
36662,3607,3506,0
36663,3607,3604,0
36664,3227,3506,0
36665,3227,3607,0
36666,2983,3036,0
36667,3283,3560,0
36668,3264,3283,0
36669,3256,3254,0
36670,3195,3482,0
36671,3195,2970,0
36672,3093,2843,0
36673,4282,4497,0
36674,4404,4497,0
36675,4229,4497,0
36676,3689,3682,0
36677,3689,3796,0
36678,3799,3796,0
36679,3799,3682,0
36680,3796,3682,0
36681,3093,3356,0
36682,3345,3093,0
36683,3520,3553,0
36684,3234,3207,0
36685,4176,3996,0
36686,4176,4074,0
36687,3953,3996,0
36688,3186,3211,0
36689,3312,3207,0
36690,3241,3410,0
36691,3325,3410,0
36692,3345,3207,0
36693,3550,3625,0
36694,3189,3132,0
36695,4403,6662,0
36696,4344,4303,0
36697,3308,3189,0
36698,2850,3191,0
36699,3879,3996,0
36700,3719,3996,0
36701,3116,2976,0
36702,3727,3681,0
36703,4631,4427,0
36704,4628,4427,0
36705,4628,4437,0
36706,4427,4437,0
36707,3298,3120,0
36708,2899,3210,0
36709,3506,3308,0
36710,3506,3370,0
36711,3718,3533,0
36712,3607,3739,0
36713,3607,3811,0
36714,3652,3811,0
36715,3652,3739,0
36716,3652,3607,0
36717,3385,3410,0
36718,4674,4741,0
36719,4741,4596,0
36720,4403,4518,0
36721,4560,4660,0
36722,4534,4660,0
36723,3387,3685,0
36724,3387,3578,0
36725,3410,3506,0
36726,3176,3308,0
36727,3191,2848,0
36728,2843,3197,0
36729,2843,3191,0
36730,3314,3311,0
36731,3416,3387,0
36732,3387,3499,0
36733,3120,2980,0
36734,4036,3811,0
36735,4036,3842,0
36736,4031,3811,0
36737,4031,4036,0
36738,3387,3197,0
36739,3238,3925,0
36740,3329,3380,0
36741,3329,3120,0
36742,3754,3378,0
36743,3754,3544,0
36744,3345,3191,0
36745,3457,3555,0
36746,3385,3555,0
36747,3607,3699,0
36748,3652,3699,0
36749,3334,3227,0
36750,3727,3883,0
36751,3652,3506,0
36752,3506,3699,0
36753,3978,3800,0
36754,3653,3845,0
36755,3782,3845,0
36756,3653,3385,0
36757,3449,3857,0
36758,3449,3681,0
36759,3191,3416,0
36760,3428,3191,0
36761,3793,3698,0
36762,4533,4745,0
36763,4522,4460,0
36764,4099,4268,0
36765,4202,4303,0
36766,3741,3878,0
36767,3484,3508,0
36768,3741,3675,0
36769,4280,4127,0
36770,3391,2692,0
36771,3387,3308,0
36772,3719,3550,0
36773,3719,3709,0
36774,3879,3709,0
36775,3879,3550,0
36776,3709,3550,0
36777,4123,4260,0
36778,4198,4260,0
36779,3593,3499,0
36780,3499,3452,0
36781,3191,3207,0
36782,3387,3191,0
36783,3207,3197,0
36784,3578,3416,0
36785,3602,3389,0
36786,3792,3389,0
36787,3792,3777,0
36788,3792,3602,0
36789,3237,6629,0
36790,3410,3499,0
36791,4042,3777,0
36792,3660,3685,0
36793,4200,4404,0
36794,3410,3685,0
36795,3593,3345,0
36796,3134,3092,0
36797,3134,2889,0
36798,3047,3092,0
36799,3699,3660,0
36800,3660,3652,0
36801,3872,3845,0
36802,3799,3845,0
36803,3845,3883,0
36804,3942,4085,0
36805,3942,4021,0
36806,3942,4116,0
36807,4260,4493,0
36808,4549,4493,0
36809,4549,4293,0
36810,4549,4260,0
36811,4493,4293,0
36812,5176,5120,0
36813,5176,5866,0
36814,5176,5747,0
36815,3092,2787,0
36816,2736,3092,0
36817,4123,4228,0
36818,5851,5809,0
36819,5403,5851,0
36820,4566,4927,0
36821,3444,3218,0
36822,3945,4129,0
36823,3901,4129,0
36824,3085,3569,0
36825,3981,3878,0
36826,3588,3487,0
36827,3356,3588,0
36828,3681,3731,0
36829,3681,3735,0
36830,4198,4222,0
36831,3811,3604,0
36832,3380,3494,0
36833,3681,3682,0
36834,3588,3466,0
36835,5096,5338,0
36836,3760,3830,0
36837,3760,3837,0
36838,3428,3578,0
36839,4374,4094,0
36840,3741,3684,0
36841,4104,4369,0
36842,3685,3506,0
36843,3433,3665,0
36844,3909,3981,0
36845,4303,3994,0
36846,3760,4029,0
36847,3760,4021,0
36848,3602,3317,0
36849,3389,3317,0
36850,3317,3777,0
36851,2989,3120,0
36852,3554,3549,0
36853,4180,4191,0
36854,4031,4191,0
36855,3719,3281,0
36856,4287,4205,0
36857,3953,3719,0
36858,3626,3719,0
36859,4581,4701,0
36860,4581,4620,0
36861,3578,3356,0
36862,4246,4021,0
36863,3695,3101,0
36864,3695,3719,0
36865,3857,3879,0
36866,3857,4198,0
36867,3197,3029,0
36868,4119,4152,0
36869,4063,4152,0
36870,4152,4414,0
36871,3197,2820,0
36872,3191,3422,0
36873,3329,3208,0
36874,5500,4421,0
36875,2143,4421,0
36876,3186,3092,0
36877,4938,4945,0
36878,5061,4798,0
36879,5061,4945,0
36880,5061,4938,0
36881,4798,4945,0
36882,3681,3799,0
36883,4015,3991,0
36884,3894,3929,0
36885,3745,3894,0
36886,2805,3210,0
36887,3027,3695,0
36888,3796,3625,0
36889,3796,3996,0
36890,6074,5809,0
36891,6041,6074,0
36892,5809,6282,0
36893,4474,4591,0
36894,4605,4474,0
36895,3208,3311,0
36896,2660,3210,0
36897,4303,4493,0
36898,4448,4303,0
36899,3298,3197,0
36900,3298,3422,0
36901,3298,3380,0
36902,5611,5693,0
36903,5611,4871,0
36904,5793,4871,0
36905,5793,5611,0
36906,956,762,0
36907,956,499,0
36908,4641,4612,0
36909,4439,4612,0
36910,4187,4094,0
36911,4187,4062,0
36912,4094,3990,0
36913,4981,4939,0
36914,4613,4939,0
36915,4618,4939,0
36916,3695,3281,0
36917,3532,3398,0
36918,4282,4226,0
36919,4282,4576,0
36920,4727,5059,0
36921,1377,1455,0
36922,1469,1582,0
36923,1469,1377,0
36924,3929,4139,0
36925,3929,4063,0
36926,4152,4139,0
36927,4152,3929,0
36928,3608,3464,0
36929,3549,3532,0
36930,3549,3484,0
36931,3549,3298,0
36932,4058,3281,0
36933,108,6310,0
36934,6321,6310,0
36935,6321,6391,0
36936,6321,108,0
36937,6310,6391,0
36938,3052,3247,0
36939,3052,2961,0
36940,3847,3754,0
36941,4119,4301,0
36942,4152,4301,0
36943,2973,3311,0
36944,3392,2998,0
36945,3085,3247,0
36946,3085,3392,0
36947,2998,3247,0
36948,4439,4435,0
36949,4439,4483,0
36950,4198,4226,0
36951,4176,4497,0
36952,4176,4226,0
36953,4266,4216,0
36954,4266,4313,0
36955,4543,4266,0
36956,3847,4062,0
36957,3745,4062,0
36958,4926,5145,0
36959,4926,4649,0
36960,4775,4649,0
36961,4775,5145,0
36962,4775,4926,0
36963,4649,5145,0
36964,4405,4336,1
36965,4405,4095,1
36966,4092,4336,1
36967,4092,4405,0
36968,4095,4336,1
36969,3793,3762,0
36970,3942,4087,0
36971,3942,4106,0
36972,3942,4148,0
36973,4087,3901,0
36974,4581,4536,0
36975,3919,4108,0
36976,3725,3684,0
36977,3675,3581,0
36978,3684,3973,0
36979,4364,3602,0
36980,4119,3602,0
36981,3907,4180,0
36982,3981,3684,0
36983,3684,3958,0
36984,4523,4673,0
36985,4246,4382,0
36986,4190,4382,0
36987,3684,3760,0
36988,3857,4222,0
36989,3857,4228,0
36990,3857,4121,0
36991,4104,4283,0
36992,4596,4535,0
36993,4596,4483,0
36994,4673,4596,0
36995,4745,4826,0
36996,4660,4826,0
36997,4660,4594,0
36998,4660,4745,0
36999,4826,4594,1
37000,4138,4188,0
37001,4266,4148,0
37002,4224,4216,0
37003,4224,4266,0
37004,4591,4564,0
37005,4591,4528,0
37006,4400,4591,0
37007,3794,3651,0
37008,4029,3684,0
37009,4029,3675,0
37010,4029,3741,0
37011,4029,3958,0
37012,4029,4033,0
37013,3391,3484,0
37014,4979,4949,0
37015,4862,4949,0
37016,4021,3823,0
37017,4085,3823,0
37018,4021,3684,0
37019,4042,3878,0
37020,4236,3856,0
37021,4236,4042,0
37022,5338,5249,0
37023,4557,4363,0
37024,4474,4426,0
37025,4474,4400,0
37026,4528,4474,0
37027,4254,4021,0
37028,4119,4569,0
37029,4569,4042,0
37030,4021,4266,0
37031,4040,4283,0
37032,4190,4283,0
37033,4652,4576,0
37034,4623,4705,0
37035,4731,4798,0
37036,4731,4663,0
37037,4670,4663,0
37038,4784,4558,0
37039,4681,4791,0
37040,4791,4558,0
37041,4406,4473,0
37042,4472,4406,0
37043,3596,3726,0
37044,3991,3999,0
37045,4193,3975,0
37046,4193,3991,0
37047,3775,4015,0
37048,4160,4062,0
37049,4339,4405,0
37050,4255,4405,0
37051,3713,4092,1
37052,3713,4136,0
37053,4595,4385,0
37054,4515,4385,0
37055,4515,4595,0
37056,4339,4595,0
37057,4343,4595,0
37058,4336,4160,0
37059,4336,4136,0
37060,4350,4336,0
37061,4350,4160,0
37062,4262,4350,0
37063,4406,4611,0
37064,4460,4611,0
37065,4460,4339,0
37066,4607,4120,1
37067,4336,4120,1
37068,4094,3754,0
37069,4085,3754,0
37070,3604,3699,0
37071,4520,4631,0
37072,4498,4293,0
37073,4549,4324,0
37074,4549,4498,0
37075,3689,3681,0
37076,5154,5308,0
37077,5020,5308,0
37078,5020,5096,0
37079,4200,4229,0
37080,3533,3187,0
37081,4406,4560,0
37082,4223,4405,1
37083,4223,4406,0
37084,4560,4405,0
37085,4981,4719,0
37086,4829,4981,0
37087,4719,4939,0
37088,4849,4086,0
37089,4200,4222,0
37090,5071,4986,0
37091,4894,4986,0
37092,4894,5005,0
37093,4894,5071,0
37094,4986,5005,0
37095,5201,5375,0
37096,5201,5701,0
37097,5360,5701,0
37098,5701,5375,0
37099,4654,4738,0
37100,4737,4694,0
37101,4720,4694,0
37102,4694,4756,0
37103,4756,4840,0
37104,5637,5414,0
37105,5637,5566,0
37106,5544,5566,0
37107,5544,5414,0
37108,5566,5414,0
37109,3998,3954,0
37110,4527,4058,0
37111,4055,3845,0
37112,4055,3907,0
37113,4124,4055,0
37114,4384,4302,0
37115,4488,4599,0
37116,4488,4558,0
37117,4488,4367,0
37118,4599,4558,0
37119,4540,4567,0
37120,4540,4634,0
37121,4604,4679,0
37122,4496,4591,0
37123,5375,5284,0
37124,5353,5284,0
37125,4604,4384,0
37126,4327,4557,0
37127,4327,4604,0
37128,4266,4444,0
37129,4266,4439,0
37130,4254,4439,0
37131,6209,6416,0
37132,6209,6461,0
37133,5505,5338,0
37134,5727,5796,0
37135,5727,5505,0
37136,5796,5338,0
37137,4198,4387,0
37138,4222,4497,0
37139,4387,4497,0
37140,4570,5026,0
37141,4732,5026,0
37142,4634,4431,0
37143,4477,4431,0
37144,4586,4431,0
37145,4791,4666,0
37146,4778,4666,0
37147,4586,4666,0
37148,4928,5178,0
37149,4928,4902,0
37150,5333,4928,0
37151,4036,4191,0
37152,5859,5316,0
37153,5500,5316,0
37154,3517,3815,0
37155,3517,3711,0
37156,3522,3711,0
37157,3522,3815,0
37158,3711,3815,0
37159,4757,4754,0
37160,4732,4549,0
37161,4497,4369,0
37162,3983,4028,0
37163,4722,4663,0
37164,4847,4858,0
37165,4763,4847,0
37166,4741,4858,0
37167,4283,4246,0
37168,4028,4131,0
37169,4060,4131,0
37170,4060,4055,0
37171,4131,4055,0
37172,4131,4124,0
37173,4360,4200,0
37174,4589,4564,0
37175,2143,1004,0
37176,2143,705,0
37177,4123,3796,0
37178,3796,3872,0
37179,5929,5800,0
37180,5913,6041,0
37181,5913,5800,0
37182,5913,5929,0
37183,6041,5800,0
37184,3957,4036,0
37185,3957,4245,0
37186,4260,3957,0
37187,5480,5709,0
37188,5480,5630,0
37189,5656,5630,0
37190,5656,5709,0
37191,5656,5480,0
37192,4713,4720,0
37193,4694,4713,0
37194,4663,4720,0
37195,4745,4595,0
37196,4737,4745,0
37197,4731,4794,0
37198,4740,4794,0
37199,4794,4705,0
37200,2143,3972,0
37201,4542,4735,0
37202,47,128,0
37203,47,1,0
37204,6463,1,0
37205,6463,128,0
37206,6463,47,0
37207,1,128,0
37208,4892,4773,0
37209,4892,4638,0
37210,4680,4773,0
37211,4680,4892,0
37212,4638,4773,0
37213,5522,5533,0
37214,4982,5114,0
37215,4982,5239,0
37216,5052,5114,0
37217,5052,4982,0
37218,5239,5114,0
37219,4722,4911,0
37220,5883,5861,0
37221,5965,5861,0
37222,5965,5905,0
37223,5965,5883,0
37224,5861,5905,0
37225,4882,4688,0
37226,4882,4714,0
37227,4488,4620,0
37228,4767,4558,0
37229,4862,4700,0
37230,4811,4855,0
37231,4811,4862,0
37232,4700,4855,0
37233,4605,4539,0
37234,4605,4248,0
37235,5192,5154,0
37236,5192,5416,0
37237,5020,5416,0
37238,5416,5154,0
37239,5194,5813,0
37240,5194,4898,0
37241,5191,5194,0
37242,4275,4228,0
37243,5533,5534,0
37244,5522,5499,0
37245,5534,5499,0
37246,4611,4385,0
37247,4015,3929,0
37248,4015,4152,0
37249,4139,4015,0
37250,4730,4814,0
37251,4730,4673,0
37252,4641,4730,0
37253,4673,4814,0
37254,4522,4385,0
37255,4415,4674,0
37256,4415,4596,0
37257,4522,4596,0
37258,4522,4674,0
37259,5474,5544,0
37260,5566,5488,0
37261,5544,5488,0
37262,662,960,0
37263,662,911,0
37264,876,960,0
37265,911,960,0
37266,5120,5792,0
37267,5120,5384,0
37268,4459,4387,0
37269,3775,4139,0
37270,4673,4569,0
37271,4576,4527,0
37272,4804,4828,0
37273,4828,4823,0
37274,3601,3298,0
37275,3601,3484,0
37276,3449,3601,0
37277,6180,307,0
37278,6180,335,0
37279,5384,4853,0
37280,5384,5316,0
37281,5120,5316,0
37282,5120,4853,0
37283,5384,5184,0
37284,5184,4853,0
37285,4527,3873,0
37286,4527,3953,0
37287,4828,4459,0
37288,3857,3812,0
37289,4671,5176,0
37290,5493,5681,0
37291,5472,5681,0
37292,4596,4374,0
37293,4187,4374,0
37294,4727,3925,0
37295,5256,5038,0
37296,5290,5038,0
37297,5184,4652,0
37298,5184,4527,0
37299,4629,5184,0
37300,4483,4415,0
37301,4267,4135,0
37302,4279,4093,0
37303,4674,4673,0
37304,4042,3929,0
37305,5096,4753,0
37306,5096,5005,0
37307,3602,3061,0
37308,2887,3061,0
37309,3189,3271,0
37310,4553,4497,0
37311,1516,1665,0
37312,1630,1516,0
37313,4927,5338,0
37314,4632,4727,0
37315,4632,4977,0
37316,3857,3709,0
37317,3149,3369,0
37318,3957,4123,0
37319,3957,4191,0
37320,3602,3238,0
37321,3602,3170,0
37322,3709,3878,0
37323,4849,3418,0
37324,2759,5019,0
37325,3888,4165,0
37326,3888,4039,0
37327,3952,3888,0
37328,4174,3777,0
37329,3709,3532,0
37330,3709,3856,0
37331,3214,3602,0
37332,4187,4301,0
37333,4483,4301,0
37334,4360,4301,0
37335,6523,6301,0
37336,6301,6429,0
37337,3754,3894,0
37338,3212,3211,0
37339,3186,3101,0
37340,2660,3391,0
37341,3929,3546,0
37342,4503,4198,0
37343,5611,5186,0
37344,5611,5206,0
37345,4871,5206,0
37346,4871,5186,0
37347,5206,5186,0
37348,3895,4058,0
37349,4083,4024,0
37350,4083,4727,0
37351,4083,3925,0
37352,4569,4301,0
37353,4301,4042,0
37354,3296,2207,0
37355,4848,5019,0
37356,4848,4849,0
37357,3418,5019,0
37358,4578,4674,0
37359,4578,4880,0
37360,4674,4414,0
37361,4977,4566,0
37362,4977,4828,0
37363,4927,4977,0
37364,5503,5669,0
37365,5587,5503,0
37366,3961,3687,0
37367,3888,3763,0
37368,3888,3687,0
37369,3888,3961,0
37370,4024,3792,0
37371,3777,4024,0
37372,4119,3929,0
37373,3992,4404,0
37374,3857,3796,0
37375,3695,3899,0
37376,4633,4773,0
37377,5208,5019,0
37378,4785,4553,0
37379,3124,2968,0
37380,3601,3179,0
37381,3204,3433,0
37382,4619,4466,0
37383,4140,4619,0
37384,4656,4466,0
37385,3369,3711,0
37386,4531,5500,0
37387,6644,3885,0
37388,4427,3503,0
37389,4427,3885,0
37390,4427,6644,0
37391,3711,3637,0
37392,3637,3517,0
37393,4870,4785,0
37394,4870,4553,0
37395,4725,4870,0
37396,468,1034,0
37397,468,1004,0
37398,994,1034,0
37399,994,468,0
37400,5464,5186,0
37401,5464,4848,0
37402,5283,5611,0
37403,5283,5206,0
37404,5403,5206,0
37405,5403,5611,0
37406,5403,5283,0
37407,2892,3125,0
37408,5283,5178,0
37409,5003,5178,0
37410,5003,5184,0
37411,5003,5283,0
37412,5178,5184,0
37413,110,105,0
37414,105,171,0
37415,4437,4432,0
37416,4437,4079,0
37417,3873,3895,0
37418,3718,3872,0
37419,3718,3663,0
37420,3796,3663,0
37421,3796,3718,0
37422,4503,4576,0
37423,1519,1640,0
37424,1847,1465,0
37425,1847,1640,0
37426,1847,1519,0
37427,5208,5283,0
37428,5208,5206,0
37429,5184,5206,0
37430,3967,4036,0
37431,3800,4099,0
37432,3800,3967,0
37433,4036,4099,0
37434,1238,1183,0
37435,1183,1220,0
37436,3773,3873,0
37437,3637,3550,0
37438,3996,3637,0
37439,3796,3637,0
37440,3625,3637,0
37441,4074,3773,0
37442,4074,3637,0
37443,3162,3153,0
37444,4225,4466,0
37445,4470,4293,0
37446,4532,4503,0
37447,2736,3101,0
37448,3101,3134,0
37449,3101,2365,0
37450,3153,3419,0
37451,3601,3550,0
37452,2620,3281,0
37453,3271,3607,0
37454,3977,3705,0
37455,3625,3601,0
37456,2943,3212,0
37457,2871,3211,0
37458,3555,3660,0
37459,3653,3652,0
37460,3601,3879,0
37461,3212,3124,0
37462,3047,3212,0
37463,3857,3601,0
37464,3212,3029,0
37465,3212,3186,0
37466,3212,3400,0
37467,4180,3842,0
37468,4191,3842,0
37469,3879,3625,0
37470,3385,3689,0
37471,3782,3799,0
37472,4844,4503,0
37473,4844,4652,0
37474,4497,4844,0
37475,4844,4618,0
37476,4789,4939,0
37477,4789,4844,0
37478,4701,5026,0
37479,4701,4942,0
37480,3977,4114,0
37481,3998,4114,0
37482,3689,3845,0
37483,3418,3885,0
37484,3601,3549,0
37485,3601,3878,0
37486,3601,3532,0
37487,3601,3639,0
37488,3719,3812,0
37489,4981,5050,0
37490,5050,4907,0
37491,3773,3369,0
37492,3240,3286,0
37493,3240,3309,0
37494,3287,3309,0
37495,3287,3240,0
37496,3147,3286,0
37497,3718,3522,0
37498,3750,3522,0
37499,3750,3718,0
37500,3750,3492,0
37501,3521,3711,0
37502,3149,3153,0
37503,3607,3533,0
37504,3334,3607,0
37505,3506,3533,0
37506,3520,3556,0
37507,3996,3550,0
37508,4124,4431,0
37509,4124,4275,0
37510,6487,6041,0
37511,6487,6282,0
37512,6487,6074,0
37513,5186,5003,0
37514,4759,4838,0
37515,4759,5186,0
37516,5003,4838,0
37517,5989,5965,0
37518,5989,5883,0
37519,4349,4497,0
37520,5929,5709,0
37521,6041,5709,0
37522,5097,5030,0
37523,5097,5258,0
37524,5181,5258,0
37525,5181,5030,0
37526,5181,5097,0
37527,5258,5030,0
37528,5771,5890,0
37529,4666,4907,0
37530,4666,4981,0
37531,4198,4191,0
37532,5576,5792,0
37533,5576,5384,0
37534,5316,5792,0
37535,3916,4482,0
37536,4102,4432,0
37537,4102,4482,0
37538,4102,3916,0
37539,6500,6446,0
37540,6446,6320,0
37541,4505,4701,0
37542,1531,1762,0
37543,1531,1743,0
37544,6595,1531,0
37545,4732,4432,0
37546,4549,4432,0
37547,4669,4432,0
37548,5809,5333,0
37549,5809,5711,0
37550,5403,5711,0
37551,5403,5333,0
37552,5711,5333,0
37553,5308,4804,0
37554,5751,5773,0
37555,5751,5715,0
37556,5689,5751,0
37557,5715,5773,0
37558,464,536,0
37559,4939,4666,0
37560,3204,3343,0
37561,3204,3216,0
37562,4576,3895,0
37563,4907,4719,0
37564,3782,3883,0
37565,4942,5142,0
37566,53,6340,0
37567,6524,188,0
37568,6524,53,0
37569,4844,4902,0
37570,5792,5747,0
37571,68,6392,0
37572,208,6392,0
37573,6392,125,0
37574,4920,4759,0
37575,4920,5186,0
37576,4482,4074,0
37577,3953,4482,0
37578,4717,4549,0
37579,6416,6197,0
37580,6416,6390,0
37581,4031,3957,0
37582,3804,4141,0
37583,4758,4666,0
37584,4778,4599,0
37585,4324,4493,0
37586,4494,4493,0
37587,4494,4324,0
37588,4752,4587,0
37589,6666,4631,0
37590,4587,4631,0
37591,5364,6694,0
37592,6694,5406,0
37593,4570,4717,0
37594,4078,4192,0
37595,4050,4031,0
37596,4191,4275,0
37597,4844,4532,0
37598,4618,4503,0
37599,5289,4760,0
37600,4427,5140,0
37601,4427,5289,0
37602,4760,5140,0
37603,5509,5465,0
37604,5509,5349,0
37605,5433,5509,0
37606,5738,5679,0
37607,5738,6702,0
37608,5738,5548,0
37609,4448,4758,0
37610,4618,4719,0
37611,4503,4432,0
37612,3931,4102,0
37613,3931,3916,0
37614,3957,3883,0
37615,3845,4191,0
37616,3845,3957,0
37617,3520,3512,0
37618,3556,3887,0
37619,3512,3887,0
37620,4303,4570,0
37621,4124,4367,0
37622,4431,4448,0
37623,4268,4362,0
37624,4268,4431,0
37625,4448,4362,0
37626,4493,4532,0
37627,4260,4618,0
37628,5707,5589,0
37629,5589,5532,0
37630,6270,6067,0
37631,4928,4844,0
37632,4497,4902,0
37633,3705,3632,0
37634,3705,3553,0
37635,3510,3705,0
37636,1097,5422,0
37637,3699,3742,0
37638,4102,4123,0
37639,4274,4489,0
37640,4237,4362,0
37641,3718,3957,0
37642,3663,3957,0
37643,3750,3957,0
37644,4479,4587,0
37645,4588,4587,0
37646,5289,4898,0
37647,5289,5589,0
37648,4760,5589,0
37649,4225,3916,0
37650,3916,4122,0
37651,4570,4493,0
37652,4630,4443,0
37653,5235,5647,0
37654,4825,5009,0
37655,5779,5810,0
37656,5779,5848,0
37657,4759,4427,0
37658,4628,4759,0
37659,4427,4898,0
37660,104,6590,0
37661,1053,6590,0
37662,6590,358,0
37663,6613,1170,0
37664,4324,4268,0
37665,4303,4036,0
37666,4031,3699,0
37667,3457,3663,0
37668,4102,3711,0
37669,4102,3773,0
37670,4074,3711,0
37671,4739,4690,0
37672,4739,2791,0
37673,4140,4690,0
37674,4140,4739,0
37675,2791,4690,0
37676,2942,3575,0
37677,4391,4300,0
37678,3517,3796,0
37679,3637,3815,0
37680,3796,3815,0
37681,4202,3800,0
37682,4493,4717,0
37683,4505,4443,0
37684,4102,3815,0
37685,4403,4362,0
37686,4570,4549,0
37687,4260,3815,0
37688,3708,4102,0
37689,3708,3815,0
37690,5323,5258,0
37691,5323,5242,0
37692,5161,5323,0
37693,4505,4470,0
37694,4038,4192,0
37695,4549,4102,0
37696,3815,3957,0
37697,3782,3907,0
37698,3697,3575,0
37699,4382,4254,0
37700,4241,4104,0
37701,4020,4250,0
37702,4245,4493,0
37703,3240,3187,0
37704,4324,4717,0
37705,4791,4801,0
37706,4681,4666,0
37707,4801,4666,0
37708,3644,3553,0
37709,3998,4179,0
37710,3796,3653,0
37711,4260,4324,0
37712,5138,4784,0
37713,4767,5175,0
37714,4767,5138,0
37715,4784,5175,0
37716,3662,3912,0
37717,4384,4433,0
37718,4384,4342,0
37719,4071,4189,0
37720,3682,3555,0
37721,3842,3921,0
37722,4267,4203,0
37723,4055,4180,0
37724,3883,4055,0
37725,4417,4234,0
37726,4400,4363,0
37727,4234,4363,0
37728,4111,4250,0
37729,3883,4198,0
37730,4369,4250,0
37731,3883,3768,0
37732,3663,3682,0
37733,3410,3555,0
37734,4202,3815,0
37735,3931,3815,0
37736,4031,3897,0
37737,3872,3689,0
37738,3800,3632,0
37739,3994,3612,0
37740,3858,3612,0
37741,3699,3653,0
37742,3718,3815,0
37743,4237,4052,0
37744,4199,4179,0
37745,3410,3533,0
37746,3872,3682,0
37747,4344,4470,0
37748,3533,3456,0
37749,3750,3456,0
37750,3815,3872,0
37751,3815,3773,0
37752,4732,4631,0
37753,4052,4192,0
37754,3800,3897,0
37755,3662,3553,0
37756,3680,3553,0
37757,3162,3204,0
37758,3309,3204,0
37759,4052,3800,0
37760,3521,3708,0
37761,3174,3612,0
37762,6657,3855,0
37763,5109,6690,0
37764,5109,5130,0
37765,5037,5130,0
37766,5037,5109,0
37767,3800,3522,0
37768,3800,3718,0
37769,5647,4739,0
37770,5820,4739,0
37771,3800,3456,0
37772,3750,3510,0
37773,3456,3510,0
37774,4114,4257,0
37775,4114,4263,0
37776,3229,3309,0
37777,4772,4518,0
37778,4772,4559,0
37779,3682,3457,0
37780,3457,3400,0
37781,5647,6708,0
37782,6022,5820,0
37783,6022,6708,0
37784,3223,3212,0
37785,3186,3223,0
37786,3506,3555,0
37787,3555,3607,0
37788,3796,3457,0
37789,3457,3625,0
37790,3457,3637,0
37791,6543,153,0
37792,6543,353,0
37793,166,353,0
37794,166,6543,0
37795,353,153,0
37796,3520,3471,0
37797,6480,6197,0
37798,6480,6416,0
37799,6480,6390,0
37800,705,1238,0
37801,1775,1238,0
37802,1775,705,0
37803,2143,1238,0
37804,3223,3457,0
37805,3157,3269,0
37806,3157,3288,0
37807,3471,3271,0
37808,3406,3271,0
37809,3309,3334,0
37810,3204,2883,0
37811,3235,3287,0
37812,3125,2883,0
37813,3953,3704,0
37814,3916,3708,0
37815,3916,6648,0
37816,3916,3575,0
37817,3708,6648,0
37818,3216,3152,0
37819,4427,3697,0
37820,3885,3697,0
37821,3505,3287,0
37822,3575,4079,0
37823,3704,3916,0
37824,3704,3575,0
37825,3505,6648,0
37826,6547,5911,0
37827,6202,6547,0
37828,3474,3505,0
37829,4466,6666,0
37830,4587,4466,0
37831,5984,5977,0
37832,5984,6169,0
37833,5893,6169,0
37834,5893,5977,0
37835,6169,5977,0
37836,3400,3223,0
37837,3223,3134,0
37838,3153,3369,0
37839,4232,4237,0
37840,4843,4918,0
37841,5594,5772,0
37842,4074,3704,0
37843,6514,6067,0
37844,6067,6208,0
37845,3252,6632,0
37846,6514,354,0
37847,6379,6208,0
37848,6379,6514,0
37849,6208,354,0
37850,3916,3773,0
37851,3895,3885,0
37852,5851,5208,0
37853,5851,5186,0
37854,6212,5186,0
37855,6212,5851,0
37856,3344,2942,0
37857,3344,2311,0
37858,5589,4752,0
37859,104,6548,0
37860,104,5422,0
37861,6708,104,0
37862,4482,4669,0
37863,4871,4482,0
37864,4905,4617,0
37865,4825,4617,0
37866,4905,4466,0
37867,4825,4466,0
37868,4898,5235,0
37869,5589,5235,0
37870,5611,5178,0
37871,5462,5403,0
37872,5462,5178,0
37873,5462,5611,0
37874,5403,5178,0
37875,3507,3443,0
37876,5140,3885,0
37877,3503,5140,0
37878,4482,4503,0
37879,2904,3357,0
37880,3845,4180,0
37881,4427,4079,0
37882,3697,4079,0
37883,3916,4074,0
37884,3916,3711,0
37885,3916,3815,0
37886,5532,250,0
37887,1640,1020,0
37888,1640,1836,0
37889,1745,1020,0
37890,1745,1640,0
37891,1836,1020,0
37892,4003,4114,0
37893,3237,2904,0
37894,6626,3429,0
37895,133,6403,0
37896,133,5838,0
37897,6212,6403,0
37898,6212,133,0
37899,5838,6403,0
37900,4466,4317,0
37901,4466,4562,0
37902,1345,6581,0
37903,1171,6581,0
37904,3610,3827,0
37905,3267,3827,0
37906,3827,3350,0
37907,6677,3816,0
37908,4561,3816,0
37909,4122,3906,0
37910,5039,5838,0
37911,5039,4920,0
37912,5464,4920,0
37913,5464,5039,0
37914,4482,4437,0
37915,3547,3252,0
37916,3474,3144,0
37917,3343,3144,0
37918,3048,3144,0
37919,3288,3174,0
37920,4994,4937,0
37921,4732,5055,0
37922,104,217,0
37923,1053,217,0
37924,3858,3887,0
37925,4839,4943,0
37926,4738,4839,0
37927,4757,4943,0
37928,4498,4225,0
37929,4759,5884,0
37930,5140,5884,0
37931,4559,4824,0
37932,5579,5248,0
37933,5579,5364,0
37934,5579,5511,0
37935,3324,3091,0
37936,5406,5055,0
37937,4237,6662,0
37938,4232,6662,0
37939,4479,4619,0
37940,5109,5046,0
37941,5204,5046,0
37942,5204,5037,0
37943,5204,5109,0
37944,5046,5037,0
37945,6111,6268,0
37946,6712,6268,0
37947,6157,6268,0
37948,4952,4994,0
37949,4874,4749,0
37950,4574,4960,0
37951,4749,4960,0
37952,4760,5532,0
37953,4752,4978,0
37954,4427,5847,0
37955,5065,5092,0
37956,5065,5150,0
37957,5009,5065,0
37958,5150,5092,0
37959,3610,4140,0
37960,4007,3962,0
37961,3855,3860,0
37962,4479,3906,0
37963,3369,3575,0
37964,4079,3885,0
37965,2266,3938,0
37966,3435,3556,0
37967,3512,3137,0
37968,3665,6648,0
37969,3816,3252,0
37970,3816,4140,0
37971,4393,4056,0
37972,5191,4752,0
37973,4007,4186,0
37974,4871,4628,0
37975,4018,3962,0
37976,4099,4141,0
37977,3206,3357,0
37978,3443,2904,0
37979,3267,3443,0
37980,4237,4078,0
37981,4237,3977,0
37982,3575,6666,0
37983,5235,5406,0
37984,5406,5191,0
37985,2791,3816,0
37986,3054,3200,0
37987,3030,3288,0
37988,3030,3054,0
37989,3375,3520,0
37990,3561,3343,0
37991,3505,3561,0
37992,3512,6645,0
37993,3816,4317,0
37994,6669,4630,0
37995,4628,4760,0
37996,4739,4617,0
37997,4588,6683,0
37998,4588,4739,0
37999,3174,3269,0
38000,3429,3902,0
38001,4393,4007,0
38002,4475,4540,0
38003,5680,5632,0
38004,5680,5630,0
38005,4252,6658,0
38006,4144,4252,0
38007,5365,5559,0
38008,5361,5365,0
38009,6692,6695,0
38010,6692,5150,0
38011,5187,6692,0
38012,3977,6662,0
38013,4588,4752,0
38014,5032,5322,0
38015,5092,5322,0
38016,5092,5364,0
38017,5322,5364,0
38018,4140,2684,0
38019,4140,2595,0
38020,4140,3237,0
38021,5911,5394,0
38022,5738,5604,0
38023,5738,5394,0
38024,6716,22,0
38025,26,22,0
38026,26,6716,0
38027,168,22,0
38028,6655,3866,0
38029,503,1286,0
38030,520,1286,0
38031,3669,3688,0
38032,3858,3967,0
38033,3561,3858,0
38034,4317,3610,0
38035,3412,6649,0
38036,3412,3507,0
38037,3412,3829,0
38038,547,821,0
38039,547,761,0
38040,842,761,0
38041,842,821,0
38042,842,547,0
38043,3905,4066,0
38044,3903,3855,0
38045,4066,3855,0
38046,5625,5604,0
38047,5810,5561,0
38048,5810,5625,0
38049,5604,5561,0
38050,6717,6547,0
38051,6547,168,0
38052,4292,4443,0
38053,5026,5032,0
38054,4438,6670,0
38055,3507,3516,0
38056,3715,3592,0
38057,3507,3592,0
38058,4597,4393,0
38059,2904,3231,0
38060,4252,3903,0
38061,5693,5707,0
38062,6194,5707,0
38063,6194,5884,0
38064,6194,5693,0
38065,5707,5884,0
38066,3827,3509,0
38067,5017,5148,0
38068,5017,5143,0
38069,5050,5143,0
38070,5050,5148,0
38071,5050,5017,0
38072,4141,3931,0
38073,2252,520,0
38074,6696,5394,0
38075,6696,5270,0
38076,3804,3267,0
38077,4475,4392,0
38078,4502,4345,0
38079,4061,4064,0
38080,4659,4597,0
38081,4962,4907,0
38082,3737,6655,0
38083,3757,3610,0
38084,3757,3429,0
38085,3286,3607,0
38086,3665,3858,0
38087,3967,4035,0
38088,4758,4837,0
38089,3252,3429,0
38090,3644,3607,0
38091,3357,3612,0
38092,4630,4419,0
38093,3860,3962,0
38094,4655,4701,0
38095,4443,4701,0
38096,5138,4987,0
38097,4784,4987,0
38098,4767,4987,0
38099,4773,4955,0
38100,4827,4973,0
38101,3688,3623,0
38102,6682,4893,0
38103,4561,4893,0
38104,4064,4105,0
38105,4064,4134,0
38106,4317,4712,0
38107,4064,4056,0
38108,4064,4300,0
38109,4581,4790,0
38110,3632,3649,0
38111,5348,5388,0
38112,5560,5348,0
38113,5833,5388,0
38114,4274,4199,0
38115,4199,4362,0
38116,3838,2497,0
38117,6613,3838,0
38118,5014,4893,0
38119,4561,5014,0
38120,5261,5270,0
38121,6696,4998,0
38122,5270,4998,0
38123,5701,5248,0
38124,5701,5579,0
38125,5701,5511,0
38126,5419,5404,0
38127,5268,5355,0
38128,4962,4830,0
38129,5017,4830,0
38130,5017,4962,0
38131,4772,4655,0
38132,4655,4815,0
38133,5969,6062,0
38134,3252,3634,0
38135,3757,4317,0
38136,6590,638,0
38137,3721,3757,0
38138,1666,1602,0
38139,1666,6594,0
38140,1907,1602,0
38141,1907,1666,0
38142,6594,1602,0
38143,6626,3634,0
38144,3412,2994,0
38145,6647,3412,0
38146,6630,3429,0
38147,6656,3721,0
38148,3144,3357,0
38149,3357,3157,0
38150,3634,2791,0
38151,791,6557,0
38152,791,663,0
38153,774,663,0
38154,774,6557,0
38155,774,791,0
38156,663,6557,0
38157,6688,5394,0
38158,6682,4750,0
38159,5692,5041,0
38160,6657,3592,0
38161,3610,3715,0
38162,3267,3715,0
38163,3650,3231,0
38164,3940,3882,0
38165,2886,3073,0
38166,3572,3375,0
38167,3252,3231,0
38168,3231,6628,0
38169,6645,3507,0
38170,3715,3816,0
38171,3443,3572,0
38172,3443,2768,0
38173,4199,4052,0
38174,4192,4199,0
38175,6634,3073,0
38176,3044,3280,0
38177,3967,3705,0
38178,3967,3612,0
38179,3644,3510,0
38180,3144,2807,0
38181,3157,3048,0
38182,3956,4197,0
38183,3269,3204,0
38184,3459,3284,0
38185,3954,3890,0
38186,3474,3206,0
38187,3927,3677,0
38188,3334,3271,0
38189,4274,4567,0
38190,4192,4362,0
38191,3240,3533,0
38192,3533,3286,0
38193,3229,3240,0
38194,3240,3607,0
38195,3598,3553,0
38196,3598,3644,0
38197,3604,3553,0
38198,3804,3612,0
38199,4044,3977,0
38200,4232,3977,0
38201,3471,3565,0
38202,4298,4327,0
38203,3553,3406,0
38204,6361,6470,0
38205,6361,6432,0
38206,4302,4450,0
38207,4302,4433,0
38208,3818,3688,0
38209,5782,5606,0
38210,5782,5725,0
38211,5775,5725,0
38212,5775,5606,0
38213,5775,5782,0
38214,3591,3688,0
38215,3927,4046,0
38216,3882,4305,0
38217,3882,4263,0
38218,4196,4189,0
38219,4149,4197,0
38220,4302,4477,0
38221,4420,4302,0
38222,3677,3818,0
38223,4420,4196,0
38224,4477,4362,0
38225,5292,5407,0
38226,5292,5347,0
38227,5349,5347,0
38228,5349,5407,0
38229,5349,5292,0
38230,5347,5407,0
38231,4248,4012,0
38232,4302,4196,0
38233,3923,3688,0
38234,3688,3579,0
38235,3688,3520,0
38236,4477,4450,0
38237,3742,3890,0
38238,4038,3890,0
38239,4701,4712,0
38240,5191,4816,0
38241,5404,5541,0
38242,5404,5586,0
38243,5404,5526,0
38244,4248,4250,0
38245,4248,4254,0
38246,4342,4302,0
38247,4135,4189,0
38248,4298,4433,0
38249,4044,3882,0
38250,4044,3858,0
38251,3998,4274,0
38252,4044,3923,0
38253,4044,3887,0
38254,4044,3914,0
38255,4263,4345,0
38256,5218,5103,0
38257,6690,5103,0
38258,5268,5103,0
38259,4345,4232,0
38260,4604,4248,0
38261,3978,4237,0
38262,4237,4114,0
38263,5073,5097,0
38264,5181,5173,0
38265,5181,5073,0
38266,5173,5097,0
38267,4237,4044,0
38268,4586,4558,0
38269,4466,4712,0
38270,4466,4655,0
38271,4523,4435,0
38272,4463,4523,0
38273,3994,3897,0
38274,5138,5231,0
38275,4876,5175,0
38276,4876,5138,0
38277,5231,5175,0
38278,4477,4384,0
38279,4250,4247,0
38280,4250,4060,0
38281,4268,4488,0
38282,4362,6662,0
38283,4199,4431,0
38284,4274,4232,0
38285,3977,4274,0
38286,4654,4636,0
38287,5143,5175,0
38288,4382,4241,0
38289,4384,4540,0
38290,4450,4540,0
38291,4250,4012,0
38292,4111,4247,0
38293,4589,4546,0
38294,4731,4546,0
38295,4701,4732,0
38296,5401,5445,0
38297,5509,5452,0
38298,5608,5509,0
38299,5261,5365,0
38300,6698,5365,0
38301,6698,5261,0
38302,6700,5365,0
38303,4701,4485,0
38304,5703,5701,0
38305,5703,5511,0
38306,4825,4562,0
38307,5065,4974,0
38308,5065,4630,0
38309,6682,5065,0
38310,4559,4790,0
38311,4666,4687,0
38312,4962,4790,0
38313,5268,5408,0
38314,5268,5248,0
38315,5238,5248,0
38316,5238,5408,0
38317,5238,5268,0
38318,5248,5408,0
38319,5341,5280,0
38320,5218,6693,0
38321,5218,5280,0
38322,5376,5218,0
38323,5535,5564,0
38324,6700,5444,0
38325,6700,6686,0
38326,6700,5124,0
38327,4798,5131,0
38328,5142,5211,0
38329,6589,1473,0
38330,6589,1747,0
38331,6601,1473,0
38332,6601,6589,0
38333,4792,4841,0
38334,4792,4918,0
38335,4792,4984,0
38336,4856,4830,0
38337,4856,4832,0
38338,4856,4952,0
38339,4952,5037,0
38340,4839,5037,0
38341,4839,4952,0
38342,4827,5037,0
38343,5480,5416,0
38344,4942,5111,0
38345,4962,5111,0
38346,4962,4942,0
38347,5111,4907,0
38348,4856,4943,0
38349,4832,4943,0
38350,4274,4477,0
38351,4536,4766,0
38352,4767,5113,0
38353,6237,5424,0
38354,6237,5446,0
38355,5560,5446,0
38356,5560,5424,0
38357,5560,6237,0
38358,5345,5529,0
38359,5501,5529,0
38360,5501,5430,0
38361,5501,5345,0
38362,5529,5430,0
38363,5075,5104,0
38364,5017,5104,0
38365,5046,5104,0
38366,4658,4654,0
38367,4636,4420,0
38368,4852,4943,0
38369,5017,4856,0
38370,4738,4856,0
38371,5109,5268,0
38372,5236,6690,0
38373,5236,5109,0
38374,4247,4275,0
38375,4197,4267,0
38376,4420,4658,0
38377,4420,4654,0
38378,4558,4666,0
38379,4586,4599,0
38380,4131,4197,0
38381,4131,4284,0
38382,4284,4477,0
38383,4318,4127,0
38384,4645,4694,0
38385,4602,4694,0
38386,4558,4532,0
38387,4558,4688,0
38388,5795,5767,0
38389,4839,4654,0
38390,4488,4448,0
38391,5046,4852,0
38392,4705,4735,0
38393,4705,4779,0
38394,4784,4882,0
38395,4681,4882,0
38396,4223,4299,0
38397,4424,4299,0
38398,4620,4599,0
38399,5450,5372,0
38400,5496,5439,0
38401,5496,5372,0
38402,5496,5450,0
38403,5213,5086,0
38404,5058,5086,0
38405,5058,5213,0
38406,5086,5000,0
38407,5212,5074,0
38408,5212,5094,0
38409,5131,5212,0
38410,4474,4539,0
38411,4369,4681,0
38412,4131,4180,0
38413,5566,5412,0
38414,4789,4681,0
38415,4417,4474,0
38416,4489,4599,0
38417,4798,4882,0
38418,4250,4131,0
38419,4131,4247,0
38420,4789,4558,0
38421,5237,5119,0
38422,5239,5119,0
38423,5052,5119,0
38424,4604,4433,0
38425,5204,6690,0
38426,5740,5616,0
38427,5050,4666,0
38428,5050,4791,0
38429,5425,5251,0
38430,4945,4688,0
38431,4945,4882,0
38432,4789,4945,0
38433,4275,4131,0
38434,4020,4131,0
38435,4302,4182,0
38436,4298,4196,0
38437,4028,3935,0
38438,4337,4510,0
38439,4224,4510,0
38440,4180,3957,0
38441,4055,4020,0
38442,4055,4275,0
38443,4250,4363,0
38444,4028,3864,0
38445,4028,3890,0
38446,4284,4431,0
38447,4362,4284,0
38448,4197,4028,0
38449,4720,4602,0
38450,4284,4192,0
38451,4284,4367,0
38452,4284,4196,0
38453,4586,4284,0
38454,4284,4488,0
38455,4284,4558,0
38456,4284,4275,0
38457,5877,5919,0
38458,5877,5951,0
38459,5891,5919,0
38460,5951,5919,0
38461,4249,4262,0
38462,4095,4210,0
38463,3947,4138,0
38464,4363,4227,0
38465,4444,4602,0
38466,4363,4111,0
38467,5043,4855,0
38468,4793,4731,0
38469,4793,5043,0
38470,5061,4876,0
38471,5093,4798,0
38472,4798,4876,0
38473,4444,4589,0
38474,4546,4417,0
38475,4685,4546,0
38476,4667,4474,0
38477,4133,4224,0
38478,4700,4579,0
38479,4604,4784,0
38480,4605,4267,0
38481,4365,4363,0
38482,4711,4424,0
38483,4779,4794,0
38484,4589,4623,0
38485,4705,4564,0
38486,5043,5093,0
38487,6090,6126,0
38488,6090,6046,0
38489,4740,4557,0
38490,4740,4767,0
38491,5061,4791,0
38492,4879,4805,0
38493,3901,4208,0
38494,4546,4523,0
38495,4740,4679,0
38496,5061,4784,0
38497,5175,5257,0
38498,5074,5152,0
38499,5544,5536,0
38500,4111,4318,0
38501,4382,4523,0
38502,6463,6450,0
38503,6443,6323,0
38504,6443,6463,0
38505,4879,4957,0
38506,4879,4826,0
38507,4909,4826,0
38508,4909,4879,0
38509,4826,4957,0
38510,4546,4681,0
38511,4748,4589,0
38512,4589,4555,0
38513,4543,4546,0
38514,4982,4958,0
38515,4982,5028,0
38516,4982,4936,0
38517,3942,4108,0
38518,4474,4203,0
38519,4515,4660,0
38520,4591,4735,0
38521,4602,4793,0
38522,4602,4769,0
38523,4365,4474,0
38524,4711,4677,0
38525,4589,4363,0
38526,4474,4234,0
38527,4840,4755,0
38528,4840,4814,0
38529,5089,4840,0
38530,4386,4424,0
38531,4386,4526,0
38532,4388,4311,1
38533,4388,4471,1
38534,4530,4311,0
38535,4579,4452,0
38536,4510,4484,0
38537,4510,4452,0
38538,4452,4555,0
38539,4264,4106,0
38540,4216,4264,0
38541,4106,4266,0
38542,4264,4313,0
38543,4337,4234,0
38544,4386,4381,0
38545,4339,4160,0
38546,4339,4313,0
38547,4313,4160,0
38548,5350,5237,0
38549,5374,5239,0
38550,5374,5237,0
38551,5374,5350,0
38552,4341,4216,0
38553,4337,3969,0
38554,4677,4660,0
38555,4243,4318,0
38556,4270,4399,0
38557,4125,4205,0
38558,3945,3837,0
38559,4879,4869,0
38560,4957,4805,0
38561,4782,4756,0
38562,4782,4713,0
38563,4623,4808,0
38564,4623,4817,0
38565,4047,3999,0
38566,4002,4047,0
38567,4569,4753,0
38568,4828,4753,0
38569,4753,4459,0
38570,4087,3947,0
38571,4087,4032,0
38572,4205,4098,0
38573,4205,4067,0
38574,4057,4205,0
38575,4287,4399,0
38576,4315,4098,0
38577,4523,4670,0
38578,4510,4748,0
38579,4602,4313,0
38580,4515,4313,0
38581,4315,4452,0
38582,4321,4264,0
38583,5139,4971,0
38584,5139,5098,0
38585,4602,4266,0
38586,4266,4385,0
38587,4530,4399,0
38588,4452,4332,0
38589,4452,4304,0
38590,4958,4966,1
38591,4958,4826,1
38592,5052,4826,0
38593,5052,4966,0
38594,5052,4958,0
38595,4826,4966,1
38596,4510,4332,0
38597,4428,4452,0
38598,4332,4484,0
38599,4224,4208,0
38600,4224,4332,0
38601,4496,4332,0
38602,4332,4129,0
38603,4332,4337,0
38604,4523,4254,0
38605,4886,4808,0
38606,4270,4388,0
38607,4047,4193,0
38608,4015,4047,0
38609,4887,4845,0
38610,4903,4887,0
38611,4971,4845,0
38612,4388,4399,0
38613,4534,4473,0
38614,4388,4452,0
38615,4936,4879,0
38616,4904,4879,0
38617,4381,4299,0
38618,4424,4457,0
38619,5327,5160,0
38620,5350,5470,0
38621,5239,5470,0
38622,5470,5237,0
38623,4623,4806,0
38624,4700,4808,0
38625,5374,5328,0
38626,5350,5414,0
38627,5374,5414,0
38628,4982,4957,0
38629,4957,4958,0
38630,4648,4808,0
38631,4979,4736,0
38632,4818,4949,0
38633,4736,4949,0
38634,4711,4623,0
38635,4648,4711,0
38636,4579,4499,0
38637,4579,4428,0
38638,5161,5093,0
38639,4711,4579,0
38640,4946,5089,0
38641,4925,4850,0
38642,5166,5095,0
38643,5166,4850,0
38644,5166,4925,0
38645,5256,5397,0
38646,5038,5397,0
38647,5290,5397,1
38648,4595,4460,0
38649,4595,4406,0
38650,4084,4081,0
38651,4887,4864,0
38652,4736,4864,0
38653,4736,4887,0
38654,4995,5161,0
38655,5090,5198,0
38656,4579,4575,0
38657,4886,4711,0
38658,4160,4264,0
38659,4711,4700,0
38660,4106,3976,0
38661,4264,3942,0
38662,4021,4264,0
38663,4515,4347,0
38664,4246,4439,0
38665,4299,4244,0
38666,4246,4523,0
38667,4439,4463,0
38668,72,55,0
38669,23,72,0
38670,4223,4206,1
38671,5000,5141,0
38672,5000,5274,0
38673,5131,4866,0
38674,4932,4911,0
38675,4932,4866,0
38676,4932,5131,0
38677,4911,4866,0
38678,4711,4936,1
38679,4713,4612,0
38680,4612,4675,0
38681,4840,4911,0
38682,4840,4782,0
38683,4713,4911,0
38684,4713,4840,0
38685,4782,4911,0
38686,4095,4223,1
38687,5038,4857,0
38688,4264,4085,0
38689,5147,5231,0
38690,5061,5231,0
38691,5143,5231,0
38692,4154,4343,0
38693,4522,4641,0
38694,4223,4244,0
38695,4347,4138,0
38696,4148,4021,0
38697,4374,4463,0
38698,4154,4255,0
38699,4313,4255,0
38700,4313,4457,0
38701,4611,4594,0
38702,4595,4594,0
38703,3754,4062,0
38704,4411,4429,0
38705,4216,4510,0
38706,4884,5179,0
38707,4884,5050,0
38708,5143,5179,0
38709,5050,5179,0
38710,3942,4266,0
38711,4264,4081,0
38712,4216,4457,0
38713,4264,3976,0
38714,4085,3990,0
38715,3888,3999,0
38716,3726,3999,0
38717,3726,4165,0
38718,3726,3888,0
38719,4006,4081,0
38720,4946,5110,0
38721,5272,4946,0
38722,5110,4877,0
38723,5390,5505,0
38724,4106,3945,0
38725,4106,4347,0
38726,4374,4116,0
38727,4374,4085,0
38728,4264,4439,0
38729,4594,4560,1
38730,4746,4594,1
38731,4460,4336,0
38732,4374,4266,0
38733,5455,5192,0
38734,5020,5455,0
38735,4645,4756,0
38736,4255,4092,0
38737,4255,4336,0
38738,4977,5059,0
38739,4523,4483,0
38740,4986,4763,0
38741,4986,4858,0
38742,4720,4685,0
38743,4840,4910,0
38744,4755,4910,0
38745,5163,4948,0
38746,4979,4948,0
38747,4979,5069,0
38748,4979,5163,0
38749,4948,5069,0
38750,5250,5488,0
38751,5488,5326,0
38752,5372,5447,0
38753,5372,5192,0
38754,5147,5447,0
38755,5147,5372,0
38756,4683,5247,0
38757,4683,5033,0
38758,4187,4139,0
38759,5013,5028,0
38760,5614,5482,0
38761,5533,5482,0
38762,4932,5094,0
38763,5119,5106,0
38764,4866,5106,0
38765,4866,5151,0
38766,4866,5119,0
38767,4737,4909,0
38768,5082,5094,0
38769,5082,4932,0
38770,5106,4932,0
38771,5106,5082,0
38772,5534,5455,0
38773,5630,5534,0
38774,5482,5550,0
38775,5482,5453,0
38776,5471,5453,0
38777,5471,5550,0
38778,5453,5550,0
38779,4983,5141,0
38780,5141,4949,0
38781,5152,5161,0
38782,4904,4887,0
38783,421,220,0
38784,421,243,0
38785,421,320,0
38786,5237,5197,0
38787,5119,5197,0
38788,4350,4339,0
38789,4350,4321,0
38790,3351,3596,0
38791,5259,5371,0
38792,4888,5112,0
38793,4932,4840,0
38794,4932,5112,0
38795,4932,4888,0
38796,4840,5112,0
38797,4343,4160,0
38798,4932,4756,0
38799,4932,4769,0
38800,4720,4932,0
38801,4737,4612,0
38802,4814,4782,0
38803,4569,4977,0
38804,4632,4566,0
38805,4042,4094,0
38806,4042,3794,0
38807,3645,4042,0
38808,4730,4713,0
38809,4569,4415,0
38810,4730,4596,0
38811,5397,5454,0
38812,5397,5811,0
38813,5731,5397,1
38814,4930,4928,0
38815,4930,4497,0
38816,4844,4930,0
38817,4769,4911,0
38818,4720,4911,0
38819,5731,5354,1
38820,5731,5517,0
38821,4930,5154,0
38822,5333,5154,0
38823,5333,4930,0
38824,4928,5154,0
38825,5179,5333,0
38826,5179,5154,0
38827,5179,4930,0
38828,5453,5488,0
38829,5488,5550,0
38830,4826,4888,0
38831,5550,5551,0
38832,5503,5453,0
38833,5503,5551,0
38834,5453,5551,0
38835,4932,5074,0
38836,6506,69,0
38837,13,69,0
38838,13,6426,0
38839,69,6426,0
38840,5550,5470,0
38841,5488,5470,0
38842,5470,5453,0
38843,4945,4714,0
38844,5020,4945,0
38845,4756,4911,0
38846,4845,4623,0
38847,4930,4804,0
38848,4930,4688,0
38849,4497,4804,0
38850,4930,5020,0
38851,5933,5805,0
38852,3596,3730,0
38853,4753,4535,0
38854,5390,4915,0
38855,4915,5247,0
38856,5290,5485,0
38857,4926,4880,0
38858,4926,5033,0
38859,4846,5309,0
38860,5354,4915,0
38861,5354,4846,1
38862,4915,5309,0
38863,4846,5145,0
38864,4775,5354,0
38865,4977,5005,0
38866,4977,5096,0
38867,4828,5005,0
38868,4982,4826,0
38869,4982,4879,0
38870,4187,4152,0
38871,4042,4152,0
38872,5382,5397,0
38873,4262,4306,0
38874,4916,5195,0
38875,4916,4966,0
38876,5182,4966,0
38877,5182,5195,0
38878,4966,5195,0
38879,4120,3713,1
38880,4092,4120,1
38881,4273,4414,0
38882,4615,4847,0
38883,4888,4745,0
38884,4255,4350,0
38885,5256,5145,0
38886,5454,5256,0
38887,4006,3976,0
38888,4006,3762,0
38889,3975,4047,0
38890,4139,3843,0
38891,3775,3952,0
38892,3464,3544,0
38893,4070,4120,0
38894,4249,3990,0
38895,3952,4015,0
38896,4193,4062,0
38897,4350,4092,0
38898,5199,5293,0
38899,5195,5199,0
38900,5293,5256,0
38901,5025,5183,0
38902,5052,5082,0
38903,5052,5183,0
38904,5052,5025,0
38905,5082,5183,0
38906,4917,4857,0
38907,4917,4745,0
38908,4598,4857,0
38909,4598,4917,0
38910,4911,5112,0
38911,3209,4848,0
38912,4594,4405,1
38913,4594,4223,1
38914,5038,4649,0
38915,5145,5038,0
38916,4649,4857,0
38917,5771,5915,0
38918,5890,5915,0
38919,5033,5005,0
38920,5033,4894,0
38921,3311,3218,0
38922,4594,4406,0
38923,4594,4677,0
38924,782,6528,0
38925,6050,6528,0
38926,6528,725,0
38927,3543,3596,0
38928,4569,4741,0
38929,4594,4472,0
38930,4249,4047,0
38931,4607,4460,0
38932,4926,4306,0
38933,4926,5244,0
38934,5290,4966,1
38935,5290,5182,0
38936,5038,4966,0
38937,4763,4894,0
38938,5033,5083,0
38939,4894,5083,0
38940,5083,5005,0
38941,4915,4820,0
38942,4977,4364,0
38943,4566,4727,0
38944,4364,4727,0
38945,5089,5182,0
38946,5089,4917,0
38947,4977,4894,0
38948,4632,4753,0
38949,5382,5259,0
38950,5382,5244,0
38951,4024,4566,0
38952,4445,4273,0
38953,4649,4273,0
38954,4649,4429,0
38955,4649,4445,0
38956,2961,3314,0
38957,4915,5441,0
38958,4775,4445,0
38959,3961,4330,0
38960,4039,3687,0
38961,3687,3526,0
38962,4301,4193,0
38963,4884,4981,0
38964,5179,4981,0
38965,4641,4596,0
38966,4965,4683,0
38967,4763,4807,0
38968,4632,5005,0
38969,3061,3317,0
38970,4039,3775,0
38971,6117,6402,0
38972,6120,6394,0
38973,6120,6117,0
38974,5005,5338,0
38975,5005,5120,0
38976,5525,5005,0
38977,5212,5106,0
38978,5131,5106,0
38979,4062,3793,0
38980,4039,3929,0
38981,4063,3775,0
38982,6085,5671,0
38983,5609,5575,0
38984,5503,5575,0
38985,4301,4139,0
38986,5910,6029,0
38987,5910,5944,0
38988,6170,5910,0
38989,5944,6029,0
38990,5192,5480,0
38991,5154,5480,0
38992,5510,5796,0
38993,5510,5505,0
38994,5510,5371,0
38995,5504,5534,0
38996,4807,4596,0
38997,4264,4062,0
38998,4120,3726,1
38999,4024,4119,0
39000,4301,4596,0
39001,4042,4459,0
39002,6041,6145,0
39003,5809,6145,0
39004,3317,3170,0
39005,4042,3981,0
39006,4042,3693,0
39007,4894,4578,0
39008,3713,3596,0
39009,3389,3170,0
39010,3389,3033,0
39011,3314,3170,0
39012,3314,3389,0
39013,3888,3671,0
39014,3843,3888,0
39015,4857,4460,0
39016,4405,4857,1
39017,4306,4445,0
39018,4306,4649,0
39019,4607,4649,0
39020,4607,4445,1
39021,5182,5250,0
39022,4120,4445,1
39023,4846,4777,0
39024,4857,4445,1
39025,3775,3888,0
39026,3745,3645,0
39027,3420,3464,0
39028,3420,3311,0
39029,3687,3775,0
39030,4062,3823,0
39031,3929,4187,0
39032,4094,3929,0
39033,3272,3763,0
39034,3272,3726,1
39035,3913,3272,1
39036,3329,3554,0
39037,3990,3645,0
39038,3990,4042,0
39039,3990,4152,0
39040,4062,3942,0
39041,3976,4062,0
39042,4062,4081,0
39043,3732,4062,0
39044,4062,3762,0
39045,5099,4965,0
39046,4683,4407,0
39047,4683,5099,0
39048,4165,4445,0
39049,3596,3454,0
39050,3596,3690,0
39051,3596,3573,0
39052,3052,2880,0
39053,3726,4002,0
39054,3713,3991,0
39055,3247,3154,0
39056,3033,3392,0
39057,3726,3843,0
39058,3272,4445,1
39059,3033,3247,0
39060,3777,3775,0
39061,5441,6064,0
39062,5390,5354,0
39063,2224,3272,1
39064,3389,3296,0
39065,3293,3170,0
39066,3272,3007,1
39067,3278,3272,1
39068,3464,3651,0
39069,4165,3763,0
39070,2647,645,0
39071,3775,3671,0
39072,4847,4641,0
39073,3389,3540,0
39074,3775,3389,0
39075,4997,5309,0
39076,4997,4820,0
39077,4777,5309,0
39078,4777,4997,0
39079,4820,5309,0
39080,3777,3929,0
39081,3856,3929,0
39082,3763,4120,0
39083,4273,3763,0
39084,123,271,0
39085,246,271,0
39086,246,301,0
39087,246,123,0
39088,271,301,0
39089,3272,3247,0
39090,1152,3272,1
39091,1152,2859,0
39092,3382,3554,0
39093,3272,3569,0
39094,3319,3272,0
39095,3272,3085,0
39096,3272,3392,0
39097,3154,3052,0
39098,3052,2799,0
39099,3052,2897,0
39100,3242,3052,0
39101,3314,3317,0
39102,5176,4725,0
39103,3052,2911,0
39104,3311,3013,0
39105,3339,3329,0
39106,3380,3339,0
39107,3339,3444,0
39108,3317,3540,0
39109,3061,2660,0
39110,2692,3061,0
39111,3170,3067,0
39112,4649,5354,0
39113,4649,4846,0
39114,5354,4445,1
39115,125,725,0
39116,125,304,0
39117,19,304,0
39118,19,725,0
39119,19,125,0
39120,304,725,0
39121,4965,4967,0
39122,3389,3247,0
39123,4083,4330,0
39124,5727,4967,0
39125,5588,5727,0
39126,4967,5247,0
39127,3238,3389,0
39128,3389,3085,0
39129,2621,3389,0
39130,3389,2965,0
39131,3602,3382,0
39132,782,19,0
39133,6528,19,0
39134,4777,3272,1
39135,550,677,0
39136,550,852,0
39137,3777,3608,0
39138,3913,4240,0
39139,5099,5247,0
39140,5083,5247,0
39141,1157,725,0
39142,1157,1278,0
39143,1157,782,0
39144,725,1278,0
39145,4024,3899,0
39146,1004,1775,0
39147,1004,1238,0
39148,1775,1220,0
39149,4024,3972,0
39150,3792,3925,0
39151,153,200,0
39152,200,6539,0
39153,3296,2621,0
39154,3033,3296,0
39155,3603,4777,0
39156,3603,1746,0
39157,301,343,0
39158,335,6224,0
39159,1846,6224,0
39160,6224,1378,0
39161,4727,4330,0
39162,4119,4727,0
39163,4683,4083,0
39164,645,1378,0
39165,1378,782,0
39166,3820,1746,0
39167,3296,3170,0
39168,4407,4330,0
39169,6079,6000,0
39170,3603,4965,0
39171,4965,3820,0
39172,3603,4083,0
39173,309,192,0
39174,633,192,0
39175,4965,4777,0
39176,189,5309,0
39177,4777,6354,1
39178,6201,645,0
39179,3961,4165,0
39180,4777,6064,0
39181,6180,6050,0
39182,5588,6050,0
39183,5456,5180,1
39184,5456,5239,1
39185,5470,5456,1
39186,271,499,0
39187,271,343,0
39188,192,6050,0
39189,192,6226,0
39190,6402,6226,0
39191,4997,5441,0
39192,4915,4997,0
39193,6085,6001,0
39194,5671,6001,0
39195,6001,5669,0
39196,2859,4777,0
39197,5591,5454,0
39198,3603,3090,0
39199,4965,5309,0
39200,4965,4997,0
39201,6064,4965,0
39202,4777,2610,0
39203,624,432,1
39204,624,351,1
39205,1155,1507,0
39206,1059,1335,0
39207,1059,1507,0
39208,5731,5722,1
39209,4777,4407,0
39210,5920,6120,0
39211,4828,5308,0
39212,782,335,0
39213,4649,4880,0
39214,124,6296,0
39215,6402,6195,0
39216,6402,6296,0
39217,6195,6296,0
39218,6269,6222,0
39219,6269,6134,0
39220,6228,6134,0
39221,6228,6222,0
39222,6134,6222,0
39223,4997,4407,0
39224,6338,6526,0
39225,6338,6396,0
39226,6335,6396,0
39227,6335,6526,0
39228,6335,6338,0
39229,5429,5454,0
39230,5575,5454,0
39231,5454,5382,0
39232,4407,4820,0
39233,6160,6085,0
39234,6160,6247,0
39235,5290,4857,1
39236,5390,4846,0
39237,5456,5350,0
39238,5309,6201,0
39239,5309,5588,0
39240,1029,649,0
39241,1029,762,0
39242,246,499,1
39243,468,547,0
39244,468,297,0
39245,127,297,0
39246,127,547,0
39247,127,468,0
39248,297,547,0
39249,4847,4663,0
39250,189,645,0
39251,6064,645,0
39252,5230,5212,0
39253,5223,5074,0
39254,5223,5212,0
39255,5943,6098,0
39256,5831,6098,0
39257,705,3972,0
39258,4880,4632,0
39259,2931,1378,0
39260,1378,307,0
39261,4880,4858,0
39262,4763,4877,0
39263,4763,4880,0
39264,4858,4877,0
39265,5199,5259,0
39266,5199,4926,0
39267,5199,4946,0
39268,5259,4926,0
39269,5796,5960,0
39270,5796,19,0
39271,1050,1460,0
39272,1524,1460,0
39273,1524,1034,0
39274,1524,1050,0
39275,1460,1034,0
39276,6125,6098,0
39277,6131,6125,0
39278,6098,6166,0
39279,6539,132,0
39280,6500,132,0
39281,6500,6539,0
39282,5792,5859,0
39283,5792,5979,0
39284,5747,5859,0
39285,5979,5859,0
39286,228,5866,0
39287,228,6180,0
39288,6050,5866,0
39289,6050,228,0
39290,6180,5866,0
39291,6354,192,0
39292,6354,309,0
39293,1650,1278,0
39294,2104,1278,0
39295,782,6180,0
39296,228,335,0
39297,228,782,0
39298,725,228,0
39299,125,228,0
39300,6191,228,0
39301,6191,125,0
39302,19,228,0
39303,335,1278,0
39304,6041,6429,0
39305,1197,897,0
39306,1141,897,0
39307,973,897,0
39308,5441,4846,0
39309,783,1183,0
39310,783,924,0
39311,725,783,0
39312,6044,6124,0
39313,5722,5309,0
39314,5722,4777,1
39315,5354,4777,1
39316,5771,5614,0
39317,5859,6191,0
39318,5859,5176,0
39319,4421,5176,0
39320,4421,6191,0
39321,4421,5859,0
39322,5176,6191,0
39323,6301,5796,0
39324,702,973,0
39325,702,897,0
39326,5866,5727,0
39327,725,1238,0
39328,5727,5747,0
39329,6402,6528,0
39330,137,6296,0
39331,137,6525,0
39332,6515,6296,0
39333,6515,137,0
39334,6525,6296,0
39335,6224,228,0
39336,5566,5733,0
39337,5866,5960,0
39338,5003,4652,0
39339,5003,5206,0
39340,4652,5206,0
39341,673,1461,0
39342,673,441,0
39343,4917,4910,0
39344,4755,4917,0
39345,4598,4910,0
39346,6120,5634,0
39347,4877,4807,0
39348,5913,5859,0
39349,5948,5800,0
39350,5948,5929,0
39351,6145,6074,0
39352,6104,6074,0
39353,6098,6134,0
39354,5959,5609,0
39355,5551,5609,0
39356,5551,5879,0
39357,5551,5959,0
39358,5609,5879,0
39359,684,145,0
39360,457,145,0
39361,6398,6476,0
39362,6398,6292,0
39363,6327,6476,0
39364,6327,6398,0
39365,6292,6476,0
39366,6279,5866,0
39367,5866,4967,0
39368,5099,5866,0
39369,800,662,0
39370,911,719,0
39371,911,800,0
39372,6180,5176,0
39373,5588,5866,0
39374,5669,5763,0
39375,5669,5614,0
39376,5669,5849,0
39377,234,244,0
39378,244,402,0
39379,5849,6299,0
39380,6365,5849,0
39381,6299,6142,0
39382,5147,4884,0
39383,5147,4945,0
39384,4945,4884,0
39385,5478,5482,0
39386,5478,5326,0
39387,5230,5326,0
39388,5230,5482,0
39389,5326,5482,0
39390,6365,6421,0
39391,6050,19,0
39392,689,684,0
39393,689,702,0
39394,4986,5110,0
39395,5338,4977,0
39396,6354,6117,0
39397,6354,5731,1
39398,6354,6376,1
39399,6117,5731,0
39400,6085,5920,0
39401,6120,6085,0
39402,6001,5920,0
39403,1059,1292,0
39404,5763,5510,0
39405,95,135,0
39406,229,244,0
39407,229,135,0
39408,229,95,0
39409,244,135,0
39410,6247,6120,0
39411,4870,4853,0
39412,4553,4853,0
39413,4725,4853,0
39414,310,282,0
39415,310,288,0
39416,350,288,0
39417,350,282,0
39418,288,282,0
39419,312,535,0
39420,312,395,0
39421,533,312,0
39422,1149,960,0
39423,5960,6279,0
39424,1519,1891,0
39425,1680,1640,0
39426,1891,1640,0
39427,5796,6000,0
39428,6525,271,0
39429,6528,294,0
39430,124,294,0
39431,6365,294,0
39432,6161,6011,0
39433,6161,5943,0
39434,5469,5736,0
39435,5469,5519,0
39436,5469,5565,0
39437,652,5039,0
39438,2609,5039,0
39439,2237,5039,0
39440,5963,6096,0
39441,5849,6195,0
39442,5849,6000,0
39443,6438,6332,0
39444,6332,6166,0
39445,5910,5942,0
39446,5910,5711,0
39447,5808,5711,0
39448,5808,5942,0
39449,5711,5942,0
39450,6118,6167,0
39451,5935,6167,0
39452,5894,6167,0
39453,19,6279,0
39454,5259,5505,0
39455,5025,5182,0
39456,5025,5180,0
39457,4966,5180,1
39458,5180,5182,0
39459,5199,5110,0
39460,5089,5110,0
39461,5089,5293,0
39462,5089,5199,0
39463,4826,5008,0
39464,6354,5722,1
39465,137,123,0
39466,4876,4794,0
39467,4876,4779,0
39468,95,6319,0
39469,6278,6319,0
39470,6278,54,0
39471,6278,95,0
39472,6319,54,0
39473,6117,5722,0
39474,807,1069,0
39475,804,1069,0
39476,7,95,0
39477,7,24,0
39478,6441,7,0
39479,6222,6085,0
39480,6173,6134,0
39481,6110,6134,0
39482,5920,5959,0
39483,6134,6049,0
39484,6366,6431,0
39485,6366,6296,0
39486,6085,6296,0
39487,6085,6431,0
39488,6085,6366,0
39489,6296,6431,0
39490,1358,1318,0
39491,1358,1335,0
39492,1074,1358,0
39493,870,826,0
39494,870,949,0
39495,33,6471,0
39496,229,6471,0
39497,229,24,0
39498,229,33,0
39499,54,6431,0
39500,54,6502,0
39501,6515,6502,0
39502,6515,6431,0
39503,6502,6431,0
39504,6467,6354,0
39505,5256,5244,0
39506,5587,5609,0
39507,5811,5609,0
39508,524,364,0
39509,524,432,0
39510,321,278,0
39511,321,282,0
39512,221,282,0
39513,221,278,0
39514,221,321,0
39515,6173,6123,0
39516,6049,6123,0
39517,6049,6173,0
39518,6244,6123,0
39519,174,61,0
39520,174,162,0
39521,61,184,0
39522,7,54,0
39523,254,7,0
39524,6269,6431,0
39525,6296,6269,0
39526,6319,6482,1
39527,6319,174,1
39528,6319,52,0
39529,6354,5735,0
39530,6354,5760,0
39531,6354,5558,0
39532,6354,6402,0
39533,1029,684,0
39534,192,6467,0
39535,427,123,0
39536,427,450,0
39537,5595,5487,0
39538,5485,5503,0
39539,4930,4945,0
39540,5505,6001,0
39541,6000,5505,0
39542,956,1029,0
39543,689,1059,0
39544,689,956,0
39545,1059,1029,0
39546,4932,4713,0
39547,5250,5180,0
39548,5470,5250,0
39549,5811,5485,0
39550,5485,5551,0
39551,5453,5485,0
39552,5471,5551,0
39553,6222,6451,0
39554,6222,6299,0
39555,6365,6222,0
39556,624,454,0
39557,624,452,0
39558,454,483,0
39559,244,432,0
39560,6471,6228,0
39561,6471,6269,0
39562,6489,6250,0
39563,6321,6489,0
39564,5595,5609,0
39565,5454,5609,0
39566,5487,5510,0
39567,6366,6247,0
39568,6366,6515,0
39569,6525,6366,0
39570,6515,6247,0
39571,6173,5915,0
39572,6150,6173,0
39573,6000,5671,0
39574,6000,5669,0
39575,5237,5250,0
39576,5915,5963,0
39577,5771,5963,0
39578,5591,6001,0
39579,5147,5271,0
39580,5231,5271,0
39581,5008,5119,0
39582,5119,4957,0
39583,5252,5082,0
39584,5189,5082,0
39585,5082,5197,0
39586,5272,5199,0
39587,5510,6000,0
39588,5763,6000,0
39589,5510,5671,0
39590,4789,4930,0
39591,5510,5960,0
39592,5763,5960,0
39593,5763,5796,0
39594,5429,5591,0
39595,5429,5510,0
39596,5556,5879,0
39597,5591,6120,0
39598,5429,5199,0
39599,5382,5293,0
39600,5505,5671,0
39601,5595,5731,0
39602,5272,5487,0
39603,5487,5371,0
39604,5387,5371,0
39605,5217,5212,0
39606,5429,5503,0
39607,5471,5429,0
39608,5669,5429,0
39609,5429,5595,0
39610,5429,5671,0
39611,5536,5685,0
39612,5544,5583,0
39613,5544,5685,0
39614,5020,4858,0
39615,5272,5510,0
39616,5915,5971,0
39617,5963,5971,0
39618,4753,4977,0
39619,5272,5504,0
39620,5504,5371,0
39621,4745,4833,0
39622,4857,4916,0
39623,5147,5154,0
39624,5480,5147,0
39625,4725,5316,0
39626,4847,4823,0
39627,4614,4823,0
39628,4917,5195,0
39629,5082,5112,0
39630,5094,4866,0
39631,4866,5082,0
39632,4833,4916,0
39633,4833,4966,0
39634,4745,4916,0
39635,5152,5147,0
39636,5271,5154,0
39637,5271,5480,0
39638,5008,4982,0
39639,4877,4415,0
39640,4977,5120,0
39641,5033,5071,0
39642,3913,5354,1
39643,5915,5740,0
39644,5963,5740,0
39645,5971,5740,0
39646,5033,5099,0
39647,4846,4997,0
39648,6050,5517,0
39649,5517,6001,0
39650,6120,5517,0
39651,5517,5920,0
39652,5517,5595,0
39653,5517,6079,0
39654,4926,4429,0
39655,4857,4336,1
39656,5293,5471,0
39657,5112,5074,0
39658,5094,5112,0
39659,5162,5160,0
39660,5162,4957,0
39661,5133,5162,0
39662,4957,5160,0
39663,5959,5485,0
39664,5397,5556,1
39665,5397,5959,1
39666,5485,5556,0
39667,5397,5575,0
39668,5252,5212,0
39669,5192,5499,0
39670,5151,5197,0
39671,5217,5197,0
39672,6123,6150,1
39673,6123,5740,1
39674,6123,5915,0
39675,6150,5740,1
39676,5915,5616,0
39677,5733,5740,0
39678,5733,5915,0
39679,5387,5478,0
39680,4869,4932,0
39681,4932,4909,0
39682,4888,5082,0
39683,5199,5244,0
39684,5237,5183,0
39685,5328,5183,0
39686,5328,5237,0
39687,5197,5183,0
39688,5271,4884,0
39689,5106,5197,0
39690,5565,5450,0
39691,5565,5372,0
39692,5469,5372,0
39693,5469,5450,0
39694,5096,5455,0
39695,5551,5587,0
39696,5374,5250,0
39697,5374,5453,0
39698,5470,5374,0
39699,5374,5488,0
39700,5663,5456,1
39701,5463,5456,0
39702,5557,5456,1
39703,5602,5891,0
39704,5891,5673,0
39705,5405,5323,0
39706,5405,5368,0
39707,5327,5368,0
39708,5327,5323,0
39709,5327,5405,0
39710,5368,5323,0
39711,5680,5483,0
39712,5477,5632,0
39713,5477,5483,0
39714,5477,5680,0
39715,5632,5483,0
39716,4958,5114,0
39717,4958,5133,0
39718,5239,4958,1
39719,5115,5023,0
39720,5023,5198,0
39721,4879,4746,0
39722,5195,5038,0
39723,4869,5119,0
39724,4866,4957,0
39725,4793,4866,0
39726,5565,5496,0
39727,4814,5112,0
39728,5355,6690,0
39729,5250,5177,0
39730,6057,6211,0
39731,6057,6076,0
39732,6167,6057,0
39733,6076,6211,0
39734,4755,4833,0
39735,5112,5110,0
39736,5112,5089,0
39737,4746,4958,1
39738,4926,5256,0
39739,4917,4833,0
39740,5276,5198,0
39741,5368,5312,0
39742,5368,5198,0
39743,5312,5198,0
39744,4888,4660,0
39745,4833,4598,0
39746,4840,4917,0
39747,4930,4939,0
39748,5179,4939,0
39749,5162,5324,0
39750,5197,5133,0
39751,5197,5324,0
39752,5197,5162,0
39753,4939,4928,0
39754,5152,5217,0
39755,5412,5242,0
39756,5412,5152,0
39757,5025,4840,0
39758,4833,5025,0
39759,5986,5921,0
39760,5862,5957,0
39761,5862,5921,0
39762,5862,5986,0
39763,5957,5921,0
39764,4916,4840,0
39765,5562,5519,0
39766,5439,5414,0
39767,4884,4930,0
39768,4884,5154,0
39769,4945,5154,0
39770,5669,5482,0
39771,5197,5114,0
39772,4866,4769,0
39773,4866,4737,0
39774,4876,4784,0
39775,5162,5114,0
39776,5119,5114,0
39777,5094,5223,0
39778,4939,4884,0
39779,5488,5585,0
39780,5405,5461,0
39781,5405,5439,0
39782,5552,5461,0
39783,5552,5405,0
39784,5439,5461,0
39785,5043,5115,0
39786,5217,5276,0
39787,5217,5043,0
39788,5177,5195,0
39789,5177,5089,0
39790,5209,5166,0
39791,4949,5166,0
39792,4949,5139,0
39793,4949,5209,0
39794,5166,5139,0
39795,5164,5057,0
39796,5203,5121,0
39797,5203,5057,0
39798,5121,5057,0
39799,5131,5412,0
39800,5047,4904,0
39801,5250,5183,0
39802,5557,5460,0
39803,5557,5432,1
39804,5602,5432,1
39805,5602,5460,0
39806,5432,5460,0
39807,5162,5217,0
39808,5223,5089,0
39809,5312,5324,0
39810,5414,5324,0
39811,5324,5476,0
39812,5200,5327,0
39813,5352,5241,0
39814,5352,5327,0
39815,5352,5200,0
39816,5241,5327,0
39817,5112,4916,0
39818,5112,4917,0
39819,5195,5112,0
39820,5025,5112,0
39821,6468,6437,0
39822,5958,5845,0
39823,5192,5478,0
39824,5544,5374,0
39825,5544,5328,0
39826,5119,5183,0
39827,5326,5387,0
39828,5772,5534,0
39829,5358,5209,0
39830,5358,5232,0
39831,5339,5232,0
39832,5339,5209,0
39833,5414,5197,0
39834,5504,5482,0
39835,5448,5372,0
39836,5235,5511,0
39837,5821,5511,0
39838,5511,5868,0
39839,5212,5112,0
39840,5212,5189,0
39841,5326,5453,0
39842,5195,5326,0
39843,4938,5147,0
39844,5515,5491,0
39845,5515,5521,0
39846,5569,5491,0
39847,5569,5515,0
39848,5521,5491,0
39849,5734,5637,0
39850,5628,5637,0
39851,5131,5151,0
39852,4862,4794,0
39853,4779,4862,0
39854,5570,5480,0
39855,5570,5468,0
39856,5656,5468,0
39857,5656,5570,0
39858,5468,5480,0
39859,5334,5207,0
39860,5334,5202,0
39861,5232,5202,0
39862,5232,5207,0
39863,5232,5334,0
39864,5202,5207,0
39865,5260,5200,0
39866,5260,5116,1
39867,5241,5260,1
39868,5180,5183,0
39869,5119,5189,0
39870,5025,5177,0
39871,4769,4869,0
39872,5182,5183,0
39873,5274,5339,0
39874,5274,5304,0
39875,5331,5339,0
39876,5304,5339,0
39877,5328,5566,0
39878,5252,5223,0
39879,4869,4748,0
39880,4762,4869,0
39881,5183,5195,0
39882,5182,5177,0
39883,5879,5503,0
39884,5551,5585,0
39885,5352,5260,0
39886,6399,6453,0
39887,6399,6452,0
39888,6399,6466,0
39889,5028,4971,0
39890,4845,4862,0
39891,4845,4895,0
39892,4855,4895,0
39893,4855,4845,0
39894,4895,4862,0
39895,5133,5028,0
39896,5133,5260,0
39897,5028,5260,0
39898,5025,4916,0
39899,5195,5025,0
39900,5090,5023,0
39901,5133,4982,0
39902,5047,5160,0
39903,5013,5090,0
39904,5097,4990,0
39905,5097,5137,0
39906,5113,5097,0
39907,4793,4869,0
39908,4864,4845,0
39909,4864,4904,0
39910,4808,4864,0
39911,5116,5047,0
39912,5116,5069,1
39913,5098,5116,0
39914,5461,5716,0
39915,5484,5552,0
39916,5484,5716,0
39917,5484,5461,0
39918,5552,5716,0
39919,4850,4948,0
39920,4958,5180,1
39921,5887,6056,0
39922,5896,6056,0
39923,5896,6052,0
39924,5896,5887,0
39925,4866,4855,0
39926,4866,5043,0
39927,4895,4879,0
39928,5450,5412,0
39929,5439,5412,0
39930,5412,5276,0
39931,5254,5190,0
39932,5254,5174,0
39933,5213,5311,0
39934,5245,5311,0
39935,5311,5228,0
39936,5438,5297,0
39937,5297,5507,0
39938,4972,5040,0
39939,5541,5465,0
39940,4767,4876,0
39941,5198,5327,0
39942,5160,5312,0
39943,5327,5312,0
39944,5160,5023,0
39945,5162,5328,0
39946,5414,5162,0
39947,4855,4869,0
39948,4957,5043,0
39949,4961,5137,0
39950,4961,5097,0
39951,5137,5173,0
39952,4762,4862,0
39953,4948,4971,0
39954,5569,5734,0
39955,5748,5734,0
39956,5476,5734,0
39957,5163,4925,0
39958,4979,4925,0
39959,4895,4851,0
39960,4895,4805,0
39961,5162,5312,0
39962,5198,5200,0
39963,5129,5200,0
39964,5987,6043,0
39965,5987,6091,0
39966,4762,4895,0
39967,5131,5043,0
39968,5043,4895,0
39969,4957,4855,0
39970,4855,4805,0
39971,4855,4879,0
39972,4855,4851,0
39973,4855,4904,0
39974,5470,5740,0
39975,5470,5616,0
39976,5470,5663,0
39977,5476,5628,0
39978,5479,5515,0
39979,5479,5491,0
39980,5241,5491,0
39981,5557,5569,0
39982,5260,4958,1
39983,5239,5260,1
39984,5877,6091,0
39985,5877,6023,1
39986,6164,6023,1
39987,6164,5877,1
39988,5456,5374,0
39989,5350,5463,0
39990,5374,5463,0
39991,5216,5344,0
39992,5216,5337,0
39993,5058,5299,0
39994,5058,5331,0
39995,5299,5213,0
39996,5624,5410,0
39997,5624,5555,0
39998,5716,5555,0
39999,5716,5410,0
40000,5716,5624,0
40001,5555,5410,0
40002,5476,5352,0
40003,5327,5476,0
40004,5144,4936,0
40005,4982,5144,0
40006,5144,4958,0
40007,5612,5499,0
40008,5632,5499,0
40009,5842,5926,0
40010,5857,5842,0
40011,5827,5926,0
40012,5372,5152,0
40013,5372,5412,0
40014,5242,5372,0
40015,5952,5965,0
40016,4961,5016,0
40017,5874,6108,0
40018,5874,5987,0
40019,5874,6037,0
40020,5476,5412,0
40021,6326,6440,0
40022,6371,6341,0
40023,6371,6326,0
40024,6440,6341,0
40025,5281,5143,0
40026,5439,5327,0
40027,5162,5198,0
40028,5115,5162,0
40029,5519,5281,0
40030,5030,5073,0
40031,4987,4951,0
40032,5609,5556,0
40033,5551,5556,0
40034,5213,5339,0
40035,4854,4693,0
40036,4854,4622,0
40037,5405,5484,0
40038,5552,5323,0
40039,5484,5323,0
40040,5383,5593,0
40041,5383,5555,0
40042,5506,5555,0
40043,5506,5593,0
40044,5506,5383,0
40045,5555,5593,0
40046,5383,5481,0
40047,5303,5481,0
40048,5481,5334,0
40049,5281,5271,0
40050,5383,5524,0
40051,4716,4987,0
40052,5115,5368,0
40053,4646,4881,0
40054,5339,5299,0
40055,5339,5311,0
40056,5578,5311,0
40057,5578,5299,0
40058,5578,5339,0
40059,5311,5299,0
40060,5326,5474,0
40061,5043,5106,0
40062,5086,5245,0
40063,5405,5331,0
40064,5484,5395,0
40065,5484,5331,0
40066,5043,4869,0
40067,5733,5685,0
40068,5566,5685,0
40069,5093,5242,0
40070,5287,5353,0
40071,5287,5179,0
40072,5468,5353,0
40073,5468,5287,0
40074,5179,5353,0
40075,4862,4903,0
40076,5185,5232,0
40077,5232,5000,0
40078,4876,4882,0
40079,5372,5483,0
40080,5147,5483,0
40081,5147,5469,0
40082,5483,5469,0
40083,5174,5282,0
40084,5174,5078,0
40085,5163,5282,0
40086,5163,5174,0
40087,5078,5282,0
40088,4852,4791,0
40089,5143,4852,0
40090,5216,5205,1
40091,5078,5205,1
40092,5205,5069,1
40093,5570,5709,0
40094,5563,5468,0
40095,5563,5709,0
40096,5563,5570,0
40097,5468,5709,0
40098,5050,4852,0
40099,5137,5258,0
40100,5449,5580,0
40101,5449,5524,0
40102,5553,5449,0
40103,5111,5017,0
40104,5111,5050,0
40105,5148,5111,0
40106,5514,5563,0
40107,5468,5514,0
40108,5306,5563,0
40109,5539,5619,0
40110,5805,5720,0
40111,5805,5539,0
40112,5619,5720,0
40113,5231,5281,0
40114,4654,4856,0
40115,6035,6096,0
40116,4650,4987,0
40117,5030,4990,0
40118,4981,5215,0
40119,5179,5215,0
40120,5262,5449,0
40121,5262,5303,0
40122,5553,5303,0
40123,5553,5262,0
40124,5303,5449,0
40125,5493,5469,0
40126,5281,5469,0
40127,4878,5000,0
40128,5060,5000,0
40129,5231,5346,0
40130,5546,5810,0
40131,6481,6264,0
40132,6481,6250,0
40133,6489,6264,0
40134,6489,6481,0
40135,6250,6264,0
40136,5443,5654,0
40137,5528,5654,0
40138,5528,5410,0
40139,5528,5443,0
40140,5654,5410,0
40141,5493,5547,0
40142,6442,43,0
40143,6442,6405,0
40144,6443,43,0
40145,6443,6442,0
40146,6405,43,0
40147,4581,4772,0
40148,5175,5061,0
40149,4778,5017,0
40150,4587,4905,0
40151,5146,5408,0
40152,5450,5483,0
40153,5477,5372,0
40154,5375,5427,0
40155,5375,5764,0
40156,5508,5764,0
40157,5508,5427,0
40158,5764,5427,0
40159,5900,5639,0
40160,5848,5897,0
40161,5848,5900,0
40162,5639,5897,0
40163,5201,5055,0
40164,5335,5201,0
40165,5335,5211,0
40166,5191,5201,0
40167,5211,5201,0
40168,5478,5371,0
40169,5375,5295,0
40170,5279,5427,0
40171,5279,5295,0
40172,5279,5375,0
40173,5427,5295,0
40174,5054,5201,0
40175,5054,5279,0
40176,5295,5201,0
40177,5295,5054,0
40178,4907,5201,0
40179,5046,5113,0
40180,5046,5243,0
40181,5336,5519,0
40182,5425,5372,0
40183,5519,5372,0
40184,5655,5639,0
40185,5655,5599,0
40186,5541,5655,0
40187,5542,5555,0
40188,5506,5542,0
40189,5111,5104,0
40190,5046,5138,0
40191,5886,5639,0
40192,5639,5641,0
40193,5073,4990,0
40194,5073,4951,0
40195,5823,5953,0
40196,6072,5953,0
40197,5953,5876,0
40198,5689,5545,0
40199,5831,5894,0
40200,5831,5736,0
40201,5710,5683,0
40202,5814,5710,0
40203,5843,5998,0
40204,5677,5998,0
40205,5677,5728,0
40206,5147,5020,0
40207,4837,4666,0
40208,4599,4837,0
40209,5573,5509,0
40210,5573,5465,0
40211,5019,5464,0
40212,108,127,0
40213,6310,127,0
40214,6321,127,0
40215,5808,5769,0
40216,5865,5935,0
40217,5865,5808,0
40218,5935,5769,0
40219,5563,5271,0
40220,5860,6133,0
40221,5860,5918,0
40222,4907,4599,0
40223,1280,908,0
40224,1040,908,0
40225,1040,1171,0
40226,1040,1280,0
40227,908,1171,0
40228,5563,5317,0
40229,5964,6118,0
40230,5964,6078,0
40231,5808,5468,0
40232,5808,5514,0
40233,5681,5608,0
40234,5668,5608,0
40235,5668,5726,0
40236,5668,5681,0
40237,5608,5726,0
40238,5726,5705,0
40239,5668,5705,0
40240,5827,5938,0
40241,5827,6044,0
40242,231,4,0
40243,5335,5295,0
40244,5211,5295,0
40245,4954,5065,0
40246,4954,4419,0
40247,4750,5065,0
40248,4750,4954,0
40249,4419,5065,0
40250,4830,4634,0
40251,5075,5037,0
40252,4943,5037,0
40253,5130,5238,0
40254,5179,5148,0
40255,5655,5433,0
40256,5623,5655,0
40257,4843,5010,0
40258,4738,4843,0
40259,5104,5472,0
40260,4878,4689,0
40261,4689,5000,0
40262,5782,5715,0
40263,5842,5715,0
40264,5842,5883,0
40265,5842,5782,0
40266,5715,5883,0
40267,5292,5243,0
40268,5292,5137,0
40269,5204,5292,0
40270,5347,5243,0
40271,5349,5243,0
40272,5138,5472,0
40273,5138,5347,0
40274,5014,5255,0
40275,5014,6694,0
40276,5037,4973,0
40277,4832,4738,0
40278,5113,4852,0
40279,5113,5017,0
40280,5268,5142,0
40281,5225,5418,0
40282,4919,4679,0
40283,4767,4919,0
40284,5111,5075,0
40285,5075,5236,0
40286,5579,5526,0
40287,5579,5546,0
40288,5408,5546,0
40289,5408,5526,0
40290,5408,5579,0
40291,5546,5526,0
40292,4823,4858,0
40293,6095,6100,0
40294,6255,6095,0
40295,6100,6381,0
40296,5124,5150,0
40297,5011,5150,0
40298,5011,6686,0
40299,5011,5124,0
40300,5150,6686,0
40301,5341,5157,0
40302,4843,5118,0
40303,4956,5118,0
40304,4973,5118,0
40305,6698,5444,0
40306,5442,5444,0
40307,5423,5417,0
40308,5423,6695,0
40309,6692,5417,0
40310,6692,5423,0
40311,6695,5417,0
40312,4832,4634,0
40313,4984,4950,0
40314,4956,5084,0
40315,4956,4984,0
40316,5084,4950,0
40317,5016,4918,0
40318,4956,4918,0
40319,4918,5010,0
40320,4943,5113,0
40321,4889,4984,0
40322,5136,4918,0
40323,5118,5391,0
40324,5204,5391,0
40325,4973,4943,0
40326,4998,5150,0
40327,5065,6692,0
40328,5065,4998,0
40329,5218,5475,0
40330,5419,6693,0
40331,5475,6693,0
40332,5417,5187,0
40333,5124,6692,0
40334,5124,6695,0
40335,5746,6157,0
40336,6111,5803,0
40337,6111,5746,0
40338,6157,5803,0
40339,4837,4830,0
40340,5795,5836,0
40341,5770,5836,0
40342,5770,5978,0
40343,5770,5795,0
40344,5836,5978,0
40345,4974,5009,0
40346,4952,5111,0
40347,5225,5011,0
40348,4790,4536,0
40349,4468,4790,0
40350,4790,4391,0
40351,5321,6688,0
40352,5394,5322,0
40353,5394,5321,0
40354,5322,6688,0
40355,5446,5679,0
40356,5002,4734,0
40357,4486,4734,0
40358,5417,5408,0
40359,5248,5546,0
40360,5829,5794,0
40361,5668,5794,0
40362,5794,5719,0
40363,5225,5155,0
40364,6685,5155,0
40365,4633,4954,0
40366,4993,5124,0
40367,5011,4993,0
40368,5065,6696,0
40369,5266,5087,0
40370,5265,6685,0
40371,5087,6685,0
40372,4891,4766,0
40373,5753,6083,0
40374,5753,6143,0
40375,5833,6083,0
40376,6143,6083,0
40377,4988,6679,0
40378,4988,4519,0
40379,4609,4988,0
40380,5270,6698,0
40381,5604,6702,0
40382,5561,5396,0
40383,5417,5396,0
40384,5579,5561,0
40385,5353,5427,0
40386,5468,5508,0
40387,5468,5427,0
40388,4663,4938,0
40389,5187,5238,0
40390,14,6432,0
40391,23,14,0
40392,5003,4902,0
40393,4576,4829,0
40394,4576,4902,0
40395,4829,4902,0
40396,4907,4717,0
40397,5194,5054,0
40398,4816,5054,0
40399,5586,5546,0
40400,5639,5546,0
40401,4809,4768,0
40402,4680,4809,0
40403,5787,5786,0
40404,6147,6028,0
40405,6147,5786,0
40406,6147,5787,0
40407,6028,5786,0
40408,5211,5701,0
40409,5601,5683,0
40410,5422,4690,0
40411,5014,4739,0
40412,5014,4656,0
40413,6677,5014,0
40414,6688,6683,0
40415,5065,4824,0
40416,5927,5900,0
40417,5927,6015,0
40418,5897,6015,0
40419,5897,5927,0
40420,6015,5900,0
40421,5075,4962,0
40422,6119,6034,0
40423,6119,6187,0
40424,6234,6034,0
40425,6234,6119,0
40426,6187,6034,0
40427,4758,4907,0
40428,4778,4907,0
40429,5179,5284,0
40430,5349,5109,0
40431,5349,6690,0
40432,5389,5270,0
40433,5423,5187,0
40434,5092,5417,0
40435,5092,5423,0
40436,5452,5445,0
40437,5170,5173,0
40438,5136,5173,0
40439,5173,5269,0
40440,5009,4861,0
40441,4739,2684,0
40442,5130,5248,0
40443,5813,5693,0
40444,5707,5813,0
40445,5589,5693,0
40446,5813,6194,0
40447,5860,6194,0
40448,5860,5693,0
40449,4588,4905,0
40450,5511,5605,0
40451,5142,5130,0
40452,5597,5779,0
40453,5561,5779,0
40454,5561,5511,0
40455,5561,5597,0
40456,5779,5511,0
40457,5573,5404,0
40458,5508,5670,0
40459,5508,5703,0
40460,5445,5508,0
40461,5703,5670,0
40462,5436,5407,0
40463,5292,5430,0
40464,5130,4952,0
40465,5130,4994,0
40466,6254,6293,0
40467,6254,6485,0
40468,6330,6485,0
40469,6330,6293,0
40470,6485,6293,0
40471,5970,5464,0
40472,5970,5019,0
40473,5970,5208,0
40474,5279,5462,0
40475,620,873,0
40476,620,1050,0
40477,960,1050,0
40478,960,873,0
40479,960,620,0
40480,5508,5514,0
40481,5808,5508,0
40482,441,73,0
40483,5688,5847,0
40484,5688,73,0
40485,5688,441,0
40486,5847,73,0
40487,5046,5010,0
40488,5046,4990,0
40489,5063,4954,0
40490,5063,6676,0
40491,4597,4954,0
40492,4597,5063,0
40493,6676,4954,0
40494,5514,5764,0
40495,5683,5808,0
40496,5683,5514,0
40497,5764,5808,0
40498,5238,6695,0
40499,6292,6005,0
40500,6009,6292,0
40501,6005,6076,0
40502,5408,5625,0
40503,5109,5111,0
40504,5075,5109,0
40505,5607,5645,0
40506,5705,5607,0
40507,6693,6700,0
40508,5408,5444,0
40509,5408,6700,0
40510,5408,6693,0
40511,4827,4891,0
40512,4827,4809,0
40513,4827,4875,0
40514,5924,5856,0
40515,6038,5856,0
40516,6038,5924,0
40517,6102,5856,0
40518,5993,5749,0
40519,5749,5927,0
40520,5749,5886,0
40521,5749,6017,0
40522,5927,5886,0
40523,5130,5236,0
40524,5408,6695,0
40525,5509,5645,0
40526,5509,5705,0
40527,5509,5607,0
40528,5704,5823,0
40529,5607,5475,0
40530,5607,5433,0
40531,5391,5475,0
40532,5391,5607,0
40533,5433,5475,0
40534,5519,5231,0
40535,4809,4766,0
40536,4768,4827,0
40537,5773,5842,0
40538,5486,5754,0
40539,5529,5754,0
40540,5109,4952,0
40541,5109,5142,0
40542,5109,5104,0
40543,5164,5029,0
40544,5121,5029,0
40545,5029,5057,0
40546,4773,4809,0
40547,1316,1284,0
40548,6579,1284,0
40549,5911,5665,0
40550,5394,5665,0
40551,5604,5665,0
40552,5848,6705,0
40553,5848,5546,0
40554,5639,6705,0
40555,5546,6705,0
40556,5829,5876,0
40557,5794,5876,0
40558,5898,5876,0
40559,6713,6046,0
40560,6227,6046,0
40561,6258,5910,0
40562,5894,6029,0
40563,5894,6258,0
40564,6391,6141,0
40565,6391,6169,0
40566,6321,6169,0
40567,6169,6141,0
40568,5876,5856,0
40569,5876,5988,0
40570,6102,5988,0
40571,6430,84,0
40572,6430,6510,0
40573,6492,6430,0
40574,6510,84,0
40575,5864,5770,0
40576,5864,5852,0
40577,5775,5852,0
40578,5775,5770,0
40579,5852,5770,0
40580,5565,5680,0
40581,5720,5680,0
40582,5680,5496,0
40583,5797,5631,0
40584,5606,5797,0
40585,5631,5782,0
40586,6181,6135,0
40587,6450,6135,0
40588,6450,6124,0
40589,6135,6124,0
40590,5726,5650,0
40591,4905,4631,0
40592,5815,5925,0
40593,5821,5925,0
40594,5514,5601,0
40595,5808,5601,0
40596,5563,5601,0
40597,93,6712,0
40598,5138,5243,0
40599,5322,5423,0
40600,5394,5092,0
40601,6382,21,0
40602,6382,6526,0
40603,6540,6526,0
40604,6540,21,0
40605,44,127,0
40606,44,6390,0
40607,6270,127,0
40608,6390,127,0
40609,281,238,0
40610,281,130,0
40611,147,281,0
40612,5417,5238,0
40613,5050,5306,0
40614,555,6552,0
40615,694,6552,0
40616,537,6552,0
40617,5928,5938,0
40618,6310,6169,0
40619,5335,5279,0
40620,5728,5726,0
40621,5677,5766,0
40622,5766,5726,0
40623,5953,5988,0
40624,5848,5988,0
40625,5848,5980,0
40626,5848,5953,0
40627,5988,5980,0
40628,6169,6375,0
40629,6375,6141,0
40630,5701,5819,0
40631,231,6492,0
40632,6510,231,0
40633,6055,5808,0
40634,6227,6521,0
40635,6370,6521,0
40636,43,6521,0
40637,5964,5894,0
40638,5935,5964,0
40639,5974,5964,0
40640,5974,5935,0
40641,6055,5964,0
40642,6152,6084,0
40643,6152,6124,0
40644,5933,6124,0
40645,5933,6084,0
40646,5933,6152,0
40647,5929,6349,0
40648,6456,5929,0
40649,5948,6349,0
40650,4860,4821,0
40651,4860,4672,0
40652,4841,4672,0
40653,5404,5599,0
40654,5500,705,0
40655,6058,6016,0
40656,5360,5148,0
40657,5699,5518,0
40658,5699,5566,0
40659,5414,5518,0
40660,5414,5699,0
40661,5566,5518,0
40662,5683,5769,0
40663,5814,5769,0
40664,5445,5514,0
40665,5179,5360,0
40666,5406,5572,0
40667,5396,5572,0
40668,5321,5572,0
40669,5081,5435,0
40670,5742,5817,0
40671,5705,5817,0
40672,5541,5509,0
40673,6187,6058,0
40674,6234,6058,0
40675,5248,5703,0
40676,6334,6304,0
40677,6254,6430,0
40678,6254,6241,0
40679,6492,6254,0
40680,6241,6430,0
40681,5627,5703,0
40682,5627,5819,0
40683,5650,5819,0
40684,6298,6129,0
40685,5445,5701,0
40686,73,5884,0
40687,73,5707,0
40688,484,266,0
40689,204,266,0
40690,6005,6029,0
40691,6005,6258,0
40692,6029,6076,0
40693,6421,6258,0
40694,6167,5910,0
40695,5942,5894,0
40696,5942,6167,0
40697,6470,6171,0
40698,6179,6470,0
40699,23,6171,0
40700,5509,5627,0
40701,5627,5465,0
40702,5810,6705,0
40703,6416,6369,0
40704,5925,5779,0
40705,5712,5817,0
40706,5712,5645,0
40707,5767,5645,0
40708,5767,5817,0
40709,15,468,0
40710,15,6487,0
40711,453,6487,0
40712,453,468,0
40713,453,15,0
40714,6487,468,0
40715,5837,5761,0
40716,5924,5998,0
40717,5938,6080,0
40718,5938,5998,0
40719,5938,5924,0
40720,6080,5998,0
40721,205,6539,0
40722,5810,5579,0
40723,5923,6254,0
40724,5923,6016,0
40725,5923,6058,0
40726,5579,5268,0
40727,5268,5526,0
40728,5408,5404,0
40729,5423,5625,0
40730,5561,5423,0
40731,6074,5918,0
40732,5526,5433,0
40733,5509,5391,0
40734,5092,5396,0
40735,5579,5573,0
40736,5579,5445,0
40737,5287,5215,0
40738,5468,5215,0
40739,6421,6292,0
40740,227,119,0
40741,164,227,0
40742,5092,6692,0
40743,5322,5604,0
40744,5579,5404,0
40745,5579,5627,0
40746,6207,5974,0
40747,5983,5974,0
40748,5604,5903,0
40749,6522,6171,0
40750,6522,6179,0
40751,5269,5325,0
40752,5173,5305,0
40753,5305,5325,0
40754,6461,6480,0
40755,6707,5738,0
40756,6714,5679,0
40757,6714,5738,0
40758,6714,6707,0
40759,5859,5866,0
40760,6691,5679,0
40761,6053,5787,0
40762,6053,6147,0
40763,257,153,0
40764,6078,6274,0
40765,5964,6274,0
40766,6118,6274,0
40767,464,345,0
40768,6430,6303,0
40769,5779,5903,0
40770,6225,6182,0
40771,6369,6182,0
40772,5622,5554,0
40773,6198,6251,0
40774,6198,209,0
40775,6716,6251,0
40776,6716,6198,0
40777,6046,6229,0
40778,6227,6229,0
40779,6229,6713,0
40780,5848,5627,0
40781,5650,5848,0
40782,6227,5978,0
40783,6045,5978,0
40784,464,467,0
40785,3344,3938,0
40786,6266,6179,0
40787,6266,6238,0
40788,5955,6705,0
40789,5194,5335,0
40790,5194,5295,0
40791,5279,5194,0
40792,5924,6057,0
40793,6038,6057,0
40794,5998,6057,0
40795,6179,6192,0
40796,6179,6182,0
40797,5794,5856,0
40798,5794,5766,0
40799,5650,5766,0
40800,5650,5856,0
40801,5955,6236,0
40802,6078,5988,0
40803,5988,6238,0
40804,6522,6433,0
40805,6522,6274,0
40806,6395,6433,0
40807,6395,6522,0
40808,6274,6433,0
40809,5726,5829,0
40810,6015,5955,0
40811,6015,5848,0
40812,6705,6015,0
40813,5856,5898,0
40814,6,6500,0
40815,6,6320,0
40816,6446,6,0
40817,6303,6241,0
40818,6241,6217,0
40819,5838,5186,0
40820,5884,5186,0
40821,521,719,0
40822,677,719,0
40823,5823,6154,0
40824,5823,5927,0
40825,6369,23,0
40826,285,273,0
40827,270,323,0
40828,6510,177,0
40829,6510,323,0
40830,6510,270,0
40831,177,323,0
40832,6179,6352,0
40833,169,332,0
40834,169,380,0
40835,130,380,0
40836,130,332,0
40837,130,169,0
40838,252,264,0
40839,164,252,0
40840,306,502,0
40841,306,281,0
40842,5712,6021,0
40843,5712,5828,0
40844,5767,5828,0
40845,5767,6021,0
40846,6182,6470,0
40847,23,6182,0
40848,6303,6712,0
40849,6714,6202,0
40850,6714,5911,0
40851,6236,6209,0
40852,5932,5700,0
40853,5932,5902,0
40854,6015,5980,0
40855,5430,5486,0
40856,5399,5486,0
40857,5431,5486,0
40858,6062,6339,0
40859,6265,6339,0
40860,6154,6713,0
40861,6154,6072,0
40862,6705,5900,0
40863,5613,5899,0
40864,5613,5741,0
40865,5613,5590,0
40866,6346,6492,0
40867,6346,6712,0
40868,6346,6303,0
40869,328,25,0
40870,328,58,0
40871,225,58,0
40872,225,25,0
40873,225,328,0
40874,6171,6369,0
40875,6182,5983,0
40876,451,201,0
40877,429,565,0
40878,429,201,0
40879,429,451,0
40880,6171,6352,0
40881,6063,5821,0
40882,5821,5992,0
40883,6138,6709,0
40884,6138,6705,0
40885,6202,6138,0
40886,6705,6709,0
40887,10,92,0
40888,10,6499,0
40889,6500,92,0
40890,6500,10,0
40891,6499,92,0
40892,6522,6238,0
40893,6071,5857,0
40894,6071,5938,0
40895,6044,5857,0
40896,6044,6071,0
40897,488,646,0
40898,488,341,0
40899,200,488,0
40900,6369,6063,0
40901,6709,6712,0
40902,6709,6303,0
40903,5903,6709,0
40904,6,92,0
40905,6539,92,0
40906,6539,6,0
40907,5964,6238,0
40908,5988,6179,0
40909,5665,5406,0
40910,5665,5605,0
40911,5572,5605,0
40912,5572,5665,0
40913,5605,5406,0
40914,5848,6192,0
40915,6199,6169,0
40916,6199,5984,0
40917,601,913,0
40918,686,913,0
40919,686,467,0
40920,913,467,0
40921,6379,6306,0
40922,15,6489,0
40923,15,6282,0
40924,6390,6306,0
40925,151,6416,0
40926,151,6306,0
40927,151,6390,0
40928,6346,6470,0
40929,6546,6470,0
40930,6546,6361,0
40931,6063,5779,0
40932,6197,6225,0
40933,62,169,0
40934,6712,6546,0
40935,6492,6347,0
40936,6241,6347,0
40937,6256,5851,0
40938,6256,6104,0
40939,6212,6104,0
40940,6104,5851,0
40941,5779,6209,0
40942,6711,6715,0
40943,332,281,0
40944,130,306,0
40945,6701,6696,0
40946,6702,6696,0
40947,6241,6711,0
40948,482,586,0
40949,482,584,0
40950,504,482,0
40951,6346,6138,0
40952,6022,6020,0
40953,6362,6053,0
40954,6362,6147,0
40955,5932,6147,0
40956,5932,6362,0
40957,6063,5903,0
40958,6063,5810,0
40959,6704,5855,0
40960,6704,6147,0
40961,5787,5855,0
40962,5787,6704,0
40963,6147,5855,0
40964,6430,6217,0
40965,6492,6217,0
40966,380,281,0
40967,5597,5821,0
40968,6306,6378,0
40969,314,151,0
40970,314,6378,0
40971,314,6306,0
40972,151,6378,0
40973,6137,5868,0
40974,6137,5821,0
40975,5867,5665,0
40976,6020,5665,0
40977,5567,5820,0
40978,5567,6708,0
40979,5820,5422,0
40980,6416,6137,0
40981,6379,6314,0
40982,6480,6524,0
40983,6472,6343,0
40984,6472,6359,0
40985,6472,6304,0
40986,6461,6369,0
40987,128,299,0
40988,232,171,0
40989,232,299,0
40990,232,128,0
40991,504,539,0
40992,504,551,0
40993,504,299,0
40994,539,551,0
40995,6709,6236,0
40996,5955,6709,0
40997,6674,4695,0
40998,6674,4438,0
40999,3915,4695,0
41000,3915,6674,0
41001,5572,6694,0
41002,5321,6694,0
41003,5980,6154,0
41004,6017,6217,0
41005,5886,6217,0
41006,5927,6217,0
41007,6233,6457,0
41008,6665,6457,0
41009,2835,6457,0
41010,4752,5235,0
41011,5647,4752,0
41012,22,6422,0
41013,22,173,0
41014,6379,22,0
41015,5560,5753,0
41016,6202,6717,0
41017,6716,6717,0
41018,6716,5679,0
41019,5738,6716,0
41020,5679,6717,0
41021,6497,6295,0
41022,6497,6347,0
41023,6497,6711,0
41024,6295,6347,0
41025,6430,6154,0
41026,6710,6154,0
41027,6710,6217,0
41028,6710,6430,0
41029,6154,6217,0
41030,4893,4624,0
41031,1757,1170,0
41032,6113,6257,0
41033,5364,5187,0
41034,4732,4816,0
41035,5567,5255,0
41036,5394,5065,0
41037,5270,5065,0
41038,475,173,0
41039,497,173,0
41040,497,6547,0
41041,497,475,0
41042,173,6547,0
41043,5605,5589,0
41044,5820,5589,0
41045,6589,3838,0
41046,6694,5665,0
41047,5665,5567,0
41048,5665,6422,0
41049,5567,5867,0
41050,5194,5215,0
41051,5279,5215,0
41052,5215,5054,0
41053,6706,6020,0
41054,6674,4868,0
41055,3917,4868,0
41056,5665,5255,0
41057,5567,6020,0
41058,5063,5348,0
41059,5063,5261,0
41060,6698,5348,0
41061,6698,5063,0
41062,5261,5348,0
41063,5692,492,0
41064,5692,6550,0
41065,5665,6688,0
41066,5394,5567,0
41067,6688,5567,0
41068,6306,6174,0
41069,5462,5194,0
41070,6233,6237,0
41071,5369,5535,0
41072,5369,5265,0
41073,5369,5787,0
41074,1053,6569,0
41075,937,6569,0
41076,354,6569,0
41077,5625,6705,0
41078,5903,5625,0
41079,4672,4843,0
41080,4664,4643,0
41081,4664,6674,0
41082,5070,5169,0
41083,281,285,0
41084,306,338,0
41085,5042,5692,0
41086,6675,4734,0
41087,4664,4597,0
41088,4664,6675,0
41089,4597,4734,0
41090,4708,4664,0
41091,4708,4734,0
41092,6638,4734,0
41093,217,6422,0
41094,6208,6422,0
41095,6684,6673,0
41096,4893,5264,0
41097,6675,3738,0
41098,3915,4734,0
41099,3738,4734,0
41100,6681,4695,0
41101,6681,3917,0
41102,6656,4695,0
41103,6656,6681,0
41104,3917,4695,0
41105,5041,6684,0
41106,6083,5878,0
41107,6083,5657,0
41108,6300,5657,0
41109,6300,5878,0
41110,5657,5878,0
41111,6083,5855,0
41112,5657,5855,0
41113,5855,5878,0
41114,5446,4868,0
41115,5546,5444,0
41116,5546,6700,0
41117,6557,250,0
41118,44,663,0
41119,44,250,0
41120,44,6557,0
41121,663,250,0
41122,4875,4757,0
41123,4875,4658,0
41124,5063,4998,0
41125,5261,4954,0
41126,5692,5446,0
41127,5692,6691,0
41128,5446,6684,0
41129,6295,6300,0
41130,6295,6147,0
41131,6530,6147,0
41132,6530,6300,0
41133,6530,6295,0
41134,6147,6300,0
41135,5092,6688,0
41136,5002,4695,0
41137,5002,4664,0
41138,5087,4988,0
41139,5444,5746,0
41140,5444,5695,0
41141,6703,5444,0
41142,5348,4914,0
41143,5348,5193,0
41144,5063,5002,0
41145,6676,5002,0
41146,4597,5002,0
41147,5695,5442,0
41148,5442,5746,0
41149,5193,5560,0
41150,5746,5679,0
41151,5548,5695,0
41152,5548,5746,0
41153,5679,5695,0
41154,6702,5625,0
41155,6209,5992,0
41156,5855,5564,0
41157,5854,5564,0
41158,5854,5787,0
41159,5854,5855,0
41160,5564,5787,0
41161,5511,5191,0
41162,503,6455,0
41163,503,1097,0
41164,361,6455,0
41165,361,503,0
41166,257,319,0
41167,257,353,0
41168,166,319,0
41169,4998,5011,0
41170,4944,5011,0
41171,4950,5136,0
41172,6682,5092,0
41173,6682,6688,0
41174,6689,6682,0
41175,1868,1531,0
41176,492,520,0
41177,5746,5639,0
41178,6705,6703,0
41179,6705,5746,0
41180,5639,6703,0
41181,5442,5548,0
41182,5070,5087,0
41183,5169,5265,0
41184,6689,5065,0
41185,5261,5421,0
41186,5361,5261,0
41187,4954,5002,0
41188,5070,6676,0
41189,5070,5002,0
41190,5564,6703,0
41191,5604,5321,0
41192,5065,6688,0
41193,6314,6378,0
41194,151,6314,0
41195,6416,6378,0
41196,5695,5753,0
41197,6707,5803,0
41198,6707,5695,0
41199,5803,5753,0
41200,6700,5625,0
41201,5546,5442,0
41202,5442,5625,0
41203,5776,5786,0
41204,5855,5969,0
41205,6028,5855,0
41206,5011,4988,0
41207,5574,5854,0
41208,5854,5818,0
41209,5007,4486,0
41210,5155,5084,0
41211,5625,5738,0
41212,5423,6696,0
41213,6695,5625,0
41214,4892,4944,0
41215,4892,4955,0
41216,5261,5444,0
41217,5322,6694,0
41218,5417,5579,0
41219,5567,4690,0
41220,5567,4893,0
41221,6673,5567,0
41222,5423,5065,0
41223,5421,6698,0
41224,6698,5695,0
41225,5442,6692,0
41226,6677,5567,0
41227,5572,5511,0
41228,5992,5867,0
41229,5235,5665,0
41230,4752,4739,0
41231,6683,4752,0
41232,6551,93,0
41233,337,93,0
41234,93,272,0
41235,6250,6395,0
41236,6375,6395,0
41237,6375,6250,0
41238,5572,5868,0
41239,441,5707,0
41240,5847,5707,0
41241,5810,5992,0
41242,2050,1607,0
41243,1832,1607,0
41244,6638,3838,0
41245,4690,5264,0
41246,6551,196,0
41247,347,196,0
41248,347,93,0
41249,347,6551,0
41250,6523,66,0
41251,6349,66,0
41252,6349,6523,0
41253,6456,66,0
41254,5178,5468,0
41255,5468,5333,0
41256,6694,5394,0
41257,663,314,0
41258,663,467,0
41259,663,6558,0
41260,6694,5605,0
41261,6306,5868,0
41262,5032,4937,0
41263,1757,1286,0
41264,738,1286,0
41265,5178,4829,0
41266,5194,5178,0
41267,1666,1747,0
41268,1498,1907,0
41269,1498,1666,0
41270,6683,4466,0
41271,6683,4712,0
41272,5014,6688,0
41273,5014,5567,0
41274,5567,5264,0
41275,6688,5255,0
41276,5321,5665,0
41277,6378,6379,0
41278,1650,1238,0
41279,1278,1238,0
41280,6557,937,0
41281,6557,354,0
41282,774,354,0
41283,6272,6407,0
41284,6162,6322,0
41285,6162,6407,0
41286,6162,6272,0
41287,5925,6137,0
41288,297,542,0
41289,5992,5779,0
41290,1284,1103,0
41291,6592,1405,0
41292,1172,1698,0
41293,1172,6592,0
41294,1405,1698,0
41295,6379,6717,0
41296,173,298,0
41297,5868,5597,0
41298,1583,1390,0
41299,1583,6589,0
41300,1473,1390,0
41301,6379,6706,0
41302,991,791,0
41303,761,791,0
41304,5838,6245,0
41305,5906,6245,0
41306,5884,6245,0
41307,5647,4978,0
41308,5589,4978,0
41309,6022,6208,0
41310,5992,6378,0
41311,6706,6378,0
41312,6340,6378,0
41313,6310,6375,0
41314,6238,6055,0
41315,6238,6207,0
41316,6141,6207,0
41317,6207,6055,0
41318,6547,6714,0
41319,6714,222,0
41320,1711,1698,0
41321,503,1510,0
41322,167,281,0
41323,6379,5992,0
41324,721,837,0
41325,721,759,0
41326,733,759,0
41327,733,837,0
41328,759,837,0
41329,6508,520,0
41330,6508,6612,0
41331,2252,6508,0
41332,6208,5820,0
41333,5868,6208,0
41334,6207,6182,0
41335,6171,6207,0
41336,314,6379,0
41337,314,188,0
41338,314,354,0
41339,811,6569,0
41340,788,6569,0
41341,354,44,0
41342,354,250,0
41343,811,6570,0
41344,1503,6569,0
41345,6581,6569,0
41346,763,918,0
41347,763,802,0
41348,45,345,0
41349,6169,5974,0
41350,4823,4459,0
41351,6403,5884,0
41352,5688,6403,0
41353,3895,4759,0
41354,5847,3938,0
41355,4829,4618,0
41356,6321,6487,0
41357,6137,6174,0
41358,1258,1430,0
41359,5611,5592,0
41360,5611,5711,0
41361,5737,5711,0
41362,5737,5592,0
41363,5737,5611,0
41364,5711,5592,0
41365,5611,5194,0
41366,5793,5462,0
41367,5793,5194,0
41368,6708,5532,0
41369,6194,127,0
41370,6199,6310,0
41371,6199,6321,0
41372,6199,127,0
41373,5039,73,0
41374,5039,5688,0
41375,5838,73,0
41376,947,1040,0
41377,2266,1607,0
41378,2266,1461,0
41379,542,547,0
41380,900,547,0
41381,547,673,0
41382,217,6022,0
41383,5194,5693,0
41384,4898,5693,0
41385,4981,5287,0
41386,5215,5284,0
41387,5701,5764,0
41388,5701,5508,0
41389,5462,5215,0
41390,133,673,0
41391,133,6194,0
41392,6245,6194,0
41393,6245,673,0
41394,6245,133,0
41395,6194,673,0
41396,5970,6256,0
41397,5970,156,0
41398,5906,6194,0
41399,5906,6133,0
41400,6250,6274,0
41401,6250,6433,0
41402,104,6184,0
41403,361,6184,0
41404,6375,5974,0
41405,6197,6169,0
41406,1891,1577,0
41407,441,250,0
41408,5847,250,0
41409,5054,5335,0
41410,5054,5191,0
41411,1020,3418,0
41412,5800,5656,0
41413,5793,5918,0
41414,5707,6067,0
41415,5317,5601,0
41416,5401,5601,0
41417,5815,5974,0
41418,652,3418,0
41419,5464,3418,0
41420,3418,5039,0
41421,6256,6145,0
41422,5793,5813,0
41423,5003,5403,0
41424,5944,5809,0
41425,5944,5709,0
41426,5468,5809,0
41427,5468,5944,0
41428,5709,5809,0
41429,5611,6104,0
41430,6270,5707,0
41431,900,1461,0
41432,900,991,0
41433,1368,900,0
41434,6403,6245,0
41435,6403,6194,0
41436,5184,4838,0
41437,4527,4838,0
41438,4527,5206,0
41439,4838,5206,0
41440,5847,4207,0
41441,6250,6391,0
41442,5289,5693,0
41443,6413,6298,0
41444,5656,5594,0
41445,5894,5562,0
41446,6392,5859,0
41447,5140,4920,0
41448,5592,5468,0
41449,5462,5468,0
41450,5462,5711,0
41451,5468,5711,0
41452,6432,6396,0
41453,6396,6516,0
41454,4576,4838,0
41455,5693,5688,0
41456,6055,6274,0
41457,5893,6194,0
41458,5918,5809,0
41459,5809,6104,0
41460,5974,6238,0
41461,6197,6395,0
41462,6369,6395,0
41463,5401,5563,0
41464,6207,6169,0
41465,4920,3885,0
41466,4427,4920,0
41467,6197,6207,0
41468,536,555,0
41469,5766,5710,0
41470,225,110,0
41471,277,110,0
41472,277,225,0
41473,6076,5894,0
41474,5668,5472,0
41475,6375,6207,0
41476,45,6375,0
41477,45,6395,0
41478,5563,5480,0
41479,663,638,0
41480,638,791,0
41481,908,791,0
41482,947,880,0
41483,947,791,0
41484,947,908,0
41485,880,791,0
41486,6349,6292,0
41487,4652,4838,0
41488,6197,6174,0
41489,5977,5815,0
41490,2759,5464,0
41491,6264,6167,0
41492,6395,6207,0
41493,5766,5769,0
41494,842,981,0
41495,842,1095,0
41496,887,842,0
41497,842,681,0
41498,848,981,0
41499,848,842,0
41500,981,681,0
41501,5711,5918,0
41502,5711,5984,0
41503,73,6514,0
41504,73,250,0
41505,6133,5984,0
41506,6137,6067,0
41507,6398,6219,0
41508,6009,6219,0
41509,6009,6398,0
41510,6219,6292,0
41511,5346,5336,0
41512,784,1026,0
41513,912,818,0
41514,912,784,0
41515,353,555,0
41516,353,6552,0
41517,6398,6421,0
41518,6421,6476,0
41519,5808,5964,0
41520,5764,5964,0
41521,230,43,0
41522,876,800,0
41523,876,564,0
41524,876,680,0
41525,114,353,0
41526,114,6552,0
41527,408,114,0
41528,15,378,0
41529,6487,378,0
41530,378,468,0
41531,5893,5860,0
41532,5860,5737,0
41533,6450,6398,0
41534,6369,6207,0
41535,5728,5898,0
41536,5924,5728,0
41537,6395,6391,0
41538,6207,6225,0
41539,6169,6390,0
41540,6310,6390,0
41541,6496,6260,0
41542,6230,6260,0
41543,6230,6496,0
41544,6260,6368,0
41545,6169,6174,0
41546,5893,6137,0
41547,5984,5809,0
41548,5592,5977,0
41549,5601,5562,0
41550,5307,5360,0
41551,5316,4421,0
41552,5316,4671,0
41553,5271,4945,0
41554,5360,5287,0
41555,0,6521,0
41556,5764,5670,0
41557,5508,5683,0
41558,5601,5508,0
41559,5670,5650,0
41560,5445,5766,0
41561,5815,5764,0
41562,6264,6118,0
41563,5701,5427,0
41564,6338,6382,0
41565,6338,21,0
41566,5948,5943,0
41567,5948,5772,0
41568,5977,5737,0
41569,5977,5711,0
41570,70,45,0
41571,6552,45,0
41572,6552,70,0
41573,5468,5737,0
41574,5764,5703,0
41575,5737,5793,0
41576,5793,5711,0
41577,6433,6481,0
41578,6433,6264,0
41579,5893,6390,0
41580,5893,5235,0
41581,6074,5977,0
41582,5977,5809,0
41583,6310,5984,0
41584,5984,5860,0
41585,5984,6141,0
41586,5592,5793,0
41587,5462,5860,0
41588,5054,5026,0
41589,5279,4907,0
41590,5764,5974,0
41591,5360,5445,0
41592,5307,5508,0
41593,5809,5910,0
41594,5711,5944,0
41595,5933,6044,0
41596,6298,6407,0
41597,5946,5806,0
41598,5841,5806,0
41599,5726,5445,0
41600,5764,5977,0
41601,5764,5592,0
41602,5701,5683,0
41603,5670,5701,0
41604,5769,5601,0
41605,6026,6027,0
41606,5874,6027,0
41607,5874,6026,0
41608,6027,6108,0
41609,316,216,0
41610,278,216,0
41611,278,486,0
41612,278,316,0
41613,216,486,0
41614,5910,5800,0
41615,5709,5910,0
41616,5800,5944,0
41617,5809,5942,0
41618,5728,5668,0
41619,5910,5831,0
41620,649,294,0
41621,684,294,0
41622,145,294,0
41623,4719,5054,0
41624,5468,5910,0
41625,6128,6071,0
41626,6128,6044,0
41627,6370,6044,0
41628,6370,6071,0
41629,586,836,0
41630,836,584,0
41631,5808,5974,0
41632,5977,5808,0
41633,5815,5335,0
41634,5592,5808,0
41635,108,6390,0
41636,345,6390,0
41637,345,127,0
41638,345,108,0
41639,5808,5737,0
41640,5612,5448,0
41641,5612,5496,0
41642,5612,5450,0
41643,5448,5496,0
41644,652,2759,0
41645,5793,5335,0
41646,5701,5295,0
41647,5335,5511,0
41648,5335,5701,0
41649,5360,5248,0
41650,5360,5211,0
41651,4652,4902,0
41652,5427,5808,0
41653,4719,4844,0
41654,5375,5815,0
41655,5279,5287,0
41656,5403,4928,0
41657,5335,5375,0
41658,5511,5295,0
41659,4503,4902,0
41660,5054,4829,0
41661,5201,5511,0
41662,5308,5455,0
41663,4942,5050,0
41664,4942,5360,0
41665,5054,5055,0
41666,5054,4905,0
41667,5403,5184,0
41668,5468,5403,0
41669,4629,4853,0
41670,4629,4870,0
41671,166,6,0
41672,5154,5384,0
41673,5416,5333,0
41674,5333,5384,0
41675,5176,5316,0
41676,5859,6301,0
41677,6191,6392,0
41678,6301,6392,0
41679,5192,4945,0
41680,6005,5943,0
41681,6405,6135,0
41682,6405,6128,0
41683,6041,5333,0
41684,441,358,0
41685,5847,358,0
41686,3344,358,0
41687,6245,6212,0
41688,6245,297,0
41689,5178,5711,0
41690,5384,5403,0
41691,5333,5913,0
41692,5403,5913,0
41693,4847,4583,0
41694,5179,4945,0
41695,4928,5003,0
41696,5656,5333,0
41697,4870,4928,0
41698,4652,4870,0
41699,5384,4928,0
41700,4930,4785,0
41701,4785,5154,0
41702,4785,4804,0
41703,5333,5709,0
41704,6390,45,0
41705,638,1075,0
41706,638,1171,0
41707,638,1345,0
41708,5792,5176,0
41709,5186,5283,0
41710,783,19,0
41711,294,19,0
41712,294,125,0
41713,294,783,0
41714,1034,1382,0
41715,1640,1524,0
41716,1640,1382,0
41717,1640,1034,0
41718,1524,1382,0
41719,603,780,0
41720,605,549,0
41721,605,780,1
41722,605,603,0
41723,549,780,0
41724,4870,5384,0
41725,4870,5120,0
41726,5184,4870,0
41727,365,462,0
41728,498,462,0
41729,462,440,0
41730,6349,5943,0
41731,6011,6349,0
41732,144,386,0
41733,144,375,0
41734,294,375,0
41735,294,386,0
41736,294,144,0
41737,375,386,0
41738,5929,6429,0
41739,6041,6456,0
41740,6029,6161,0
41741,842,936,0
41742,981,936,0
41743,936,681,0
41744,5894,6005,0
41745,5184,4928,0
41746,4920,3503,0
41747,5918,5611,0
41748,542,6245,0
41749,547,6245,0
41750,4838,4525,0
41751,4525,4848,0
41752,922,1461,0
41753,1822,794,0
41754,652,441,0
41755,441,5039,0
41756,4920,3518,0
41757,133,156,0
41758,3885,4838,0
41759,6358,5851,0
41760,6145,5851,0
41761,297,133,0
41762,462,620,0
41763,462,642,0
41764,555,620,0
41765,555,462,0
41766,642,620,0
41767,1305,922,0
41768,1305,1368,0
41769,1465,1368,0
41770,1465,922,0
41771,1368,922,0
41772,15,6545,0
41773,127,453,0
41774,127,6545,0
41775,127,15,0
41776,453,6545,0
41777,103,215,0
41778,103,378,0
41779,440,378,0
41780,440,215,0
41781,440,103,0
41782,378,215,0
41783,652,73,0
41784,794,73,0
41785,794,652,0
41786,73,922,0
41787,68,294,0
41788,19,68,0
41789,133,794,0
41790,5611,6245,0
41791,6212,5611,0
41792,5003,5611,0
41793,5178,5206,0
41794,5809,5611,0
41795,133,73,0
41796,673,73,0
41797,5403,4870,0
41798,2759,5970,0
41799,6044,5842,0
41800,5846,5926,0
41801,719,484,0
41802,5611,4759,0
41803,5948,5656,0
41804,5656,5772,0
41805,4828,4870,0
41806,229,355,0
41807,229,336,0
41808,229,159,0
41809,87,336,0
41810,41,336,0
41811,453,547,0
41812,6191,307,0
41813,6191,705,0
41814,4848,4527,0
41815,4848,3695,0
41816,5851,6074,0
41817,5851,5611,0
41818,5208,4527,0
41819,5851,5206,0
41820,4870,5308,0
41821,5537,4525,0
41822,5537,5208,0
41823,5537,5019,0
41824,4629,4785,0
41825,105,277,0
41826,105,225,0
41827,936,994,0
41828,936,1034,0
41829,936,468,0
41830,5316,4086,0
41831,5570,5910,0
41832,6149,6211,0
41833,6149,6162,0
41834,6298,6162,0
41835,6298,6149,0
41836,6487,6429,0
41837,304,783,0
41838,5655,5837,0
41839,6009,5799,0
41840,5943,5929,0
41841,6481,6170,0
41842,6446,6481,0
41843,6181,6128,0
41844,5308,4785,0
41845,4421,307,0
41846,4421,705,0
41847,5913,5709,0
41848,1149,1050,0
41849,876,1050,0
41850,6519,6384,0
41851,5680,5480,0
41852,5831,5480,0
41853,5831,5483,0
41854,5480,5483,0
41855,5796,5772,0
41856,440,15,0
41857,440,237,0
41858,4853,4525,0
41859,4853,5176,0
41860,4666,4884,0
41861,4804,4404,0
41862,4459,4804,0
41863,4785,4282,0
41864,5773,5805,0
41865,4349,4804,0
41866,4804,4614,0
41867,4847,4535,0
41868,5271,5333,0
41869,5154,4870,0
41870,5824,5842,0
41871,5949,5946,0
41872,5480,5333,0
41873,5680,5469,0
41874,5680,5570,0
41875,5480,5469,0
41876,5455,5510,0
41877,5504,5455,0
41878,5455,5525,0
41879,5480,5179,0
41880,6433,6320,0
41881,6446,6433,0
41882,6029,6009,0
41883,5772,5960,0
41884,6003,5873,0
41885,5890,5873,0
41886,5612,5447,0
41887,5612,5477,0
41888,5499,5477,0
41889,6042,6107,0
41890,6188,6107,0
41891,6188,6025,0
41892,6188,6042,0
41893,6107,6025,0
41894,5448,5131,0
41895,5594,5943,0
41896,649,124,0
41897,145,124,0
41898,427,301,0
41899,5455,5796,0
41900,5455,5747,0
41901,5630,5483,0
41902,5534,5416,0
41903,5534,5192,0
41904,5630,5192,0
41905,5499,5455,0
41906,5152,5448,0
41907,5478,5534,0
41908,5933,5720,0
41909,5469,5231,0
41910,5628,5675,0
41911,5675,5557,0
41912,6000,6011,0
41913,5501,5751,0
41914,5501,5689,0
41915,5773,5501,0
41916,5482,5223,0
41917,5482,5293,0
41918,5873,5699,0
41919,5873,5907,0
41920,5685,5907,0
41921,5685,5699,0
41922,5152,5450,0
41923,5570,5894,0
41924,5675,5734,0
41925,5499,5583,0
41926,5570,5736,0
41927,6098,5717,0
41928,5963,5873,0
41929,5231,5372,0
41930,5469,5336,0
41931,5631,5842,0
41932,5895,5842,0
41933,5483,5447,0
41934,5147,5477,0
41935,5570,5317,0
41936,5483,5499,0
41937,5192,5483,0
41938,5483,5534,0
41939,5483,5416,0
41940,5585,5669,0
41941,5587,5585,0
41942,5583,5447,0
41943,5431,5292,0
41944,5292,5399,0
41945,5547,5689,0
41946,5456,5414,0
41947,5414,5463,0
41948,5963,5733,0
41949,5963,5791,0
41950,5873,5791,0
41951,5873,5733,0
41952,5791,5733,0
41953,149,33,0
41954,149,74,0
41955,61,74,0
41956,61,33,0
41957,61,149,0
41958,5957,6052,0
41959,5957,5887,0
41960,5957,5839,0
41961,5756,5612,0
41962,5756,5685,0
41963,5518,5412,0
41964,5439,5518,0
41965,5412,5496,0
41966,4874,4953,0
41967,4960,4953,0
41968,4953,4934,0
41969,5689,5493,0
41970,5827,5493,0
41971,5668,5493,0
41972,5544,5550,0
41973,191,6521,0
41974,191,42,0
41975,89,42,0
41976,89,191,0
41977,42,6521,0
41978,5539,5895,0
41979,5539,5699,0
41980,440,620,0
41981,873,462,0
41982,873,440,0
41983,74,6511,0
41984,6463,110,0
41985,5876,6153,0
41986,5980,6102,0
41987,5980,6153,0
41988,5980,5876,0
41989,6220,6009,0
41990,6219,6220,0
41991,266,413,0
41992,266,680,0
41993,521,266,0
41994,5913,6456,0
41995,5772,5510,0
41996,6319,6406,0
41997,6280,6406,0
41998,6280,6482,1
41999,6280,6319,1
42000,6406,6482,0
42001,6011,6365,0
42002,6349,6219,0
42003,6219,6421,0
42004,5831,5570,0
42005,5772,5525,0
42006,5772,5504,0
42007,5772,6000,0
42008,680,924,0
42009,783,680,0
42010,1335,1568,0
42011,304,294,0
42012,294,725,0
42013,1149,1362,0
42014,1149,1248,0
42015,1124,1149,0
42016,137,7,0
42017,24,137,0
42018,784,926,0
42019,789,926,0
42020,172,484,0
42021,172,440,0
42022,391,440,0
42023,391,484,0
42024,388,440,0
42025,783,440,0
42026,783,388,0
42027,208,440,0
42028,6523,6365,0
42029,294,66,0
42030,294,6523,0
42031,6365,66,0
42032,1183,1124,0
42033,103,237,0
42034,103,172,0
42035,172,783,0
42036,68,440,0
42037,68,172,0
42038,6523,6528,0
42039,6011,6528,0
42040,6282,6429,0
42041,6417,6463,0
42042,6214,6341,0
42043,6332,6214,0
42044,633,6402,0
42045,6084,6214,0
42046,6391,6489,0
42047,6391,6481,0
42048,6489,6170,0
42049,6029,5929,0
42050,5948,6029,0
42051,662,755,0
42052,818,662,0
42053,755,960,0
42054,6523,6142,0
42055,172,6523,0
42056,68,6456,0
42057,68,6523,0
42058,924,800,0
42059,5865,6078,0
42060,6219,6029,0
42061,6489,6446,0
42062,5800,5772,0
42063,5800,5594,0
42064,114,70,0
42065,114,238,0
42066,408,70,0
42067,5965,6115,0
42068,5965,6024,0
42069,5997,6024,0
42070,5997,6115,0
42071,6024,6115,0
42072,5243,5109,0
42073,5243,5104,0
42074,5720,5631,0
42075,5476,5518,0
42076,5476,5539,0
42077,5846,5966,0
42078,5944,5831,0
42079,6085,6195,0
42080,6000,6085,0
42081,6170,6167,0
42082,6177,6009,0
42083,6177,6146,0
42084,6177,6076,0
42085,319,339,0
42086,501,339,0
42087,6522,70,0
42088,925,1028,0
42089,925,1084,0
42090,731,1084,0
42091,731,1028,0
42092,6372,6107,0
42093,6096,6372,0
42094,6163,6107,0
42095,336,394,0
42096,286,394,0
42097,394,355,0
42098,200,6421,0
42099,6421,266,0
42100,567,377,0
42101,406,377,0
42102,105,6463,0
42103,6405,6044,0
42104,6323,6370,0
42105,6405,6370,0
42106,6044,6135,0
42107,6417,6446,0
42108,6167,6417,0
42109,153,6476,0
42110,200,6476,0
42111,739,693,0
42112,739,1000,0
42113,739,931,0
42114,693,1000,0
42115,668,561,0
42116,682,557,0
42117,5894,6057,0
42118,388,378,0
42119,388,215,0
42120,6250,5942,0
42121,6007,5963,0
42122,6007,5982,0
42123,5982,5963,0
42124,243,6286,1
42125,6355,6286,0
42126,6286,174,1
42127,6057,6162,0
42128,6118,6057,0
42129,6021,6227,0
42130,6021,6045,0
42131,471,473,0
42132,566,473,0
42133,473,580,0
42134,462,353,0
42135,555,108,0
42136,353,108,0
42137,887,848,0
42138,887,681,0
42139,5483,5565,0
42140,5630,5570,0
42141,5751,5824,0
42142,5842,5751,0
42143,5814,6038,0
42144,5814,5998,0
42145,5726,5856,0
42146,6264,6282,0
42147,6272,6153,0
42148,6272,6165,0
42149,6407,6165,0
42150,6407,6153,0
42151,6165,6153,0
42152,6250,6170,0
42153,5942,5977,0
42154,5942,6041,0
42155,6476,6446,0
42156,6272,6396,0
42157,6165,6396,0
42158,6396,6153,0
42159,6405,6413,0
42160,6391,6433,0
42161,5681,5401,0
42162,5445,5681,0
42163,5998,6077,0
42164,6080,6077,0
42165,6097,5938,0
42166,6097,6080,0
42167,6077,6097,0
42168,6407,6499,0
42169,6077,6135,0
42170,6077,6128,0
42171,5401,5677,0
42172,6241,6497,0
42173,6360,57,0
42174,38,57,0
42175,5998,5928,0
42176,322,545,0
42177,479,545,0
42178,545,560,0
42179,694,834,0
42180,789,848,0
42181,789,694,0
42182,834,848,0
42183,172,564,0
42184,484,783,0
42185,484,564,0
42186,783,564,0
42187,908,937,0
42188,774,908,0
42189,6,6433,0
42190,6027,5987,0
42191,6150,6278,0
42192,6150,6319,1
42193,6150,54,1
42194,6077,6129,0
42195,5935,6274,0
42196,6153,6072,0
42197,6153,6154,0
42198,5980,6072,0
42199,6128,6097,0
42200,6298,6097,0
42201,6097,6129,0
42202,153,204,0
42203,6489,153,0
42204,834,686,0
42205,784,537,0
42206,789,537,0
42207,6238,6250,0
42208,480,6543,0
42209,480,353,0
42210,462,480,0
42211,5,6552,0
42212,5,70,0
42213,5,114,0
42214,6238,6320,0
42215,6179,6320,0
42216,365,6545,0
42217,365,6543,0
42218,6518,6266,0
42219,6162,6080,0
42220,6162,6072,0
42221,6080,6272,0
42222,10,75,0
42223,6518,75,0
42224,11,75,0
42225,671,686,0
42226,116,37,0
42227,252,171,0
42228,322,252,0
42229,6292,6029,0
42230,5739,5684,0
42231,5739,5698,0
42232,5739,5593,0
42233,494,546,0
42234,494,488,0
42235,512,488,0
42236,512,546,0
42237,512,494,0
42238,488,546,0
42239,929,692,0
42240,779,692,0
42241,779,929,0
42242,701,692,0
42243,973,1002,0
42244,852,1141,0
42245,852,1002,0
42246,800,677,0
42247,897,719,0
42248,897,800,0
42249,153,6421,0
42250,6417,6539,0
42251,480,537,0
42252,555,480,0
42253,6075,6277,0
42254,6075,6242,0
42255,6116,6277,0
42256,6242,6277,0
42257,6167,6038,0
42258,6411,1,0
42259,6407,1,0
42260,1,6526,0
42261,6512,6220,0
42262,6398,6220,0
42263,6438,6214,0
42264,6214,6166,0
42265,6152,6181,0
42266,225,324,0
42267,225,132,0
42268,6398,6076,0
42269,6177,6398,0
42270,6398,6146,0
42271,6327,6177,0
42272,6327,6146,0
42273,5856,6078,0
42274,5876,5848,0
42275,5897,5876,0
42276,6149,5998,0
42277,6149,6077,0
42278,6080,6149,0
42279,6460,6405,0
42280,6460,6443,0
42281,170,219,0
42282,6057,6102,0
42283,6411,6370,0
42284,6322,6411,0
42285,10,114,0
42286,10,6,0
42287,11,6,0
42288,11,114,0
42289,6,114,0
42290,136,6544,0
42291,138,25,0
42292,138,136,0
42293,25,6544,0
42294,6318,6294,0
42295,6318,6371,0
42296,6140,6371,0
42297,6140,6318,0
42298,6371,6294,0
42299,286,512,0
42300,341,394,0
42301,341,512,0
42302,394,512,0
42303,6149,6057,0
42304,6080,6057,0
42305,154,128,0
42306,6411,6072,0
42307,6411,6272,0
42308,6165,6179,0
42309,5988,6165,0
42310,6352,6396,0
42311,6432,6335,0
42312,6411,6713,0
42313,6396,6713,0
42314,4,130,0
42315,5856,5848,0
42316,6322,6405,0
42317,114,6433,0
42318,6433,11,0
42319,299,384,0
42320,374,232,0
42321,384,232,0
42322,6414,6359,0
42323,6214,6239,0
42324,5610,5613,0
42325,5937,5725,0
42326,5937,5784,0
42327,5853,5784,0
42328,5853,5937,0
42329,5784,5725,0
42330,138,6450,0
42331,6332,6450,0
42332,6332,25,0
42333,6332,138,0
42334,43,6304,0
42335,6413,6443,0
42336,370,342,0
42337,482,459,0
42338,380,459,0
42339,896,6564,0
42340,619,113,0
42341,659,113,0
42342,6071,6077,0
42343,6071,6097,0
42344,6097,6322,0
42345,6072,6097,0
42346,6322,6071,0
42347,5266,5559,0
42348,5564,5266,0
42349,5559,5341,0
42350,53,151,0
42351,6416,188,0
42352,6416,53,0
42353,151,188,0
42354,202,232,0
42355,202,299,0
42356,6334,6466,0
42357,56,43,0
42358,56,6466,0
42359,56,6334,0
42360,43,6466,0
42361,6411,6442,0
42362,6407,6442,0
42363,6370,6442,0
42364,5876,5719,0
42365,5988,6114,0
42366,6304,6086,0
42367,6304,6420,0
42368,75,6516,0
42369,55,6516,0
42370,55,6518,0
42371,6516,6518,0
42372,6540,14,0
42373,6540,6432,0
42374,6470,6540,0
42375,47,150,0
42376,154,150,0
42377,154,47,0
42378,150,128,0
42379,6499,47,0
42380,6521,1,0
42381,6521,6442,0
42382,6521,6411,0
42383,6080,6322,0
42384,5980,6114,0
42385,5681,5601,0
42386,5601,5677,0
42387,6165,6114,0
42388,6266,6165,0
42389,6114,6192,0
42390,6153,6335,0
42391,5927,5837,0
42392,5761,5927,0
42393,5837,5749,0
42394,6019,6021,0
42395,6019,5795,0
42396,5767,6019,0
42397,6165,6352,0
42398,6335,6192,0
42399,6053,6458,0
42400,5833,6458,0
42401,5795,5694,0
42402,5962,5795,0
42403,6165,6102,0
42404,6364,6181,0
42405,6084,6364,0
42406,6432,6165,0
42407,5927,5980,0
42408,6227,6477,0
42409,6521,6385,0
42410,6404,60,0
42411,6505,6404,0
42412,75,175,0
42413,202,175,0
42414,202,6518,0
42415,202,75,0
42416,175,6518,0
42417,5962,5812,0
42418,5922,5812,0
42419,6080,6298,0
42420,5643,5651,0
42421,5643,5618,0
42422,5662,5651,0
42423,72,114,0
42424,72,11,0
42425,70,11,0
42426,5769,5928,0
42427,75,72,0
42428,75,23,0
42429,6211,6407,0
42430,6211,6114,0
42431,6211,6153,0
42432,6266,6153,0
42433,6272,6211,0
42434,6272,6432,0
42435,6407,6432,0
42436,6272,6298,0
42437,5966,5805,0
42438,5966,5842,0
42439,5926,5805,0
42440,5953,5837,0
42441,6147,6458,0
42442,5795,6045,0
42443,5836,6045,0
42444,5391,5349,0
42445,5993,6061,0
42446,5928,6057,0
42447,6214,6030,0
42448,6089,6084,0
42449,5712,5501,0
42450,5712,5751,0
42451,5584,5501,0
42452,5584,5712,0
42453,6019,5993,0
42454,5828,6019,0
42455,6149,6097,0
42456,5705,5876,0
42457,6298,6071,0
42458,5627,5897,0
42459,5627,5876,0
42460,5876,5650,0
42461,5408,5419,0
42462,5681,5650,0
42463,5670,5681,0
42464,5631,5368,0
42465,5552,5368,0
42466,5728,5681,0
42467,5681,5766,0
42468,5728,5769,0
42469,5728,5814,0
42470,5694,5770,0
42471,5857,5924,0
42472,5938,5956,0
42473,5978,5712,0
42474,6460,6122,0
42475,6122,6405,0
42476,6071,5956,0
42477,6072,5857,0
42478,369,404,0
42479,263,404,0
42480,404,340,0
42481,6149,6129,0
42482,6149,6135,0
42483,6323,6149,0
42484,5946,5940,0
42485,5762,5479,1
42486,5528,5479,0
42487,5489,5479,1
42488,6509,6493,0
42489,6509,6496,0
42490,17,6496,0
42491,17,6493,0
42492,17,6509,0
42493,6496,6493,0
42494,6327,6135,0
42495,6327,6149,0
42496,6146,6135,0
42497,6146,6149,0
42498,6149,6076,0
42499,6149,5928,0
42500,5493,5728,0
42501,6042,6035,0
42502,6089,6248,0
42503,5965,6248,0
42504,6124,6327,0
42505,6146,6124,0
42506,6177,6124,0
42507,5946,5797,0
42508,5841,5797,0
42509,6124,6077,0
42510,6177,6450,0
42511,6181,6370,0
42512,5570,5800,0
42513,5841,5861,0
42514,5841,5965,0
42515,6024,5861,0
42516,5584,5775,0
42517,5332,5351,0
42518,5332,5305,0
42519,5895,5846,0
42520,5273,5323,0
42521,5141,5304,0
42522,5615,5775,0
42523,5565,5612,0
42524,6278,6173,0
42525,6123,6278,0
42526,5996,5799,0
42527,5756,5907,0
42528,5907,5799,0
42529,6371,6468,0
42530,5425,5439,0
42531,5425,5539,0
42532,5624,5443,0
42533,5895,5720,0
42534,6371,6089,0
42535,6089,6341,0
42536,728,487,0
42537,574,657,0
42538,574,728,0
42539,487,657,0
42540,6163,6371,0
42541,6140,6089,0
42542,6140,6163,0
42543,6030,6109,0
42544,6364,6460,0
42545,6450,6460,0
42546,6450,6364,0
42547,5484,5633,0
42548,5368,5425,0
42549,5345,5399,0
42550,5529,5399,0
42551,4972,5030,0
42552,5115,5030,0
42553,5115,4995,0
42554,6442,6463,0
42555,6413,6442,0
42556,5782,5824,0
42557,5926,5782,0
42558,5501,5545,0
42559,5501,5436,0
42560,5137,5436,0
42561,5552,5539,0
42562,5337,5163,0
42563,5337,5166,0
42564,5166,5163,0
42565,5030,5141,0
42566,5141,5161,0
42567,5797,5716,0
42568,5797,5633,0
42569,5861,5633,0
42570,5861,5716,0
42571,5861,5797,0
42572,5633,5716,0
42573,5997,5881,0
42574,5896,5881,0
42575,5896,5997,0
42576,5887,5881,0
42577,5997,5957,0
42578,5788,5790,0
42579,5788,5958,0
42580,5874,5958,0
42581,5874,5790,0
42582,5874,5788,0
42583,5958,5790,0
42584,5685,5518,0
42585,5842,5949,0
42586,5940,5725,0
42587,5806,5725,0
42588,5285,5203,0
42589,5288,5285,0
42590,5507,5542,0
42591,5507,5358,0
42592,5530,5358,0
42593,5530,5542,0
42594,5530,5507,0
42595,5633,5965,0
42596,5922,6086,0
42597,6031,6086,0
42598,5117,5118,0
42599,5547,5484,0
42600,5547,5606,0
42601,5797,5745,0
42602,5633,5745,0
42603,5661,5369,0
42604,5822,5698,0
42605,5822,5708,0
42606,5822,5593,0
42607,5323,5030,0
42608,5921,6025,0
42609,5585,5733,0
42610,5716,5674,0
42611,5565,5619,0
42612,5565,5477,0
42613,5336,5281,0
42614,5336,5251,0
42615,5644,5853,0
42616,5775,5644,0
42617,5615,5853,0
42618,5518,5448,0
42619,5840,6037,0
42620,5583,5518,0
42621,5547,5368,0
42622,5907,5957,0
42623,5907,5986,0
42624,5518,5450,0
42625,5518,5612,0
42626,6280,6107,0
42627,5762,5919,0
42628,5885,5877,0
42629,5885,5762,0
42630,5680,5518,0
42631,5539,5565,0
42632,5519,5539,0
42633,5539,5372,0
42634,5539,5336,0
42635,6388,6377,0
42636,6388,6235,0
42637,6263,6235,0
42638,6263,6388,0
42639,6235,6377,0
42640,6024,5844,0
42641,5841,5844,0
42642,6037,5892,0
42643,5844,6037,0
42644,5874,5892,0
42645,5844,5997,0
42646,5497,5489,0
42647,5497,5649,0
42648,5380,5649,0
42649,5380,5489,1
42650,5649,5489,0
42651,5733,5771,0
42652,5515,5461,0
42653,5491,5461,0
42654,5521,5461,0
42655,5734,5921,0
42656,5791,5921,0
42657,5675,5921,0
42658,5734,5839,0
42659,5921,5839,0
42660,5439,5699,0
42661,5699,5720,0
42662,5699,5799,0
42663,6368,6373,0
42664,6368,6371,0
42665,6440,6373,0
42666,6440,6368,0
42667,6371,6373,0
42668,6438,6512,0
42669,6386,6512,0
42670,6386,6438,0
42671,216,100,0
42672,216,6537,0
42673,216,157,0
42674,6163,6188,0
42675,6163,6042,0
42676,6188,6087,0
42677,5778,5674,0
42678,5778,5633,0
42679,5861,5674,0
42680,6435,6488,0
42681,6435,6462,0
42682,6271,6462,0
42683,6271,6488,0
42684,6271,6435,0
42685,6462,6488,0
42686,5734,5986,0
42687,5896,6103,0
42688,5896,6091,0
42689,6052,6103,0
42690,6262,6164,1
42691,5987,5951,0
42692,6043,5951,0
42693,6326,6230,0
42694,6230,6248,0
42695,6140,6248,0
42696,6140,5965,0
42697,6115,6248,0
42698,5839,5862,0
42699,6355,6372,0
42700,6355,6482,0
42701,6406,6372,0
42702,6406,6355,0
42703,6214,6131,0
42704,5858,6164,1
42705,5858,6286,1
42706,6286,6164,1
42707,300,214,0
42708,300,403,0
42709,287,214,0
42710,287,300,0
42711,403,214,0
42712,6066,5996,0
42713,5745,5806,0
42714,5745,5716,0
42715,5841,5716,0
42716,5841,5745,0
42717,5716,5806,0
42718,6230,6115,0
42719,6230,5965,0
42720,5409,5643,0
42721,5694,5644,0
42722,5694,5643,0
42723,5694,5409,0
42724,5644,5643,0
42725,6124,6364,0
42726,6103,5997,0
42727,5997,6140,0
42728,6030,5957,0
42729,6089,5957,0
42730,6260,6261,0
42731,6260,6193,0
42732,6260,6037,0
42733,6261,6193,0
42734,5905,6024,0
42735,6025,6035,0
42736,5982,5921,0
42737,5921,6035,0
42738,6513,6318,0
42739,6513,6478,0
42740,6294,6478,0
42741,6294,6513,0
42742,6478,6318,0
42743,5078,4471,1
42744,6089,6326,0
42745,5699,5861,0
42746,6156,6193,0
42747,6108,6193,0
42748,6115,6261,0
42749,6115,6037,0
42750,5834,5909,1
42751,5834,5649,0
42752,5845,5649,0
42753,5845,5909,1
42754,5845,5834,0
42755,5649,5909,0
42756,5995,6026,0
42757,6093,6026,0
42758,6332,6476,0
42759,6089,6109,0
42760,5756,6084,0
42761,6544,6512,0
42762,6332,6544,0
42763,6326,6140,0
42764,6440,6460,0
42765,6440,6364,0
42766,6496,85,0
42767,6496,6440,0
42768,6460,85,0
42769,6440,85,0
42770,6252,6130,0
42771,6252,6377,0
42772,6434,6398,0
42773,6219,6434,0
42774,5724,6004,0
42775,5724,5816,0
42776,5930,6004,0
42777,5930,5724,0
42778,5921,6007,0
42779,5921,5971,0
42780,5791,6007,0
42781,6131,5799,0
42782,6009,6131,0
42783,292,54,0
42784,135,54,0
42785,6287,6355,0
42786,6318,6355,0
42787,6468,6355,0
42788,6434,6220,0
42789,5587,5879,0
42790,6134,6125,0
42791,6332,6327,0
42792,422,387,0
42793,422,414,0
42794,278,414,0
42795,278,387,0
42796,278,422,0
42797,6131,6152,0
42798,6512,6476,0
42799,6152,5756,0
42800,6087,6089,0
42801,6140,6087,0
42802,6103,6185,0
42803,6103,6056,0
42804,6240,6103,0
42805,6056,6185,0
42806,6425,6495,0
42807,6425,6527,0
42808,6462,6527,0
42809,6462,6495,0
42810,6462,6425,0
42811,6527,6495,0
42812,6502,6319,0
42813,6502,95,0
42814,6441,6319,0
42815,6152,6450,0
42816,6152,6146,0
42817,6152,6009,0
42818,6152,5895,0
42819,6434,6438,0
42820,6434,6512,0
42821,6239,6009,0
42822,300,67,0
42823,80,67,0
42824,67,278,0
42825,6219,6451,0
42826,375,684,0
42827,145,375,0
42828,360,132,0
42829,360,356,0
42830,6030,6087,0
42831,6131,5756,0
42832,6131,6177,0
42833,6161,6434,0
42834,6364,25,0
42835,6364,138,0
42836,81,184,0
42837,81,6517,0
42838,61,81,0
42839,142,138,0
42840,6332,142,0
42841,88,149,0
42842,81,6511,0
42843,6517,6511,0
42844,6511,6478,0
42845,258,269,0
42846,258,85,0
42847,269,91,0
42848,6125,6222,0
42849,5963,6066,0
42850,6287,6372,0
42851,355,402,0
42852,355,559,0
42853,535,402,0
42854,535,355,0
42855,559,402,0
42856,6098,6434,0
42857,6098,6451,0
42858,310,508,0
42859,5460,5463,0
42860,5460,5456,0
42861,6166,6434,0
42862,6319,6123,0
42863,6280,6150,1
42864,5765,5861,0
42865,5765,5881,0
42866,5887,5765,0
42867,6296,6299,0
42868,6365,6296,0
42869,5699,5733,0
42870,749,675,0
42871,797,626,0
42872,797,749,0
42873,675,626,0
42874,142,87,0
42875,142,159,0
42876,87,286,0
42877,6488,67,0
42878,46,67,0
42879,46,6462,0
42880,46,6488,0
42881,67,6462,0
42882,5616,5550,0
42883,6434,6222,0
42884,6278,6160,0
42885,6173,6160,0
42886,6150,6160,1
42887,5791,6035,0
42888,6003,5963,0
42889,5873,6066,0
42890,6056,6188,0
42891,6056,6025,0
42892,6269,6195,0
42893,6299,6269,0
42894,336,234,0
42895,41,229,0
42896,229,234,0
42897,6269,5849,0
42898,6299,6085,0
42899,6125,6471,0
42900,6441,6125,0
42901,5491,5476,0
42902,6434,6125,0
42903,6287,6286,0
42904,6240,6355,0
42905,6160,6366,0
42906,6376,6366,0
42907,6438,6125,0
42908,6471,6222,0
42909,6125,6451,0
42910,6125,6220,0
42911,6438,6451,0
42912,6406,6437,0
42913,331,535,0
42914,5616,5488,0
42915,5614,5879,0
42916,5982,5791,0
42917,5982,5873,0
42918,5811,5879,0
42919,5890,5585,0
42920,6173,6502,0
42921,407,282,0
42922,5963,5907,0
42923,6003,5756,0
42924,6003,5907,0
42925,6003,6009,0
42926,157,278,0
42927,207,216,0
42928,207,278,0
42929,207,157,0
42930,5432,5476,0
42931,5603,5853,0
42932,5858,6188,1
42933,6286,6188,1
42934,6052,6188,0
42935,6056,6287,0
42936,341,336,0
42937,341,159,0
42938,398,508,0
42939,398,471,0
42940,407,398,0
42941,6319,6357,0
42942,6319,6244,0
42943,221,88,0
42944,221,81,0
42945,221,117,0
42946,5921,5858,0
42947,271,240,0
42948,5239,5400,0
42949,5740,5556,1
42950,5858,5557,1
42951,5556,5453,0
42952,5460,5400,0
42953,5971,5982,0
42954,5616,5374,0
42955,271,351,0
42956,80,211,0
42957,80,414,0
42958,27,6451,0
42959,54,432,1
42960,159,312,0
42961,394,312,0
42962,394,159,0
42963,355,312,0
42964,6366,54,0
42965,6431,6160,0
42966,6357,6406,0
42967,6357,6437,0
42968,6357,6372,0
42969,6372,6280,0
42970,6087,5997,0
42971,159,263,0
42972,159,138,0
42973,6424,6066,0
42974,6125,6424,0
42975,6294,6240,0
42976,6294,6185,0
42977,6424,6228,0
42978,6424,6441,0
42979,6424,6438,0
42980,6424,6166,0
42981,6109,6424,0
42982,211,91,0
42983,136,258,0
42984,343,137,0
42985,240,137,0
42986,81,131,0
42987,221,131,0
42988,318,410,0
42989,396,443,0
42990,6035,6188,0
42991,6544,6438,0
42992,6513,6527,0
42993,6537,6527,0
42994,159,6512,0
42995,87,6512,0
42996,6512,27,0
42997,255,318,0
42998,395,369,0
42999,395,428,0
43000,395,449,0
43001,369,428,0
43002,80,136,0
43003,402,229,0
43004,402,336,0
43005,331,355,0
43006,6527,6533,0
43007,5852,5782,0
43008,5946,5782,0
43009,6368,6326,0
43010,6188,6123,1
43011,6280,6188,1
43012,424,398,0
43013,478,508,0
43014,478,398,0
43015,478,424,0
43016,6498,6425,0
43017,6527,6498,0
43018,5921,6056,0
43019,6056,6035,0
43020,131,428,0
43021,211,428,0
43022,6188,5791,1
43023,6460,6544,0
43024,286,263,0
43025,138,286,0
43026,6372,6424,0
43027,6372,6066,0
43028,94,6459,0
43029,6448,6459,0
43030,6448,31,0
43031,6459,31,0
43032,206,278,0
43033,206,67,0
43034,311,67,0
43035,311,278,0
43036,311,206,0
43037,6283,6262,0
43038,6283,6289,0
43039,6537,6289,0
43040,6537,6262,1
43041,6537,6283,0
43042,6289,6262,0
43043,6537,6498,0
43044,256,163,0
43045,256,316,0
43046,320,316,0
43047,320,256,0
43048,316,163,0
43049,6103,6087,0
43050,6287,6406,0
43051,6468,6424,0
43052,6468,6214,0
43053,6355,6511,0
43054,6246,6262,0
43055,6246,6286,0
43056,6537,6286,1
43057,6537,6246,0
43058,6286,6262,1
43059,6478,6468,0
43060,6355,6517,0
43061,6482,6478,0
43062,5896,5891,0
43063,67,100,0
43064,67,6527,0
43065,6495,6393,0
43066,6495,6435,0
43067,6462,6393,0
43068,6260,6115,0
43069,6260,6024,0
43070,952,846,0
43071,952,920,0
43072,944,920,0
43073,944,846,0
43074,944,952,0
43075,920,846,0
43076,6425,6283,0
43077,6425,6400,0
43078,6289,6400,0
43079,6289,6425,0
43080,243,284,1
43081,5957,5858,0
43082,5891,5748,0
43083,6188,6287,0
43084,6188,6482,1
43085,6406,6188,0
43086,6188,6372,0
43087,6188,5921,0
43088,6052,5921,0
43089,5734,5733,0
43090,5734,5873,0
43091,6188,6355,0
43092,6482,6286,1
43093,6087,6294,0
43094,6478,6286,0
43095,6478,6537,0
43096,6478,6246,0
43097,6360,6359,0
43098,5896,5951,0
43099,6425,6262,0
43100,6289,6261,0
43101,6262,6261,0
43102,6130,6136,0
43103,6099,6136,0
43104,6099,6130,0
43105,6273,6136,0
43106,5881,6103,0
43107,6103,5957,0
43108,6103,6318,0
43109,6103,5887,0
43110,6103,6163,0
43111,5617,5790,0
43112,5617,5845,1
43113,5649,5790,0
43114,5649,5617,0
43115,5845,5790,0
43116,5748,5862,0
43117,5585,5556,0
43118,5616,5556,0
43119,6027,5995,0
43120,5874,5995,0
43121,5426,5515,0
43122,5528,5515,0
43123,5528,5426,0
43124,6107,5858,0
43125,6466,90,0
43126,6466,17,0
43127,5712,5770,0
43128,5824,5770,0
43129,5824,5712,0
43130,5751,5770,0
43131,5463,5400,0
43132,5350,5400,0
43133,5414,5400,0
43134,5858,6035,0
43135,5617,5652,0
43136,5790,5652,0
43137,5476,5463,0
43138,5476,5637,0
43139,5491,5432,0
43140,5491,5260,0
43141,5352,5491,0
43142,5858,6025,0
43143,5426,5443,0
43144,5426,5337,0
43145,5381,5337,0
43146,5381,5443,0
43147,5381,5426,0
43148,6052,5877,0
43149,5862,5765,0
43150,5765,5896,0
43151,5765,5891,0
43152,5765,5839,0
43153,5958,5930,0
43154,6099,6026,0
43155,5930,6026,0
43156,5439,5674,0
43157,5674,5539,0
43158,5982,5734,0
43159,5528,5337,0
43160,5734,5957,0
43161,5734,6014,0
43162,5740,5456,1
43163,5491,5602,0
43164,5260,5602,1
43165,6091,6185,0
43166,5200,5069,0
43167,5352,5461,0
43168,5352,5515,0
43169,5834,5877,1
43170,5834,6023,0
43171,5994,6023,1
43172,5994,5877,1
43173,5994,5834,1
43174,5491,5460,0
43175,5400,5476,0
43176,5476,5460,0
43177,5569,5460,0
43178,5491,5327,0
43179,5352,5521,0
43180,5327,5521,0
43181,5556,5456,1
43182,5557,5476,0
43183,5456,5616,0
43184,580,528,0
43185,580,574,0
43186,678,528,0
43187,678,580,0
43188,574,528,0
43189,524,624,0
43190,5637,5699,0
43191,5637,5685,0
43192,5637,5873,0
43193,137,6269,0
43194,137,6299,0
43195,5616,5414,0
43196,137,124,0
43197,6296,145,0
43198,5556,5250,0
43199,6431,6278,0
43200,6431,95,0
43201,6502,6278,0
43202,5556,5550,0
43203,5879,5740,0
43204,6502,7,0
43205,6117,192,0
43206,6173,5879,0
43207,6173,6431,0
43208,6120,6296,0
43209,271,483,0
43210,254,483,0
43211,6528,450,0
43212,6269,6451,0
43213,6085,5763,0
43214,5920,6296,0
43215,27,6434,0
43216,684,973,0
43217,162,135,0
43218,174,135,0
43219,135,52,0
43220,6173,6366,0
43221,6402,6467,0
43222,9,6429,0
43223,6145,9,0
43224,240,6467,0
43225,6502,6296,0
43226,6173,5959,0
43227,349,485,0
43228,349,407,0
43229,366,407,0
43230,366,485,0
43231,427,499,0
43232,760,499,1
43233,144,6451,0
43234,235,244,0
43235,135,255,0
43236,135,235,0
43237,244,255,0
43238,6269,6142,0
43239,6160,6296,0
43240,254,343,0
43241,6278,6244,0
43242,6278,6366,0
43243,135,6319,0
43244,135,6357,0
43245,6424,6319,0
43246,6424,135,0
43247,7,6269,0
43248,7,6296,0
43249,131,263,0
43250,428,263,0
43251,428,149,0
43252,263,149,0
43253,6441,6278,0
43254,33,255,0
43255,27,229,0
43256,27,255,0
43257,229,255,0
43258,6319,6173,0
43259,95,6424,0
43260,135,33,0
43261,649,304,0
43262,294,689,0
43263,2104,1378,0
43264,271,457,0
43265,951,719,0
43266,951,929,0
43267,452,524,0
43268,364,452,0
43269,235,162,0
43270,162,292,0
43271,533,331,0
43272,533,349,0
43273,485,331,0
43274,235,52,0
43275,5960,6528,0
43276,410,292,0
43277,174,292,0
43278,74,52,0
43279,220,216,0
43280,220,6537,1
43281,220,157,0
43282,410,473,0
43283,410,549,0
43284,605,473,0
43285,255,159,0
43286,253,159,0
43287,253,263,0
43288,263,312,0
43289,6421,87,0
43290,144,266,0
43291,41,386,0
43292,41,266,0
43293,386,266,0
43294,1519,1382,0
43295,1680,1382,0
43296,351,246,1
43297,483,246,0
43298,6441,135,0
43299,142,200,0
43300,132,200,0
43301,7,6431,0
43302,7,6515,0
43303,1469,1296,0
43304,1483,1296,0
43305,1483,1321,0
43306,1483,1469,0
43307,1296,1321,0
43308,1481,1427,0
43309,1351,1427,0
43310,1351,1481,0
43311,1513,1427,0
43312,1358,1484,0
43313,1358,1251,0
43314,1293,1484,0
43315,1251,1484,0
43316,762,689,0
43317,6279,450,0
43318,1152,189,0
43319,244,364,0
43320,757,715,0
43321,709,715,0
43322,715,807,0
43323,6512,41,0
43324,336,266,0
43325,521,341,0
43326,521,336,0
43327,331,443,0
43328,535,349,0
43329,402,452,0
43330,499,351,1
43331,483,499,0
43332,1568,1758,0
43333,1568,1637,0
43334,1622,1568,0
43335,855,939,0
43336,861,829,0
43337,1432,1413,0
43338,1432,1444,0
43339,1630,1432,0
43340,6467,124,0
43341,304,124,0
43342,304,6528,0
43343,1507,1123,0
43344,6467,137,0
43345,1029,1157,0
43346,1157,1120,0
43347,1432,1157,0
43348,1444,1516,0
43349,1516,1157,0
43350,2053,1746,0
43351,559,521,0
43352,550,709,0
43353,550,521,0
43354,550,559,0
43355,633,6279,0
43356,6180,6191,0
43357,1571,1527,0
43358,769,784,0
43359,844,912,0
43360,873,388,0
43361,1330,1253,0
43362,145,6195,0
43363,19,6392,0
43364,1516,1278,0
43365,6528,6000,0
43366,725,705,0
43367,137,6195,0
43368,692,897,0
43369,1432,1665,0
43370,309,6050,0
43371,192,645,0
43372,307,4024,0
43373,1179,1113,0
43374,1159,1113,0
43375,1159,1231,0
43376,1159,1179,0
43377,1113,1231,0
43378,1650,1378,0
43379,172,294,0
43380,294,564,0
43381,6421,66,0
43382,1133,989,0
43383,1142,989,0
43384,1162,973,0
43385,1162,897,0
43386,852,1162,0
43387,684,386,0
43388,692,341,0
43389,255,402,0
43390,6523,125,0
43391,6392,6523,0
43392,6528,633,0
43393,391,564,0
43394,6365,41,0
43395,1120,684,0
43396,1059,1074,0
43397,1335,956,0
43398,1378,1999,0
43399,1327,1197,0
43400,1327,1377,0
43401,1155,1029,0
43402,1155,689,0
43403,1460,1382,0
43404,215,208,0
43405,1507,1627,0
43406,1335,1029,0
43407,1516,1895,0
43408,1314,1408,0
43409,1050,1047,0
43410,1460,1047,0
43411,1524,1047,0
43412,620,936,0
43413,1051,936,0
43414,1051,1050,0
43415,1051,620,0
43416,936,1050,0
43417,999,1055,0
43418,999,972,0
43419,832,972,0
43420,4421,125,0
43421,725,1516,0
43422,1855,645,0
43423,1617,1582,0
43424,122,156,0
43425,1004,378,0
43426,5176,307,0
43427,6471,41,0
43428,1149,1009,0
43429,1149,1026,0
43430,1362,1026,0
43431,1362,1009,0
43432,307,4671,0
43433,122,1020,0
43434,1004,1020,0
43435,307,5866,0
43436,156,1004,0
43437,645,1278,0
43438,1571,1796,0
43439,1873,1601,0
43440,1873,1571,0
43441,1476,1665,0
43442,1527,1627,0
43443,1163,1388,0
43444,1381,1388,0
43445,1152,1746,0
43446,973,924,0
43447,1152,2610,0
43448,1571,1656,0
43449,1627,1601,0
43450,1627,1571,0
43451,1656,1601,0
43452,1098,980,0
43453,872,1098,0
43454,1527,1873,0
43455,1527,2053,0
43456,1138,951,0
43457,1074,850,0
43458,1383,1481,1
43459,1502,1482,1
43460,1326,1353,0
43461,651,605,1
43462,651,549,0
43463,1155,725,0
43464,1155,1432,0
43465,1029,1432,0
43466,1219,1223,0
43467,1219,1237,0
43468,1177,1237,0
43469,1177,1223,0
43470,1177,1219,0
43471,1237,1223,0
43472,956,809,0
43473,1584,1624,0
43474,1624,1544,0
43475,1092,1139,0
43476,1069,1139,0
43477,1011,915,0
43478,1011,971,0
43479,932,915,0
43480,932,1011,0
43481,971,915,0
43482,1090,1208,0
43483,1090,1130,0
43484,1526,1575,0
43485,1526,1708,0
43486,1476,1637,0
43487,1230,1231,0
43488,1244,1159,0
43489,807,847,0
43490,847,1069,0
43491,1377,1282,0
43492,1296,1455,0
43493,1460,1705,0
43494,1592,1807,0
43495,1155,1120,0
43496,1582,1706,0
43497,852,715,0
43498,1354,1216,1
43499,1294,1327,0
43500,1248,1197,0
43501,651,478,1
43502,651,424,0
43503,711,478,0
43504,807,970,0
43505,890,807,0
43506,847,890,0
43507,559,757,0
43508,578,757,0
43509,807,1002,0
43510,689,809,0
43511,1074,872,0
43512,1139,1191,0
43513,1139,1354,0
43514,1351,1354,0
43515,1351,1191,0
43516,1351,1139,0
43517,1179,1011,0
43518,1074,809,0
43519,1029,1074,0
43520,1130,1293,0
43521,1482,1484,0
43522,992,971,0
43523,992,932,0
43524,992,1011,0
43525,757,744,0
43526,757,804,0
43527,847,757,0
43528,559,715,0
43529,559,454,0
43530,550,715,0
43531,454,715,0
43532,1582,1568,0
43533,956,649,0
43534,804,850,0
43535,1045,862,0
43536,850,862,0
43537,1484,1318,0
43538,1514,1522,0
43539,1514,1483,0
43540,1609,1483,0
43541,1483,1522,0
43542,744,452,0
43543,1318,1568,0
43544,1197,1098,0
43545,715,578,0
43546,1641,1425,0
43547,768,932,0
43548,843,932,0
43549,1518,1417,0
43550,1098,1045,0
43551,1589,1318,0
43552,862,1139,0
43553,1099,1191,0
43554,1029,1098,0
43555,1074,1090,0
43556,1074,980,0
43557,1474,1296,0
43558,1483,1474,0
43559,1455,1318,0
43560,1508,1453,0
43561,1508,1483,0
43562,1508,1422,0
43563,1156,1230,0
43564,1154,1230,0
43565,1230,1287,0
43566,1701,1580,0
43567,1469,1617,0
43568,1538,1702,0
43569,1682,1562,0
43570,1682,1538,0
43571,1609,1508,0
43572,1482,1766,0
43573,1221,1062,0
43574,1221,1013,0
43575,1268,1351,0
43576,1354,1268,0
43577,1649,1582,0
43578,1404,1381,0
43579,1404,1161,0
43580,1294,1183,0
43581,1582,1578,0
43582,1358,1589,0
43583,1358,1098,0
43584,855,1056,1
43585,1351,1358,0
43586,949,856,0
43587,819,856,0
43588,819,869,0
43589,856,869,0
43590,499,1302,1
43591,1302,1130,0
43592,1302,1074,0
43593,1302,1251,0
43594,1059,1302,0
43595,1581,1216,1
43596,21,64,0
43597,6536,64,0
43598,6536,140,0
43599,6536,21,0
43600,64,140,0
43601,1268,1422,0
43602,1383,1513,0
43603,1383,1484,0
43604,890,745,0
43605,812,890,0
43606,935,995,0
43607,935,998,0
43608,1042,1230,0
43609,1042,1154,0
43610,159,149,0
43611,566,745,0
43612,1045,847,0
43613,780,691,0
43614,566,605,0
43615,932,780,0
43616,745,780,0
43617,745,894,0
43618,745,932,0
43619,866,957,0
43620,866,894,1
43621,843,894,0
43622,843,957,0
43623,939,792,0
43624,829,792,0
43625,943,1078,0
43626,1067,1162,0
43627,1067,943,0
43628,1162,1078,0
43629,282,149,0
43630,282,131,0
43631,407,149,0
43632,804,715,0
43633,1425,1230,0
43634,1425,1159,0
43635,1425,1231,0
43636,982,859,0
43637,859,766,0
43638,1369,1244,0
43639,1360,1216,0
43640,559,452,0
43641,452,715,0
43642,1308,1244,0
43643,1129,1198,0
43644,1129,1326,0
43645,486,508,0
43646,486,674,0
43647,711,508,0
43648,711,486,0
43649,674,508,0
43650,871,938,0
43651,871,750,0
43652,797,750,0
43653,797,938,0
43654,797,871,0
43655,750,938,0
43656,578,566,0
43657,674,540,0
43658,1678,1575,0
43659,1441,1533,0
43660,1533,1464,0
43661,757,629,0
43662,757,745,0
43663,768,629,0
43664,768,757,0
43665,745,629,0
43666,971,1099,0
43667,452,578,0
43668,970,1045,0
43669,1085,1002,0
43670,992,1099,0
43671,1092,1099,0
43672,1011,1067,0
43673,1113,1067,0
43674,1113,1011,0
43675,1017,770,0
43676,819,982,0
43677,819,1017,0
43678,1056,957,0
43679,861,957,0
43680,1248,897,0
43681,924,1248,0
43682,955,897,0
43683,668,781,0
43684,752,699,0
43685,752,668,0
43686,699,781,0
43687,1216,1056,1
43688,1216,866,1
43689,861,1216,1
43690,866,1056,0
43691,1139,1137,0
43692,812,970,0
43693,911,912,0
43694,949,1017,0
43695,856,1017,0
43696,1139,1200,0
43697,1090,1139,0
43698,757,890,0
43699,729,757,0
43700,768,890,0
43701,890,915,0
43702,1551,1528,0
43703,1655,1528,0
43704,1655,1551,0
43705,1588,1528,0
43706,1387,1342,0
43707,1299,1423,0
43708,1299,1387,0
43709,1342,1423,0
43710,1148,1248,0
43711,1225,1248,0
43712,1522,1526,0
43713,1483,1526,0
43714,1329,1263,0
43715,829,711,0
43716,1379,1252,0
43717,843,678,0
43718,603,843,0
43719,780,768,0
43720,915,894,0
43721,812,915,0
43722,367,393,0
43723,367,202,0
43724,339,202,0
43725,339,393,0
43726,339,367,0
43727,1002,729,0
43728,321,243,0
43729,321,424,0
43730,421,321,0
43731,424,243,0
43732,340,470,0
43733,532,470,0
43734,509,470,0
43735,1381,1415,0
43736,1623,1381,0
43737,229,312,0
43738,241,191,0
43739,0,191,0
43740,778,706,0
43741,778,856,0
43742,869,706,0
43743,869,778,0
43744,856,706,0
43745,935,1101,0
43746,919,1101,0
43747,995,1101,0
43748,411,512,0
43749,512,360,0
43750,769,951,0
43751,1159,1129,0
43752,982,1113,0
43753,982,1129,0
43754,1148,897,0
43755,657,869,0
43756,657,819,0
43757,856,657,0
43758,950,932,0
43759,859,932,0
43760,1078,1092,0
43761,1268,1092,0
43762,1268,1085,0
43763,769,692,0
43764,951,692,0
43765,1078,1069,0
43766,487,529,0
43767,487,428,0
43768,487,449,0
43769,884,651,1
43770,884,478,0
43771,884,424,0
43772,679,678,0
43773,679,859,0
43774,1092,1274,0
43775,1092,1179,0
43776,1274,1085,0
43777,1078,1002,0
43778,1078,1198,0
43779,1069,1198,0
43780,795,939,0
43781,770,939,0
43782,485,574,0
43783,537,257,0
43784,1466,1382,0
43785,1305,1382,0
43786,1465,1382,0
43787,1268,1198,0
43788,1680,1524,0
43789,1129,1138,0
43790,1162,1129,0
43791,636,701,0
43792,708,636,0
43793,701,657,0
43794,1453,1575,0
43795,1255,1210,0
43796,1255,1236,0
43797,516,697,0
43798,523,697,0
43799,697,602,0
43800,1246,1263,0
43801,1526,1508,0
43802,1453,1526,0
43803,778,819,0
43804,778,756,0
43805,778,824,0
43806,414,487,0
43807,473,443,0
43808,321,350,0
43809,288,321,0
43810,687,752,0
43811,668,687,0
43812,752,606,0
43813,735,835,0
43814,658,644,0
43815,658,835,0
43816,658,735,0
43817,320,424,0
43818,715,457,0
43819,336,386,0
43820,375,266,0
43821,375,336,0
43822,636,685,0
43823,701,756,0
43824,685,756,0
43825,898,856,0
43826,819,898,0
43827,856,982,0
43828,1025,856,0
43829,898,1017,0
43830,898,1025,0
43831,895,891,0
43832,1043,891,0
43833,699,919,0
43834,1275,1375,0
43835,1398,1256,0
43836,1398,1375,0
43837,982,1025,0
43838,664,764,0
43839,664,884,0
43840,486,884,0
43841,486,764,0
43842,884,764,0
43843,870,845,0
43844,870,938,0
43845,969,938,0
43846,969,845,0
43847,969,870,0
43848,938,845,0
43849,938,860,0
43850,938,734,0
43851,976,734,0
43852,976,860,0
43853,976,938,0
43854,734,860,0
43855,609,775,0
43856,609,796,0
43857,609,864,0
43858,775,796,0
43859,852,943,0
43860,852,929,0
43861,679,746,0
43862,603,473,0
43863,471,443,0
43864,471,366,0
43865,566,366,0
43866,678,590,0
43867,1564,1717,0
43868,1244,939,0
43869,939,1252,0
43870,629,578,0
43871,422,487,0
43872,487,387,0
43873,278,100,0
43874,744,715,0
43875,664,820,0
43876,764,820,0
43877,884,820,0
43878,5961,6216,0
43879,508,590,0
43880,398,310,0
43881,398,366,0
43882,284,310,0
43883,366,310,0
43884,414,282,0
43885,831,902,0
43886,959,871,0
43887,959,902,0
43888,959,831,0
43889,871,902,0
43890,1016,1106,0
43891,1143,1060,0
43892,1143,1016,1
43893,1106,1060,0
43894,424,590,0
43895,590,478,0
43896,961,902,0
43897,1031,959,0
43898,1031,902,0
43899,1031,961,0
43900,590,574,0
43901,664,740,0
43902,486,820,0
43903,486,740,0
43904,820,740,0
43905,350,540,0
43906,1263,1217,0
43907,1410,1217,0
43908,1217,1246,0
43909,1104,1246,0
43910,943,1002,0
43911,1528,1564,0
43912,1479,1384,0
43913,1479,1564,0
43914,1479,1528,0
43915,1384,1564,1
43916,1252,1056,0
43917,1275,1344,0
43918,1102,1256,0
43919,1102,1275,0
43920,1256,1344,0
43921,949,939,0
43922,949,1033,0
43923,949,984,0
43924,870,984,0
43925,1112,949,0
43926,1112,984,0
43927,1112,870,0
43928,750,626,0
43929,750,664,0
43930,750,749,0
43931,626,697,0
43932,1357,1551,0
43933,1564,1551,0
43934,1528,1511,0
43935,1479,1511,0
43936,1479,1452,0
43937,1464,1410,0
43938,1201,1159,0
43939,1201,1326,0
43940,1417,1159,0
43941,1417,1201,0
43942,1326,1159,0
43943,1398,1344,0
43944,1471,1419,0
43945,1471,1398,0
43946,1344,1419,0
43947,1326,1153,0
43948,1153,1159,0
43949,1567,1734,0
43950,1470,1397,0
43951,1532,1425,0
43952,1092,1137,0
43953,859,1017,0
43954,859,949,0
43955,939,1017,0
43956,1563,1400,0
43957,1456,1563,0
43958,971,1137,0
43959,1299,1398,0
43960,1299,1375,0
43961,1412,1483,0
43962,1274,1483,0
43963,1441,1446,0
43964,1453,1308,0
43965,1532,1730,0
43966,1208,1099,0
43967,1099,957,0
43968,1099,866,1
43969,1099,1045,0
43970,1354,1208,0
43971,1099,812,0
43972,1393,1522,0
43973,1479,1580,0
43974,1479,1636,0
43975,1560,1580,0
43976,1560,1479,0
43977,1526,1728,0
43978,1222,1287,0
43979,1480,1580,0
43980,1480,1560,0
43981,1547,1480,0
43982,1045,1139,0
43983,1422,1351,0
43984,690,675,0
43985,1533,1538,0
43986,1387,1533,0
43987,1414,1538,0
43988,1526,1412,0
43989,1509,1514,0
43990,1397,1446,0
43991,1397,1522,0
43992,1514,1508,0
43993,863,775,0
43994,863,978,0
43995,863,867,0
43996,1406,1569,0
43997,1440,1569,0
43998,1440,1406,0
43999,1472,1422,0
44000,1508,1469,0
44001,1508,1474,0
44002,1011,1085,0
44003,992,1085,0
44004,1470,1533,0
44005,924,689,0
44006,294,924,0
44007,943,982,0
44008,943,915,0
44009,1067,982,0
44010,915,982,0
44011,1412,1453,0
44012,1011,950,0
44013,1011,859,0
44014,1479,1441,0
44015,1480,1441,0
44016,1480,1479,0
44017,1580,1441,0
44018,1412,1532,0
44019,1320,1645,0
44020,1714,1559,0
44021,1231,1417,0
44022,1321,1412,0
44023,1321,1231,0
44024,1535,1425,0
44025,831,907,0
44026,831,961,0
44027,1470,1393,0
44028,1621,1538,0
44029,1151,1102,0
44030,1151,1344,0
44031,1231,1129,0
44032,1295,1224,0
44033,1295,1462,0
44034,1381,1295,0
44035,1462,1224,0
44036,378,453,0
44037,969,860,0
44038,826,860,0
44039,826,938,0
44040,1011,1244,0
44041,992,1179,0
44042,955,800,0
44043,1149,1460,0
44044,1415,1388,0
44045,1415,1404,0
44046,1411,1388,0
44047,1128,1091,0
44048,1128,1206,0
44049,999,1091,0
44050,999,1128,0
44051,1206,1091,0
44052,1153,1129,0
44053,1200,1045,0
44054,992,1092,0
44055,1179,1137,0
44056,566,629,0
44057,257,365,0
44058,204,257,0
44059,365,153,0
44060,1139,1208,0
44061,842,990,0
44062,1406,1611,0
44063,1233,1255,0
44064,1161,1236,0
44065,1178,1396,0
44066,1178,1401,0
44067,1013,981,0
44068,1013,1132,0
44069,1009,1132,0
44070,1009,981,0
44071,1009,1013,0
44072,1132,981,0
44073,1551,1511,0
44074,1618,1538,0
44075,1702,1563,0
44076,1268,1141,0
44077,1410,1479,0
44078,1414,1562,0
44079,1114,1106,0
44080,1114,1143,0
44081,1031,1114,0
44082,1368,1523,0
44083,1368,1382,0
44084,1368,1466,0
44085,1523,1382,0
44086,1374,1192,0
44087,1548,1294,0
44088,1432,1294,0
44089,1321,1366,0
44090,772,1039,0
44091,1519,1460,0
44092,1403,1460,0
44093,1403,1382,0
44094,1403,1519,0
44095,1436,1611,0
44096,1093,972,0
44097,844,951,0
44098,844,1093,0
44099,1502,1509,0
44100,1338,1236,0
44101,1338,1115,0
44102,1304,1115,0
44103,1304,1236,0
44104,1304,1338,0
44105,1361,1049,0
44106,1361,1080,0
44107,1361,1250,0
44108,1153,972,0
44109,1153,1055,0
44110,1472,1508,0
44111,1483,1268,0
44112,949,1025,0
44113,395,394,0
44114,395,355,0
44115,394,535,0
44116,869,1025,0
44117,1239,1151,0
44118,1154,1151,0
44119,655,827,0
44120,655,688,0
44121,1252,1017,0
44122,915,1085,0
44123,1455,1197,0
44124,999,935,0
44125,935,1055,0
44126,897,1294,0
44127,1472,1483,0
44128,1514,1321,0
44129,1514,1474,0
44130,1514,1412,0
44131,1548,1895,0
44132,1282,1472,0
44133,1282,1474,0
44134,1296,1472,0
44135,1113,1198,0
44136,950,1017,0
44137,1268,1472,0
44138,1268,1427,0
44139,1268,1474,0
44140,1148,929,0
44141,1138,929,0
44142,1153,982,0
44143,1153,878,0
44144,1153,943,0
44145,982,878,0
44146,878,716,0
44147,878,919,0
44148,935,878,0
44149,1148,1327,0
44150,1162,1148,0
44151,356,546,0
44152,356,561,0
44153,411,561,0
44154,411,546,0
44155,1092,1191,0
44156,692,729,0
44157,778,878,0
44158,778,798,0
44159,856,798,0
44160,856,878,0
44161,798,748,0
44162,798,919,0
44163,798,716,0
44164,748,919,0
44165,1179,1321,0
44166,1078,1231,0
44167,92,105,0
44168,92,205,0
44169,92,178,0
44170,1361,1102,0
44171,1361,1271,0
44172,528,728,0
44173,753,860,0
44174,753,582,0
44175,826,582,0
44176,826,753,0
44177,582,860,0
44178,1321,1159,0
44179,929,897,0
44180,401,340,0
44181,1315,1328,0
44182,1306,1315,0
44183,365,453,0
44184,440,453,0
44185,779,699,0
44186,734,626,0
44187,724,750,0
44188,724,626,0
44189,1153,1113,0
44190,706,606,0
44191,708,606,0
44192,606,529,0
44193,1173,1025,0
44194,1173,1101,0
44195,1352,1367,0
44196,1219,1314,0
44197,1219,1367,0
44198,1219,1352,0
44199,1180,1205,0
44200,1343,1371,0
44201,1343,1178,0
44202,1371,1178,0
44203,387,706,0
44204,470,529,0
44205,470,706,0
44206,470,387,0
44207,557,716,0
44208,682,687,0
44209,1270,1353,0
44210,1270,1406,0
44211,939,1230,0
44212,998,6564,0
44213,1116,1033,0
44214,1116,984,0
44215,1112,1033,0
44216,1411,1270,0
44217,1011,768,0
44218,1011,843,0
44219,1011,766,0
44220,500,479,0
44221,500,545,0
44222,617,545,0
44223,617,479,0
44224,871,845,0
44225,404,360,0
44226,374,522,0
44227,560,522,0
44228,560,494,0
44229,522,494,0
44230,1006,759,0
44231,759,1015,0
44232,708,557,0
44233,1550,1710,0
44234,758,683,0
44235,758,656,0
44236,491,758,0
44237,1488,1623,0
44238,1488,1610,0
44239,1163,1224,0
44240,1163,1295,0
44241,203,206,0
44242,1255,1411,0
44243,1173,1205,0
44244,85,67,0
44245,136,67,0
44246,136,85,0
44247,67,258,0
44248,864,857,0
44249,881,921,0
44250,857,921,0
44251,6513,243,0
44252,100,243,0
44253,243,6537,1
44254,1439,1224,0
44255,1417,1388,0
44256,1417,1414,0
44257,1248,1253,0
44258,416,505,0
44259,416,602,0
44260,416,516,0
44261,708,470,0
44262,606,470,0
44263,1330,1440,0
44264,430,399,0
44265,399,582,0
44266,796,787,0
44267,920,787,0
44268,920,796,0
44269,1025,1129,0
44270,874,877,0
44271,787,877,0
44272,787,874,0
44273,690,877,0
44274,699,617,0
44275,138,132,0
44276,857,609,0
44277,857,796,0
44278,1025,995,0
44279,798,995,0
44280,1270,1153,0
44281,943,890,0
44282,501,591,0
44283,692,355,0
44284,692,336,0
44285,521,355,0
44286,728,746,0
44287,795,574,0
44288,781,779,0
44289,999,1024,0
44290,66,41,0
44291,66,266,0
44292,864,630,0
44293,609,806,0
44294,630,806,0
44295,784,1013,0
44296,818,1013,0
44297,391,204,0
44298,391,365,0
44299,319,114,0
44300,166,114,0
44301,324,25,0
44302,597,658,0
44303,597,793,0
44304,597,735,0
44305,658,793,0
44306,798,869,0
44307,470,455,0
44308,630,517,0
44309,630,617,0
44310,668,630,0
44311,617,517,0
44312,511,260,0
44313,260,252,0
44314,328,507,0
44315,328,187,0
44316,6564,816,0
44317,517,328,0
44318,1254,1314,0
44319,1254,1306,0
44320,1235,1306,0
44321,1235,1254,0
44322,1306,1314,0
44323,1161,1055,0
44324,995,1255,0
44325,995,1055,0
44326,995,1161,0
44327,1255,1055,0
44328,1211,1223,0
44329,1235,1223,0
44330,1235,1188,0
44331,1235,1211,0
44332,1223,1188,0
44333,916,1087,0
44334,916,1105,0
44335,1000,1087,0
44336,1000,916,0
44337,1105,1087,0
44338,580,629,0
44339,768,580,0
44340,678,629,0
44341,1161,999,0
44342,1161,935,0
44343,494,500,0
44344,494,617,0
44345,494,324,0
44346,494,356,0
44347,412,356,0
44348,412,494,0
44349,710,676,0
44350,730,771,0
44351,730,710,0
44352,676,771,0
44353,1206,1024,0
44354,1147,1024,0
44355,848,926,0
44356,755,926,0
44357,755,848,0
44358,1115,1190,0
44359,1115,1219,0
44360,1177,1190,0
44361,1505,1469,0
44362,108,536,0
44363,108,6552,0
44364,960,912,0
44365,935,905,0
44366,935,1153,0
44367,935,943,0
44368,557,701,0
44369,778,657,0
44370,1328,1254,0
44371,1243,1306,0
44372,1243,1254,0
44373,1243,1328,0
44374,935,781,0
44375,881,958,0
44376,878,708,0
44377,1154,1159,0
44378,981,755,0
44379,981,926,0
44380,428,533,0
44381,142,6512,0
44382,6476,87,0
44383,793,836,0
44384,793,888,0
44385,830,888,0
44386,830,836,0
44387,830,793,0
44388,741,798,0
44389,741,706,0
44390,798,706,0
44391,1006,906,0
44392,816,759,0
44393,906,759,0
44394,1006,953,0
44395,906,953,0
44396,906,1015,0
44397,953,1015,0
44398,91,6452,0
44399,43,6452,0
44400,860,1042,0
44401,286,404,0
44402,706,540,0
44403,529,540,0
44404,590,398,0
44405,470,211,0
44406,470,401,0
44407,6036,6271,0
44408,6024,6271,0
44409,6271,6230,0
44410,1255,1148,0
44411,6494,27,0
44412,1389,1283,0
44413,1381,1283,0
44414,1298,1283,0
44415,860,706,0
44416,860,798,0
44417,869,860,0
44418,411,205,0
44419,1138,935,0
44420,413,66,0
44421,413,391,0
44422,564,66,0
44423,564,413,0
44424,237,266,0
44425,204,66,0
44426,704,701,0
44427,422,403,0
44428,422,352,0
44429,430,422,0
44430,728,766,0
44431,728,770,0
44432,678,728,0
44433,1013,926,0
44434,1009,926,0
44435,734,582,0
44436,819,728,0
44437,570,582,0
44438,570,690,0
44439,724,570,0
44440,690,582,0
44441,149,221,0
44442,149,81,0
44443,449,404,0
44444,509,404,0
44445,509,636,0
44446,404,636,0
44447,929,1162,0
44448,779,832,0
44449,1161,1210,0
44450,1055,1168,0
44451,646,662,0
44452,912,662,0
44453,646,257,0
44454,200,662,0
44455,662,257,0
44456,408,339,0
44457,832,631,0
44458,832,658,0
44459,779,631,0
44460,832,591,0
44461,6282,6545,0
44462,755,642,0
44463,642,537,0
44464,1009,1434,0
44465,657,756,0
44466,926,818,0
44467,537,620,0
44468,878,741,0
44469,624,715,0
44470,1524,1552,0
44471,1524,1722,0
44472,1727,1552,0
44473,1727,1524,0
44474,1722,1552,0
44475,878,748,0
44476,878,869,0
44477,915,898,0
44478,684,550,0
44479,535,629,0
44480,533,629,0
44481,6301,68,0
44482,6540,150,0
44483,6540,232,0
44484,242,232,0
44485,232,150,0
44486,6489,237,0
44487,677,924,0
44488,266,564,0
44489,266,391,0
44490,68,103,0
44491,1377,1248,0
44492,383,477,0
44493,383,596,0
44494,577,383,0
44495,125,6358,0
44496,1403,1680,0
44497,1163,1205,0
44498,1548,1505,0
44499,312,428,0
44500,635,784,0
44501,635,844,0
44502,461,200,0
44503,205,461,0
44504,374,504,0
44505,560,504,0
44506,755,1009,0
44507,929,973,0
44508,929,1002,0
44509,929,972,0
44510,929,769,0
44511,935,929,0
44512,929,878,0
44513,929,685,0
44514,685,692,0
44515,929,716,0
44516,929,1153,0
44517,1408,1389,0
44518,1450,1330,0
44519,1450,1389,0
44520,1330,1389,0
44521,1115,1093,0
44522,1403,1034,0
44523,1403,1050,0
44524,1051,1034,0
44525,1761,1461,0
44526,1382,1051,0
44527,1403,1368,0
44528,1051,1368,0
44529,1220,1524,0
44530,1742,1524,0
44531,1516,1524,0
44532,122,5019,0
44533,1382,900,0
44534,900,1305,0
44535,1255,1257,0
44536,6,6481,0
44537,1592,1722,0
44538,1505,1722,0
44539,1799,1552,0
44540,1548,1124,0
44541,785,601,0
44542,1610,1381,0
44543,6522,6369,0
44544,1403,1466,0
44545,1550,1584,0
44546,1611,1408,0
44547,1771,1595,0
44548,936,1095,0
44549,936,990,0
44550,1204,1273,0
44551,1460,1692,0
44552,1460,1858,0
44553,1592,1469,0
44554,1440,1689,0
44555,958,916,0
44556,958,1087,0
44557,837,1087,0
44558,837,916,0
44559,1228,1229,0
44560,1228,1213,0
44561,1396,1371,0
44562,1148,1270,0
44563,1304,1337,0
44564,1406,1567,0
44565,1518,1406,0
44566,1330,1611,0
44567,944,1185,0
44568,944,1240,0
44569,1063,1185,0
44570,1063,944,0
44571,1240,1185,0
44572,1610,1415,0
44573,1055,1270,0
44574,1567,1415,0
44575,1317,1343,0
44576,1438,1317,0
44577,1107,1166,0
44578,1211,1062,0
44579,1211,1107,0
44580,863,837,0
44581,863,916,0
44582,1173,1387,0
44583,978,796,0
44584,1128,1190,0
44585,1233,1206,0
44586,1233,1190,0
44587,1233,1128,0
44588,1254,1213,0
44589,1254,1211,0
44590,1235,1213,0
44591,942,1310,0
44592,1064,1310,0
44593,1064,942,0
44594,1072,1310,0
44595,1115,844,0
44596,1026,844,0
44597,1180,1173,0
44598,995,1180,0
44599,1406,1415,0
44600,1212,1235,0
44601,1212,1213,0
44602,1326,1270,0
44603,1212,1194,0
44604,1229,1235,0
44605,1229,1194,0
44606,1229,1212,0
44607,1235,1194,0
44608,1417,1270,0
44609,1283,1147,0
44610,1411,1406,0
44611,1337,1192,0
44612,1362,1192,0
44613,1530,1304,0
44614,1062,1117,0
44615,1062,999,0
44616,899,1117,0
44617,899,1062,0
44618,999,1117,0
44619,1530,1440,0
44620,1406,1388,0
44621,1406,1326,0
44622,1091,1255,0
44623,1055,1101,0
44624,1168,911,0
44625,1124,1047,0
44626,1047,783,0
44627,1051,1009,0
44628,1051,981,0
44629,936,1009,0
44630,1026,911,0
44631,1330,1298,0
44632,830,896,0
44633,1117,1190,0
44634,1117,1177,0
44635,1223,1190,0
44636,1223,1117,0
44637,1210,1353,0
44638,1091,899,0
44639,462,15,0
44640,1304,1214,0
44641,752,630,0
44642,752,609,0
44643,857,630,0
44644,808,733,0
44645,759,1010,0
44646,733,1010,0
44647,806,610,0
44648,630,644,0
44649,630,610,0
44650,1394,1182,0
44651,1195,1303,0
44652,1203,1290,0
44653,1203,1195,0
44654,1303,1290,0
44655,899,1115,0
44656,1026,899,0
44657,993,899,0
44658,1062,941,0
44659,1062,993,0
44660,1088,1184,0
44661,1088,1150,0
44662,1108,1088,0
44663,1457,1204,0
44664,1676,1595,0
44665,1461,1345,0
44666,1478,1415,0
44667,1338,1177,0
44668,1177,1236,0
44669,1414,1205,0
44670,836,597,0
44671,836,735,0
44672,1188,1194,0
44673,1188,1283,0
44674,1283,1194,0
44675,522,658,0
44676,591,658,0
44677,461,704,0
44678,461,646,0
44679,511,291,0
44680,289,291,0
44681,289,260,0
44682,289,511,0
44683,291,260,0
44684,72,6522,0
44685,1544,1331,0
44686,1054,1076,0
44687,1145,1054,0
44688,1174,1076,0
44689,1235,1219,0
44690,1283,1223,0
44691,1128,1117,0
44692,1115,1117,0
44693,1115,1128,0
44694,647,541,0
44695,647,563,0
44696,589,647,0
44697,563,541,0
44698,899,896,0
44699,608,621,0
44700,608,597,0
44701,735,608,0
44702,597,621,0
44703,779,999,0
44704,1462,1506,0
44705,6564,899,0
44706,916,732,0
44707,739,732,0
44708,732,712,0
44709,1062,1128,0
44710,1062,1194,0
44711,6564,1194,0
44712,6564,1128,0
44713,1194,1128,0
44714,1054,1169,0
44715,1133,1169,0
44716,1188,1117,0
44717,1211,1117,0
44718,1394,1331,0
44719,1234,1394,0
44720,1000,1111,0
44721,1000,958,0
44722,1087,1111,0
44723,1490,1400,0
44724,806,837,0
44725,1125,1207,0
44726,1343,1207,0
44727,1343,1125,0
44728,1254,1121,0
44729,836,710,0
44730,836,671,0
44731,1057,1142,0
44732,1164,1133,0
44733,1164,1142,0
44734,1352,1304,0
44735,836,789,0
44736,789,888,0
44737,1254,1237,0
44738,1276,1237,0
44739,1276,1254,0
44740,1237,1314,0
44741,1006,6564,0
44742,1024,1006,0
44743,1166,1194,0
44744,1166,1229,0
44745,1228,1194,0
44746,1228,1166,0
44747,490,339,0
44748,501,490,0
44749,1206,1194,0
44750,1219,1233,0
44751,1219,1298,0
44752,1255,1450,0
44753,1166,1145,0
44754,1213,1145,0
44755,1219,1236,0
44756,1408,1298,0
44757,1389,1352,0
44758,1298,1352,0
44759,1237,1211,0
44760,1211,1314,0
44761,1107,1237,0
44762,1177,1107,0
44763,1315,1229,0
44764,1194,1211,0
44765,1367,1389,0
44766,1367,1381,0
44767,1144,1363,0
44768,1144,1245,0
44769,1144,1189,0
44770,1363,1245,0
44771,1100,754,0
44772,1100,1021,0
44773,1091,1190,0
44774,1024,1228,0
44775,1024,1111,0
44776,1024,1224,0
44777,1428,1418,0
44778,1428,6583,0
44779,1520,1418,0
44780,1520,1428,0
44781,6583,1418,0
44782,1735,1574,0
44783,1463,1499,0
44784,1463,1549,0
44785,1549,1499,0
44786,1107,1254,0
44787,1406,1450,0
44788,1132,1273,0
44789,1013,1177,0
44790,6576,6577,0
44791,1409,1355,0
44792,1409,6576,0
44793,1276,1107,0
44794,1091,1117,0
44795,1024,1194,0
44796,1062,1115,0
44797,1177,1062,0
44798,1315,1283,0
44799,1478,1569,0
44800,1228,1206,0
44801,712,543,0
44802,693,732,0
44803,693,543,0
44804,693,712,0
44805,732,543,0
44806,1065,941,0
44807,1065,834,0
44808,1219,1091,0
44809,1088,1019,0
44810,1088,834,0
44811,1088,851,0
44812,642,1009,0
44813,642,1051,0
44814,936,642,0
44815,1015,1001,0
44816,1174,1001,0
44817,1174,1015,0
44818,953,1001,0
44819,1166,1212,0
44820,6571,6565,0
44821,6571,6574,0
44822,1041,6574,0
44823,1041,6565,0
44824,1041,6571,0
44825,6574,6565,0
44826,1606,1429,0
44827,1615,1429,0
44828,1228,1145,0
44829,1164,1247,0
44830,1088,1144,0
44831,1182,1144,0
44832,1182,1088,0
44833,1184,1144,0
44834,1174,1142,0
44835,1076,993,0
44836,1107,993,0
44837,1065,993,0
44838,1054,993,0
44839,1076,953,0
44840,993,953,0
44841,1558,1418,0
44842,1558,1428,0
44843,1150,1144,0
44844,1237,1117,0
44845,330,270,0
44846,177,330,0
44847,1550,1595,0
44848,1062,1223,0
44849,933,848,0
44850,933,834,0
44851,913,848,0
44852,1212,1062,0
44853,453,936,0
44854,989,1015,0
44855,1300,1164,0
44856,1133,6578,0
44857,1133,1300,0
44858,1164,6578,0
44859,1338,1192,0
44860,1304,1434,0
44861,860,690,0
44862,690,976,0
44863,1338,1434,0
44864,920,867,0
44865,1367,1408,0
44866,1276,1234,0
44867,1276,1221,0
44868,1265,1234,0
44869,1276,1243,0
44870,1276,1265,0
44871,1234,1243,0
44872,1245,1254,0
44873,1328,1367,0
44874,1258,1108,0
44875,1258,1150,0
44876,1595,1515,0
44877,1314,1223,0
44878,1367,1462,0
44879,1506,1301,0
44880,1328,1506,0
44881,1566,1301,0
44882,1010,1087,0
44883,880,774,0
44884,880,663,0
44885,6558,880,0
44886,1566,1429,0
44887,1107,1117,0
44888,1223,1107,0
44889,1363,6583,0
44890,1363,1301,0
44891,1301,6583,0
44892,1558,6595,0
44893,953,816,0
44894,933,1108,0
44895,1019,1118,0
44896,1019,1108,0
44897,1019,933,0
44898,1118,1108,0
44899,105,6539,0
44900,1108,1065,0
44901,1298,1367,0
44902,1544,1543,0
44903,1352,1237,0
44904,1339,1167,0
44905,1339,1334,0
44906,1119,1334,0
44907,1119,1167,0
44908,1196,1334,0
44909,1247,1334,0
44910,1247,1030,0
44911,1247,1196,0
44912,1334,1030,0
44913,1352,1233,0
44914,1352,1283,0
44915,1315,1194,0
44916,1206,1315,0
44917,732,863,0
44918,732,837,0
44919,1196,1376,0
44920,1196,1418,0
44921,1332,1435,0
44922,1313,1435,0
44923,1313,1475,0
44924,1313,1332,0
44925,1606,1697,0
44926,1674,1586,0
44927,732,548,0
44928,548,543,0
44929,1439,1317,0
44930,1027,840,0
44931,1027,6563,0
44932,839,1027,0
44933,813,823,0
44934,813,737,0
44935,813,942,0
44936,1030,916,0
44937,1087,1030,0
44938,1010,916,0
44939,758,901,0
44940,822,758,0
44941,6583,1429,0
44942,6583,1174,0
44943,1057,1030,0
44944,1057,1196,0
44945,6591,1445,0
44946,6591,1695,0
44947,1454,1695,0
44948,1454,6591,0
44949,1300,1142,0
44950,6583,1142,0
44951,6583,6578,0
44952,6583,1300,0
44953,1142,6578,0
44954,281,409,0
44955,1241,1307,0
44956,1307,1046,0
44957,6571,6576,0
44958,1279,1316,0
44959,1279,6576,0
44960,1279,6571,0
44961,1284,6575,0
44962,1279,6568,0
44963,1279,6575,0
44964,1279,1284,0
44965,6568,6575,0
44966,1595,1864,0
44967,1118,1273,0
44968,1595,1809,0
44969,1062,1076,0
44970,597,644,0
44971,1338,1219,0
44972,1544,1258,0
44973,1544,1288,0
44974,1491,1424,0
44975,1424,1394,0
44976,1491,1430,0
44977,44,314,0
44978,151,663,0
44979,151,44,0
44980,365,480,0
44981,1394,1430,0
44982,1273,1491,0
44983,1889,6588,0
44984,1034,1305,0
44985,1051,1305,0
44986,936,1305,0
44987,1068,1118,0
44988,888,896,0
44989,899,888,0
44990,1382,936,0
44991,900,936,0
44992,1368,936,0
44993,1461,1881,0
44994,462,453,0
44995,468,542,0
44996,900,994,0
44997,900,468,0
44998,1020,922,0
44999,960,1168,0
45000,45,5,0
45001,6395,5,0
45002,1612,1864,0
45003,1801,1500,0
45004,6574,6577,0
45005,6580,6577,0
45006,1454,6577,0
45007,1409,6595,0
45008,1409,1715,0
45009,1171,6557,0
45010,1075,6557,0
45011,6576,6574,0
45012,1041,1279,0
45013,1041,6576,0
45014,1279,6574,0
45015,1500,1822,0
45016,635,480,0
45017,635,537,0
45018,662,537,0
45019,662,635,0
45020,1761,1349,0
45021,1457,1801,0
45022,1457,1822,0
45023,3503,5688,0
45024,1822,1519,0
45025,936,1457,0
45026,1498,6570,0
45027,1498,1241,0
45028,6584,6570,0
45029,1340,1269,0
45030,6589,1172,0
45031,1172,1390,0
45032,918,6571,0
45033,918,1041,0
45034,6565,918,0
45035,833,974,0
45036,833,785,0
45037,6558,974,0
45038,6558,833,0
45039,785,974,0
45040,912,635,0
45041,467,761,0
45042,887,761,0
45043,887,467,0
45044,913,761,0
45045,704,488,0
45046,646,512,0
45047,851,686,0
45048,913,1118,0
45049,409,298,0
45050,53,281,0
45051,285,53,0
45052,608,730,0
45053,836,608,0
45054,306,53,0
45055,1054,1088,0
45056,1189,1054,0
45057,1145,953,0
45058,453,555,0
45059,453,108,0
45060,555,127,0
45061,151,6375,0
45062,357,467,0
45063,357,151,0
45064,314,357,0
45065,151,467,0
45066,6547,26,0
45067,1394,1421,0
45068,1140,1421,0
45069,1273,1421,0
45070,918,6573,0
45071,1681,1586,0
45072,1394,1328,0
45073,1276,1394,0
45074,965,1186,0
45075,1001,1194,0
45076,1001,1024,0
45077,1328,1491,0
45078,1786,6591,0
45079,1118,1095,0
45080,1434,1544,0
45081,1164,1174,0
45082,1164,6583,0
45083,900,990,0
45084,1095,991,0
45085,1095,900,0
45086,990,991,0
45087,1247,1418,0
45088,1247,1428,0
45089,1334,1418,0
45090,1234,1189,0
45091,1133,1267,0
45092,1001,816,0
45093,1001,1006,0
45094,1169,1144,0
45095,1339,1195,0
45096,1334,1195,0
45097,1119,1195,0
45098,1491,1421,0
45099,1169,1355,0
45100,6588,1463,0
45101,597,830,0
45102,1030,808,0
45103,1030,930,0
45104,930,808,0
45105,1176,1421,0
45106,1428,6591,0
45107,1558,6591,0
45108,1075,6569,0
45109,1046,6575,0
45110,1182,6571,0
45111,1019,6571,0
45112,1316,1409,0
45113,6585,1409,0
45114,6565,1247,0
45115,1267,930,0
45116,1267,1247,0
45117,1267,6565,0
45118,974,851,0
45119,6573,851,0
45120,1265,1328,0
45121,330,21,0
45122,323,21,0
45123,177,21,0
45124,1103,6569,0
45125,6579,1103,0
45126,918,974,0
45127,833,6569,0
45128,974,6569,0
45129,737,712,0
45130,737,496,0
45131,611,737,0
45132,1421,1684,0
45133,1421,1457,0
45134,1421,1430,0
45135,6585,1558,0
45136,6562,6560,0
45137,910,6560,0
45138,993,1001,0
45139,1520,1615,0
45140,1429,1520,0
45141,1046,6570,0
45142,1046,777,0
45143,6566,777,0
45144,1174,1189,0
45145,1467,1695,0
45146,945,1083,0
45147,945,1269,0
45148,1072,945,0
45149,1279,1454,0
45150,1279,6580,0
45151,1279,1409,0
45152,347,231,0
45153,347,446,0
45154,323,347,0
45155,53,167,0
45156,357,167,0
45157,357,53,0
45158,6548,1053,0
45159,1316,1715,0
45160,1715,1279,0
45161,927,965,0
45162,927,653,0
45163,739,653,0
45164,739,965,0
45165,653,965,0
45166,1716,1499,0
45167,1443,1467,0
45168,1443,1549,0
45169,1695,1443,0
45170,1549,1467,0
45171,1267,6578,0
45172,6583,1506,0
45173,1195,1418,0
45174,1494,1347,0
45175,1525,1347,0
45176,1119,840,0
45177,6563,1044,0
45178,6563,1119,0
45179,1044,840,0
45180,359,615,0
45181,464,380,0
45182,357,464,0
45183,467,502,0
45184,1300,1247,0
45185,904,931,0
45186,707,931,0
45187,931,925,0
45188,1030,1167,0
45189,1030,743,0
45190,6563,1030,0
45191,743,1167,0
45192,693,916,0
45193,6567,954,0
45194,6563,954,0
45195,954,909,0
45196,888,816,0
45197,1525,1616,0
45198,1475,1616,0
45199,1030,1061,0
45200,1030,975,0
45201,1203,975,0
45202,1203,1061,0
45203,1203,1030,0
45204,975,1061,0
45205,6578,1247,0
45206,1267,1041,0
45207,1364,1359,0
45208,1364,1260,0
45209,411,461,0
45210,1125,1227,0
45211,1174,1363,0
45212,1142,1169,0
45213,6583,1169,0
45214,188,6558,0
45215,188,774,0
45216,858,889,0
45217,858,930,0
45218,671,930,0
45219,671,858,0
45220,1065,1054,0
45221,1247,6583,0
45222,909,1119,0
45223,6565,1167,0
45224,6565,1030,0
45225,1247,1167,0
45226,1260,1044,0
45227,1341,1269,0
45228,1341,1044,0
45229,1341,1260,0
45230,1041,6580,0
45231,913,785,0
45232,686,785,0
45233,918,889,0
45234,6571,889,0
45235,1030,1027,0
45236,1030,883,0
45237,975,883,0
45238,975,1027,0
45239,883,1027,0
45240,931,927,0
45241,931,916,0
45242,6593,1598,0
45243,1698,1175,0
45244,1698,1477,0
45245,359,251,0
45246,59,554,0
45247,59,359,0
45248,251,554,0
45249,1044,839,0
45250,6549,199,0
45251,20,6047,0
45252,20,199,0
45253,6047,199,0
45254,1119,1030,0
45255,808,883,0
45256,808,916,0
45257,883,916,0
45258,1428,1447,0
45259,1334,1447,0
45260,945,946,0
45261,945,1323,0
45262,1473,6570,0
45263,6591,1768,0
45264,461,488,0
45265,461,494,0
45266,488,522,0
45267,1245,1228,0
45268,1228,1001,0
45269,6577,6565,0
45270,811,774,0
45271,811,497,0
45272,6565,1133,0
45273,6571,1169,0
45274,6571,6577,0
45275,1068,974,0
45276,6568,6571,0
45277,840,909,0
45278,909,736,0
45279,84,93,0
45280,6542,6492,0
45281,6542,93,0
45282,6542,84,0
45283,990,761,0
45284,990,791,0
45285,1174,1144,0
45286,1088,993,0
45287,1088,941,0
45288,512,692,0
45289,394,692,0
45290,1394,1355,0
45291,1363,1300,0
45292,1363,1142,0
45293,1265,1254,0
45294,298,607,0
45295,370,585,0
45296,611,585,0
45297,611,519,0
45298,611,370,0
45299,536,681,0
45300,1213,1107,0
45301,906,1054,0
45302,906,941,0
45303,671,941,0
45304,671,1054,0
45305,671,906,0
45306,941,1054,0
45307,1087,1203,0
45308,930,989,0
45309,858,989,0
45310,695,858,0
45311,889,695,0
45312,1001,906,0
45313,1195,1027,0
45314,1061,1119,0
45315,1061,1195,0
45316,848,914,0
45317,808,6555,0
45318,808,585,0
45319,667,6555,0
45320,585,6555,0
45321,195,42,0
45322,89,195,0
45323,818,537,0
45324,880,601,0
45325,785,880,0
45326,5867,22,0
45327,676,695,0
45328,695,771,0
45329,101,619,0
45330,601,776,0
45331,834,1108,0
45332,1013,899,0
45333,662,564,0
45334,844,1013,0
45335,851,6571,0
45336,851,1182,0
45337,103,35,0
45338,103,6145,0
45339,6487,35,0
45340,6487,103,0
45341,6145,35,0
45342,412,479,0
45343,851,1144,0
45344,1169,851,0
45345,1144,889,0
45346,383,367,0
45347,299,367,0
45348,367,242,0
45349,440,662,0
45350,632,6559,0
45351,632,6562,0
45352,6556,6562,0
45353,6556,6559,0
45354,6562,6559,0
45355,577,511,0
45356,608,539,0
45357,597,539,0
45358,834,1054,0
45359,721,587,0
45360,621,551,0
45361,621,721,0
45362,551,587,0
45363,721,543,0
45364,599,463,0
45365,599,543,0
45366,463,543,0
45367,567,510,0
45368,625,510,0
45369,625,514,0
45370,510,514,0
45371,941,953,0
45372,693,707,0
45373,693,599,0
45374,1054,1019,0
45375,484,800,0
45376,490,419,0
45377,1054,1182,0
45378,584,577,0
45379,644,539,0
45380,1054,858,0
45381,367,384,0
45382,367,482,0
45383,584,384,0
45384,584,367,0
45385,482,384,0
45386,906,989,0
45387,25,340,0
45388,916,975,0
45389,927,883,0
45390,927,975,0
45391,1000,863,0
45392,1000,732,0
45393,601,357,0
45394,305,264,0
45395,242,305,0
45396,835,830,0
45397,658,830,0
45398,597,504,0
45399,608,816,0
45400,718,608,0
45401,390,494,0
45402,390,479,0
45403,324,390,0
45404,58,91,0
45405,6714,6546,0
45406,438,591,0
45407,438,490,0
45408,586,735,0
45409,53,4,0
45410,6480,4,0
45411,6480,53,0
45412,765,813,0
45413,813,1064,0
45414,6378,188,0
45415,337,270,0
45416,337,370,0
45417,337,342,0
45418,270,370,0
45419,710,1054,0
45420,110,58,0
45421,132,110,0
45422,105,58,0
45423,588,834,0
45424,166,6481,0
45425,6543,6481,0
45426,6543,6391,0
45427,372,383,0
45428,372,596,0
45429,511,596,0
45430,511,372,0
45431,41,413,0
45432,257,480,0
45433,480,319,0
45434,635,818,0
45435,888,993,0
45436,836,834,0
45437,380,238,0
45438,328,102,0
45439,225,187,0
45440,225,102,0
45441,187,102,0
45442,576,490,0
45443,635,591,0
45444,345,5,0
45445,1009,1288,0
45446,1009,1403,0
45447,1362,1051,0
45448,981,1288,0
45449,6481,353,0
45450,5,6433,0
45451,6481,5,0
45452,1062,926,0
45453,43,6460,0
45454,25,43,0
45455,887,686,0
45456,404,395,0
45457,263,395,0
45458,933,1088,0
45459,151,345,0
45460,151,108,0
45461,408,536,0
45462,393,419,0
45463,490,393,0
45464,1457,900,0
45465,761,536,0
45466,761,681,0
45467,848,761,0
45468,461,319,0
45469,6557,908,0
45470,35,468,0
45471,35,378,0
45472,297,378,0
45473,297,35,0
45474,127,6487,0
45475,642,981,0
45476,453,642,0
45477,501,789,0
45478,501,694,0
45479,1280,1204,0
45480,908,1204,0
45481,908,991,0
45482,1204,991,0
45483,695,477,0
45484,681,453,0
45485,6543,6446,0
45486,673,44,0
45487,6194,547,0
45488,44,547,0
45489,45,108,0
45490,1607,6590,0
45491,2311,358,0
45492,2311,1607,0
45493,169,238,0
45494,701,512,0
45495,681,755,0
45496,536,887,0
45497,791,1171,0
45498,536,127,0
45499,910,802,0
45500,910,6565,0
45501,889,910,0
45502,6565,802,0
45503,6487,6545,0
45504,153,480,0
45505,6481,108,0
45506,547,536,0
45507,345,547,0
45508,6526,6536,0
45509,127,681,0
45510,467,848,0
45511,477,373,0
45512,577,373,0
45513,641,373,0
45514,453,103,0
45515,547,467,0
45516,6481,114,0
45517,6522,5,0
45518,477,446,0
45519,695,373,0
45520,6481,153,0
45521,127,151,0
45522,2266,358,0
45523,638,6557,0
45524,1503,1607,0
45525,6518,72,0
45526,900,842,0
45527,6022,358,0
45528,5532,358,0
45529,314,774,0
45530,314,6557,0
45531,14,6361,0
45532,6518,6211,0
45533,373,576,0
45534,576,577,0
45535,272,632,0
45536,272,466,0
45537,639,272,0
45538,466,632,0
45539,330,342,0
45540,231,14,0
45541,611,342,0
45542,592,342,0
45543,5042,5691,0
45544,323,477,0
45545,6555,347,0
45546,477,347,0
45547,477,6555,0
45548,671,373,0
45549,6540,231,0
45550,551,608,0
45551,434,458,0
45552,434,362,0
45553,417,362,0
45554,417,434,0
45555,362,458,0
45556,55,6540,0
45557,55,150,0
45558,608,577,0
45559,6516,6499,0
45560,6516,128,0
45561,325,359,0
45562,325,435,0
45563,107,359,0
45564,107,325,0
45565,270,6551,0
45566,347,337,0
45567,347,270,0
45568,775,732,0
45569,551,584,0
45570,6556,736,0
45571,736,639,0
45572,6325,6550,0
45573,1310,1319,0
45574,1072,1319,0
45575,1319,1064,0
45576,737,739,0
45577,737,653,0
45578,518,653,0
45579,518,739,0
45580,518,737,0
45581,308,289,0
45582,289,227,0
45583,858,6561,0
45584,6275,6344,0
45585,6420,6275,0
45586,6344,6086,0
45587,1125,1094,0
45588,182,6538,0
45589,63,6538,0
45590,238,373,0
45591,840,619,0
45592,736,619,0
45593,909,619,0
45594,314,53,0
45595,357,188,0
45596,4,281,0
45597,547,681,0
45598,6551,632,0
45599,585,632,0
45600,585,347,0
45601,585,6551,0
45602,632,347,0
45603,763,6568,0
45604,84,245,0
45605,274,245,0
45606,274,190,0
45607,274,84,0
45608,245,190,0
45609,281,464,0
45610,173,774,0
45611,6547,273,0
45612,196,6547,0
45613,515,632,0
45614,515,347,0
45615,446,632,0
45616,712,808,0
45617,712,596,0
45618,611,596,0
45619,611,808,0
45620,596,808,0
45621,592,585,0
45622,5738,22,0
45623,6717,22,0
45624,785,622,0
45625,785,851,0
45626,325,101,0
45627,325,280,0
45628,325,6553,0
45629,676,6555,0
45630,383,169,0
45631,232,169,0
45632,232,383,0
45633,53,130,0
45634,592,370,0
45635,6569,774,0
45636,1048,974,0
45637,1048,6569,0
45638,774,974,0
45639,6542,6241,0
45640,5567,22,0
45641,733,548,0
45642,733,712,0
45643,596,548,0
45644,930,6561,0
45645,446,585,0
45646,6561,632,0
45647,1176,1048,0
45648,601,464,0
45649,667,6559,0
45650,743,6559,0
45651,6559,585,0
45652,6561,6565,0
45653,515,231,0
45654,446,273,0
45655,712,837,0
45656,837,808,0
45657,273,347,0
45658,273,6551,0
45659,713,6559,0
45660,592,6559,0
45661,703,6562,0
45662,305,227,0
45663,305,164,0
45664,627,648,0
45665,627,445,0
45666,665,445,0
45667,665,648,0
45668,665,627,0
45669,445,648,0
45670,6138,6268,0
45671,743,632,0
45672,1498,1602,0
45673,1602,1459,0
45674,6561,910,0
45675,696,802,0
45676,936,547,0
45677,833,6571,0
45678,851,833,0
45679,6571,974,0
45680,1715,1284,0
45681,1715,1531,0
45682,880,974,0
45683,913,974,0
45684,776,974,0
45685,997,1390,0
45686,974,947,0
45687,1743,6587,0
45688,357,345,0
45689,601,851,0
45690,880,761,0
45691,811,173,0
45692,1040,990,0
45693,774,833,0
45694,880,467,0
45695,6550,209,0
45696,5692,209,0
45697,554,619,0
45698,945,619,0
45699,1040,974,0
45700,6586,885,0
45701,1175,885,0
45702,503,275,0
45703,22,275,0
45704,275,520,0
45705,6237,313,0
45706,6233,313,0
45707,5691,209,0
45708,638,250,0
45709,1041,6568,0
45710,638,673,0
45711,991,673,0
45712,6508,503,0
45713,6508,6455,0
45714,1097,6508,0
45715,250,6208,0
45716,1279,6566,0
45717,974,788,0
45718,1715,1743,0
45719,1459,1715,0
45720,1459,1531,0
45721,1531,1784,0
45722,1097,6596,0
45723,1086,1445,0
45724,1086,6580,0
45725,6580,1445,0
45726,1068,880,0
45727,887,791,0
45728,743,6565,0
45729,6563,6565,0
45730,2252,6550,0
45731,6550,1286,0
45732,1041,777,0
45733,1459,6587,0
45734,6563,703,0
45735,909,703,0
45736,1041,802,0
45737,6590,6596,0
45738,2172,6590,0
45739,5878,5818,0
45740,5878,6016,0
45741,5854,5878,0
45742,6016,5818,0
45743,6567,1035,0
45744,1086,6567,0
45745,1086,6562,0
45746,6563,1086,0
45747,6562,6567,0
45748,3838,5691,0
45749,5042,3838,0
45750,1757,1747,0
45751,1498,1929,0
45752,1498,1757,0
45753,1307,6570,0
45754,596,6555,0
45755,6549,161,0
45756,233,6549,0
45757,918,776,0
45758,84,29,0
45759,6497,29,0
45760,6497,84,0
45761,245,29,0
45762,918,851,0
45763,1313,1525,0
45764,1313,1347,0
45765,1332,1525,0
45766,1685,1540,0
45767,6716,5394,0
45768,83,272,0
45769,93,98,0
45770,98,272,0
45771,6325,520,0
45772,275,6325,0
45773,6550,520,0
45774,743,6560,0
45775,1086,1473,0
45776,5394,22,0
45777,5679,22,0
45778,1602,1409,0
45779,1602,1715,0
45780,296,503,0
45781,296,361,0
45782,6455,296,0
45783,6674,6675,0
45784,6674,4597,0
45785,296,6548,0
45786,6508,296,0
45787,275,296,0
45788,275,6508,0
45789,173,26,0
45790,22,6325,0
45791,6325,5041,0
45792,22,492,0
45793,6508,5264,0
45794,296,1053,0
45795,1666,6599,0
45796,22,5911,0
45797,22,5665,0
45798,5264,520,0
45799,1172,1554,0
45800,815,6570,0
45801,6716,6699,0
45802,5424,6251,0
45803,6701,6698,0
45804,6701,5695,0
45805,5548,6698,0
45806,6268,6328,0
45807,6387,6157,0
45808,6387,6328,0
45809,6387,6268,0
45810,6428,6251,0
45811,209,6428,0
45812,6716,6714,0
45813,5559,5444,0
45814,233,6251,0
45815,600,6251,0
45816,5446,6251,0
45817,1498,1286,0
45818,358,6184,0
45819,358,4978,0
45820,794,900,0
45821,1368,673,0
45822,1368,794,0
45823,1465,1461,0
45824,1457,1465,0
45825,22,296,0
45826,503,173,0
45827,3838,6656,0
45828,1786,1473,0
45829,6586,1789,0
45830,6586,1463,0
45831,6586,1698,0
45832,6570,6560,0
45833,1241,1757,0
45834,1473,1907,0
45835,1086,777,0
45836,954,777,0
45837,954,1086,0
45838,777,6567,0
45839,1459,1279,0
45840,1279,1602,0
45841,1454,1602,0
45842,1666,1929,0
45843,296,1097,0
45844,1445,1035,0
45845,1035,1473,0
45846,6581,1204,0
45847,6570,6567,0
45848,1929,6584,0
45849,1602,1473,0
45850,1602,1445,0
45851,6594,1473,0
45852,6590,1761,0
45853,6591,1443,0
45854,1454,1443,0
45855,6184,3344,0
45856,4690,6455,0
45857,358,2595,0
45858,1602,1284,0
45859,6582,1498,0
45860,6548,6020,0
45861,673,6403,0
45862,6403,73,0
45863,1345,358,0
45864,1053,6572,0
45865,1726,1531,0
45866,1531,1421,0
45867,1531,1409,0
45868,6508,5567,0
45869,4690,6508,0
45870,6508,6325,0
45871,6508,6550,0
45872,1053,6587,0
45873,1053,1510,0
45874,1053,6596,0
45875,1053,1503,0
45876,44,467,0
45877,22,6508,0
45878,6508,3634,0
45879,6508,2791,0
45880,6508,6673,0
45881,6508,6422,0
45882,6067,250,0
45883,345,44,0
45884,1040,880,0
45885,6321,6545,0
45886,441,1607,0
45887,6378,44,0
45888,6379,44,0
45889,1020,1305,0
45890,994,922,0
45891,994,1305,0
45892,1040,913,0
45893,1461,2237,0
45894,250,673,0
45895,1465,1500,0
45896,1500,1368,0
45897,5039,3503,0
45898,133,5039,0
45899,73,44,0
45900,73,6194,0
45901,900,761,0
45902,900,821,0
45903,1465,794,0
45904,1465,1577,0
45905,1822,1465,0
45906,6212,542,0
45907,1822,1305,0
45908,6545,6391,0
45909,821,673,0
45910,103,9,0
45911,6429,35,0
45912,9,35,0
45913,441,922,0
45914,547,663,0
45915,663,673,0
45916,215,35,0
45917,3503,73,0
45918,5039,3158,0
45919,5039,5140,0
45920,5039,3885,0
45921,1050,1009,0
45922,1004,1745,0
45923,1775,994,0
45924,1745,994,0
45925,1836,1305,0
45926,156,2759,0
45927,1047,876,0
45928,35,6256,0
45929,453,620,0
45930,1004,1305,0
45931,1305,542,0
45932,1305,794,0
45933,1305,673,0
45934,1051,1149,0
45935,1640,994,0
45936,1004,1640,0
45937,1640,922,0
45938,1640,1822,0
45939,122,35,0
45940,1524,1548,0
45941,1524,1124,0
45942,1183,1524,0
45943,1524,1505,0
45944,1382,1500,0
45945,365,662,0
45946,620,1009,0
45947,1519,1524,0
45948,620,755,0
45949,122,994,0
45950,1680,1220,0
45951,1220,1640,0
45952,319,205,0
45953,339,205,0
45954,1220,1745,0
45955,6429,68,0
45956,2202,1238,0
45957,122,5464,0
45958,215,6358,0
45959,9,215,0
45960,6358,35,0
45961,378,783,0
45962,215,68,0
45963,1047,1149,0
45964,681,468,0
45965,172,15,0
45966,87,6434,0
45967,6398,87,0
45968,521,402,0
45969,1149,873,0
45970,1149,1168,0
45971,1403,1149,0
45972,1149,1220,0
45973,1524,1149,0
45974,620,1034,0
45975,232,367,0
45976,238,202,0
45977,238,367,0
45978,680,684,0
45979,294,680,0
45980,339,114,0
45981,468,388,0
45982,468,842,0
45983,468,1305,0
45984,35,5851,0
45985,680,897,0
45986,755,480,0
45987,694,591,0
45988,137,375,0
45989,6327,6539,0
45990,15,35,0
45991,15,6041,0
45992,6544,27,0
45993,413,237,0
45994,190,280,0
45995,280,274,0
45996,684,413,0
45997,47,55,0
45998,6432,55,0
45999,10,178,0
46000,10,197,0
46001,6499,197,0
46002,6499,178,0
46003,197,178,0
46004,561,360,0
46005,386,550,0
46006,521,375,0
46007,521,386,0
46008,294,413,0
46009,6477,106,0
46010,921,905,0
46011,5927,5953,0
46012,5953,6154,0
46013,677,386,0
46014,6476,132,0
46015,457,375,0
46016,394,636,0
46017,386,413,0
46018,6435,46,0
46019,263,394,0
46020,81,6468,0
46021,336,144,0
46022,512,557,0
46023,512,404,0
46024,394,404,0
46025,394,557,0
46026,404,557,0
46027,66,386,0
46028,478,549,0
46029,488,411,0
46030,277,178,0
46031,371,390,0
46032,324,371,0
46033,277,390,0
46034,85,214,0
46035,258,214,0
46036,67,214,0
46037,658,781,0
46038,644,781,0
46039,781,631,0
46040,149,310,0
46041,284,149,0
46042,184,310,0
46043,631,522,0
46044,631,494,0
46045,266,677,0
46046,501,784,0
46047,719,512,0
46048,459,393,0
46049,459,367,0
46050,482,373,0
46051,128,6518,0
46052,128,202,0
46053,197,202,0
46054,197,6518,0
46055,197,128,0
46056,114,175,0
46057,114,75,0
46058,175,72,0
46059,6522,6207,0
46060,6,6499,0
46061,6540,6546,0
46062,175,178,0
46063,175,339,0
46064,197,339,0
46065,197,175,0
46066,202,171,0
46067,10,175,0
46068,92,175,0
46069,81,288,0
46070,284,288,0
46071,284,221,0
46072,284,81,0
46073,288,221,0
46074,11,175,0
46075,114,6522,0
46076,114,108,0
46077,668,546,0
46078,570,563,0
46079,346,563,0
46080,480,818,0
46081,766,629,0
46082,319,408,0
46083,741,657,0
46084,658,512,0
46085,517,500,0
46086,205,6,0
46087,175,205,0
46088,6485,6492,0
46089,6485,6430,0
46090,114,205,0
46091,537,591,0
46092,384,551,0
46093,551,367,0
46094,658,488,0
46095,658,461,0
46096,384,504,0
46097,490,504,0
46098,490,482,0
46099,490,384,0
46100,164,191,0
46101,164,241,0
46102,274,305,0
46103,177,227,0
46104,177,274,0
46105,265,442,0
46106,591,836,0
46107,546,360,0
46108,704,591,0
46109,635,832,0
46110,25,6181,0
46111,704,561,0
46112,340,91,0
46113,533,528,0
46114,360,412,0
46115,561,701,0
46116,728,629,0
46117,324,360,0
46118,236,230,0
46119,193,230,0
46120,193,248,0
46121,230,248,0
46122,509,401,0
46123,404,401,0
46124,390,488,0
46125,461,390,0
46126,835,888,0
46127,835,896,0
46128,6511,61,0
46129,6494,61,0
46130,407,369,0
46131,360,557,0
46132,360,509,0
46133,121,213,0
46134,116,121,0
46135,6499,6518,0
46136,482,393,0
46137,260,241,0
46138,264,241,0
46139,617,631,0
46140,6564,793,0
46141,401,360,0
46142,404,470,0
46143,6396,47,0
46144,522,390,0
46145,27,6386,0
46146,289,241,0
46147,658,494,0
46148,385,604,0
46149,6443,58,0
46150,658,896,0
46151,494,411,0
46152,517,479,0
46153,545,517,0
46154,545,630,0
46155,545,631,0
46156,545,610,0
46157,630,631,0
46158,569,656,0
46159,569,612,0
46160,752,532,0
46161,507,545,0
46162,560,583,0
46163,560,507,0
46164,545,583,0
46165,758,747,0
46166,631,699,0
46167,55,14,0
46168,362,342,0
46169,631,479,0
46170,295,479,0
46171,277,295,0
46172,494,545,0
46173,737,665,0
46174,627,611,0
46175,627,737,0
46176,665,611,0
46177,328,193,0
46178,630,500,0
46179,191,260,0
46180,1215,1185,0
46181,1215,1385,0
46182,1240,1215,0
46183,202,150,0
46184,835,781,0
46185,631,752,0
46186,631,668,0
46187,390,411,0
46188,730,733,0
46189,730,718,0
46190,587,299,0
46191,522,644,0
46192,291,252,0
46193,587,511,0
46194,504,393,0
46195,91,187,0
46196,91,193,0
46197,463,587,0
46198,463,363,0
46199,621,610,0
46200,236,491,0
46201,363,236,0
46202,195,260,0
46203,195,140,0
46204,191,140,0
46205,504,419,0
46206,865,921,0
46207,865,1173,0
46208,1101,921,0
46209,1101,865,0
46210,1173,921,0
46211,373,367,0
46212,373,232,0
46213,380,367,0
46214,238,482,0
46215,274,342,0
46216,362,280,0
46217,362,274,0
46218,280,342,0
46219,6526,55,0
46220,371,356,0
46221,411,371,0
46222,356,390,0
46223,504,522,0
46224,494,561,0
46225,597,419,0
46226,150,299,0
46227,393,197,0
46228,6463,6516,0
46229,305,21,0
46230,177,164,0
46231,178,171,0
46232,92,171,0
46233,522,539,0
46234,6516,202,0
46235,6338,6536,0
46236,238,175,0
46237,494,371,0
46238,764,740,0
46239,374,390,0
46240,6440,67,0
46241,67,6371,0
46242,150,1,0
46243,6061,6183,0
46244,80,85,0
46245,102,91,0
46246,187,43,0
46247,47,202,0
46248,6407,47,0
46249,58,6463,0
46250,367,577,0
46251,576,367,0
46252,175,319,0
46253,175,6,0
46254,169,55,0
46255,6516,23,0
46256,6540,47,0
46257,6407,6516,0
46258,1,110,0
46259,6488,6373,0
46260,6462,6373,0
46261,67,6373,0
46262,372,330,0
46263,372,370,0
46264,585,330,0
46265,585,372,0
46266,6536,1,0
46267,6536,42,0
46268,6536,6521,0
46269,367,490,0
46270,583,610,0
46271,191,64,0
46272,6536,0,0
46273,6536,191,0
46274,367,504,0
46275,177,119,0
46276,6031,6284,0
46277,6051,6112,0
46278,6344,6112,0
46279,6344,6051,0
46280,6112,6086,0
46281,1052,925,0
46282,1052,979,0
46283,1052,904,0
46284,1,154,0
46285,6060,6113,0
46286,6060,5968,0
46287,6106,6060,0
46288,6477,6447,0
46289,138,324,0
46290,138,356,0
46291,6540,6352,0
46292,177,6540,0
46293,6241,6157,0
46294,6157,6715,0
46295,6516,6165,0
46296,5261,5070,0
46297,202,55,0
46298,6516,6153,0
46299,72,62,0
46300,6518,6407,0
46301,6518,6153,0
46302,6518,6165,0
46303,324,58,0
46304,6518,6298,0
46305,6518,6114,0
46306,128,178,0
46307,128,10,0
46308,128,92,0
46309,128,105,0
46310,47,75,0
46311,47,232,0
46312,864,863,0
46313,56,6521,0
46314,6172,6277,0
46315,6463,102,0
46316,867,904,0
46317,805,775,0
46318,775,904,0
46319,1112,1259,0
46320,74,253,0
46321,287,85,0
46322,603,651,0
46323,6512,138,0
46324,871,923,0
46325,884,845,0
46326,884,871,0
46327,923,845,0
46328,269,214,0
46329,214,17,0
46330,149,349,0
46331,184,349,0
46332,697,556,0
46333,6460,80,0
46334,21,6510,0
46335,142,263,0
46336,318,524,0
46337,331,318,0
46338,254,234,0
46339,6364,6544,0
46340,6544,6341,0
46341,34,6488,0
46342,756,728,0
46343,770,756,0
46344,422,540,0
46345,540,387,0
46346,402,550,0
46347,350,398,0
46348,286,395,0
46349,550,336,0
46350,255,452,0
46351,52,6511,0
46352,470,369,0
46353,300,422,0
46354,387,300,0
46355,282,487,0
46356,449,407,0
46357,422,282,0
46358,350,278,0
46359,350,422,0
46360,1084,1082,0
46361,706,748,0
46362,898,778,0
46363,874,976,0
46364,678,603,0
46365,706,687,0
46366,570,556,0
46367,214,311,0
46368,403,311,0
46369,311,303,0
46370,549,508,0
46371,604,612,0
46372,604,363,0
46373,569,363,0
46374,569,604,0
46375,706,826,0
46376,283,136,0
46377,1393,1287,0
46378,287,269,0
46379,470,449,0
46380,414,350,0
46381,414,540,0
46382,865,995,0
46383,919,921,0
46384,919,865,0
46385,995,921,0
46386,540,746,0
46387,795,674,0
46388,235,33,0
46389,235,74,0
46390,255,74,0
46391,106,119,0
46392,255,524,0
46393,998,881,0
46394,824,856,0
46395,824,1011,0
46396,6190,6037,0
46397,6108,6190,0
46398,566,349,0
46399,174,478,1
46400,636,692,0
46401,709,629,0
46402,603,679,0
46403,366,533,0
46404,603,443,0
46405,394,685,0
46406,636,512,0
46407,636,557,0
46408,253,33,0
46409,449,401,0
46410,559,692,0
46411,685,535,0
46412,312,402,0
46413,144,454,0
46414,254,144,0
46415,144,66,0
46416,144,457,0
46417,144,413,0
46418,253,27,0
46419,292,244,0
46420,207,221,0
46421,207,321,0
46422,407,253,0
46423,355,685,0
46424,355,729,0
46425,149,366,0
46426,184,366,0
46427,88,6371,0
46428,67,88,0
46429,74,135,0
46430,826,734,0
46431,282,88,0
46432,282,117,0
46433,478,243,1
46434,352,311,0
46435,278,352,0
46436,6262,6513,0
46437,288,6478,0
46438,6478,221,0
46439,216,243,0
46440,131,310,0
46441,310,221,0
46442,316,220,0
46443,220,486,0
46444,508,580,0
46445,870,939,0
46446,939,828,0
46447,331,396,0
46448,1114,1226,0
46449,1114,1217,0
46450,1109,1217,0
46451,1109,1226,0
46452,1109,1114,0
46453,1217,1226,0
46454,318,174,0
46455,235,253,0
46456,54,174,1
46457,174,6150,1
46458,6406,52,0
46459,52,6437,0
46460,6357,52,0
46461,52,33,0
46462,6424,52,0
46463,288,398,0
46464,207,421,0
46465,207,243,0
46466,288,478,0
46467,288,424,0
46468,288,243,0
46469,396,452,0
46470,284,443,0
46471,6373,6318,0
46472,6373,6294,0
46473,486,320,0
46474,6400,34,0
46475,6400,6393,0
46476,6400,6427,0
46477,284,471,0
46478,580,674,0
46479,203,415,0
46480,346,415,0
46481,6112,6281,0
46482,6112,5880,0
46483,6112,6004,0
46484,870,1066,0
46485,938,1112,0
46486,938,1066,0
46487,185,571,0
46488,185,160,0
46489,112,160,0
46490,112,571,1
46491,112,185,0
46492,160,571,0
46493,595,669,0
46494,717,670,0
46495,717,669,0
46496,717,595,0
46497,670,669,0
46498,486,421,0
46499,486,540,0
46500,540,421,0
46501,884,421,0
46502,717,875,0
46503,697,875,0
46504,875,907,0
46505,422,486,0
46506,6494,149,0
46507,6036,5844,0
46508,278,117,0
46509,184,221,0
46510,88,6318,0
46511,418,541,0
46512,418,444,0
46513,212,418,0
46514,201,112,0
46515,562,112,0
46516,5694,5775,0
46517,5836,5644,0
46518,451,259,0
46519,6494,81,0
46520,34,143,0
46521,117,207,0
46522,288,207,0
46523,845,664,0
46524,6504,146,1
46525,6504,185,0
46526,437,6504,1
46527,100,207,0
46528,126,6537,1
46529,157,320,0
46530,316,157,0
46531,88,278,0
46532,67,117,0
46533,612,463,0
46534,612,587,0
46535,256,206,0
46536,6462,6513,0
46537,6493,6453,0
46538,6493,6488,0
46539,17,6488,0
46540,6488,6453,0
46541,165,6488,0
46542,117,100,0
46543,5930,6105,0
46544,1336,966,0
46545,871,740,0
46546,6452,6271,0
46547,6271,6496,0
46548,853,647,0
46549,118,109,0
46550,34,109,0
46551,350,486,0
46552,6472,6275,0
46553,651,243,1
46554,256,118,0
46555,109,163,0
46556,109,256,0
46557,163,118,0
46558,917,966,0
46559,917,1336,1
46560,1018,917,1
46561,376,418,0
46562,376,415,0
46563,203,418,0
46564,203,376,0
46565,415,418,0
46566,6513,6498,0
46567,1277,1486,0
46568,758,952,0
46569,901,952,0
46570,243,221,0
46571,243,117,0
46572,100,6478,0
46573,465,575,0
46574,465,382,0
46575,465,541,0
46576,486,321,0
46577,486,207,0
46578,422,582,0
46579,540,582,0
46580,582,387,0
46581,486,243,0
46582,569,236,0
46583,569,302,0
46584,6203,6148,0
46585,1185,1079,0
46586,129,118,0
46587,203,129,0
46588,5721,6383,0
46589,5721,5801,0
46590,5721,5706,0
46591,46,16,0
46592,126,34,0
46593,13,16,0
46594,13,6345,0
46595,13,6288,0
46596,16,6345,0
46597,902,1012,0
46598,902,923,0
46599,845,1012,0
46600,845,902,0
46601,16,6262,0
46602,256,416,0
46603,505,320,0
46604,505,256,0
46605,416,320,0
46606,6288,6273,0
46607,6345,6426,0
46608,6427,6263,0
46609,6400,6409,0
46610,6263,6409,0
46611,116,456,0
46612,146,320,1
46613,472,146,0
46614,4980,4921,0
46615,4929,4976,0
46616,6190,6283,0
46617,6252,6283,0
46618,6283,6108,0
46619,5582,5790,0
46620,5582,5649,0
46621,5750,5649,0
46622,5750,5790,0
46623,5750,5582,0
46624,6495,34,0
46625,6400,6495,0
46626,6373,6425,0
46627,6261,6462,0
46628,6261,6373,0
46629,516,320,0
46630,320,602,0
46631,6393,6263,0
46632,6474,46,0
46633,34,6533,0
46634,952,867,0
46635,212,376,0
46636,1066,1109,0
46637,1112,1109,0
46638,1109,1104,0
46639,163,143,0
46640,129,381,0
46641,376,431,0
46642,376,381,0
46643,376,129,0
46644,431,381,0
46645,6345,6259,0
46646,6010,6259,0
46647,6216,6259,0
46648,6216,6410,0
46649,6231,6259,0
46650,6231,6216,0
46651,595,523,0
46652,669,523,0
46653,669,618,0
46654,523,618,0
46655,5994,6136,0
46656,418,589,0
46657,618,917,0
46658,966,875,0
46659,966,618,0
46660,875,917,1
46661,565,568,0
46662,109,69,0
46663,853,944,0
46664,442,368,0
46665,416,415,0
46666,416,523,0
46667,904,1063,0
46668,904,978,0
46669,1052,978,0
46670,1052,1063,0
46671,675,647,0
46672,675,787,0
46673,382,563,0
46674,256,203,0
46675,143,256,0
46676,416,203,0
46677,985,655,0
46678,418,346,0
46679,76,381,0
46680,76,120,0
46681,49,381,0
46682,49,76,0
46683,6333,6532,0
46684,753,706,0
46685,753,748,0
46686,798,753,0
46687,465,563,0
46688,6459,65,0
46689,5667,5466,0
46690,5804,5466,0
46691,6054,5817,0
46692,6054,5956,0
46693,5857,5817,0
46694,5857,6054,0
46695,5956,5817,0
46696,283,300,0
46697,300,311,0
46698,311,422,0
46699,165,34,0
46700,165,206,0
46701,165,46,0
46702,6427,165,0
46703,6448,6484,0
46704,6448,6427,0
46705,165,6484,0
46706,6263,6336,0
46707,1608,1312,0
46708,1608,1232,0
46709,1312,1232,0
46710,165,194,0
46711,317,379,0
46712,379,406,0
46713,368,465,0
46714,465,442,0
46715,447,654,0
46716,510,654,0
46717,575,654,0
46718,531,470,0
46719,606,387,0
46720,606,531,0
46721,5864,5937,0
46722,5852,5937,0
46723,618,558,0
46724,618,697,0
46725,714,697,0
46726,714,558,0
46727,697,558,0
46728,31,165,0
46729,165,94,0
46730,1336,1126,0
46731,1126,966,0
46732,203,31,0
46733,523,418,0
46734,523,589,0
46735,415,589,0
46736,111,31,0
46737,625,647,0
46738,495,420,0
46739,495,552,0
46740,439,552,0
46741,439,495,0
46742,552,420,0
46743,444,346,0
46744,6484,6426,0
46745,69,6484,0
46746,6190,6221,0
46747,6283,6221,0
46748,6221,6108,0
46749,397,256,0
46750,397,416,0
46751,505,397,0
46752,1146,1261,0
46753,1036,1261,0
46754,6285,6401,0
46755,6285,6529,0
46756,120,6529,0
46757,120,6401,0
46758,120,6285,0
46759,6418,6475,0
46760,6423,6475,0
46761,6200,6203,0
46762,6200,6397,0
46763,6213,6397,0
46764,6397,6203,0
46765,6336,6448,0
46766,31,6336,0
46767,6493,85,0
46768,214,6493,0
46769,6388,6409,0
46770,6427,6399,0
46771,6448,6399,0
46772,465,444,0
46773,51,212,0
46774,111,51,0
46775,742,841,0
46776,1587,841,0
46777,1587,742,0
46778,433,425,0
46779,569,433,0
46780,376,256,0
46781,376,118,0
46782,6459,6112,0
46783,558,602,0
46784,602,714,0
46785,121,134,0
46786,182,152,0
46787,182,315,0
46788,623,315,0
46789,623,152,0
46790,444,194,0
46791,595,530,0
46792,1043,1277,0
46793,1277,1073,0
46794,630,881,0
46795,884,870,0
46796,820,845,0
46797,206,430,0
46798,1005,940,0
46799,940,1036,0
46800,907,966,0
46801,269,303,0
46802,287,303,0
46803,959,749,0
46804,320,714,1
46805,717,618,0
46806,523,530,0
46807,415,256,0
46808,1707,1489,0
46809,1371,1438,0
46810,892,874,0
46811,892,977,0
46812,944,874,0
46813,944,892,0
46814,772,747,0
46815,406,772,0
46816,1336,1433,1
46817,1420,1597,0
46818,984,1012,0
46819,984,1060,0
46820,1116,1012,0
46821,683,867,0
46822,966,934,0
46823,595,541,0
46824,669,530,0
46825,541,530,0
46826,556,346,0
46827,399,516,0
46828,618,320,1
46829,1042,1025,0
46830,869,1042,0
46831,1025,860,0
46832,904,863,0
46833,707,863,0
46834,707,979,0
46835,863,979,0
46836,952,904,0
46837,952,1052,0
46838,1063,952,0
46839,214,265,0
46840,94,265,0
46841,94,303,0
46842,94,214,0
46843,892,920,0
46844,976,920,0
46845,976,892,0
46846,430,516,0
46847,1559,1764,1
46848,1250,1256,0
46849,1386,1250,0
46850,1256,1419,0
46851,300,414,0
46852,136,300,0
46853,6520,6483,0
46854,923,984,0
46855,6360,6385,0
46856,121,106,0
46857,38,213,0
46858,38,121,0
46859,944,1036,0
46860,944,787,0
46861,1017,1042,0
46862,1479,1547,0
46863,870,740,0
46864,707,1000,0
46865,647,700,0
46866,656,604,0
46867,589,556,0
46868,797,734,0
46869,758,1007,0
46870,901,1007,0
46871,1007,952,0
46872,961,966,0
46873,556,418,0
46874,556,700,0
46875,523,700,0
46876,697,700,0
46877,697,675,0
46878,6384,6126,0
46879,6384,6234,0
46880,6229,6384,0
46881,187,89,0
46882,303,165,0
46883,931,965,0
46884,1100,965,0
46885,531,609,0
46886,531,517,0
46887,363,531,0
46888,6330,6183,0
46889,952,787,0
46890,901,944,0
46891,657,826,0
46892,430,290,0
46893,1490,1488,0
46894,1439,1488,0
46895,865,753,0
46896,865,798,0
46897,860,865,0
46898,303,399,0
46899,422,321,0
46900,422,734,0
46901,540,734,0
46902,6122,43,0
46903,510,442,0
46904,465,510,0
46905,714,871,0
46906,714,884,1
46907,664,714,0
46908,6432,6382,0
46909,42,187,0
46910,865,767,0
46911,865,796,0
46912,609,767,0
46913,609,865,0
46914,1385,1401,0
46915,1528,1636,0
46916,1511,1636,0
46917,1580,1588,0
46918,1588,1533,0
46919,826,819,0
46920,540,826,0
46921,706,582,0
46922,1342,1163,0
46923,1342,920,0
46924,1163,976,0
46925,892,877,0
46926,944,877,0
46927,877,920,0
46928,860,874,0
46929,700,797,0
46930,700,786,0
46931,700,853,0
46932,969,1154,0
46933,860,1154,0
46934,753,716,0
46935,753,919,0
46936,6501,181,0
46937,283,455,0
46938,385,363,0
46939,363,269,0
46940,258,300,0
46941,6342,6532,0
46942,6532,6503,0
46943,531,532,0
46944,1512,1545,0
46945,326,801,0
46946,327,672,0
46947,327,801,0
46948,1136,1458,0
46949,853,675,0
46950,165,214,0
46951,283,532,0
46952,920,690,0
46953,920,767,0
46954,5529,5694,0
46955,5529,5770,0
46956,379,593,0
46957,6393,6425,0
46958,214,46,0
46959,214,290,0
46960,85,6452,0
46961,5864,6132,0
46962,5853,6132,0
46963,5836,6132,0
46964,6493,6452,0
46965,6130,6235,0
46966,6273,6235,0
46967,6399,6435,0
46968,6271,6453,0
46969,6271,6399,0
46970,265,17,0
46971,65,269,0
46972,6294,6246,0
46973,6399,6509,0
46974,6466,6344,0
46975,6466,6472,0
46976,6466,6275,0
46977,91,138,0
46978,569,425,0
46979,6311,6348,0
46980,6374,6348,0
46981,6374,6311,0
46982,6334,6452,0
46983,6122,6452,0
46984,6520,181,0
46985,6334,6472,0
46986,56,6472,0
46987,295,539,0
46988,560,295,0
46989,225,154,0
46990,569,796,0
46991,6018,5967,0
46992,6384,6485,0
46993,6384,6330,0
46994,6384,6491,0
46995,4841,4552,0
46996,6493,6271,0
46997,6260,6271,0
46998,6260,6488,0
46999,6260,6493,0
47000,6448,6509,0
47001,6420,6342,0
47002,6420,6503,0
47003,6532,6420,0
47004,6505,2,0
47005,5989,5966,0
47006,465,625,0
47007,625,442,0
47008,17,43,0
47009,154,42,0
47010,57,6472,0
47011,57,6334,0
47012,102,128,0
47013,511,463,0
47014,120,170,0
47015,170,82,0
47016,6469,6384,0
47017,5817,5828,0
47018,140,154,0
47019,1,140,0
47020,140,42,0
47021,6051,6105,0
47022,6105,6112,0
47023,6275,6122,0
47024,6275,6230,0
47025,6008,6122,0
47026,6492,6497,0
47027,5067,4551,0
47028,6316,6242,0
47029,6121,6242,0
47030,6536,6490,0
47031,433,567,0
47032,5292,5138,0
47033,363,195,0
47034,570,604,0
47035,634,581,0
47036,823,634,0
47037,400,518,0
47038,400,599,0
47039,400,543,0
47040,518,599,0
47041,372,519,0
47042,107,101,0
47043,616,213,0
47044,98,325,0
47045,614,518,0
47046,469,666,0
47047,469,614,0
47048,518,666,0
47049,21,119,0
47050,64,6510,0
47051,6510,119,0
47052,458,496,0
47053,665,362,0
47054,665,496,0
47055,665,458,0
47056,372,477,0
47057,323,372,0
47058,477,330,0
47059,2,148,0
47060,2,78,0
47061,6507,2,0
47062,98,6458,0
47063,6458,101,0
47064,965,754,0
47065,666,653,0
47066,666,754,0
47067,666,965,0
47068,653,754,0
47069,625,368,0
47070,507,322,0
47071,479,225,0
47072,89,121,0
47073,874,920,0
47074,874,767,0
47075,291,295,0
47076,648,6553,0
47077,6520,134,0
47078,6449,134,0
47079,883,712,0
47080,883,713,0
47081,713,712,0
47082,308,400,0
47083,448,308,0
47084,612,775,0
47085,295,299,0
47086,1574,1626,0
47087,1610,1574,0
47088,721,548,0
47089,511,548,0
47090,511,732,0
47091,614,683,0
47092,614,616,0
47093,707,616,0
47094,707,614,0
47095,796,531,0
47096,581,665,0
47097,653,823,0
47098,653,665,0
47099,653,581,0
47100,823,665,0
47101,690,569,0
47102,5990,6127,0
47103,6060,5990,0
47104,6113,6127,0
47105,1285,1319,0
47106,1319,1089,0
47107,609,612,0
47108,463,616,0
47109,252,128,0
47110,448,548,0
47111,548,518,0
47112,479,507,0
47113,433,625,0
47114,625,425,0
47115,1471,1275,0
47116,767,860,0
47117,767,753,0
47118,295,587,0
47119,84,280,0
47120,50,308,0
47121,417,308,0
47122,417,50,0
47123,245,308,0
47124,921,716,0
47125,3710,4800,0
47126,3868,4992,0
47127,270,93,0
47128,270,231,0
47129,6492,270,0
47130,610,587,0
47131,1173,1342,0
47132,1173,976,0
47133,1371,1402,0
47134,252,587,0
47135,328,295,0
47136,1077,573,0
47137,315,1077,0
47138,543,289,0
47139,511,543,0
47140,754,650,0
47141,754,423,0
47142,572,754,0
47143,925,1122,0
47144,925,754,0
47145,731,754,0
47146,731,1122,0
47147,1199,996,0
47148,1199,1264,0
47149,1399,1264,0
47150,1399,996,0
47151,1264,996,0
47152,1295,1388,0
47153,1381,1342,0
47154,1388,1342,0
47155,6459,186,0
47156,6243,6302,0
47157,6243,6127,0
47158,6507,6535,0
47159,181,456,0
47160,276,400,0
47161,6073,6175,0
47162,6175,6329,0
47163,6444,6505,0
47164,36,6505,0
47165,5226,5330,0
47166,4783,4446,0
47167,739,666,0
47168,931,754,0
47169,614,754,0
47170,612,707,0
47171,612,683,0
47172,417,518,0
47173,548,519,0
47174,6234,6189,0
47175,6189,6126,0
47176,1297,1100,0
47177,106,289,0
47178,106,164,0
47179,1489,1540,0
47180,1517,1540,0
47181,99,18,0
47182,99,77,0
47183,158,77,0
47184,158,18,0
47185,158,99,0
47186,6444,6223,0
47187,6302,6223,0
47188,6223,6312,0
47189,1063,1003,0
47190,1063,1070,0
47191,1063,1007,0
47192,1003,1070,0
47193,5725,5797,0
47194,1333,1084,0
47195,1131,1333,0
47196,213,191,0
47197,5777,6045,0
47198,5777,6019,0
47199,116,6519,0
47200,6404,6253,0
47201,6404,6444,0
47202,510,433,0
47203,57,90,0
47204,381,544,0
47205,120,544,0
47206,120,451,0
47207,248,291,0
47208,191,248,0
47209,248,463,0
47210,5941,6116,0
47211,6081,6116,0
47212,6081,5941,0
47213,6116,5901,0
47214,616,248,0
47215,400,469,0
47216,6452,6344,0
47217,6271,6344,0
47218,6230,6344,0
47219,1058,1187,0
47220,841,727,0
47221,6343,57,0
47222,6343,90,0
47223,489,329,0
47224,489,553,0
47225,654,329,0
47226,654,489,0
47227,6008,5852,0
47228,6008,5864,0
47229,1539,1553,0
47230,1608,1553,0
47231,6307,6388,0
47232,6336,6178,0
47233,6336,6388,0
47234,6336,6307,0
47235,6178,6388,0
47236,6342,6281,0
47237,6342,6284,0
47238,6343,6281,0
47239,6343,6342,0
47240,6342,6541,0
47241,165,219,0
47242,71,99,0
47243,302,425,0
47244,279,489,0
47245,279,259,0
47246,279,544,0
47247,120,160,0
47248,120,201,0
47249,1312,1659,0
47250,1608,1605,0
47251,397,523,0
47252,397,472,0
47253,505,472,0
47254,472,523,0
47255,5784,5836,0
47256,5784,5644,0
47257,5784,5694,0
47258,6100,6172,0
47259,6081,6255,0
47260,6172,6255,0
47261,116,6520,0
47262,267,86,0
47263,5931,6018,0
47264,5816,6018,0
47265,6462,100,0
47266,1136,886,0
47267,1218,886,0
47268,1021,810,0
47269,838,810,0
47270,810,723,0
47271,392,593,0
47272,1007,925,0
47273,5743,5936,0
47274,5743,5872,0
47275,6275,6334,0
47276,6452,6275,0
47277,6459,6399,0
47278,5648,5467,0
47279,5527,5467,0
47280,5527,5620,0
47281,5467,5620,0
47282,426,97,0
47283,6155,6281,0
47284,6155,6423,0
47285,6388,6281,0
47286,6388,6155,0
47287,6423,6281,0
47288,6235,6099,0
47289,6273,5930,0
47290,6210,6203,0
47291,6210,30,0
47292,6186,30,0
47293,6186,6203,0
47294,6186,6210,0
47295,30,6203,0
47296,5976,6018,0
47297,5889,5802,0
47298,5889,5816,0
47299,5931,5889,0
47300,82,32,0
47301,82,6475,0
47302,5798,5870,0
47303,5798,5976,0
47304,6168,5976,0
47305,8,223,0
47306,6308,141,0
47307,180,6501,0
47308,6276,210,0
47309,6276,6308,0
47310,223,6308,0
47311,1039,640,0
47312,210,727,0
47313,223,727,0
47314,5543,5415,0
47315,5618,5415,0
47316,6397,6342,0
47317,6501,6535,0
47318,510,377,0
47319,405,495,0
47320,405,552,0
47321,315,552,0
47322,315,495,0
47323,315,405,0
47324,6444,6204,0
47325,6223,6204,0
47326,731,616,0
47327,1605,1539,0
47328,1635,1232,0
47329,1232,1539,0
47330,1110,1232,0
47331,544,891,0
47332,575,579,0
47333,575,891,0
47334,575,544,0
47335,654,625,0
47336,654,514,0
47337,654,567,0
47338,155,426,0
47339,2,99,0
47340,5945,6196,0
47341,1215,944,0
47342,1215,1036,0
47343,1249,1036,0
47344,654,426,0
47345,239,198,0
47346,841,198,0
47347,377,368,0
47348,170,377,0
47349,186,134,0
47350,6423,6397,0
47351,116,6449,0
47352,276,224,0
47353,5531,5801,0
47354,6337,6397,0
47355,79,6397,0
47356,261,96,0
47357,179,261,0
47358,78,198,0
47359,134,57,0
47360,5864,5782,0
47361,5864,5824,0
47362,6380,6360,0
47363,6380,6473,0
47364,6519,6380,0
47365,599,614,0
47366,400,614,0
47367,5941,5729,0
47368,5941,5783,0
47369,6116,5783,0
47370,6116,5729,0
47371,5783,5729,0
47372,134,90,0
47373,5635,5466,0
47374,5466,5640,0
47375,456,224,0
47376,148,495,0
47377,6532,6459,0
47378,6459,6503,0
47379,6532,155,0
47380,6532,379,0
47381,90,6532,0
47382,6532,317,0
47383,6419,6374,0
47384,5962,6059,0
47385,5640,5523,0
47386,5640,5413,0
47387,5543,5523,0
47388,5413,5523,0
47389,6419,6333,0
47390,6172,6333,0
47391,6532,57,0
47392,653,458,0
47393,1319,1359,0
47394,1319,1260,0
47395,1218,1084,0
47396,176,261,0
47397,176,439,0
47398,148,176,0
47399,6535,6317,0
47400,1714,1605,0
47401,476,379,0
47402,1605,1541,0
47403,1309,1605,0
47404,1320,1110,0
47405,1272,1110,0
47406,456,469,0
47407,456,614,0
47408,6360,6414,0
47409,38,6380,0
47410,6082,6204,0
47411,6223,5990,0
47412,6223,6082,0
47413,6204,5990,0
47414,79,6213,0
47415,99,176,0
47416,99,96,0
47417,71,176,0
47418,96,176,0
47419,1458,1165,0
47420,224,400,0
47421,344,400,0
47422,344,224,0
47423,1529,2560,0
47424,650,469,0
47425,650,456,0
47426,344,456,0
47427,344,469,0
47428,224,643,0
47429,224,261,0
47430,1614,2083,0
47431,2083,1487,0
47432,405,389,0
47433,420,405,0
47434,552,389,0
47435,544,329,0
47436,654,279,0
47437,654,544,0
47438,329,279,0
47439,1546,1885,0
47440,1224,1105,0
47441,1105,1111,0
47442,6538,6069,0
47443,6538,6439,0
47444,476,261,0
47445,5067,4545,0
47446,1603,1596,0
47447,731,423,0
47448,572,731,0
47449,721,718,0
47450,718,759,0
47451,5540,5386,0
47452,6465,1451,0
47453,6531,198,0
47454,405,249,0
47455,249,495,0
47456,1089,942,0
47457,1310,1089,0
47458,1319,942,0
47459,1165,1291,0
47460,1165,1249,0
47461,1039,1291,0
47462,5912,5759,0
47463,3,5759,0
47464,3,5434,0
47465,5759,5434,0
47466,572,723,0
47467,723,423,0
47468,727,506,0
47469,727,893,0
47470,493,727,0
47471,1005,895,0
47472,6531,6317,0
47473,613,179,0
47474,731,614,0
47475,661,593,0
47476,553,661,0
47477,1458,1512,0
47478,1599,1399,0
47479,1546,1399,0
47480,1317,1163,0
47481,1317,1295,0
47482,6175,2,0
47483,6253,6439,0
47484,1579,1643,0
47485,799,672,0
47486,799,882,0
47487,799,801,0
47488,1342,1205,0
47489,1312,1553,0
47490,4802,4924,0
47491,1070,1178,0
47492,1052,1178,0
47493,1021,965,0
47494,723,965,0
47495,513,5393,0
47496,513,5882,0
47497,5882,5981,0
47498,5882,6465,0
47499,4451,5981,0
47500,4451,5882,0
47501,6465,573,0
47502,817,985,0
47503,1570,1616,0
47504,643,868,0
47505,822,1039,0
47506,1039,886,0
47507,259,326,0
47508,326,279,0
47509,822,1003,0
47510,822,1136,0
47511,259,120,0
47512,593,139,0
47513,6337,6255,0
47514,6397,6255,0
47515,637,562,0
47516,185,381,0
47517,527,185,0
47518,1320,1158,0
47519,1433,1158,0
47520,1272,1158,0
47521,1309,1645,0
47522,1058,39,0
47523,5127,6205,0
47524,883,737,0
47525,883,611,0
47526,333,613,0
47527,6151,239,0
47528,5363,5666,0
47529,5363,5596,0
47530,5362,5596,0
47531,5362,5666,0
47532,5362,5363,0
47533,799,1372,0
47534,799,1165,0
47535,1690,1372,0
47536,1165,1372,0
47537,1442,1520,0
47538,1520,1376,0
47539,6454,5945,0
47540,5954,5972,0
47541,5936,5972,0
47542,5972,5743,0
47543,5393,4787,0
47544,4797,5434,0
47545,4797,4787,0
47546,5378,5981,0
47547,5034,4991,0
47548,5034,4783,0
47549,4842,5034,0
47550,4783,4991,0
47551,6121,6116,0
47552,4665,5001,0
47553,4702,5001,0
47554,1556,1497,0
47555,1820,1593,0
47556,1605,1081,0
47557,1605,1320,0
47558,661,799,0
47559,6205,6415,0
47560,39,6415,0
47561,460,6415,0
47562,97,279,0
47563,5502,5954,0
47564,5502,6308,0
47565,5502,6454,0
47566,6308,5945,0
47567,259,30,0
47568,259,429,0
47569,6112,5739,0
47570,5822,6112,0
47571,4802,5021,0
47572,1187,1714,0
47573,1187,879,0
47574,1187,1537,0
47575,637,814,0
47576,640,882,0
47577,1165,553,0
47578,553,882,0
47579,5991,5718,0
47580,5991,4992,0
47581,5168,5991,0
47582,660,429,0
47583,4143,6663,0
47584,3786,6663,0
47585,893,661,0
47586,810,854,0
47587,1134,810,0
47588,1698,1554,0
47589,1264,810,0
47590,1021,996,0
47591,838,996,0
47592,1023,996,0
47593,614,643,0
47594,742,1311,0
47595,893,1587,0
47596,1587,506,0
47597,1489,1333,0
47598,1579,1494,0
47599,1585,1494,0
47600,1585,1579,0
47601,1643,1494,0
47602,771,6555,0
47603,858,6555,0
47604,1494,1517,0
47605,1494,1720,0
47606,1639,1934,0
47607,5498,5126,0
47608,5240,5126,0
47609,5240,5498,0
47610,5126,5167,0
47611,1077,1487,0
47612,6531,6308,0
47613,5882,6439,0
47614,6151,6439,0
47615,513,6439,0
47616,1402,1207,0
47617,1396,1207,0
47618,1371,1207,0
47619,1579,1525,0
47620,1475,1579,0
47621,1653,2738,0
47622,1906,1639,0
47623,1793,1616,0
47624,772,593,0
47625,772,514,0
47626,249,176,0
47627,261,158,0
47628,261,249,0
47629,158,176,0
47630,6276,4859,0
47631,5981,4422,0
47632,5981,4859,0
47633,4422,4859,0
47634,1163,958,0
47635,344,405,0
47636,6033,5696,0
47637,2066,1487,0
47638,2066,1529,0
47639,4787,4572,0
47640,405,176,0
47641,344,176,0
47642,5902,6048,0
47643,1603,1497,0
47644,1555,1603,0
47645,1399,1023,0
47646,439,810,0
47647,315,78,0
47648,239,315,0
47649,751,996,0
47650,405,182,0
47651,405,60,0
47652,48,182,0
47653,48,405,0
47654,1199,810,0
47655,1134,1199,0
47656,1131,810,0
47657,5947,6006,0
47658,6073,6006,0
47659,5871,6006,0
47660,247,239,0
47661,247,315,0
47662,810,868,0
47663,176,495,0
47664,751,849,0
47665,727,628,0
47666,810,613,0
47667,5378,6308,0
47668,751,239,0
47669,996,841,0
47670,996,810,0
47671,1820,1614,0
47672,78,495,0
47673,148,315,0
47674,1021,1160,0
47675,6465,6531,0
47676,1170,738,0
47677,6550,1170,0
47678,1281,1576,0
47679,1281,2051,0
47680,1281,2619,0
47681,1281,2738,0
47682,1281,4143,0
47683,6151,4143,0
47684,1014,928,0
47685,1014,1340,0
47686,5969,5899,0
47687,3225,4787,0
47688,720,623,0
47689,152,720,0
47690,623,334,0
47691,3915,4643,0
47692,623,1038,0
47693,849,315,0
47694,849,1038,0
47695,849,623,0
47696,946,554,0
47697,4316,6151,0
47698,5850,6610,0
47699,4513,4787,0
47700,6002,6006,0
47701,5850,3877,0
47702,513,1077,0
47703,1014,765,0
47704,1014,813,0
47705,1014,1064,0
47706,1774,1323,0
47707,495,2,0
47708,176,2,0
47709,996,573,0
47710,5975,6002,0
47711,1793,1570,0
47712,315,838,0
47713,1199,1497,0
47714,1497,1347,0
47715,5830,5646,0
47716,5830,5768,0
47717,5646,5741,0
47718,5780,5590,0
47719,5590,5513,0
47720,1340,6586,0
47721,1497,1585,0
47722,6663,2495,0
47723,6253,6068,0
47724,1463,1323,0
47725,1269,1463,0
47726,495,48,0
47727,315,2,0
47728,315,48,0
47729,481,436,0
47730,348,634,0
47731,552,423,0
47732,405,481,0
47733,634,405,0
47734,176,48,0
47735,1347,1556,0
47736,1340,1347,0
47737,1603,1804,0
47738,720,20,0
47739,1504,1525,0
47740,513,1038,0
47741,1170,1380,0
47742,1747,1170,0
47743,1757,1380,0
47744,5359,3877,0
47745,5359,6672,0
47746,6549,359,0
47747,6549,113,0
47748,6549,6530,0
47749,5516,5899,0
47750,5899,5535,0
47751,1639,2066,0
47752,6069,6479,0
47753,60,63,0
47754,60,6538,0
47755,1497,1127,0
47756,619,1044,0
47757,909,1044,0
47758,116,71,0
47759,720,1804,0
47760,6458,107,0
47761,161,107,0
47762,107,6549,0
47763,1260,1119,0
47764,1593,1934,0
47765,5714,5610,0
47766,6606,1554,0
47767,60,36,0
47768,6549,101,0
47769,1454,1447,0
47770,6591,1447,0
47771,623,928,0
47772,59,199,0
47773,199,251,0
47774,592,627,0
47775,592,639,0
47776,325,639,0
47777,325,627,0
47778,325,592,0
47779,639,627,0
47780,648,245,0
47781,648,348,0
47782,495,723,0
47783,659,813,0
47784,619,813,0
47785,813,945,0
47786,703,6560,0
47787,954,6560,0
47788,1698,6606,0
47789,1711,1477,0
47790,6606,1477,0
47791,59,113,0
47792,59,6530,0
47793,1014,1269,0
47794,1014,6586,0
47795,534,5434,0
47796,439,723,0
47797,1077,928,0
47798,5359,4787,0
47799,659,1014,0
47800,1014,945,0
47801,659,218,0
47802,885,964,0
47803,885,946,0
47804,5863,5755,0
47805,1175,997,0
47806,997,1083,0
47807,423,224,0
47808,251,964,0
47809,251,20,0
47810,334,20,0
47811,334,964,0
47812,5776,5902,0
47813,5776,5932,0
47814,474,5950,0
47815,5950,6554,0
47816,6497,113,0
47817,6497,63,0
47818,6551,639,0
47819,592,632,0
47820,1341,1463,0
47821,1467,1269,0
47822,1467,1341,0
47823,5878,5969,0
47824,954,6570,0
47825,474,1405,0
47826,623,218,0
47827,59,6147,0
47828,1032,600,0
47829,1032,815,0
47830,968,1032,0
47831,1477,1804,0
47832,6497,6313,0
47833,6492,6313,0
47834,6554,313,0
47835,885,720,0
47836,964,615,0
47837,1228,1006,0
47838,909,359,0
47839,4734,4616,0
47840,4334,4914,0
47841,4334,4734,0
47842,5786,5369,0
47843,885,334,0
47844,5878,5564,0
47845,4787,5229,0
47846,1711,1823,0
47847,765,885,0
47848,538,359,0
47849,1172,1463,0
47850,1175,1463,0
47851,1303,1119,0
47852,1032,738,0
47853,738,600,0
47854,1529,885,0
47855,6555,733,0
47856,5695,5657,0
47857,1032,1170,0
47858,6554,6457,0
47859,272,273,0
47860,272,196,0
47861,968,1390,0
47862,1390,600,0
47863,6601,1711,0
47864,1032,1241,0
47865,1032,6570,0
47866,6157,5886,0
47867,6157,6709,0
47868,435,627,0
47869,945,948,0
47870,945,1044,0
47871,619,1072,0
47872,1135,1175,0
47873,1583,1172,0
47874,997,1583,0
47875,1172,1037,0
47876,1083,1341,0
47877,1323,1341,0
47878,997,1035,0
47879,1583,1035,0
47880,1380,1241,0
47881,5746,6202,0
47882,5738,6111,0
47883,5738,5746,0
47884,6202,6111,0
47885,5753,6703,0
47886,1698,1790,0
47887,1698,6598,0
47888,942,975,0
47889,883,942,0
47890,1175,6610,0
47891,6567,1032,0
47892,6567,968,0
47893,1035,1032,0
47894,1698,1774,0
47895,1359,1549,0
47896,1504,1359,0
47897,1549,1495,0
47898,538,909,0
47899,1119,1364,0
47900,1364,1044,0
47901,107,199,0
47902,3838,3917,0
47903,6570,1035,0
47904,6591,1418,0
47905,1583,1405,0
47906,1428,1409,0
47907,1467,1364,0
47908,1170,1241,0
47909,1172,1341,0
47910,4624,4695,0
47911,1780,6589,0
47912,738,1380,0
47913,6542,245,0
47914,1014,1072,0
47915,1072,813,0
47916,1083,1463,0
47917,1083,1172,0
47918,945,1175,0
47919,885,945,0
47920,1037,1083,0
47921,883,1061,0
47922,1037,1463,0
47923,1698,1323,0
47924,6561,808,0
47925,648,362,0
47926,6553,245,0
47927,6553,362,0
47928,36,6519,0
47929,6519,71,0
47930,1359,1467,0
47931,726,199,0
47932,1030,713,0
47933,6563,808,0
47934,5314,4863,0
47935,1261,1256,0
47936,1266,1256,0
47937,1036,1256,0
47938,6412,6497,0
47939,113,6412,0
47940,262,434,0
47941,262,362,0
47942,308,362,0
47943,308,434,0
47944,1390,1380,0
47945,1390,1170,0
47946,6589,1380,0
47947,1035,1390,0
47948,6553,348,0
47949,6047,6233,0
47950,1473,1666,0
47951,6570,1380,0
47952,6143,6198,0
47953,6549,615,0
47954,615,199,0
47955,1061,1303,0
47956,5692,5424,0
47957,6684,5424,0
47958,1390,1032,0
47959,4708,3838,0
47960,6684,6681,0
47961,313,6047,0
47962,6457,313,0
47963,313,615,0
47964,5459,5787,0
47965,5459,5657,0
47966,5833,5657,0
47967,5833,5787,0
47968,5657,5787,0
47969,5459,5786,0
47970,6703,5886,0
47971,6703,5641,0
47972,6703,6065,0
47973,6295,5657,0
47974,6295,6703,0
47975,6065,5657,0
47976,1390,474,0
47977,272,280,0
47978,280,93,0
47979,6233,6610,0
47980,1032,1380,0
47981,6083,6053,0
47982,6083,6147,0
47983,6111,6714,0
47984,615,6305,0
47985,615,20,0
47986,5446,6143,0
47987,5446,6198,0
47988,6251,6143,0
47989,435,161,0
47990,226,161,0
47991,987,6237,0
47992,6268,6714,0
47993,6387,6714,0
47994,6387,6712,0
47995,6714,6712,0
47996,1473,1032,0
47997,233,6458,0
47998,6295,5878,0
47999,910,1086,0
48000,1310,1504,0
48001,6705,6157,0
48002,6556,840,0
48003,6556,713,0
48004,1341,909,0
48005,1167,1086,0
48006,1167,1041,0
48007,910,1167,0
48008,823,1072,0
48009,6567,815,0
48010,1061,1285,0
48011,5803,6295,0
48012,5803,6065,0
48013,6157,6065,0
48014,6065,6711,0
48015,6553,359,0
48016,619,325,0
48017,1269,1549,0
48018,6428,6387,0
48019,107,6387,0
48020,107,6328,0
48021,107,6428,0
48022,6428,6268,0
48023,6198,6268,0
48024,948,1037,0
48025,1083,909,0
48026,1083,948,0
48027,272,325,0
48028,190,342,0
48029,190,337,0
48030,280,337,0
48031,1279,1086,0
48032,1164,1196,0
48033,1086,1035,0
48034,627,594,0
48035,445,594,0
48036,594,648,0
48037,948,538,0
48038,226,233,0
48039,1010,1290,0
48040,1495,1443,0
48041,1267,1334,0
48042,1086,696,0
48043,182,218,0
48044,262,245,0
48045,6028,5878,0
48046,1340,1064,0
48047,6347,6458,0
48048,107,6347,0
48049,885,554,0
48050,1652,6591,0
48051,1044,1037,0
48052,1044,948,0
48053,554,334,0
48054,594,639,0
48055,5886,6065,0
48056,653,693,0
48057,518,693,0
48058,813,594,0
48059,813,648,0
48060,659,594,0
48061,813,840,0
48062,813,1044,0
48063,839,813,0
48064,1418,1429,0
48065,325,445,0
48066,325,594,0
48067,435,445,0
48068,592,6556,0
48069,6556,627,0
48070,6553,435,0
48071,445,592,0
48072,733,676,0
48073,623,659,0
48074,623,554,0
48075,5679,6698,0
48076,594,839,0
48077,840,594,0
48078,823,659,0
48079,665,592,0
48080,50,436,0
48081,599,456,0
48082,616,599,0
48083,594,619,0
48084,83,226,0
48085,107,83,0
48086,6058,6062,0
48087,6479,5902,0
48088,6479,6351,0
48089,5063,5065,0
48090,5270,5063,0
48091,5878,6065,0
48092,5818,6065,0
48093,6143,6549,0
48094,5659,5749,0
48095,5659,6017,0
48096,5807,5749,0
48097,543,264,0
48098,264,548,0
48099,218,554,0
48100,6313,6265,0
48101,632,273,0
48102,723,634,0
48103,434,400,0
48104,469,308,0
48105,554,720,0
48106,6593,1495,0
48107,1089,1100,0
48108,1227,1089,0
48109,261,71,0
48110,59,6458,0
48111,359,226,0
48112,6015,6154,0
48113,84,262,0
48114,262,29,0
48115,77,176,0
48116,337,585,0
48117,6705,5886,0
48118,98,107,0
48119,280,592,0
48120,445,362,0
48121,634,315,0
48122,6412,6265,0
48123,6313,6412,0
48124,6497,6265,0
48125,280,445,0
48126,83,196,0
48127,83,6714,0
48128,466,83,0
48129,6519,224,0
48130,6313,84,0
48131,274,29,0
48132,177,29,0
48133,113,554,0
48134,113,199,0
48135,1347,1324,0
48136,813,665,0
48137,1160,823,0
48138,1064,1089,0
48139,823,1089,0
48140,1089,927,0
48141,1089,1105,0
48142,1105,927,0
48143,868,754,0
48144,325,337,0
48145,659,348,0
48146,6560,632,0
48147,458,648,0
48148,6583,1196,0
48149,6583,1376,0
48150,274,448,0
48151,372,448,0
48152,372,548,0
48153,648,839,0
48154,839,665,0
48155,713,627,0
48156,325,83,0
48157,632,696,0
48158,627,840,0
48159,627,839,0
48160,736,627,0
48161,466,6551,0
48162,370,347,0
48163,6382,6154,0
48164,667,596,0
48165,713,1027,0
48166,632,802,0
48167,632,910,0
48168,5657,5753,0
48169,83,6546,0
48170,83,161,0
48171,372,305,0
48172,6202,6268,0
48173,733,732,0
48174,6559,6551,0
48175,712,518,0
48176,712,448,0
48177,1224,1283,0
48178,6555,577,0
48179,519,712,0
48180,383,733,0
48181,373,383,0
48182,823,965,0
48183,496,274,0
48184,270,6540,0
48185,634,928,0
48186,849,634,0
48187,305,511,0
48188,530,670,0
48189,530,527,0
48190,437,527,1
48191,330,347,0
48192,274,119,0
48193,883,839,0
48194,839,942,0
48195,262,417,0
48196,436,344,0
48197,458,518,0
48198,665,518,0
48199,274,434,0
48200,119,262,0
48201,6542,190,0
48202,650,224,0
48203,456,423,0
48204,448,305,0
48205,60,50,0
48206,344,50,0
48207,713,737,0
48208,305,548,0
48209,927,1087,0
48210,975,1087,0
48211,548,227,0
48212,50,262,0
48213,37,262,0
48214,77,2,0
48215,93,190,0
48216,6293,6384,0
48217,434,496,0
48218,496,518,0
48219,190,270,0
48220,190,98,0
48221,6313,29,0
48222,5917,6016,0
48223,5917,6058,0
48224,29,119,0
48225,6293,6234,0
48226,6293,6430,0
48227,6293,6469,0
48228,6229,6430,0
48229,6469,6430,0
48230,6039,5917,0
48231,6293,6217,0
48232,6254,84,0
48233,6254,29,0
48234,6492,29,0
48235,5091,5103,0
48236,5091,4940,0
48237,5064,5103,0
48238,5064,5091,0
48239,6330,29,0
48240,6313,6485,0
48241,6313,6330,0
48242,6485,29,0
48243,249,224,0
48244,6380,96,0
48245,6380,71,0
48246,6520,6380,0
48247,6339,6267,0
48248,6339,6412,0
48249,6265,6267,0
48250,5912,5902,0
48251,5759,5700,0
48252,5303,5245,0
48253,48,6479,0
48254,48,6538,0
48255,6479,182,0
48256,6436,6290,0
48257,4799,4467,0
48258,5863,5768,0
48259,37,6505,0
48260,6486,6384,0
48261,6486,6473,0
48262,6204,6253,0
48263,6479,152,0
48264,293,152,0
48265,293,623,0
48266,5696,5451,0
48267,5882,6531,0
48268,239,5981,0
48269,239,5882,0
48270,6531,5981,0
48271,6444,6408,0
48272,6408,6302,0
48273,731,456,0
48274,224,731,0
48275,224,77,0
48276,839,737,0
48277,1588,1538,0
48278,731,650,0
48279,6408,60,0
48280,5798,5872,0
48281,5678,5872,0
48282,5872,5888,0
48283,6445,6187,0
48284,6189,6187,0
48285,6189,6302,0
48286,6189,6445,0
48287,6127,5863,0
48288,6204,5863,0
48289,99,261,0
48290,6501,99,0
48291,6253,6312,0
48292,6204,6312,0
48293,152,48,0
48294,60,436,0
48295,6353,6144,0
48296,6339,5969,0
48297,6350,218,0
48298,158,48,0
48299,48,99,0
48300,63,29,0
48301,572,581,0
48302,6351,5759,0
48303,6351,6069,0
48304,3,6351,0
48305,6069,5759,0
48306,5596,5682,0
48307,6412,6530,0
48308,405,436,0
48309,653,572,0
48310,634,653,0
48311,1199,1077,0
48312,653,928,0
48313,389,436,0
48314,405,348,0
48315,925,614,0
48316,759,6555,0
48317,723,849,0
48318,849,552,0
48319,405,77,0
48320,1540,1494,0
48321,1540,1475,0
48322,978,1317,0
48323,1125,1028,0
48324,1052,1125,0
48325,1077,1347,0
48326,653,650,0
48327,723,653,0
48328,849,405,0
48329,405,158,0
48330,405,838,0
48331,650,614,0
48332,1027,813,0
48333,666,650,0
48334,1348,1285,0
48335,1348,1332,0
48336,1313,1285,0
48337,1313,1348,0
48338,988,1185,0
48339,1585,1347,0
48340,1396,1343,0
48341,436,650,0
48342,839,1030,0
48343,1021,1347,0
48344,1160,1347,0
48345,1333,1207,0
48346,1297,1160,0
48347,1285,1262,0
48348,1203,1262,0
48349,965,572,0
48350,1322,1064,0
48351,1488,1381,0
48352,1415,1488,0
48353,1186,1021,0
48354,1322,1014,0
48355,1160,1348,0
48356,1136,988,0
48357,1003,988,0
48358,1136,1311,0
48359,1136,661,0
48360,1039,1136,0
48361,921,1180,0
48362,998,921,0
48363,1125,925,0
48364,858,1015,0
48365,925,1094,0
48366,1094,1028,0
48367,543,739,0
48368,718,837,0
48369,712,458,0
48370,1381,1416,0
48371,1015,771,0
48372,1317,1087,0
48373,1105,1203,0
48374,1174,1111,0
48375,1006,1224,0
48376,1010,989,0
48377,1431,1501,0
48378,1493,1431,0
48379,1167,6562,0
48380,737,458,0
48381,1492,1262,0
48382,1313,1340,0
48383,808,6565,0
48384,1447,1695,0
48385,737,592,0
48386,1695,1495,0
48387,942,1303,0
48388,6578,1428,0
48389,1319,1348,0
48390,979,732,0
48391,979,1178,0
48392,1418,1495,0
48393,1203,927,0
48394,1494,1199,0
48395,1348,1435,0
48396,1598,1644,0
48397,1089,975,0
48398,1348,1303,0
48399,1448,1348,0
48400,1579,1517,0
48401,1579,1738,0
48402,1720,1579,0
48403,6591,6594,0
48404,1615,1442,0
48405,1359,1463,0
48406,1035,1167,0
48407,1443,1583,0
48408,1489,1324,0
48409,1324,1540,0
48410,1339,1290,0
48411,1315,1224,0
48412,1283,1416,0
48413,1030,6561,0
48414,1167,1447,0
48415,1082,1136,0
48416,1164,1376,0
48417,1488,1388,0
48418,1518,1488,0
48419,1652,1418,0
48420,1504,1598,0
48421,1495,1598,0
48422,1657,1495,0
48423,6580,1443,0
48424,1341,1359,0
48425,1290,1391,0
48426,979,1125,0
48427,1447,6580,0
48428,1428,6577,0
48429,1428,6585,0
48430,1319,1504,0
48431,1391,1195,0
48432,1391,1061,0
48433,1391,1027,0
48434,1549,1598,0
48435,1310,1285,0
48436,1494,1324,0
48437,1264,1324,0
48438,1598,1716,0
48439,1492,1652,0
48440,1669,1489,0
48441,1402,1570,0
48442,1322,1348,0
48443,1504,1348,0
48444,1442,1669,0
48445,772,944,0
48446,901,1003,0
48447,1207,925,0
48448,1365,1669,0
48449,1402,1669,0
48450,1227,1087,0
48451,927,1227,0
48452,1227,1203,0
48453,1579,1347,0
48454,1435,1285,0
48455,1348,1310,0
48456,1218,1333,0
48457,1618,1415,0
48458,1285,1227,0
48459,1089,1303,0
48460,1089,1262,0
48461,1089,1061,0
48462,1089,1203,0
48463,1322,1435,0
48464,1313,1504,0
48465,1111,1145,0
48466,1275,1419,0
48467,1540,1616,0
48468,1324,1134,0
48469,1644,1579,0
48470,647,425,0
48471,1570,1579,0
48472,1707,1540,0
48473,1494,1134,0
48474,1540,1644,0
48475,1416,1515,0
48476,1024,978,0
48477,938,874,0
48478,938,977,0
48479,1342,1439,0
48480,1070,1193,0
48481,1070,1395,0
48482,1218,1070,0
48483,1431,1458,0
48484,571,985,0
48485,571,917,1
48486,655,917,0
48487,1256,1049,0
48488,977,1256,0
48489,1344,1410,0
48490,1163,1178,0
48491,1416,1367,0
48492,1416,1450,0
48493,1317,1227,0
48494,1442,1290,0
48495,1442,1262,0
48496,1442,1317,0
48497,1442,1438,0
48498,1442,1227,0
48499,1039,1501,0
48500,1111,1290,0
48501,1111,1164,0
48502,1196,1111,0
48503,1111,6583,0
48504,1001,1111,0
48505,1025,1154,0
48506,1178,1207,0
48507,1012,1114,0
48508,1012,1109,0
48509,1066,1114,0
48510,1066,1012,0
48511,1178,1125,0
48512,1317,1178,0
48513,1295,1178,0
48514,978,1295,0
48515,940,625,0
48516,1291,1456,0
48517,1249,1485,0
48518,1456,1249,0
48519,1485,1291,0
48520,1158,1392,0
48521,1336,1158,0
48522,1501,1291,0
48523,1163,1173,0
48524,609,881,0
48525,569,846,0
48526,1381,1439,0
48527,700,722,0
48528,1185,901,0
48529,1185,952,0
48530,1431,1193,0
48531,1501,1193,0
48532,1151,938,0
48533,901,1193,0
48534,1063,920,0
48535,952,1003,0
48536,647,722,0
48537,828,884,0
48538,855,884,1
48539,884,984,0
48540,1063,867,0
48541,1645,1272,0
48542,984,820,0
48543,1375,1385,0
48544,1375,1456,0
48545,1400,1375,0
48546,1456,1215,0
48547,1259,1398,0
48548,1501,1608,0
48549,977,734,0
48550,1456,1325,0
48551,1325,1256,0
48552,1485,1501,0
48553,1488,1462,0
48554,1488,1404,0
48555,1488,1295,0
48556,1375,1488,0
48557,1342,1375,0
48558,1493,1574,0
48559,1375,1563,0
48560,1007,822,0
48561,1178,1185,0
48562,747,901,0
48563,1325,1608,0
48564,1325,1501,0
48565,1501,1946,0
48566,4800,3841,0
48567,1178,1431,0
48568,1266,1604,0
48569,1185,1070,0
48570,1431,1070,0
48571,1249,1136,0
48572,1485,1431,0
48573,1395,1084,0
48574,1136,1291,0
48575,1003,747,0
48576,904,846,0
48577,1052,846,0
48578,647,442,0
48579,647,465,0
48580,758,925,0
48581,1022,1073,0
48582,790,891,0
48583,647,510,0
48584,575,647,0
48585,952,978,0
48586,753,687,0
48587,612,531,0
48588,363,796,0
48589,1215,1249,0
48590,1215,1291,0
48591,1173,860,0
48592,977,1151,0
48593,5991,5908,0
48594,5991,5127,0
48595,5638,5991,0
48596,940,647,0
48597,625,1036,0
48598,1564,1655,0
48599,1185,1003,0
48600,1185,1395,0
48601,1325,1215,0
48602,1008,773,0
48603,1242,903,0
48604,1452,1344,0
48605,1361,1344,0
48606,1215,1485,0
48607,753,531,0
48608,1433,917,1
48609,1036,1250,0
48610,1205,921,0
48611,773,903,0
48612,706,531,0
48613,1151,1256,0
48614,1036,1325,0
48615,1266,1215,0
48616,1036,988,0
48617,1036,1185,0
48618,1036,901,0
48619,1261,1073,0
48620,647,654,0
48621,647,368,0
48622,647,433,0
48623,1375,1423,0
48624,1289,1329,0
48625,1357,1209,0
48626,1329,1209,0
48627,651,764,0
48628,1226,1102,0
48629,1226,1246,0
48630,1410,1226,0
48631,1217,1116,0
48632,865,920,0
48633,1163,865,0
48634,846,877,0
48635,683,846,0
48636,846,925,0
48637,758,1052,0
48638,758,904,0
48639,758,867,0
48640,864,958,0
48641,831,697,0
48642,875,749,0
48643,796,877,0
48644,865,874,0
48645,767,857,0
48646,752,767,0
48647,865,976,0
48648,976,767,0
48649,532,767,0
48650,865,857,0
48651,921,753,0
48652,857,753,0
48653,753,606,0
48654,606,767,0
48655,753,532,0
48656,753,752,0
48657,865,1025,0
48658,1398,1386,0
48659,1572,1425,0
48660,1079,1151,0
48661,1154,865,0
48662,1329,1016,1
48663,1580,1511,0
48664,1580,1464,0
48665,1724,1562,0
48666,1361,1419,0
48667,1679,1528,0
48668,1636,1564,0
48669,1031,1066,0
48670,959,1066,0
48671,959,1102,0
48672,1518,1538,0
48673,1209,1114,0
48674,1246,1109,0
48675,1109,1116,0
48676,1346,1441,0
48677,1346,1222,0
48678,1346,1263,0
48679,1346,1202,0
48680,1217,1329,0
48681,1246,1114,0
48682,1104,1114,0
48683,1344,1246,0
48684,1410,1271,0
48685,1375,1496,0
48686,1398,1496,0
48687,1496,1563,0
48688,938,724,0
48689,959,938,0
48690,1066,1151,0
48691,977,1102,0
48692,1202,1216,0
48693,1102,1209,0
48694,1250,1344,0
48695,1102,1250,0
48696,1049,1344,0
48697,1361,1357,0
48698,1361,1289,0
48699,1271,1357,0
48700,1591,1419,0
48701,1591,1613,0
48702,1106,1217,0
48703,1217,1143,0
48704,565,962,0
48705,962,579,0
48706,486,714,0
48707,1551,1619,0
48708,1619,1591,0
48709,1561,1700,0
48710,1613,1561,0
48711,1226,1329,0
48712,1373,1361,0
48713,938,1102,0
48714,1488,1423,0
48715,902,938,0
48716,797,902,0
48717,1618,1562,0
48718,1336,1277,0
48719,1256,1361,0
48720,1449,1591,0
48721,1158,1126,0
48722,655,565,0
48723,655,962,0
48724,655,579,0
48725,1591,1703,0
48726,1563,1493,0
48727,669,575,0
48728,670,575,0
48729,575,717,0
48730,1591,1597,0
48731,1691,1591,0
48732,1553,1501,0
48733,1591,1694,0
48734,1591,1561,0
48735,1591,1647,0
48736,1496,1591,0
48737,1563,1712,0
48738,1563,1634,0
48739,1563,1756,0
48740,1563,1808,0
48741,1563,1700,0
48742,1660,1563,0
48743,1205,1387,0
48744,1488,1387,0
48745,1488,1562,0
48746,1679,1384,1
48747,1016,1018,1
48748,1452,1464,0
48749,1387,1275,0
48750,1562,1415,0
48751,1562,1671,0
48752,1562,1623,0
48753,1471,1410,0
48754,1287,1346,0
48755,1271,1329,0
48756,1488,1538,0
48757,1580,1785,0
48758,1018,961,0
48759,1564,1704,0
48760,1226,1289,0
48761,1464,1538,0
48762,1287,1252,0
48763,1252,1346,0
48764,1479,1588,0
48765,1202,1379,0
48766,1441,1470,0
48767,540,764,0
48768,540,740,0
48769,1620,1277,0
48770,1690,801,0
48771,1690,1058,0
48772,2280,801,0
48773,1126,1373,0
48774,1250,1373,0
48775,1016,902,0
48776,1551,1704,0
48777,917,790,0
48778,1104,1143,0
48779,1452,1271,0
48780,1018,902,0
48781,875,902,0
48782,875,961,0
48783,875,1018,1
48784,1272,1309,0
48785,1433,1309,0
48786,1536,1591,0
48787,1357,1344,0
48788,1109,1106,0
48789,773,647,0
48790,773,541,0
48791,575,773,0
48792,773,891,0
48793,1346,1446,0
48794,1393,1346,0
48795,1346,1230,0
48796,1346,1360,0
48797,1346,1470,0
48798,1066,845,0
48799,1066,902,0
48800,1106,1012,0
48801,1031,1012,0
48802,1536,1551,0
48803,1033,1017,0
48804,1033,1230,0
48805,1033,1222,0
48806,923,870,0
48807,1033,1042,0
48808,1033,1252,0
48809,764,674,0
48810,1012,1112,0
48811,829,870,0
48812,740,430,0
48813,626,740,0
48814,740,422,0
48815,740,582,0
48816,1060,1217,0
48817,1109,1060,0
48818,1012,1104,0
48819,1012,870,0
48820,6094,6176,0
48821,6231,6176,0
48822,6231,6235,0
48823,6231,6094,0
48824,568,660,0
48825,882,1372,0
48826,1372,1772,0
48827,565,986,0
48828,986,903,0
48829,618,790,0
48830,714,421,0
48831,1031,1016,0
48832,1110,1158,0
48833,1309,1158,0
48834,907,1018,0
48835,571,201,0
48836,525,160,0
48837,525,571,0
48838,1433,698,1
48839,1433,985,0
48840,1158,698,0
48841,749,700,0
48842,722,749,0
48843,418,669,0
48844,541,523,0
48845,376,523,0
48846,749,556,0
48847,749,724,0
48848,749,786,0
48849,917,437,1
48850,875,437,1
48851,714,764,0
48852,714,749,0
48853,5967,5931,0
48854,6010,5931,0
48855,1016,831,0
48856,1016,1114,0
48857,1016,961,0
48858,1536,1703,0
48859,722,717,0
48860,558,523,0
48861,558,505,0
48862,1905,1559,0
48863,51,129,0
48864,212,129,0
48865,688,660,0
48866,1559,2084,1
48867,2189,1559,1
48868,5531,5291,0
48869,5531,4996,0
48870,5531,4989,0
48871,879,1857,0
48872,326,97,0
48873,326,120,0
48874,1559,1893,0
48875,773,722,0
48876,853,773,0
48877,1559,2019,0
48878,1036,1073,0
48879,575,722,0
48880,688,986,0
48881,986,827,0
48882,669,700,0
48883,917,698,1
48884,1534,1277,0
48885,1534,1597,0
48886,562,688,0
48887,2189,698,1
48888,1604,1534,0
48889,1420,1373,0
48890,1420,1534,0
48891,1420,1620,0
48892,30,201,0
48893,429,112,0
48894,5991,5785,0
48895,6205,5991,0
48896,1146,1005,0
48897,6139,6200,0
48898,5072,4771,0
48899,669,697,0
48900,717,773,0
48901,773,670,0
48902,558,256,0
48903,472,256,0
48904,112,6529,0
48905,571,527,1
48906,571,790,0
48907,917,527,1
48908,185,49,0
48909,553,895,0
48910,654,895,0
48911,525,655,0
48912,1559,985,0
48913,5798,6155,0
48914,6139,6155,0
48915,6155,6168,0
48916,986,655,0
48917,986,660,0
48918,655,790,0
48919,1005,891,0
48920,6168,6285,0
48921,6168,6231,0
48922,6176,6285,0
48923,6231,6285,0
48924,49,451,0
48925,1739,5785,0
48926,1857,1187,0
48927,12,51,0
48928,530,431,0
48929,472,431,0
48930,6092,2280,0
48931,6092,3789,0
48932,640,799,0
48933,773,625,0
48934,5757,5744,0
48935,5757,5798,0
48936,5718,6012,0
48937,5718,5490,0
48938,5168,5490,0
48939,985,688,0
48940,1250,1146,0
48941,525,527,0
48942,655,527,0
48943,1739,1537,0
48944,579,525,0
48945,525,790,0
48946,670,891,0
48947,1005,983,0
48948,376,530,0
48949,376,541,0
48950,431,541,0
48951,381,530,0
48952,541,381,0
48953,6388,31,0
48954,814,1058,0
48955,801,814,0
48956,4389,5006,0
48957,326,329,0
48958,5937,5946,0
48959,773,510,0
48960,773,589,0
48961,1272,1605,0
48962,895,773,0
48963,6454,6095,0
48964,5972,6381,0
48965,5972,6095,0
48966,5972,6454,0
48967,1039,895,0
48968,654,891,0
48969,5022,5638,0
48970,5127,5022,0
48971,1110,1073,0
48972,1110,962,0
48973,598,39,0
48974,598,1187,0
48975,327,1187,0
48976,451,525,0
48977,5785,460,0
48978,1372,983,0
48979,1110,903,0
48980,6285,6297,0
48981,6285,6423,0
48982,6475,6285,0
48983,598,30,0
48984,30,562,0
48985,6205,5908,0
48986,814,1537,0
48987,814,1187,0
48988,447,329,0
48989,447,279,0
48990,1372,1096,0
48991,5466,5743,0
48992,1058,799,0
48993,6070,4626,0
48994,3202,4626,0
48995,3202,5045,0
48996,3202,6070,0
48997,5999,4908,0
48998,1605,1110,0
48999,1605,1905,0
49000,5652,5568,0
49001,5530,5676,0
49002,5530,5652,0
49003,5676,5568,0
49004,879,1739,0
49005,637,660,0
49006,672,640,0
49007,329,672,0
49008,553,672,0
49009,6415,5991,0
49010,6454,640,0
49011,799,6454,0
49012,40,640,0
49013,493,5085,0
49014,6423,82,0
49015,1537,2124,0
49016,5246,5158,0
49017,5048,5158,0
49018,6534,5999,0
49019,6534,6092,0
49020,6210,6012,0
49021,6529,6410,0
49022,6529,6475,0
49023,5066,4900,0
49024,5066,5056,0
49025,5066,4899,0
49026,3789,5168,0
49027,115,460,0
49028,967,115,0
49029,553,326,0
49030,6363,2189,1
49031,5826,6155,0
49032,5976,6155,0
49033,6155,6004,0
49034,6534,6454,0
49035,6337,6100,0
49036,4989,6363,0
49037,3791,6363,1
49038,279,510,0
49039,544,773,0
49040,1058,327,0
49041,6534,1058,0
49042,801,460,0
49043,1058,1772,0
49044,329,426,0
49045,6255,6419,0
49046,6081,6419,0
49047,6081,6367,0
49048,6419,6367,0
49049,5373,5415,0
49050,5373,5219,0
49051,329,183,0
49052,6363,598,0
49053,598,112,0
49054,6010,6315,0
49055,6101,6315,0
49056,397,376,0
49057,505,376,0
49058,814,817,0
49059,814,565,0
49060,814,672,0
49061,814,326,0
49062,814,688,0
49063,814,660,0
49064,6345,6504,0
49065,6418,13,0
49066,6418,6504,0
49067,6418,6345,0
49068,13,6504,0
49069,5888,5636,0
49070,5954,5888,0
49071,5636,5872,0
49072,6504,76,0
49073,6504,49,0
49074,5095,5174,0
49075,431,527,0
49076,5889,5825,0
49077,6010,5889,0
49078,5931,5825,0
49079,5872,5826,0
49080,6139,5826,0
49081,5804,5826,0
49082,32,129,0
49083,5931,6231,0
49084,5931,6176,0
49085,6231,6018,0
49086,527,618,0
49087,51,76,0
49088,32,51,0
49089,146,256,0
49090,146,163,0
49091,6136,6345,0
49092,6101,6273,0
49093,903,670,0
49094,575,595,0
49095,530,558,0
49096,16,6504,0
49097,12,28,0
49098,28,51,0
49099,6221,6262,0
49100,6221,16,0
49101,6101,16,0
49102,126,6262,1
49103,381,579,0
49104,6088,6263,0
49105,6088,6190,0
49106,6105,6263,0
49107,6315,6504,0
49108,669,773,0
49109,146,13,0
49110,109,13,0
49111,6484,6400,0
49112,6474,6426,0
49113,6474,6484,0
49114,472,376,0
49115,376,416,0
49116,773,790,0
49117,397,129,0
49118,397,437,0
49119,431,397,0
49120,530,397,0
49121,6130,6026,0
49122,579,595,0
49123,82,194,0
49124,6345,6093,0
49125,76,6475,0
49126,717,903,0
49127,669,749,0
49128,6307,6503,0
49129,6459,6336,0
49130,6459,6307,0
49131,6336,6503,0
49132,111,170,0
49133,5888,6210,0
49134,5888,5718,0
49135,6186,5718,0
49136,6186,5888,0
49137,5718,6210,0
49138,6094,6099,0
49139,6176,5976,0
49140,6410,112,0
49141,160,6410,0
49142,6418,6216,0
49143,6418,6273,0
49144,6273,6216,0
49145,6203,326,0
49146,6397,326,0
49147,326,6213,0
49148,6190,6289,0
49149,5940,6008,0
49150,5940,5937,0
49151,6101,126,1
49152,6101,146,1
49153,6190,6425,0
49154,6101,6504,1
49155,5438,5392,0
49156,5438,5457,0
49157,5457,5392,0
49158,6004,6235,0
49159,6178,6235,0
49160,6178,6155,0
49161,6178,6004,0
49162,5165,5060,0
49163,5066,5166,0
49164,5066,5060,0
49165,5066,5165,0
49166,5166,5060,0
49167,6216,6235,0
49168,381,670,0
49169,381,595,0
49170,5931,6216,0
49171,397,146,0
49172,5825,6504,1
49173,6259,6504,1
49174,376,146,0
49175,12,32,0
49176,220,146,1
49177,13,28,0
49178,129,13,0
49179,6093,6010,0
49180,6289,6221,0
49181,5870,6259,0
49182,146,69,0
49183,118,146,0
49184,219,6503,0
49185,5629,6383,1
49186,6383,5702,0
49187,6484,143,0
49188,165,6506,0
49189,143,6506,0
49190,6503,6281,0
49191,5931,6259,0
49192,5967,5825,0
49193,5515,5654,0
49194,5521,5654,0
49195,5654,5461,0
49196,5961,5931,0
49197,5802,5967,0
49198,6259,6315,0
49199,6475,51,0
49200,6101,6099,0
49201,5752,5802,0
49202,5825,5648,0
49203,5825,5752,0
49204,5802,5648,0
49205,5166,5078,0
49206,5006,5490,0
49207,5006,5718,0
49208,5006,5048,0
49209,6425,6537,0
49210,6474,6425,0
49211,5967,6101,0
49212,5549,5888,0
49213,6186,5798,0
49214,6186,5549,0
49215,6418,12,0
49216,5580,5781,0
49217,5580,5660,0
49218,5724,5580,0
49219,6136,6283,0
49220,6136,6288,0
49221,5580,5540,0
49222,5660,5553,0
49223,5540,5553,0
49224,5826,5757,0
49225,5826,5568,0
49226,6329,99,0
49227,96,6329,0
49228,51,6418,0
49229,6032,6075,0
49230,6032,6059,0
49231,6242,6059,0
49232,6036,6088,0
49233,5930,6263,0
49234,6344,6399,0
49235,5976,5889,0
49236,5282,5358,0
49237,5282,5209,0
49238,5166,5358,0
49239,5166,5282,0
49240,5282,5216,0
49241,5339,5395,0
49242,5568,5527,0
49243,5568,5620,0
49244,5185,5202,0
49245,5121,5202,0
49246,5121,5060,0
49247,5121,5185,0
49248,5202,5060,0
49249,6156,6159,0
49250,6262,6108,0
49251,6159,6108,0
49252,5939,5931,0
49253,6136,6252,0
49254,6273,6252,0
49255,6283,6159,0
49256,6185,6156,0
49257,6185,6246,0
49258,6185,6261,0
49259,6156,6246,0
49260,6136,6093,0
49261,16,6426,0
49262,6506,111,0
49263,51,6506,0
49264,6504,160,0
49265,112,6504,1
49266,65,6503,0
49267,6263,6178,0
49268,5930,6178,0
49269,6285,6203,0
49270,6397,120,0
49271,6397,6285,0
49272,120,6203,0
49273,6410,6504,0
49274,160,6259,0
49275,5976,6178,0
49276,5428,5492,0
49277,5428,5757,0
49278,5428,5568,0
49279,5492,5757,0
49280,6190,6393,0
49281,6105,6393,0
49282,5490,5888,0
49283,6410,6285,0
49284,6100,6284,0
49285,5686,5739,0
49286,5686,5750,0
49287,5723,5686,0
49288,6367,6374,0
49289,6483,6419,0
49290,6504,129,0
49291,6418,6235,0
49292,6105,6271,0
49293,6393,6271,0
49294,6393,6193,0
49295,6271,6193,0
49296,6488,6368,0
49297,6488,6440,0
49298,67,6368,0
49299,5340,4996,0
49300,5660,5492,0
49301,5724,5492,0
49302,5492,5826,0
49303,6397,6139,0
49304,6231,6418,0
49305,571,6504,1
49306,6504,527,1
49307,5872,6148,0
49308,6423,51,0
49309,5975,6121,0
49310,5975,6082,0
49311,5319,5498,0
49312,5214,5498,0
49313,5214,5666,0
49314,5214,5319,0
49315,6493,67,0
49316,214,6488,0
49317,6504,28,0
49318,6504,6529,0
49319,6136,6108,0
49320,6136,6026,0
49321,6533,6425,0
49322,5832,5790,0
49323,6344,6036,0
49324,6368,6248,0
49325,6368,6115,0
49326,6246,6091,0
49327,6393,6399,0
49328,6426,6263,0
49329,6273,6388,0
49330,6418,6377,0
49331,5995,6136,0
49332,5652,5686,0
49333,5530,5686,0
49334,186,6420,0
49335,5438,5380,0
49336,5438,5278,0
49337,5896,5919,0
49338,5885,5891,0
49339,5896,5885,0
49340,6294,6261,0
49341,46,6495,0
49342,6368,6140,0
49343,5926,5883,0
49344,34,6462,0
49345,6130,6190,0
49346,5620,5816,0
49347,5676,5620,0
49348,5995,5832,0
49349,6289,6108,0
49350,6289,6156,0
49351,4943,5118,0
49352,5037,5010,0
49353,6246,6355,0
49354,6023,6159,0
49355,6027,6159,0
49356,6027,5994,0
49357,6027,6023,0
49358,5994,5909,1
49359,6136,5909,0
49360,5497,5443,0
49361,5297,5443,0
49362,5443,5507,0
49363,5806,5732,0
49364,5909,5995,0
49365,6288,6159,0
49366,4887,5028,0
49367,4887,4808,0
49368,5987,6023,0
49369,6156,6023,0
49370,5582,5497,0
49371,5507,5649,0
49372,5507,5582,0
49373,6108,6288,0
49374,6136,6088,0
49375,6506,203,0
49376,5582,5652,0
49377,5723,5652,0
49378,6246,6240,0
49379,6164,6246,0
49380,5762,5892,0
49381,5789,5892,0
49382,5789,5877,0
49383,5789,5762,0
49384,5892,5877,0
49385,5274,5410,0
49386,5617,5834,0
49387,5174,4925,0
49388,5263,5254,0
49389,5263,5076,1
49390,5101,5263,1
49391,5076,5254,0
49392,5789,5987,0
49393,6027,5789,0
49394,6400,6193,0
49395,6159,6026,0
49396,5995,5994,0
49397,5874,5994,0
49398,5872,6203,0
49399,5994,6108,0
49400,5577,5654,0
49401,5690,5697,0
49402,5690,5577,0
49403,5654,5697,0
49404,5994,6026,0
49405,5582,5686,0
49406,5530,5582,0
49407,5690,5832,0
49408,5690,5723,0
49409,5750,5690,0
49410,5479,5260,1
49411,5352,5479,0
49412,5577,5582,0
49413,5649,5690,0
49414,5649,5577,0
49415,5582,5690,0
49416,5617,5296,0
49417,5301,5296,0
49418,5296,5457,0
49419,5885,5951,0
49420,5380,5617,1
49421,5617,5156,0
49422,5296,5156,0
49423,5156,5457,0
49424,6023,6108,0
49425,5654,5892,0
49426,5654,5762,0
49427,5489,5426,0
49428,5241,5461,0
49429,5654,5844,0
49430,5654,5716,0
49431,5617,5648,0
49432,5648,5457,0
49433,6103,5951,0
49434,5909,5790,0
49435,6399,6336,0
49436,5461,5410,0
49437,5344,5461,0
49438,5381,5216,0
49439,5690,5790,0
49440,5654,5778,0
49441,5521,5778,0
49442,6103,5885,0
49443,6373,88,0
49444,6373,6115,0
49445,6373,6260,0
49446,6246,6318,0
49447,6371,6115,0
49448,6513,6373,0
49449,5949,6008,0
49450,5076,5105,0
49451,5102,5105,0
49452,5398,5621,0
49453,5398,5492,0
49454,5530,5621,0
49455,5530,5398,0
49456,5492,5621,0
49457,6260,6462,0
49458,6271,6373,0
49459,6373,100,0
49460,5937,6013,0
49461,6051,6013,0
49462,5732,5739,0
49463,5732,5832,0
49464,6373,6478,0
49465,6373,6246,0
49466,6373,6103,0
49467,6373,6140,0
49468,6373,117,0
49469,5660,5804,0
49470,5667,5826,0
49471,5440,5494,0
49472,5440,5451,0
49473,6496,80,0
49474,6496,67,0
49475,5883,5841,0
49476,6488,206,0
49477,6036,6260,0
49478,6130,6178,0
49479,5952,5989,0
49480,5615,5784,0
49481,6368,6493,0
49482,6493,6440,0
49483,6193,6462,0
49484,6193,6425,0
49485,6193,6289,0
49486,5662,5812,0
49487,5662,5540,0
49488,5812,5540,0
49489,6393,6344,0
49490,6193,6373,0
49491,6388,6506,0
49492,6418,6506,0
49493,5782,5770,0
49494,5806,5797,0
49495,5323,5547,0
49496,5425,5331,0
49497,5425,5323,0
49498,5547,5331,0
49499,6008,6344,0
49500,6459,6178,0
49501,6307,6342,0
49502,5880,5914,0
49503,6284,5914,0
49504,6281,5914,0
49505,5132,5226,0
49506,4749,5226,0
49507,5989,6115,0
49508,5881,6024,0
49509,5278,5174,0
49510,5282,5297,0
49511,5282,5278,0
49512,5297,5174,0
49513,5569,5778,0
49514,5686,5542,0
49515,5644,5603,0
49516,5784,5603,0
49517,5330,5420,0
49518,5330,5466,0
49519,5834,5995,0
49520,5891,5778,0
49521,6037,5885,0
49522,5334,5398,0
49523,4821,4693,0
49524,4672,4918,0
49525,5584,5770,0
49526,5806,5708,0
49527,5806,5593,0
49528,5940,6013,0
49529,5245,5058,0
49530,5299,5086,0
49531,5678,5757,0
49532,5620,5652,0
49533,5620,5530,0
49534,5802,5620,0
49535,5644,5580,0
49536,5784,5580,0
49537,5940,5708,0
49538,5405,5344,0
49539,5405,5198,0
49540,5327,5344,0
49541,5723,5732,0
49542,5881,6037,0
49543,6037,5997,0
49544,6037,5951,0
49545,5745,5552,0
49546,5219,5125,0
49547,5068,5125,0
49548,5068,5219,0
49549,4780,5125,0
49550,5880,5724,0
49551,186,6503,0
49552,5021,4999,0
49553,5649,5652,0
49554,5750,5958,0
49555,6013,6275,0
49556,6013,6344,0
49557,5624,5461,0
49558,5954,6213,0
49559,5224,5128,0
49560,5443,5542,0
49561,5788,5789,0
49562,5788,5690,0
49563,5832,5789,0
49564,5832,5788,0
49565,5765,5778,0
49566,4999,5158,0
49567,5790,5939,0
49568,5801,6356,0
49569,5801,30,0
49570,5790,5930,0
49571,5939,5750,0
49572,5797,5883,0
49573,5715,5797,0
49574,6178,6281,0
49575,6190,5874,0
49576,5739,6004,0
49577,5914,5660,0
49578,5914,5540,0
49579,5812,5660,0
49580,5973,6095,0
49581,5973,6308,0
49582,5972,6308,0
49583,5972,5973,0
49584,6139,6337,0
49585,6397,6100,0
49586,5864,5978,0
49587,6036,5940,0
49588,6307,6423,0
49589,6112,5684,0
49590,6112,5698,0
49591,6307,6281,0
49592,34,6484,0
49593,6112,6263,0
49594,6130,6105,0
49595,6419,6464,0
49596,5758,5863,0
49597,5758,5755,0
49598,5871,5758,0
49599,6155,6307,0
49600,5310,5635,0
49601,6409,6252,0
49602,6484,94,0
49603,6336,6112,0
49604,6388,51,0
49605,6388,6475,0
49606,5580,5481,0
49607,5398,5481,0
49608,5398,5524,0
49609,5398,5580,0
49610,6342,6155,0
49611,6423,6139,0
49612,6116,6367,0
49613,6464,6449,0
49614,5940,6105,0
49615,5205,5076,1
49616,5205,5254,0
49617,5205,5165,0
49618,5684,5686,0
49619,5724,5739,0
49620,5724,5684,0
49621,5936,5880,0
49622,5660,5880,0
49623,5936,5826,0
49624,5936,5660,0
49625,5999,3789,0
49626,6112,5724,0
49627,6069,5916,0
49628,6069,5393,0
49629,5783,5687,0
49630,5783,5651,0
49631,5962,5651,0
49632,5962,5687,0
49633,5962,5783,0
49634,6249,6380,0
49635,64,6469,0
49636,6155,5757,0
49637,5773,5645,0
49638,5773,5712,0
49639,5645,5501,0
49640,6013,6105,0
49641,6112,5940,0
49642,6112,6013,0
49643,5523,5618,0
49644,5415,5523,0
49645,5784,5922,0
49646,5132,5068,0
49647,6284,6172,0
49648,5580,5621,0
49649,5621,5481,0
49650,6075,6158,0
49651,6232,6277,0
49652,6359,6277,0
49653,6158,6277,0
49654,5345,5370,0
49655,5399,5370,0
49656,5399,5173,0
49657,5370,5173,0
49658,6308,6331,0
49659,5315,5357,0
49660,6032,6116,0
49661,6031,6032,0
49662,5770,5615,0
49663,5615,5694,0
49664,6312,71,0
49665,5502,5972,0
49666,5502,5973,0
49667,5972,5635,0
49668,4924,4506,0
49669,4501,5048,0
49670,4506,5048,0
49671,116,6380,0
49672,6304,6275,0
49673,58,6442,0
49674,5922,5914,0
49675,6116,5914,0
49676,6469,6536,0
49677,0,6447,0
49678,6536,6447,0
49679,5262,5219,0
49680,5024,5262,0
49681,5051,5219,0
49682,6215,6223,0
49683,6126,6119,0
49684,6068,5947,0
49685,6132,6045,0
49686,6045,5962,0
49687,6121,5941,0
49688,6367,5941,0
49689,6367,6033,0
49690,5941,6033,0
49691,326,6196,0
49692,5226,5377,0
49693,6329,6253,0
49694,6329,18,0
49695,6444,6329,0
49696,6331,6535,0
49697,6033,5973,0
49698,6186,6285,0
49699,6186,6168,0
49700,6210,6356,0
49701,6401,6186,0
49702,6401,6210,0
49703,6186,6356,0
49704,6013,6271,0
49705,5262,5415,0
49706,5373,5553,0
49707,5816,5744,0
49708,5440,5240,0
49709,5440,5275,0
49710,5543,5494,0
49711,5357,5653,0
49712,5660,5621,0
49713,5812,5880,0
49714,5812,5781,0
49715,5377,5743,0
49716,5930,5686,0
49717,5698,5940,0
49718,5936,6004,0
49719,5922,5880,0
49720,5784,6086,0
49721,5540,5804,0
49722,6380,18,0
49723,5449,5318,0
49724,5640,5540,0
49725,5640,5914,0
49726,5901,5540,0
49727,5901,5640,0
49728,5067,4696,0
49729,5640,5402,0
49730,5451,5543,0
49731,5451,5640,0
49732,5402,5543,0
49733,5303,5219,0
49734,5209,5410,0
49735,5209,5337,0
49736,5936,5540,0
49737,4908,5598,0
49738,6176,6423,0
49739,5245,5051,0
49740,5245,5024,0
49741,5481,5530,0
49742,6337,5954,0
49743,5872,5667,0
49744,5329,5367,0
49745,5351,5329,0
49746,5367,5409,0
49747,5501,5547,0
49748,6329,2,0
49749,99,6253,0
49750,5975,5783,0
49751,5990,5975,0
49752,5056,5102,0
49753,4980,5066,0
49754,5102,5066,0
49755,5937,6132,0
49756,6051,5940,0
49757,5880,5940,0
49758,5880,6051,0
49759,5880,6031,0
49760,4969,4935,0
49761,4969,4761,0
49762,4959,4935,0
49763,4959,4969,0
49764,4761,4935,0
49765,5667,5428,0
49766,5219,5226,0
49767,5431,5136,0
49768,5431,5376,0
49769,5391,5431,0
49770,5698,5580,0
49771,3868,5785,0
49772,5428,5580,0
49773,5158,5172,0
49774,5021,5172,0
49775,5021,5158,0
49776,5291,5638,0
49777,5127,5291,0
49778,5732,5593,0
49779,5752,5889,0
49780,5931,5752,0
49781,5343,5377,0
49782,4874,4867,0
49783,4874,4733,0
49784,4885,4867,0
49785,4733,4867,0
49786,5578,5331,0
49787,5386,5224,0
49788,5226,5224,0
49789,5398,5449,0
49790,5398,5210,0
49791,5277,5458,0
49792,5783,5780,0
49793,6070,1565,0
49794,5298,5246,0
49795,5781,5553,0
49796,5729,5901,0
49797,5303,5524,0
49798,5635,5226,0
49799,5378,5226,0
49800,5648,5702,0
49801,5648,5629,0
49802,5826,5428,0
49803,4929,4922,0
49804,5781,5914,0
49805,5458,5706,0
49806,5458,5581,0
49807,5531,5581,0
49808,5531,5458,0
49809,5581,5706,0
49810,5621,5698,0
49811,5431,5475,0
49812,5475,5376,0
49813,5134,4959,0
49814,4970,5123,0
49815,5698,5724,0
49816,5299,5073,0
49817,5181,5058,0
49818,5181,5299,0
49819,5621,5684,0
49820,5530,5684,0
49821,5853,5940,0
49822,5876,5817,0
49823,5501,5493,0
49824,5668,5501,0
49825,5922,5853,0
49826,5577,5624,0
49827,5190,5285,0
49828,5190,5102,0
49829,5203,5102,0
49830,5203,5190,0
49831,5102,5285,0
49832,5313,5275,0
49833,5062,5275,0
49834,5275,5077,0
49835,5686,5481,0
49836,5282,5337,0
49837,6122,5864,0
49838,5780,5968,0
49839,5780,5777,0
49840,5777,5968,0
49841,5118,5046,0
49842,5745,5708,0
49843,5407,5391,0
49844,5407,5509,0
49845,5780,5990,0
49846,5863,5968,0
49847,5863,5780,0
49848,5219,5245,0
49849,5219,5122,0
49850,5086,5219,0
49851,5492,5580,0
49852,5698,6004,0
49853,6086,5853,0
49854,6122,5978,0
49855,5732,5555,0
49856,5806,5555,0
49857,5524,5578,0
49858,5615,5529,0
49859,5725,5698,0
49860,5555,5578,0
49861,5745,5555,0
49862,5258,5425,0
49863,6054,6411,0
49864,6227,6411,0
49865,5715,5606,0
49866,5269,5431,0
49867,5376,5269,0
49868,5542,5739,0
49869,5732,5542,0
49870,5136,5084,0
49871,5136,4984,0
49872,5608,5501,0
49873,5584,5436,0
49874,5584,5258,0
49875,5584,5325,0
49876,5555,5484,0
49877,5745,5593,0
49878,5391,5292,0
49879,5344,5273,0
49880,5344,5395,0
49881,5643,5922,0
49882,5545,5484,0
49883,4995,5097,0
49884,4973,5010,0
49885,5694,5618,0
49886,5325,5501,0
49887,5153,4959,0
49888,5153,5100,0
49889,5123,5153,0
49890,4831,4726,0
49891,4831,4733,0
49892,4644,4831,0
49893,5607,5407,0
49894,5607,5431,0
49895,5399,5118,0
49896,5399,5391,0
49897,5204,5399,0
49898,5501,5619,0
49899,5501,5425,0
49900,5501,5472,0
49901,6710,6713,0
49902,6442,47,0
49903,6521,6447,0
49904,5937,5880,0
49905,6277,6380,0
49906,6277,6414,0
49907,6338,6469,0
49908,6338,6229,0
49909,6477,0,0
49910,6218,6227,0
49911,6218,6385,0
49912,5993,6046,0
49913,6132,6275,0
49914,6439,152,0
49915,5937,5698,0
49916,5937,5922,0
49917,5897,5837,0
49918,5729,5687,0
49919,5658,5687,0
49920,6277,6059,0
49921,6290,6445,0
49922,6059,6257,0
49923,6257,6242,0
49924,6215,6059,0
49925,6436,6243,0
49926,6436,6485,0
49927,29,6436,0
49928,5824,5978,0
49929,5529,5584,0
49930,5643,5962,0
49931,5978,5962,0
49932,5828,5824,0
49933,5824,6021,0
49934,5795,5780,0
49935,5795,5754,0
49936,6021,5864,0
49937,6277,6311,0
49938,6531,6175,0
49939,6277,6348,0
49940,6113,6223,0
49941,6242,6380,0
49942,6189,6486,0
49943,6439,6479,0
49944,6144,6127,0
49945,6464,6414,0
49946,6189,6330,0
49947,6032,5962,0
49948,5899,6060,0
49949,5899,6039,0
49950,5134,5149,0
49951,5134,5435,0
49952,99,6444,0
49953,6380,6445,0
49954,6316,6389,0
49955,6367,6389,0
49956,6206,6389,0
49957,6414,6242,0
49958,6414,6520,0
49959,5812,5651,0
49960,6090,5795,0
49961,5837,5639,0
49962,5897,5655,0
49963,6119,6060,0
49964,6106,6034,0
49965,6034,6060,0
49966,6189,6060,0
49967,5513,5494,0
49968,5351,5513,0
49969,5315,5494,0
49970,5904,6060,0
49971,5968,6034,0
49972,6183,6058,0
49973,6183,5904,0
49974,6183,6034,0
49975,5876,5655,0
49976,5854,6062,0
49977,6119,6183,0
49978,6234,6183,0
49979,6218,6126,0
49980,6090,6106,0
49981,6198,6714,0
49982,6198,6111,0
49983,5899,6144,0
49984,6382,6713,0
49985,6019,6090,0
49986,5704,5475,0
49987,5475,5749,0
49988,5817,5773,0
49989,5571,5886,0
49990,6338,64,0
49991,6710,6338,0
49992,6350,6048,0
49993,5932,6048,0
49994,6477,213,0
49995,5985,5899,0
49996,5985,6040,0
49997,5817,5824,0
49998,5857,5828,0
49999,6384,6445,0
50000,98,6328,0
50001,6411,6338,0
50002,6411,6536,0
50003,5623,5475,0
50004,6690,5243,0
50005,6411,6447,0
50006,5917,6183,0
50007,5754,5622,0
50008,5754,5659,0
50009,5713,5659,0
50010,6491,0,0
50011,6229,6019,0
50012,5749,5622,0
50013,5712,5857,0
50014,5607,5541,0
50015,5204,5349,0
50016,5823,5817,0
50017,6054,6071,0
50018,6324,6389,0
50019,6234,6445,0
50020,6362,251,0
50021,5024,4912,0
50022,6700,5423,0
50023,6695,6700,0
50024,5236,5243,0
50025,5571,5475,0
50026,5475,5622,0
50027,5486,5713,0
50028,5712,5431,0
50029,5712,5486,0
50030,5391,5704,0
50031,4843,5016,0
50032,5655,5749,0
50033,6017,6034,0
50034,5941,5975,0
50035,5941,6002,0
50036,5777,6106,0
50037,36,6445,0
50038,5641,5749,0
50039,5655,5848,0
50040,5269,5051,0
50041,6530,6265,0
50042,5869,5646,0
50043,5869,5768,0
50044,6048,6339,0
50045,6265,5969,0
50046,6265,6048,0
50047,6293,6017,0
50048,6428,226,0
50049,5188,5062,0
50050,5916,6404,0
50051,5079,5240,0
50052,4795,4368,0
50053,6685,5070,0
50054,6686,4988,0
50055,5070,4988,0
50056,6147,5878,0
50057,4975,5146,0
50058,5495,5435,0
50059,5292,5173,0
50060,5103,5130,0
50061,6693,5391,0
50062,5391,5418,0
50063,6039,5613,0
50064,4836,4516,0
50065,4584,4836,0
50066,4970,4918,0
50067,5646,5610,0
50068,5435,5351,0
50069,5325,5181,0
50070,5435,5590,0
50071,5512,5590,0
50072,5386,5378,0
50073,5749,5623,0
50074,5753,5421,0
50075,5607,5623,0
50076,6303,6540,0
50077,6309,6053,0
50078,5679,5803,0
50079,6061,6034,0
50080,50,6353,0
50081,5659,5886,0
50082,4659,4892,0
50083,6062,5917,0
50084,6300,5753,0
50085,6715,6542,0
50086,6198,168,0
50087,6717,6198,0
50088,5070,5348,0
50089,5361,5348,0
50090,5746,6707,0
50091,6111,6707,0
50092,6703,6157,0
50093,5070,5421,0
50094,4914,4565,0
50095,6347,6530,0
50096,6711,6313,0
50097,6712,83,0
50098,6712,6202,0
50099,6712,196,0
50100,5886,5923,0
50101,6430,6291,0
50102,6430,6382,0
50103,5807,6034,0
50104,6127,6223,0
50105,6060,6223,0
50106,6430,29,0
50107,6430,119,0
50108,6430,64,0
50109,6430,21,0
50110,5694,5651,0
50111,6430,6338,0
50112,6430,6713,0
50113,6430,177,0
50114,5222,5363,0
50115,5222,5666,0
50116,5214,5363,0
50117,6016,6295,0
50118,6053,6305,0
50119,5855,5535,0
50120,5854,5535,0
50121,573,6439,0
50122,5351,5651,0
50123,5651,5554,0
50124,6032,5968,0
50125,6680,4662,0
50126,6309,5912,0
50127,6265,6028,0
50128,5818,5923,0
50129,5818,5886,0
50130,5818,5571,0
50131,5571,5574,0
50132,5002,5261,0
50133,5070,6678,0
50134,4710,6679,0
50135,6678,6679,0
50136,5421,5348,0
50137,5389,5421,0
50138,5389,5695,0
50139,5818,5917,0
50140,6017,5641,0
50141,6068,6002,0
50142,6290,6302,0
50143,6068,6082,0
50144,5968,6019,0
50145,6090,5968,0
50146,5962,5968,0
50147,5968,6045,0
50148,4799,4985,0
50149,5610,6697,0
50150,5610,5473,0
50151,5495,6697,0
50152,5466,5523,0
50153,5540,5523,0
50154,4961,4919,0
50155,3609,6663,0
50156,6309,5700,0
50157,5758,5768,0
50158,5899,5661,0
50159,6353,6412,0
50160,5682,5661,0
50161,5366,5646,0
50162,5646,6697,0
50163,5363,5498,0
50164,5596,5498,0
50165,5275,5294,0
50166,5659,5512,0
50167,5904,5512,0
50168,5863,5590,0
50169,5758,5642,0
50170,5672,5758,0
50171,5863,5642,0
50172,6313,6062,0
50173,5513,5618,0
50174,5651,5513,0
50175,3,6479,0
50176,5538,5362,0
50177,5366,5362,0
50178,6151,5434,0
50179,5642,5830,0
50180,6223,6380,0
50181,6265,6295,0
50182,6147,6313,0
50183,6147,6265,0
50184,6412,6147,0
50185,6505,6486,0
50186,6339,60,0
50187,6060,5863,0
50188,6353,6497,0
50189,6290,6183,0
50190,4626,4859,0
50191,5666,5869,0
50192,5934,5666,0
50193,5266,5157,0
50194,5513,5554,0
50195,6331,6389,0
50196,5495,5513,0
50197,6032,6082,0
50198,5696,5758,0
50199,5696,5755,0
50200,5871,5696,0
50201,6127,5985,0
50202,6329,6312,0
50203,6204,6329,0
50204,6520,6329,0
50205,6329,6316,0
50206,6389,6520,0
50207,4582,5229,0
50208,4513,4863,0
50209,4764,4859,0
50210,5302,5035,0
50211,4639,5302,0
50212,5222,5319,0
50213,5126,5214,0
50214,5126,5319,0
50215,5126,5363,0
50216,5830,6127,0
50217,513,5434,0
50218,6233,4616,0
50219,5869,6204,0
50220,5434,4639,0
50221,5362,5300,0
50222,5362,5682,0
50223,5495,5512,0
50224,5495,5376,0
50225,5571,5512,0
50226,5571,5495,0
50227,5313,5494,0
50228,5315,5313,0
50229,5494,5275,0
50230,5741,6060,0
50231,6082,5783,0
50232,6032,5783,0
50233,4859,4168,0
50234,5902,6267,0
50235,5934,6127,0
50236,5830,6204,0
50237,5626,5366,0
50238,5100,5126,0
50239,6031,5783,0
50240,5430,5704,0
50241,5407,5704,0
50242,5610,5516,0
50243,5512,5613,0
50244,5729,5962,0
50245,5812,5687,0
50246,5758,5451,0
50247,5758,5626,0
50248,5863,5741,0
50249,5968,5741,0
50250,5899,5863,0
50251,5523,5320,0
50252,5666,5755,0
50253,5871,5498,0
50254,5871,5666,0
50255,5755,5498,0
50256,5410,5395,0
50257,5395,5274,0
50258,5780,6032,0
50259,4693,5024,0
50260,5228,5219,0
50261,5780,6059,0
50262,5962,5780,0
50263,5780,5694,0
50264,5780,6090,0
50265,6045,5780,0
50266,5332,5554,0
50267,5610,5512,0
50268,5376,5574,0
50269,4985,4436,0
50270,5330,5449,0
50271,5590,6060,0
50272,5376,5084,0
50273,5430,5712,0
50274,5645,5430,0
50275,5687,5540,0
50276,5687,5640,0
50277,5540,5729,0
50278,4653,4863,0
50279,4975,5130,0
50280,5473,5642,0
50281,5646,5473,0
50282,5642,6697,0
50283,6412,6028,0
50284,6479,6028,0
50285,5835,6069,0
50286,5172,5227,0
50287,6033,6095,0
50288,5226,5068,0
50289,5086,5024,0
50290,5228,5262,0
50291,4863,4467,0
50292,4863,4985,0
50293,4467,4985,0
50294,4795,4799,0
50295,6672,5229,0
50296,4696,5981,0
50297,5165,5203,0
50298,5203,5254,0
50299,5415,5449,0
50300,5128,5125,0
50301,4702,5125,0
50302,5125,5001,0
50303,4464,4964,0
50304,6697,5590,0
50305,6367,6331,0
50306,5543,5313,0
50307,4831,5012,0
50308,5012,4897,0
50309,5340,5048,0
50310,5658,5451,0
50311,5494,5658,0
50312,4969,4788,0
50313,4668,4788,0
50314,4668,4969,0
50315,4959,4923,0
50316,4968,4873,0
50317,5834,5958,0
50318,4348,4835,0
50319,5170,5016,0
50320,5123,5294,0
50321,4859,4150,0
50322,5538,5646,0
50323,4863,4464,0
50324,4964,4863,0
50325,4640,4841,0
50326,5123,5188,0
50327,4923,5049,0
50328,4892,5011,0
50329,4892,4988,0
50330,4892,4993,0
50331,5134,5153,0
50332,5153,5051,0
50333,6328,6111,0
50334,5348,6143,0
50335,5436,5347,0
50336,4970,4821,0
50337,5402,5466,0
50338,5402,5523,0
50339,4795,4941,0
50340,4988,4680,0
50341,4710,4988,0
50342,5932,6028,0
50343,5912,6351,0
50344,6048,6069,0
50345,4935,5171,0
50346,4822,5171,0
50347,4822,5051,0
50348,5171,5051,0
50349,5126,5188,0
50350,5313,5153,0
50351,5196,5153,0
50352,5153,5062,0
50353,5044,5034,0
50354,5359,3624,0
50355,5714,5314,0
50356,5125,4935,0
50357,5125,5171,0
50358,4822,5125,0
50359,5171,5196,0
50360,5196,4935,0
50361,4462,4783,0
50362,5369,5359,0
50363,5776,5359,0
50364,5359,5786,0
50365,5240,5027,0
50366,4096,5045,0
50367,4096,6070,0
50368,5366,5027,0
50369,5153,4935,0
50370,4859,4096,0
50371,4709,5004,0
50372,5666,6006,0
50373,6317,6006,0
50374,6465,4422,0
50375,152,6351,0
50376,5850,334,0
50377,4863,4556,0
50378,6465,6070,0
50379,5302,4451,0
50380,4696,5882,0
50381,4696,5302,0
50382,5027,4991,0
50383,4969,5001,0
50384,4969,4822,0
50385,4822,5001,0
50386,5302,4545,0
50387,4914,5446,0
50388,5363,5366,0
50389,5626,5498,0
50390,5626,5363,0
50391,5366,5498,0
50392,5067,5302,0
50393,5214,4545,0
50394,5214,5302,0
50395,5214,4696,0
50396,5169,5018,0
50397,5932,5850,0
50398,5359,5700,0
50399,5359,5932,0
50400,5850,5700,0
50401,6679,4547,0
50402,5373,5311,0
50403,5373,5615,0
50404,5524,5311,0
50405,5524,5373,0
50406,5615,5311,0
50407,5912,5359,0
50408,5393,5300,0
50409,5682,5393,0
50410,3202,4908,0
50411,5502,5378,0
50412,6069,5882,0
50413,6439,5393,0
50414,5393,3,0
50415,5498,5222,0
50416,5393,4863,0
50417,5319,5167,0
50418,5229,5393,0
50419,5855,5833,0
50420,6313,5878,0
50421,6362,6530,0
50422,5300,5661,0
50423,5833,6147,0
50424,5661,5985,0
50425,5759,5776,0
50426,5007,5169,0
50427,5007,5369,0
50428,4734,6233,0
50429,6665,4734,0
50430,5878,6265,0
50431,6687,6457,0
50432,5063,6689,0
50433,6699,5063,0
50434,5459,5265,0
50435,5657,5265,0
50436,6458,6362,0
50437,6549,6053,0
50438,4836,4940,0
50439,4892,4940,0
50440,4892,5064,0
50441,4892,4836,0
50442,5266,5657,0
50443,5803,5657,0
50444,4750,5002,0
50445,4875,4792,0
50446,4973,4875,0
50447,5985,5535,0
50448,6530,6053,0
50449,6695,6693,0
50450,4590,6679,0
50451,5007,6651,0
50452,5080,4834,0
50453,5459,5369,0
50454,5875,5369,0
50455,5080,4556,0
50456,6679,4486,0
50457,5418,5571,0
50458,4891,4892,0
50459,5418,5574,0
50460,5875,5359,0
50461,5070,5063,0
50462,5886,5564,0
50463,4954,4659,0
50464,4419,4944,0
50465,4734,4251,0
50466,5265,5559,0
50467,5389,6698,0
50468,5193,5007,0
50469,5564,5419,0
50470,5639,5564,0
50471,5679,6251,0
50472,5084,4889,0
50473,5421,5459,0
50474,5833,5193,0
50475,5833,6687,0
50476,5063,4750,0
50477,6362,6047,0
50478,6704,5369,0
50479,6687,5875,0
50480,5389,5063,0
50481,4630,4944,0
50482,5613,5155,0
50483,6681,3838,0
50484,5459,5007,0
50485,5388,5446,0
50486,5746,5625,0
50487,6702,5746,0
50488,5459,5388,0
50489,5459,5560,0
50490,4809,4892,0
50491,6687,5459,0
50492,3838,4868,0
50493,6251,538,0
50494,5424,5388,0
50495,6268,83,0
50496,6251,5692,0
50497,6268,6707,0
50498,6251,6699,0
50499,6251,5691,0
50500,6251,6691,0
50501,6714,6428,0
50502,6428,83,0
50503,538,6428,0
50504,168,6428,0
50505,6428,466,0
50506,6428,475,0
50507,5446,5063,0
50508,6685,6679,0
50509,4836,4768,0
50510,4954,4892,0
50511,4944,5065,0
50512,5408,5218,0
50513,6703,6300,0
50514,5746,6701,0
50515,6138,5746,0
50516,5546,5746,0
50517,4633,4944,0
50518,5639,5444,0
50519,5444,5419,0
50520,5526,5444,0
50521,4891,4994,0
50522,5150,5103,0
50523,5218,6695,0
50524,6695,5103,0
50525,4875,4768,0
50526,4988,4449,0
50527,5103,6693,0
50528,6686,5341,0
50529,5011,4836,0
50530,4827,4975,0
50531,4955,5124,0
50532,4975,4952,0
50533,4975,5037,0
50534,4889,4941,0
50535,4956,4865,0
50536,4975,6690,0
50537,4890,4872,0
50538,5266,5361,0
50539,5365,5266,0
50540,5365,5341,0
50541,5103,5124,0
50542,5418,5444,0
50543,4809,4836,0
50544,5113,5030,0
50545,4941,5149,0
50546,5117,4940,0
50547,5407,5645,0
50548,5355,5218,0
50549,5311,5329,0
50550,4890,4889,0
50551,4865,4890,0
50552,4950,5064,0
50553,5153,5170,0
50554,4940,4890,0
50555,4889,4836,0
50556,5153,5171,0
50557,5153,5332,0
50558,5253,5332,0
50559,5253,5171,0
50560,5332,5171,0
50561,4640,4890,0
50562,4890,5117,0
50563,4890,4950,0
50564,4875,5037,0
50565,4975,4790,0
50566,4994,4975,0
50567,4809,4890,0
50568,4809,4889,0
50569,4875,4766,0
50570,5501,5407,0
50571,5136,5399,0
50572,4912,4622,0
50573,5523,5310,0
50574,5310,5413,0
50575,5542,5593,0
50576,4912,4689,0
50577,5170,5332,0
50578,4843,4943,0
50579,4850,4878,0
50580,4951,5058,0
50581,5407,5608,0
50582,5425,5436,0
50583,5407,5452,0
50584,5465,5407,0
50585,5269,5370,0
50586,5351,5370,0
50587,5370,5367,0
50588,5141,5058,0
50589,5345,5329,0
50590,5345,5367,0
50591,5305,5345,0
50592,5493,5436,0
50593,5622,5486,0
50594,5431,5554,0
50595,5486,5370,0
50596,5529,5370,0
50597,5332,5486,0
50598,5332,5370,0
50599,5370,5431,0
50600,5068,5303,0
50601,5068,5398,0
50602,5479,5602,1
50603,5058,5040,0
50604,5345,5325,0
50605,5584,5345,0
50606,5430,5713,0
50607,5436,5472,0
50608,5269,5435,0
50609,5545,5436,0
50610,5436,5547,0
50611,5425,5545,0
50612,5436,5452,0
50613,5608,5436,0
50614,5678,5428,0
50615,5339,5484,0
50616,5506,5395,0
50617,5506,5339,0
50618,5357,5409,0
50619,5357,5373,0
50620,5062,4959,0
50621,5100,5062,0
50622,5553,5311,0
50623,5411,5652,0
50624,5467,5652,0
50625,5652,5507,0
50626,5173,5118,0
50627,5204,5173,0
50628,5098,5200,0
50629,4860,4923,0
50630,4689,4881,0
50631,5097,4987,0
50632,4919,4852,0
50633,4919,4716,0
50634,4953,4686,0
50635,4822,5024,0
50636,5040,5181,0
50637,5258,5040,0
50638,5345,5409,0
50639,5367,5529,0
50640,4919,5138,0
50641,4919,4740,0
50642,4919,4650,0
50643,5097,5016,0
50644,4919,4646,0
50645,4919,4738,0
50646,5086,4912,0
50647,4881,5086,0
50648,5073,4995,0
50649,4972,4983,0
50650,5141,4972,0
50651,5141,5258,0
50652,5141,5040,0
50653,5040,5073,0
50654,5305,5170,0
50655,5000,5209,0
50656,4953,4796,0
50657,5481,5311,0
50658,4854,4780,0
50659,5523,5449,0
50660,4796,4686,0
50661,5170,5171,0
50662,5486,5367,0
50663,5171,5305,0
50664,5523,5662,0
50665,5553,5523,0
50666,5185,4934,0
50667,5122,4934,0
50668,4796,4881,0
50669,5409,5325,0
50670,5415,5409,0
50671,5053,5088,0
50672,5053,5107,0
50673,4896,5053,0
50674,4912,5122,0
50675,5529,5325,0
50676,5584,5409,0
50677,5615,5325,0
50678,5269,5399,0
50679,5058,5305,0
50680,5269,5345,0
50681,5219,4912,0
50682,5068,5024,0
50683,5687,5523,0
50684,5729,5523,0
50685,5269,5118,0
50686,5269,5554,0
50687,5269,5486,0
50688,3014,4992,0
50689,4821,4792,0
50690,5171,5329,0
50691,5171,5351,0
50692,5134,5081,0
50693,5068,4854,0
50694,5024,5305,0
50695,5311,5262,0
50696,6680,5170,0
50697,5302,4316,0
50698,5125,4968,0
50699,5214,4783,0
50700,4860,4538,0
50701,4860,4747,0
50702,4860,4795,0
50703,5196,4968,0
50704,4668,4935,0
50705,5077,4968,0
50706,5125,4749,0
50707,5221,5171,0
50708,5029,5068,0
50709,5029,5210,0
50710,5221,4822,0
50711,5221,5196,0
50712,5045,5981,0
50713,5153,4969,0
50714,4703,5224,0
50715,5466,5936,0
50716,5466,5901,0
50717,5804,5901,0
50718,5214,5035,0
50719,5035,5222,0
50720,5640,5310,0
50721,4348,4783,0
50722,5219,4854,0
50723,5262,5524,0
50724,5205,5174,0
50725,5053,5057,0
50726,5053,5203,0
50727,5088,5203,0
50728,5088,5057,0
50729,4906,4728,0
50730,5227,5156,0
50731,5227,5088,0
50732,5156,5107,0
50733,4906,5036,0
50734,4906,4883,0
50735,5132,5029,0
50736,4733,4901,0
50737,4733,4960,0
50738,4574,4901,0
50739,5029,4692,0
50740,4953,5029,0
50741,5066,5088,0
50742,5203,5066,0
50743,5102,5088,0
50744,4960,4692,0
50745,5492,5288,0
50746,4925,5139,0
50747,4850,5066,0
50748,5135,5072,0
50749,5135,5172,0
50750,5036,5135,0
50751,5172,5072,0
50752,5053,5164,0
50753,5053,4897,0
50754,4897,5164,0
50755,5667,5520,0
50756,5012,5210,0
50757,4883,4771,0
50758,5523,5330,0
50759,5210,5303,0
50760,5135,4996,0
50761,5135,5156,0
50762,5286,5156,0
50763,5286,5135,0
50764,5156,4996,1
50765,5520,5636,0
50766,5330,5132,0
50767,5234,5128,0
50768,5126,5366,0
50769,4908,4289,0
50770,4514,4931,0
50771,6317,5696,0
50772,4696,5319,0
50773,5981,5319,0
50774,4764,4968,0
50775,5226,5385,0
50776,5298,5158,0
50777,5035,5666,0
50778,5498,6073,0
50779,6073,5696,0
50780,5393,5666,0
50781,4783,4834,0
50782,4969,4873,0
50783,5666,5682,0
50784,5300,5666,0
50785,4969,4764,0
50786,4627,4969,0
50787,4969,4721,0
50788,5313,5440,0
50789,40,6196,0
50790,5975,5758,0
50791,5975,5696,0
50792,6073,5666,0
50793,6006,5498,0
50794,5167,5034,0
50795,5635,5658,0
50796,6095,6081,0
50797,5901,6095,0
50798,5330,5413,0
50799,6331,6501,0
50800,6095,5941,0
50801,5696,5658,0
50802,5941,6073,0
50803,5549,5870,0
50804,5744,5870,0
50805,5744,5549,0
50806,5743,5901,0
50807,5319,5034,0
50808,5502,6033,0
50809,5378,5973,0
50810,6242,5941,0
50811,5758,5783,0
50812,6389,6535,0
50813,180,6389,0
50814,5941,5658,0
50815,5941,5640,0
50816,5941,6032,0
50817,6082,5941,0
50818,6329,6082,0
50819,6082,5863,0
50820,5696,5626,0
50821,4446,4859,0
50822,6329,71,0
50823,6329,179,0
50824,5696,6002,0
50825,5941,5696,0
50826,5696,5672,0
50827,5696,5640,0
50828,5783,5696,0
50829,5378,5319,0
50830,5696,5440,0
50831,5498,5451,0
50832,5319,5045,0
50833,5440,5498,0
50834,5302,5222,0
50835,5666,5626,0
50836,573,5882,0
50837,5882,5916,0
50838,5882,78,0
50839,5302,4143,0
50840,4696,4835,0
50841,5067,4348,0
50842,4783,4859,0
50843,4859,5319,0
50844,5378,4859,0
50845,4859,4835,0
50846,4859,5034,0
50847,4859,5498,0
50848,5214,4859,0
50849,4859,5126,0
50850,6070,2927,0
50851,4706,4101,0
50852,672,6454,0
50853,5298,5600,0
50854,5600,5277,0
50855,5318,5246,0
50856,5954,6381,0
50857,39,6363,0
50858,5527,5492,0
50859,6337,6454,0
50860,4933,4906,0
50861,4947,5158,0
50862,5172,5246,0
50863,5798,5667,0
50864,5872,5757,0
50865,5667,5757,0
50866,5908,6363,0
50867,5598,5386,0
50868,5490,5298,0
50869,5168,4908,0
50870,5168,4289,0
50871,5220,5296,0
50872,967,5785,0
50873,6092,1071,0
50874,6205,6092,0
50875,5638,4016,0
50876,5015,5127,0
50877,4996,5706,1
50878,4996,5629,1
50879,5286,5629,0
50880,5629,5706,1
50881,6155,6285,0
50882,6383,598,0
50883,5205,5095,0
50884,5342,5277,0
50885,5991,5531,0
50886,6186,5870,0
50887,6363,1187,0
50888,327,6363,0
50889,5888,6196,0
50890,6200,5888,0
50891,5678,5636,0
50892,6383,6504,1
50893,6383,160,0
50894,6383,6401,0
50895,5721,5702,0
50896,5721,6010,0
50897,6259,5721,0
50898,6010,5702,0
50899,5443,5282,0
50900,5297,5358,0
50901,6383,6529,0
50902,5285,5165,0
50903,6203,259,0
50904,259,6186,0
50905,5549,5600,0
50906,5549,5678,0
50907,5568,5621,0
50908,5801,5581,0
50909,5718,5581,0
50910,5718,5801,0
50911,5999,5888,0
50912,6148,6381,0
50913,6285,259,0
50914,5721,5549,0
50915,5549,5340,0
50916,6285,6139,0
50917,6285,30,0
50918,5066,5057,0
50919,5056,5057,0
50920,4867,4900,0
50921,4867,4723,0
50922,4723,4900,0
50923,5801,6168,0
50924,5801,6186,0
50925,5428,5600,0
50926,5690,5774,0
50927,5649,5774,0
50928,5790,5774,0
50929,5752,5816,0
50930,5398,5358,0
50931,5481,5358,0
50932,5286,5291,0
50933,5798,5826,0
50934,5581,5549,0
50935,6210,5549,0
50936,6210,5581,0
50937,5721,5581,0
50938,5652,5930,0
50939,5437,5342,0
50940,5220,5301,0
50941,5220,5437,0
50942,5342,5301,0
50943,5437,5296,0
50944,5648,5296,0
50945,5648,5342,0
50946,5629,6504,1
50947,5889,5744,0
50948,5825,5744,0
50949,5752,5870,0
50950,5721,5870,0
50951,5889,5721,0
50952,5744,5721,0
50953,5702,5752,0
50954,5744,5702,0
50955,5702,5889,0
50956,5706,4989,0
50957,6356,5721,0
50958,5291,5015,0
50959,5127,5108,0
50960,5629,5549,0
50961,4501,5108,0
50962,4501,5015,0
50963,5801,5549,0
50964,5721,5825,0
50965,5291,5581,0
50966,5291,5718,0
50967,5411,5392,0
50968,5203,5392,0
50969,5203,5438,0
50970,5203,5411,0
50971,5801,5870,0
50972,5801,6259,0
50973,5254,5411,0
50974,5438,5254,0
50975,5342,5629,0
50976,5629,5296,0
50977,5301,5135,0
50978,5301,5172,0
50979,5227,5135,0
50980,5301,5267,0
50981,5135,5296,0
50982,5172,5296,0
50983,4931,4458,0
50984,4999,4704,0
50985,4896,4831,0
50986,4931,4802,0
50987,4802,4913,0
50988,5022,5108,0
50989,5048,5015,0
50990,5006,5015,0
50991,5291,5549,0
50992,6363,4996,1
50993,4501,5022,0
50994,5135,4906,0
50995,4781,5490,0
50996,5036,5227,0
50997,5437,5277,0
50998,5156,5301,0
50999,4931,4908,0
51000,5048,5127,0
51001,5078,5076,1
51002,5227,5457,0
51003,4682,4921,0
51004,5072,4906,0
51005,4770,4906,0
51006,5437,5267,0
51007,5227,5437,0
51008,5285,5358,0
51009,5285,5297,0
51010,5207,5358,0
51011,5207,5285,0
51012,5227,5203,0
51013,4831,4704,0
51014,4947,4715,0
51015,4947,4802,0
51016,5343,5600,0
51017,4715,4897,0
51018,5121,5066,0
51019,5246,5210,0
51020,5012,5343,0
51021,5744,5437,0
51022,4931,5490,0
51023,4901,4831,0
51024,4901,4896,0
51025,4897,4901,0
51026,5246,5132,0
51027,4867,4831,0
51028,4867,4684,0
51029,4896,4867,0
51030,5105,5203,0
51031,4947,5267,0
51032,5296,4996,0
51033,4770,4947,0
51034,5282,5205,0
51035,5410,5339,0
51036,5263,5105,0
51037,5263,5156,1
51038,5457,5105,0
51039,5457,5263,0
51040,5577,5497,0
51041,5489,5216,0
51042,5489,5205,1
51043,5381,5205,0
51044,5381,5489,0
51045,4831,4697,0
51046,5437,5392,0
51047,5277,5267,0
51048,5246,5267,0
51049,5267,5600,0
51050,5774,5909,0
51051,5774,5845,0
51052,5202,5166,0
51053,5202,5190,0
51054,4921,4723,0
51055,5129,5069,0
51056,5053,4867,0
51057,4901,4867,0
51058,4899,4723,0
51059,4901,4726,0
51060,5012,4901,0
51061,5000,4953,0
51062,5066,5190,0
51063,5105,5227,0
51064,5135,4922,0
51065,4883,4897,0
51066,5629,5156,1
51067,5278,5254,0
51068,5190,5278,0
51069,5297,5254,0
51070,5278,5263,0
51071,5278,5105,0
51072,5254,5105,0
51073,5443,5577,0
51074,5254,5285,0
51075,5297,5411,0
51076,5411,5285,0
51077,5282,5381,0
51078,5285,5334,0
51079,5060,5190,0
51080,5278,5457,0
51081,5457,5254,0
51082,5205,5263,1
51083,5205,5380,0
51084,5205,5278,0
51085,5263,5380,1
51086,5282,5380,0
51087,5227,5438,0
51088,5392,5428,0
51089,5392,5620,0
51090,5121,5334,0
51091,5437,5549,0
51092,5629,5437,0
51093,5437,5298,0
51094,5437,5340,0
51095,5437,5702,0
51096,5437,5721,0
51097,5285,5392,0
51098,5282,5190,0
51099,5105,5301,0
51100,4948,5076,0
51101,5209,5185,0
51102,5209,5060,0
51103,5202,5209,0
51104,5023,4979,0
51105,4949,4642,0
51106,4947,5164,0
51107,4960,5121,0
51108,5164,4901,0
51109,4921,4867,0
51110,5056,4867,0
51111,4813,5000,0
51112,5213,5303,0
51113,4874,4912,0
51114,5012,5164,0
51115,5443,5380,0
51116,4878,4642,0
51117,4813,4878,0
51118,5164,5246,0
51119,4749,4901,0
51120,4901,5210,0
51121,4960,4726,0
51122,5166,4878,0
51123,5053,5056,0
51124,5053,4921,0
51125,5053,4899,0
51126,5053,5066,0
51127,4925,4729,0
51128,5285,5185,0
51129,4874,5029,0
51130,4874,4900,0
51131,5060,5029,0
51132,5060,4899,0
51133,5185,5210,0
51134,5000,4983,0
51135,4811,4949,0
51136,4886,4887,0
51137,4811,4983,0
51138,5069,4711,1
51139,5834,5789,0
51140,6027,5834,0
51141,5994,5789,0
51142,5190,5121,0
51143,5066,5285,0
51144,4983,4878,0
51145,4736,4878,0
51146,4983,4794,0
51147,5000,4949,0
51148,5617,5620,0
51149,4806,4864,0
51150,5047,4887,0
51151,5098,5241,0
51152,5263,5489,1
51153,5381,5479,0
51154,5327,5461,0
51155,5181,5331,0
51156,5506,5331,0
51157,5205,5479,1
51158,5457,5380,0
51159,5227,5254,0
51160,5649,5697,0
51161,5323,5631,0
51162,5209,5207,0
51163,5216,5098,0
51164,5461,5674,0
51165,5461,5476,0
51166,5506,5410,0
51167,5358,5411,0
51168,5209,4983,0
51169,5323,5312,0
51170,5331,5606,0
51171,5331,5040,0
51172,5411,5530,0
51173,5383,5213,0
51174,5489,5443,0
51175,5209,4878,0
51176,5285,5530,0
51177,5484,5410,0
51178,5185,5207,0
51179,5788,5995,0
51180,5410,5405,0
51181,5358,5274,0
51182,5578,5383,0
51183,5542,5481,0
51184,5542,5334,0
51185,5542,5398,0
51186,5121,5207,0
51187,5762,5765,0
51188,5542,5684,0
51189,5411,5620,0
51190,5285,5202,0
51191,5285,5507,0
51192,5285,5492,0
51193,5156,5380,1
51194,5629,5617,1
51195,5778,5716,0
51196,5834,5762,1
51197,5834,5489,1
51198,5697,5834,0
51199,5629,5380,1
51200,5380,5381,0
51201,5282,5489,0
51202,5834,5788,0
51203,5994,5788,0
51204,5834,5790,0
51205,5909,5788,0
51206,5788,5774,0
51207,5617,5825,1
51208,5802,5617,0
51209,5995,5789,0
51210,5789,5697,0
51211,5774,5697,0
51212,5697,5788,0
51213,5789,5774,0
51214,5489,5774,0
51215,5778,5461,0
51216,5577,5542,0
51217,5577,5507,0
51218,5577,5358,0
51219,5778,5896,0
51220,5515,5674,0
51221,5617,5489,0
51222,5774,5834,0
51223,6027,5877,0
51224,5987,5877,0
51225,5877,6043,0
51226,5834,5479,1
51227,5877,5874,0
51228,5617,5909,0
51229,5489,5909,1
51230,5380,5909,1
51231,5845,5380,1
51232,5617,5507,0
51233,5617,5582,0
