ID,X,Y,Z
0,-8.10734299,-6.05041864,8.7081966
1,-4.14853565,6.34637619,12.6797934
2,-9.27196284,-10.2344363,-14.8101632
3,24.5482573,-33.9433371,-24.3140393
4,15.0872246,1.3172396,20.938599
5,-13.7393136,-11.8523064,-12.3505669
6,39.3647784,69.7836484,-69.0448985
7,-14.8961335,93.2169084,71.5850776
8,17.6383363,0.429064253,19.8319694
9,29.9463513,-28.4822037,3.53811437
10,-14.9735925,-0.71662252,9.98214762
11,-23.9440184,-62.517604,-40.7236601
12,4.39650855,-2.62238813,10.2627807
13,1.21044089,1.02395674,-1.46226759
14,11.686645,-11.4304661,4.11413117
15,-14.4711669,-0.302223635,-2.42683131
16,-2.95696103,-9.0855814,19.6525865
17,-4.14170001,-13.7231452,0.888605723
18,-16.244893,-1.94893859,5.8460565
19,10.7782125,7.61570635,1.94991056
20,-16.0436252,-3.742169,1.20088441
21,-13.7078901,-21.9704662,23.0235158
22,-9.86617416,-13.7447268,3.89970325
23,-11.3089992,21.5500522,22.9426371
24,-22.7239469,-21.4136797,54.3082112
25,14.8269781,13.4442283,15.101932
26,4.01614967,4.70141911,5.97571658
27,-47.7808461,-45.5824029,-88.1332455
28,-17.9474777,-4.1511234,-5.7151837
29,12.4766923,-20.1187879,79.1672738
30,-9.75362706,-6.3841967,6.60131684
31,-2.51314416,-1.73245594,-6.45228769
32,25.9478075,77.3332964,45.0946008
33,53.9206436,-26.2010065,11.7278254
34,-8.42595293,-8.60374599,12.7062729
35,9.74761155,-5.64944126,19.8417453
36,37.4917471,-55.2920305,21.8286963
37,-15.4935479,34.6784889,-9.89132798
38,-4.1376396,-2.41081101,5.59723672
39,-4.03767118,14.4660939,6.64566994
40,6.31863541,3.85976843,12.4110047
41,18.9141378,-8.01461473,-7.27626695
42,-2.41919257,-22.9768614,20.2373142
43,-2.50110192,-6.08229279,8.96730779
44,-46.2139919,20.5510351,5.45164365
45,7.43462213,10.7788711,19.1299017
46,-0.850517181,-20.0757181,5.90901083
47,-18.3969818,-10.863929,2.23610337
48,-7.24133438,-13.9684966,22.486928
49,-17.2729942,5.02971484,8.3278928
50,-3.12910699,-6.61827407,14.3005094
51,6.58471436,13.5819686,3.00814137
52,8.95611724,17.2469614,6.38875118
53,-13.0492543,-8.35262928,5.29489074
54,-9.73775771,-18.8201591,12.0799515
55,13.8969793,-11.5508031,10.2295884
56,-4.96955465,1.83475004,4.62599383
57,-12.2652229,17.4915328,11.7382059
58,-10.8825662,0.59902551,11.9743814
59,30.1631949,-28.5676987,3.46074506
60,-4.07907588,39.0046961,-23.2916684
61,-48.2634142,-47.9679038,79.1461446
62,-12.8925555,11.3972198,6.84198386
63,-5.63723914,3.54502615,-3.25489827
64,-3.38076016,8.61205059,-78.9402681
65,-11.81522,14.4509562,13.3008232
66,1.91429944,-38.0169378,16.2703245
67,46.9467841,5.656984,-6.76031916
68,-4.63739559,5.43533107,11.4167389
69,-25.453322,29.5139333,-15.7959519
70,-2.16178604,-7.76015454,-2.99741493
71,-37.216021,42.871297,65.407789
72,-5.09601753,6.20042785,2.89014779
73,-5.45236555,14.6095172,-13.1386958
74,-4.24247096,-7.72004227,-11.1503615
75,17.6818907,-55.0990398,26.6982155
76,-6.04157383,-0.636272769,-1.3767592
77,-1.58155691,5.57472384,-11.2261661
78,-42.639646,-32.5521829,59.3777045
79,-5.7216514,3.72073546,24.9113163
80,-11.9813511,-24.9829687,-13.2154027
81,5.26391644,-1.77317868,-6.8039964
82,-11.0532024,-9.34838929,-18.7960752
83,30.0794733,-8.58454893,11.9555844
84,-13.1856499,5.08425548,-0.954921902
85,-17.3936834,5.27362202,8.1905916
86,-12.0030297,-3.10258274,4.13286591
87,-9.382957,-2.48368988,19.6583698
88,-329.33693,-358.103061,-141.73458
89,-8.71122358,-15.3333709,9.98633277
90,-9.02421067,-45.1138583,-43.6466633
91,-8.66884928,-5.49433041,-8.68746509
92,-9.6364688,15.9404613,8.33206959
93,-5.88282168,-19.4541255,8.30144548
94,-9.41342454,-12.984453,5.71568485
95,-4.44216754,-17.4323345,5.0523542
96,11.7903177,6.64850008,-12.2247043
97,11.3382589,-2.31695431,18.9875331
98,-4.57473109,-21.9897855,8.18741507
99,-7.1888706,23.9460216,14.3562125
100,114.084402,53.8868626,95.1218964
101,-8.36261721,-7.1747323,-11.7786503
102,-8.74461639,1.7743768,-0.960893637
103,-22.0643289,6.98339123,-9.3554252
104,-1.09522286,-16.9278488,7.85977397
105,-14.1768844,-13.9066538,10.268699
106,0.974681526,-22.6139174,1.09872587
107,-16.5260909,-5.60358374,0.700024663
108,12.9131645,14.1588869,-7.6657784
109,-16.4790004,-1.80755379,15.8047328
110,4.63615856,2.51100472,-3.05906307
111,13.2160464,18.0681217,-43.7367699
112,-5.44672048,8.92241987,5.36533725
113,-8.47901338,-7.72911008,13.1504705
114,-13.1906878,1.40862721,-0.824937202
115,-23.1681332,4.69509682,2.87807712
116,-8.38737421,52.6766343,57.6118472
117,31.2245704,17.7181185,14.8373004
118,55.4276422,-53.8210122,16.7398613
119,8.50572143,13.9583452,11.4980456
120,3.89581695,-3.88601753,-0.405853902
121,14.2808947,-10.877714,-10.9947467
122,59.5846549,-40.4061903,32.8395983
123,117.101589,-24.182062,157.173219
124,12.2015824,-28.8836116,6.82411782
125,9.3252282,-16.531366,7.16883209
126,-18.4946786,-5.98803252,0.281526626
127,-0.303513582,-26.8355441,-15.2366244
128,0.601025719,8.26472485,-27.0579081
129,15.6468202,-9.44551395,11.2556647
130,-12.4196309,-7.95556306,3.39860534
131,-0.75056503,18.1495338,4.84127903
132,-90.928159,32.2387262,-103.370403
133,13.0900414,7.51619355,-7.05442595
134,-18.3312495,7.54010067,-0.346306394
135,1.13718932,-15.1107211,4.99552315
136,-6.59154369,-1.25852691,-10.0822053
137,20.5491745,13.4109111,-1.67985073
138,49.7860547,-22.5587696,-10.7771288
139,-1.876699,-19.1549394,9.17654246
140,-6.87835464,22.5910425,15.4241759
141,-2.62230843,-4.48390052,1.82944386
142,-4.9414634,-11.7233454,8.51829229
143,8.30074002,-35.8369374,-84.5135944
144,-3.60786151,-19.4431298,2.15416055
145,-6.32550364,-18.8871105,-7.29224426
146,16.0024493,-7.31624193,19.8825741
147,17.4720719,-11.279112,5.06366187
148,-1.69554248,-7.58755656,-5.59916203
149,-8.2531046,-3.45087717,-1.49146268
150,19.1270783,3.21381738,8.44604592
151,-9.40106373,-6.23253144,5.2560137
152,1.96607477,33.4114173,-11.4227502
153,-6.17936493,-1.58401328,-0.834775348
154,-3.28441791,0.297572209,5.51510346
155,10.7727003,24.8739819,18.6584166
156,-17.0613152,-14.7955546,13.4724667
157,6.79040568,3.16389599,4.28248221
158,-41.7805706,-5.86244198,-0.409087492
159,-7.76841818,-11.5046098,8.76034376
160,-12.354208,-28.322878,5.21024147
161,20.39765,-14.9871864,-1.95034566
162,-9.84110518,9.76340007,-53.6015621
163,27.015533,8.64580051,5.89376706
164,-14.2178636,-40.3302877,-9.95159056
165,-6.63933085,7.79346396,2.04058895
166,-2.4650257,15.4333173,-10.9212996
167,8.53793951,2.46099372,-16.8812551
168,21.8697466,-6.41186752,9.85590072
169,4.52607175,-4.83896504,17.6344095
170,-104.257018,48.0968919,49.0000474
171,-2.60227548,-5.25314327,-2.66136616
172,100.424334,-10.0594497,-9.16931663
173,-16.644398,12.9355999,1.63560116
174,-8.0041009,8.71475443,-0.600945831
175,-3.75876848,-1.71617839,4.73484792
176,-1541.18336,-21554.9533,-138964.594
177,2.45065735,-16.6866385,-8.51598294
178,-12.1289534,68.9717728,-2.05859297
179,20.4695367,-4.24909623,-34.9563084
180,-43.9966766,-16.1313214,85.3225625
181,12.4611716,-1.28010446,-18.74144
182,-14.6148649,16.88202,-11.5802144
183,22.9955946,-2.05052559,5.83014378
184,-12.1844103,-17.4706759,-6.76379125
185,-3.65755056,15.6758608,-12.4005246
186,-42.7808029,-47.7272358,37.6413116
187,-3.9398252,-14.0818589,3.51727087
188,-3.52565136,3.87765094,10.4957442
189,7.13756816,-16.5141004,-7.50906786
190,-4.71313923,-18.4056267,1.44631349
191,16.8164673,14.3958154,8.06407635
192,-11.4046732,18.6003527,-13.2699461
193,-12.5867706,-18.3303304,-0.764375659
194,-5.99948606,-8.07274657,-4.57441748
195,-13.5786954,-11.9712979,7.10550136
196,-13.0621968,4.98608805,-14.2277619
197,-15.5177924,-29.5300483,4.29006449
198,-12.9680641,10.5579052,13.3144017
199,-14.5029351,-6.33107818,-0.0789686416
200,-102.965589,90.8443133,39.0473341
201,-6.7873594,-17.4132294,-6.16935694
202,-9.01610812,-13.4846966,19.0298074
203,-9.1545925,4.89991771,25.6459938
204,-4.8283999,14.7530593,6.8260419
205,-11.3004218,5.00352789,10.8235423
206,-10.3675377,-9.86485522,2.79021206
207,-153.004353,-11.4362888,-6.87790568
208,-4.22930289,5.19459286,10.0388889
209,-10.9249633,-6.27105812,7.57068078
210,-7.13044213,7.19193935,3.70760111
211,-50.7877988,-9.19136648,-52.6365366
212,9.14799496,27.9349883,14.0050524
213,-9.36130109,0.242844165,-3.99594135
214,-5.95331708,18.0050187,11.1254738
215,0.740061137,-8.3568081,3.09523544
216,-2.22481956,-6.37328637,21.9829234
217,-6.23307733,-12.0410258,-5.00221324
218,-11.1586562,19.5404035,-1.84069259
219,-23.25563,5.53251834,-12.3693563
220,-17.9887604,-14.5622744,14.1030927
221,-4.87339077,-9.86347655,24.0479096
222,12.1408398,4.17471991,-13.9443676
223,-5.3901122,6.93657003,3.61807991
224,1.27760994,-9.96513332,7.06157629
225,-10.2111758,5.47231774,-4.39162632
226,-14.1667906,-9.937184,2.68994172
227,-8.58229635,-5.38968745,7.82900727
228,10.7643408,-0.921139193,4.55908347
229,16.8720367,-11.697338,-16.443862
230,-31.4007488,-9.01332837,-3.166218
231,5.51893514,-3.54511658,22.3845171
232,10.3414737,-4.02340852,-17.6538783
233,-3.47928354,-7.42612531,4.7887405
234,-17.1834676,-11.3136517,2.22543407
235,9.30588781,3.65240546,-9.27424214
236,-9.82143523,-13.7002951,3.89677294
237,-5.5965623,-3.56041618,2.44632684
238,-3.51810601,5.99052446,-18.8562489
239,-9.77190465,-2.78043786,-2.34687814
240,-49.239417,-49.4768724,-109.152593
241,4.72943769,-9.3965093,-2.9705803
242,-57.9365265,-20.6703458,-63.1864177
243,12.0471625,-23.5001224,-5.55872458
244,12.4928893,0.316083084,-14.2531021
245,7.7027644,1.73537361,5.53169508
246,-15.006888,14.7419254,43.7185038
247,15.5630273,2.32355367,6.22871761
248,-16.1010405,-10.5081067,7.67632045
249,-6.96583438,41.1829454,-16.2004919
250,-13.6615644,-11.409168,25.3865312
251,82.4622151,-7.16059668,-41.0852851
252,3.46760073,7.99041053,-0.265041015
253,-7.65100179,-3.49936329,-1.46382597
254,-16.3343285,-11.3784285,1.5594051
255,-5.42273706,-10.3947687,4.91807414
256,-25.7097702,-10.6434717,6.43719535
257,-16.4906245,8.0880849,1.44234721
258,0.0949684668,7.5831458,-1.51578325
259,-10.7434108,-8.66987121,-1.27044254
260,-0.0152873003,-4.66521535,-4.70192475
261,-4.90715918,-12.9775436,-0.00937646704
262,-8.68793657,1.2567471,6.09053088
263,-13.9673056,-0.00598560039,-1.89597263
264,8.96136751,-7.19976961,-16.6456346
265,-26.1561744,-9.28885913,4.7429893
266,-5.4119222,-19.8803358,5.5464046
267,-15.1414144,-5.76210262,8.01498432
268,-19.1609103,-7.42890082,6.17433349
269,-9.40813796,1.80059609,10.8116281
270,-32.7760432,-4.77257625,8.80973132
271,-15.0904445,-5.79171734,8.07041185
272,-9.83191668,-7.89468538,-5.99178461
273,-17.662073,-1.72596059,7.88024482
274,-19.1530564,1.13869357,0.725583728
275,-17.166281,-2.01176821,6.01137576
276,-19.190013,-11.2689047,6.80284745
277,-16.1911125,-2.40938962,8.16439447
278,-3.34882959,-7.8627751,5.2751377
279,10.8796163,-9.47784835,8.38121509
280,-41.1305555,50.8995324,-86.24338
281,62.1929739,20.3310904,119.734776
282,25.3786094,-16.3675193,-31.884961
283,-3.93664913,-20.4175825,-8.07026353
284,-10.040103,8.05408682,-55.3074381
285,-14.1198341,-6.51168996,-9.66694671
286,6.97758764,-23.6400752,18.5016694
287,-7.26141927,-18.4864238,7.02235053
288,-1.77530205,-1.51376959,-6.74815441
289,-9.11325143,-4.55249657,0.892109622
290,6.98692335,-5.51235983,15.5511303
291,26.9778191,-15.7396451,14.5149219
292,-23.0456255,-5.57853982,-43.4681961
293,-14.0091301,13.5687149,43.294108
294,1.57766498,-15.0636725,7.29744263
295,7.69265106,-25.7769109,-13.4887089
296,-5.15021119,13.3049525,24.1064348
297,-11.5363014,-11.7597065,8.12541811
298,-4.13093263,13.0371009,2.79895255
299,-2.85743788,84.6622271,-69.2703389
300,2.69962101,1.33068316,-17.9494959
301,-25.0600362,10.2384363,-3.5814875
302,8.64990227,0.939508365,-8.95455167
303,26.5554175,6.18145205,-17.5309629
304,9.5131314,8.05065413,-33.6277984
305,-10.4827085,0.709175344,17.5964708
306,-184.196689,-6.12634348,-28.9557111
307,112.13525,-49.0748265,-131.100658
308,-23.8801639,-35.879365,-2.658152
309,30.2014694,0.516247687,-4.16818399
310,-17.041379,14.9086539,6.37103178
311,-10.9916354,-18.0903734,7.40678291
312,-2.38784322,-13.4935127,-6.75163302
313,-14.3086467,-10.0481795,2.5461861
314,-3.27894372,0.358238207,5.53231995
315,-9.12865129,14.1594359,3.6265736
316,-120.984149,26.7288903,-34.1625027
317,0.963906336,-39.9211063,4.40390602
318,-9.83474633,-14.382204,-4.9534174
319,-15.7535459,41.5568641,-24.8262238
320,-11.3060058,-43.0315048,5.83553617
321,-22.7628242,-16.8117318,9.55901668
322,-3.71179596,-1.01026705,21.2715532
323,-20.8531786,2.72288624,19.3388862
324,-6.98585695,-9.52696654,10.8624228
325,-17.3544689,-2.22466921,79.0080644
326,-44.8798793,-100.505223,-4.24987422
327,-4.22602736,-14.8816026,9.81583072
328,-52.7107223,23.1575021,10.4598346
329,-15.3904292,-19.7432461,4.94229066
330,-50.6231025,-18.4887502,15.0551287
331,11.9455885,-1.16603482,11.3010826
332,-2.17535758,17.9890215,-1.46566412
333,-1.74905501,-4.18036778,-29.5183394
334,-15.7795126,8.42451527,-30.2652945
335,-15.0311223,35.7185362,3.49574681
336,-59.222164,-74.3005649,-63.0471882
337,-10.4098445,-18.2391941,10.9738619
338,-4.38882589,25.0285322,-3.84280603
339,-3.5166903,6.61112629,13.1246108
340,-3.18779358,-1.3130203,-4.58356949
341,-12.2144048,17.5732687,2.42786905
342,-58.893603,-38.0962643,36.1337088
343,-27.4708589,-17.9679453,16.1388186
344,45.5076027,-27.8111123,29.8386279
345,2.97918104,17.0314492,13.4422815
346,-12.5030389,16.2050133,3.234373
347,16.492975,-17.4751058,22.1655931
348,42.5233601,-9.49321426,19.6337812
349,-4.57029616,18.0170187,8.56138194
350,-5.1882272,18.8751616,-11.1229511
351,-12.7588511,3.93173967,-14.4280036
352,-4.43909132,-5.26977791,6.48792501
353,46.1147935,4.99862393,113.938005
354,-18.544198,4.39467542,1.48762575
355,4.31914099,2.0334535,17.4908888
356,14.1698085,-8.52722676,13.8381724
357,-15.8370222,2.85039179,-0.0317152177
358,-3.27244894,20.3817321,12.1453529
359,-11.692396,11.4538672,-0.999245135
360,-6.8416929,28.0598309,-16.1944402
361,-13.5481801,0.941148631,-4.43009746
362,-79.4552187,-133.445148,-110.95084
363,10.1169785,3.2367951,18.3057247
364,-6.56174559,-0.00902632506,1.27285268
365,-8.58766216,2.46206651,2.4329453
366,-10.9759361,2.0206012,16.9878786
367,-26.0804259,7.61325891,6.03422434
368,-9.19679057,-14.4914056,-4.21706904
369,-4.83605597,-13.7147838,16.2343879
370,-6.09698059,-0.723599836,-1.30221006
371,-2.41624297,7.49087501,0.796972055
372,17.3065679,-10.7097191,13.684741
373,7.74975055,14.4586886,-0.32447818
374,-4.42445966,-39.5246562,-43.8185362
375,329.913636,-129.724436,-372.898615
376,-10.428458,-2.86136043,-23.1555458
377,-17.599712,-11.3658189,1.43221969
378,-15.6654573,-7.94741747,3.85458326
379,-25.0429042,10.2041717,-3.68032932
380,-20.2756483,16.6060767,15.3408576
381,-14.0230177,1.03852243,-4.98595706
382,-13.5122536,11.5210786,2.88230377
383,10.8159932,5.01804174,20.6392682
384,-7.70911251,-9.27740475,8.8524265
385,-5.63453678,7.30454031,7.16838696
386,74.6471159,4.15286749,56.1377758
387,12.3399943,0.946981083,-9.68924743
388,-13.0189473,17.442195,2.31400003
389,-11.1744941,18.6348705,-0.586071547
390,3.84759373,-7.30659403,-2.15569579
391,-23.7554269,7.44358254,17.7249729
392,13.8425333,-5.6100546,25.0035226
393,0.108090312,18.3532721,5.24552451
394,1.57217281,-3.53817749,-7.21844108
395,0.517736136,8.17320572,-0.927340649
396,-11.1871213,-6.5906602,5.44675391
397,-7.06837437,-13.2583185,4.01451888
398,-9.05455918,-6.36617374,0.985782485
399,-14.6297848,-0.129314128,-2.3338601
400,-64.6510282,34.4573327,-23.167744
401,-13.8900934,-3.00710825,-3.46886702
402,-16.3291507,12.2375463,2.56884265
403,-32.1736709,23.2256609,4.90893001
404,-7.92136791,49.9648891,24.9237622
405,-6.70972284,-20.7824726,-18.6546551
406,58.1304257,81.3656299,-77.9675212
407,-17.2862056,1.68697295,15.9656103
408,-9.32056179,-24.4041688,-4.02679974
409,-10.9573142,12.4680727,7.98664501
410,-6.55259475,0.499056231,-1.19446746
411,-12.0924348,4.38488498,-23.5654732
412,3.39236886,8.57054774,21.4384151
413,-42.3462664,-11.3898452,45.0619332
414,-2.67068576,11.5448258,8.70492729
415,-11.2771195,29.6410555,-10.0674984
416,-7.90529076,-4.37118022,2.98090133
417,0.703814296,-5.28009459,-13.7931178
418,0.588919952,0.117707537,-3.60573754
419,8.79725967,12.1378307,-1.19650525
420,-1.07581956,-3.05726765,-27.9931704
421,-5.14438704,3.92252286,4.05400369
422,-2.20371635,9.97754774,-44.9254714
423,-7.22974071,10.8989308,-4.53435527
424,11.1183774,-17.8489874,-0.449653523
425,-19.1917514,0.285894349,1.34219321
426,-32.2304343,3.70852917,4.44397102
427,-10.0971392,9.80268106,3.58153913
428,-21.0964992,8.73859109,2.02255465
429,-9.96297043,2.23948435,-0.844536309
430,-1.74278456,17.8541289,-1.26150973
431,-12.2865595,-5.28899483,-13.2695385
432,-9.44224228,-23.3163741,-7.46318309
433,-4.83743415,7.58007492,3.85798511
434,-2.20114497,17.4044496,-12.8699652
435,-9.78183769,13.5631075,4.05160698
436,-5.3812219,3.43402773,2.16086297
437,-9.95742943,6.25155304,-1.98925892
438,-8.28314167,-11.4612759,-2.57490508
439,14.9461095,-1.44371598,3.87031581
440,-106.335541,8.74279482,-33.424554
441,19.9128095,9.70856532,5.15733393
442,-4.25038062,12.4663856,10.3980605
443,-4.95731089,16.9149697,-0.81940774
444,-5.46520561,1.70996326,-19.5460493
445,27.3093732,-0.468757126,12.6656653
446,4.1423119,4.89645572,-12.643741
447,6.65836652,15.248521,-12.7757165
448,3.25949804,-8.89382882,-12.9103423
449,-33.9791988,18.0117312,4.31926364
450,-5.44710225,14.63604,-13.1726975
451,-4.61565899,1.68577246,-5.54228582
452,14.3660655,14.9202994,5.42323982
453,-4.10193811,-2.13942402,-13.359197
454,-9.63293738,-8.66962229,-0.961046839
455,2.41393864,14.9895782,-6.50273616
456,30.0479923,7.25184715,-38.05069
457,-1.67935485,-19.9602212,-70.9178546
458,-7.26687086,2.81695547,-3.08737651
459,-27.4682507,18.764118,-10.470889
460,-43.5575033,-6.91148163,-112.386032
461,4.67609897,-16.7238406,-16.3196541
462,-16.503789,-11.8442094,1.73342174
463,-14.7140759,26.5957771,-19.1569896
464,82.7430734,-55.1359117,-37.1742359
465,-16.6581079,14.3128848,6.35717716
466,-15.5577002,1.49040287,-3.44667354
467,-0.517059884,-6.47979748,5.0719478
468,-39.2065579,-31.0622624,58.1121541
469,-7.50091899,1.89393006,-14.5505783
470,-11.5031773,-1.30152781,5.05657578
471,3.69763831,-7.26111082,-12.2298995
472,-15.2198332,-8.69227885,2.92938229
473,4.70311078,-3.2358432,-12.6188309
474,-6.024254,10.343232,-1.23617789
475,-19.8037123,-15.350167,2.34250731
476,-22.0959404,4.65794267,5.68195348
477,14.8188487,-16.0654685,4.68145278
478,-8.95675538,19.3733752,-2.36121336
479,-5.47357525,-6.36142682,4.56090625
480,-3.56096043,3.88653454,10.3007147
481,-2.71253871,-8.39498723,-0.411129009
482,-10.3586852,5.16524469,-5.68338064
483,-14.6938881,3.41856734,-1.35066655
484,-19.7646555,-1.39935007,10.2789083
485,-20.5838051,-6.95165637,-4.72634252
486,-22.6448856,-17.0356315,3.60619398
487,-15.5448326,-1.2708831,5.69922541
488,-10.3518843,-0.135048019,-4.03518907
489,-17.8329157,-4.1703734,-5.6205185
490,-20.6465622,21.9919526,29.3266114
491,7.27386704,8.42176059,-2.05789171
492,5.93896242,2.877799,-12.5219643
493,-13.4802404,10.8973123,-32.3304902
494,17.3549855,-16.7663196,13.1080726
495,-29.3099349,5.70047139,-13.936261
496,-4.04809689,5.0896505,10.8612015
497,-10.2541684,-10.0374438,-33.493139
498,-14.8506654,-10.9834564,6.98778664
499,-15.7254639,3.56663762,-3.09765296
500,-4.89597998,1.7841613,-4.90224838
501,-87.7262511,-60.5614836,-22.0093751
502,-16.4923724,12.8492972,2.11519648
503,-2.87586292,8.61906169,18.1418369
504,-1.54523639,-26.5631773,-14.6337768
505,-17.6319724,-14.0927041,1.03401933
506,-1.91578848,-15.1739341,-1.2971826
507,-5.63431912,-8.72660599,-1.40137505
508,32.9205415,-11.0964238,-11.8338413
509,-20.799464,-13.8975439,9.90021463
510,-4.65463154,-7.21262264,-11.4105705
511,-21.8825798,2.9293497,12.7889449
512,-10.607369,-8.94333162,-0.984173246
513,-2.26332892,-9.2684796,-5.63784698
514,-0.927353967,-1.93478266,-2.41597329
515,-7.22233792,3.25653053,-4.27709185
516,-19.3682786,3.92865364,-0.0699465543
517,18.0847418,17.585114,16.527337
518,-50.0380619,29.1965814,-3.33819576
519,25.9541725,2.38327622,-67.4775967
520,-2.86201583,-6.93371515,10.1378285
521,-73.2371429,114.302066,90.2044088
522,-75.2330907,28.5173402,32.6451938
523,-5.57445658,3.7524523,24.931281
524,-4.49214529,-39.7694389,0.898659589
525,-114.096857,16.7267144,40.3405645
526,-1.91976995,-14.206722,-4.29728201
527,-30.5357364,-8.89654944,-31.6580264
528,-32.2764918,-14.8272419,15.2458374
529,-7.50350056,14.5188797,9.58739009
530,46.6191333,93.9919921,90.2919528
531,-61.8415462,-36.8094754,-17.3712216
532,-17.789223,-1.16619046,78.7840841
533,-16.1981413,-1.34586561,2.16749098
534,-19.6211426,69.717665,5.73249349
535,10.5396276,-0.226954454,-10.5231904
536,6.68473427,-7.1684461,14.5997386
537,-11.6692824,5.99114943,12.5173257
538,-39.9075679,-4.97119275,42.1630804
539,2.65923248,21.4984773,11.1334003
540,-1.73080796,-20.7266346,14.4567476
541,0.104337824,1.40317626,3.11816592
542,0.601303694,-9.70274685,21.627764
543,-9.42788124,15.1323081,4.05012264
544,12.2132402,-26.2074805,-7.7159564
545,-6.87918161,21.9617739,3.78870711
546,-26.265099,39.1217237,-23.7415618
547,10.071742,-49.8017656,12.3223988
548,16.735226,26.8580552,19.517181
549,-5.19240847,7.93756686,12.434183
550,-4.58111237,5.40016029,9.78103665
551,-39.2484032,-21.3573219,11.8463926
552,-6.00255742,3.16075757,25.0159253
553,-177.963664,-9.10104073,115.437222
554,16.1492962,127.816472,53.2765747
555,-5.62715284,31.1407689,17.2527561
556,-12.4106318,5.09272215,25.1249162
557,-13.4424456,4.00966022,9.46138006
558,-8.10718955,13.79042,13.9296729
559,2.41256601,8.73503155,-20.6567968
560,-22.2037739,0.837335325,15.8126914
561,-9.10737596,4.87560962,25.6911136
562,-5.66959024,-7.50522124,7.69742962
563,-4.38293671,5.22985572,25.895488
564,5.65947572,5.99117859,17.5243338
565,-2.01737751,6.66409154,28.2060434
566,-20.8016168,-11.6020188,8.88510474
567,-43.2702471,-46.9515952,6.12344166
568,-7.14994673,-1.43010136,6.65170485
569,-11.3162286,-1.57812029,13.5182851
570,-6.93002667,-4.4120327,-2.94451686
571,-10.0095467,8.08278622,9.44443331
572,-1.1384885,-1.65613539,10.6636453
573,-44.6475197,-3.89558053,9.73892274
574,-10.484093,4.29525796,12.8229406
575,-3.67475405,-6.66767949,9.30411895
576,-1.65076835,-7.53339521,5.27226588
577,36.2370816,-7.49568653,22.9168278
578,16.4136619,3.31263862,1.86984038
579,-20.901556,-7.06934492,-2.51600493
580,-119.137267,-176.459834,-44.0450966
581,-7.78096581,0.211948314,2.7487869
582,-12.5217552,1.76089202,7.61315931
583,-1.22569711,3.42536592,-6.92685809
584,-5.01300525,-8.59875033,11.4687538
585,-13.1105715,-7.63137496,2.31921301
586,-6.35820796,-3.43543494,8.13830358
587,0.964809273,-8.75543568,14.473402
588,-14.4030609,1.88189505,-1.31936197
589,-2.36879317,-0.256367023,13.8997765
590,-6.04107243,15.1468361,4.40672246
591,-4.09716802,13.1186547,2.82874982
592,-15.7433147,8.94407058,9.75221343
593,-2.46511595,8.75164485,9.59260207
594,9.88873838,8.03462133,11.3427384
595,-40.7908569,-8.27820433,45.0676053
596,-8.98510995,20.9398929,4.22642499
597,1.97321373,6.34560995,10.7367181
598,50.2913486,5.99644861,-13.049091
599,-6.29193122,-22.5572661,17.002542
600,-6.79207233,2.3648059,-5.876841
601,-11.4003084,-3.18014446,10.2511086
602,-21.0754813,-7.7831422,9.14333262
603,2.87946124,2.03037992,25.4422739
604,-71.5464941,-83.1982919,70.0506107
605,-14.6694589,3.17138792,18.1582199
606,-55.486393,-53.2555647,84.3031367
607,2.08735607,-11.200479,-13.2076823
608,4.03346544,2.57414371,18.2994792
609,-23.9085147,-2.56051249,33.895957
610,-6.19113516,-7.71929535,24.60887
611,-5.83137629,-5.95556543,31.8065896
612,-11.9084915,0.728366316,15.2259177
613,-5.79739988,14.395219,6.52430472
614,-9.09321312,2.37034375,7.82970637
615,-11.6147831,14.1530975,13.1474414
616,-10.9709078,14.0280747,13.6755995
617,-29.9374617,-7.20498841,-8.57419943
618,62.4256322,-46.8393618,32.2272654
619,-15.4685001,1.15424427,15.3584859
620,2.63404419,5.19719186,13.4530497
621,-16.9145651,3.78669538,-3.34119113
622,-8.54882701,2.42385483,18.2425556
623,2.47175929,-12.7118134,11.6120523
624,-21.0044344,2.49358808,8.84027458
625,-16.7012172,31.6657378,3.044756
626,-14.919612,-2.77464707,5.97006443
627,-19.1956427,0.336407476,19.4973122
628,-9.47668019,2.3567536,10.9568693
629,-11.1930321,8.49593886,2.77270862
630,-4.20233264,5.53747147,19.3923506
631,5.38352187,9.3655593,15.5822757
632,-14.4653001,40.6511781,20.5073365
633,-12.9023033,8.75171294,12.3320122
634,-2.24981167,5.63260408,12.0525531
635,-9.37238423,-85.6898989,-74.2569998
636,31.3169291,95.8984953,61.3328449
637,-59.2606573,-5.88266746,-18.6604097
638,10.3417203,-17.6905155,0.372509342
639,-5.52464175,1.55933051,25.5677535
640,-2.96710737,-8.49657523,11.0661778
641,-13.7802936,-1.93694067,16.4532063
642,-15.3444921,1.44641963,17.029187
643,-8.34422503,4.34029287,12.9374076
644,-11.3100285,19.1512977,3.34234871
645,-16.7217524,12.8667022,2.58724551
646,-13.694527,22.343358,-3.13171661
647,-42.8667405,-38.8894998,-15.1507967
648,-12.2054234,16.3271747,3.36526368
649,-25.9967091,29.4878301,-14.5455665
650,-15.8597392,27.6912814,26.281407
651,19.2897956,-0.857551927,6.33754632
652,33.7847172,54.1644236,40.5508524
653,23.552411,33.0431785,10.3512193
654,3.74824332,-4.14454532,22.3894251
655,-8.9729746,19.9371134,-2.38201387
656,6.6337437,4.88273434,23.161404
657,-40.6629735,-1.53130746,7.8777418
658,18.9068791,30.3079168,19.1606984
659,22.417541,16.8988599,29.197673
660,-7.8269716,22.1254478,3.64633134
661,-11.4544234,18.9199417,3.30755075
662,67.7061596,-55.1673428,-52.4424007
663,-24.0855543,11.5135865,31.0733729
664,-6.59810615,-18.2646509,7.4385311
665,-122.668425,-58.8790939,8.49495404
666,-17.1078214,26.0083718,5.87790245
667,-13.3544654,10.3043076,5.82832188
668,-12.0053136,9.79902083,16.2597338
669,-14.5938581,30.8839899,27.1080245
670,-18.4874775,13.128055,23.471072
671,-5.33750971,13.4707191,13.6964284
672,-19.4051937,2.28616484,6.02355154
673,75.1282449,32.9768905,47.2357504
674,121.433755,20.4350679,16.7103925
675,10.8367025,-7.408864,23.9089605
676,53.135327,-42.0092528,102.177222
677,3.82189075,40.7192575,8.72579788
678,-4.81006855,7.66757892,19.6488232
679,-8.26004437,19.9081629,15.4156039
680,-56.9611416,90.9889807,55.7920093
681,-84.6227799,-36.8999471,-17.0004401
682,-121.722186,-2.31119041,16.9581813
683,-108.299745,-33.8239989,1.0385217
684,-14.2784661,-2.45965986,19.236602
685,-62.4117156,12.8919301,78.0496936
686,14.6796585,2.01405585,-15.6783904
687,-13.3344512,-6.02874902,13.4336951
688,13.1000516,-35.1055872,25.4079107
689,38.9746669,-9.69567896,14.6672345
690,-28.9381201,-11.1055349,-45.7652635
691,16.0448377,30.6930315,12.3446559
692,-52.5288344,74.9914124,17.3993267
693,-492.567674,-357.167638,192.402906
694,3.11210295,8.11589867,-0.466814496
695,18.2196014,-11.3035933,15.7314997
696,33.4969018,19.4223806,15.1338634
697,-33.3175806,6.29694787,5.66348028
698,-57.0998917,79.3499027,-50.0633341
699,27.8331393,78.5235607,42.1890852
700,-35.1184819,14.1326674,6.87893893
701,-53.0583049,23.0648354,11.9056058
702,15.1800734,44.491142,29.9188703
703,-0.313965098,16.161337,18.9831474
704,159.406279,147.004506,41.4970531
705,-72.6473998,-2.09388621,20.36247
706,-27.0810511,-17.3904537,-58.3489678
707,-6.09006672,8.89847276,-17.8943472
708,10.4040185,-0.0781709542,19.1374348
709,1.4189133,-16.1094908,3.72923332
710,11.9647409,10.3678188,17.8776843
711,13.0882384,-12.062165,4.63868855
712,-17.9311433,7.62287007,0.669028124
713,-18.0192255,-22.5366369,7.23017677
714,-5.64697781,-32.2627691,-1.68560681
715,-3.11526999,-1.25914792,21.7329192
716,-9.74844994,-10.6629079,-31.2962032
717,-9.62038904,-6.50895638,5.73169108
718,-15.3517271,-19.6992818,4.98974349
719,-4.84801821,25.1856168,-7.563562
720,13.4099074,-12.4264301,19.6273557
721,-5.32161932,-15.8972755,10.1900203
722,-27.0192712,-3.49926127,20.3384797
723,-44.6646339,6.58389489,50.2910668
724,-81.7136302,-38.2458828,-17.7504887
725,89.9519411,-18.2086865,90.9344681
726,-89.1324041,-52.4760268,25.0187494
727,-5.09172388,-14.5944753,23.7487864
728,-34.0684689,11.0023861,19.8159128
729,-175.031199,38.1275286,-31.1249901
730,-21.3193557,65.5273123,104.787185
731,-242.81739,17.9214357,172.225365
732,-55.7103345,-7.26243614,-10.8899878
733,-93.3814649,-42.6450338,2.22653756
734,-15.6304165,-5.37125916,2.72924729
735,-20.5769254,-4.13524086,0.955989711
736,-2.25857172,-13.3854099,2.09706182
737,11.0930213,-23.6982657,26.0082977
738,-23.8356037,-19.0346657,16.5496701
739,-14.5453773,3.65960921,-1.43355574
740,12.1751822,-0.441236236,15.2802727
741,-4.98395412,4.29743662,0.302784683
742,-2.67011019,1.22208711,21.6203162
743,-10.6032446,4.35702695,43.6642929
744,11.5615533,-13.1231304,15.0329142
745,-3.10110911,-10.3545286,2.09242403
746,-9.11459681,-4.86969653,18.1306575
747,20.3289656,-32.8478021,85.4016705
748,-14.9341913,-10.4008657,16.6247265
749,0.902840893,-5.58876885,31.5640132
750,-16.039691,-78.4877287,41.9604337
751,46.8349731,0.47454874,-7.08842361
752,-13.7466264,-19.2337557,29.5792331
753,15.4380404,-9.21343075,11.6762705
754,-18.1767433,-22.4575127,7.31496684
755,11.9632298,-26.4612249,73.9860077
756,4.36272966,7.88396202,17.4351101
757,-4.85386856,-0.0246395833,2.38521186
758,-6.39052338,22.7753194,22.404437
759,-37.7540626,-90.6479226,-9.9251301
760,-5.9247927,-15.5502222,11.3644924
761,-26.0870234,-19.7046915,-1.38993431
762,-30.5827692,-9.5009712,11.2112606
763,-16.2446131,13.1602364,2.11618745
764,-8.56146691,-18.4924944,11.346324
765,-3.4014671,4.82279538,23.3416509
766,26.5293793,-21.9138262,19.5283085
767,-10.8765259,6.52684383,19.9044961
768,-0.983436865,4.32308468,30.0006099
769,-7.88633221,17.3983937,11.8627187
770,-13.8222979,11.5267895,2.94584599
771,-68.9618413,21.9675188,-59.6156014
772,-9.33882682,7.41422153,15.0371489
773,-19.0014175,-0.682016576,19.3616775
774,3.31380422,-9.19476672,8.43173983
775,6.6878922,-17.1083735,15.6569239
776,-7.07757318,-10.568662,11.7214087
777,-14.1024359,-11.0386727,26.159269
778,-14.1149527,-6.15865947,-0.0382291192
779,-39.6510229,-3.69466126,41.5458626
780,-29.6923797,-20.3764027,-6.97542524
781,-20.1513821,-5.67711171,5.4912879
782,-5.80745613,-5.98032426,-16.1966403
783,-33.1646067,-18.0209167,3.47929785
784,-11.1882709,-10.0339759,-12.8636344
785,-9.51306814,-6.00410091,6.23216726
786,-14.4506779,-11.4056149,6.34084431
787,-9.31037832,-13.5105712,-12.9819828
788,-13.7410859,-7.2171043,8.07576895
789,15.6429009,-19.659456,20.7778343
790,-8.12467466,-8.55621328,8.15927219
791,-57.4453493,-11.7635356,23.6523587
792,-44.7601844,-19.5486934,14.0074768
793,18.6706738,51.2280016,8.24338768
794,14.255882,5.99283974,11.8962787
795,-3.53134572,4.70614416,23.9902153
796,75.2755202,12.6073981,-28.5153736
797,23.982432,-13.0822465,-12.3808942
798,-7.08593492,-13.8774721,22.6826887
799,-17.2863032,-19.5769233,8.68365233
800,56.4828582,9.6452214,13.7840202
801,12.0770199,-22.0279456,-36.5359684
802,37.9223073,10.9533474,4.49381396
803,-15.613514,4.88179464,15.0470754
804,-44.7241095,-19.5408066,14.0138356
805,4.86423152,-25.9768692,-8.29844866
806,3.9589922,20.0912534,14.5080494
807,-13.8774172,0.834041534,14.6258624
808,-11.3244166,-9.22003462,14.1286889
809,-14.7447323,1.74512028,13.7234492
810,2.34964942,-0.300215065,44.1582786
811,-8.9146418,-5.80620332,4.61308293
812,-24.4930557,-10.3506229,5.06983091
813,-15.9943619,1.33720672,6.16415217
814,-13.8471676,-9.89797245,2.62465893
815,-21.0276476,-5.59514242,-0.963480379
816,-20.5971847,-7.18181662,-2.43883238
817,-10.9819057,0.918523529,13.5552564
818,-6.38161306,-21.2002143,-5.82310553
819,-29.1793073,-19.8140657,-5.83615061
820,-8.229443,-8.98280824,-5.99337891
821,-7.88804765,-1.97615433,22.0359527
822,-1.41803406,-15.0771373,4.40469225
823,-12.032511,-17.9665541,8.13681267
824,-13.7039858,-44.2627335,6.82291126
825,11.8159615,-3.53947719,-4.26840367
826,-50.1093479,-45.217258,-142.140747
827,12.753795,-4.51112329,-1.09392275
828,1.73628627,-14.7047408,13.0582739
829,-30.5428372,-9.41639926,10.9775723
830,-18.8720178,-20.7973162,8.77132803
831,12.8978461,-7.19154822,13.2634538
832,6.41568209,0.286052036,22.9122634
833,14.8919201,-8.21620283,5.54947303
834,-115.516765,-33.533603,-103.406326
835,27.3350312,4.17625632,-18.9009143
836,2.00647461,-12.6718901,4.02966483
837,3.08274323,-8.88801433,17.1482013
838,18.482319,1.62862499,-15.5860279
839,32.1956277,-25.411423,-16.9591293
840,2.4054184,-8.52295707,7.2890365
841,-9.13182232,2.95405556,4.07555291
842,5.83192141,-2.92372532,-0.0161002266
843,-11.2178565,0.134145076,14.9954925
844,-20.6587875,-17.7876462,16.511052
845,14.8870848,-5.0164633,-6.12270136
846,8.21275325,-4.61771338,28.9294017
847,15.3827917,9.50152208,14.9452882
848,-5.83452759,-5.26286515,10.1673215
849,-3.44093194,-1.44473386,5.02427431
850,10.3835862,5.12337945,13.1607655
851,10.9539194,15.6278068,5.75900131
852,14.7673457,-0.546675109,14.8277148
853,27.361315,-6.82475062,33.4391903
854,-2.02683439,-4.75631706,-2.56295533
855,16.0701078,2.75504347,12.9976153
856,42.3458493,-9.41011982,20.1486086
857,4.13122476,3.0030166,14.2234002
858,-4.09611986,-7.80261914,-11.1880226
859,29.9589916,-27.9452141,2.37913943
860,21.9830183,-16.7911531,10.4888267
861,-44.7518811,-19.5563187,14.0076073
862,-38.7896168,-53.6014728,-84.2811269
863,51.6160489,-8.82033627,-22.8150158
864,16.0793488,7.22302245,24.505919
865,12.2620223,7.80985246,-2.59343359
866,70.8748141,12.020516,143.211684
867,79.7797254,71.8893552,14.4827683
868,-37.2120694,-47.3695275,60.6605193
869,-13.3559747,-5.72816346,13.2829858
870,-6.37967509,-15.0708189,17.7313168
871,-14.2791989,-2.62675939,19.2964018
872,-11.541949,-23.5519932,23.6416318
873,-17.2220943,-30.950105,13.4168355
874,-26.1289089,-7.72575336,11.900874
875,-13.7369233,-48.194056,17.627786
876,3.17567594,9.40724434,7.70996297
877,22.2220098,9.26664757,-1.78744055
878,17.2296317,-14.0916678,6.59475507
879,3.19134615,-9.46751137,18.7307384
880,18.9374428,-2.30392078,-7.16154769
881,3.719692,2.14533093,-13.3401919
882,16.3622923,-11.5224908,14.0270698
883,11.5843896,-12.7143829,9.42804903
884,18.058529,-7.18341561,17.7801739
885,28.7518222,-4.13639103,16.3305236
886,58.4749899,-51.126655,53.2660577
887,-5.93977407,3.6912205,43.1811802
888,60.9430558,-46.0823204,103.248483
889,5.40668322,41.1253805,9.97307884
890,124.824576,-46.6779482,35.7253728
891,11.1859553,-11.0025558,-1.08216879
892,-17.6171931,42.3321306,-1.4055594
893,-12.6859133,-1.77524953,82.2064006
894,-15.0305918,-15.0375851,10.718504
895,-11.9291657,-13.9119702,23.0977793
896,-96.8846804,-53.3355166,35.3414975
897,62.6861821,15.2035182,122.646296
898,-8.49315806,-3.45088823,20.3231686
899,-2.16708213,-0.808474012,22.321286
900,12.1958169,-19.7223963,28.8771257
901,3.46680229,-16.0423177,24.7342513
902,1.75493227,-15.47321,23.9986357
903,-22.1919585,-6.50430539,56.9238864
904,-41.3025756,-35.0169001,58.880843
905,18.5345038,5.11827618,28.962947
906,0.418563504,-10.238893,14.5340892
907,9.22320427,-17.1919117,9.83450693
908,116.947542,-13.522431,-43.2989819
909,21.9648523,-12.8030562,39.5613345
910,7.87993559,-6.32285832,-4.33471678
911,-13.5843463,4.22340931,-1.66446762
912,-6.70903512,10.26269,20.4376884
913,17.7355902,-11.7151176,15.4670988
914,3.95507103,-9.73603061,11.4279096
915,-1.52211164,-0.774670154,22.0289565
916,-3.15804786,18.6058584,14.3866176
917,-4.65668837,25.198805,-7.36589721
918,12.4845617,5.41980855,6.05703236
919,6.08455912,3.58117267,16.3196881
920,13.9154995,10.6501162,20.2960356
921,1.63984792,-1.55814483,-1.1971019
922,-65.8592454,-22.3013288,79.2984223
923,-3.47816839,4.58649446,22.9830896
924,-0.243400388,3.08093187,15.8049846
925,11.9178042,5.10512101,3.33654294
926,14.7003795,10.1084256,6.8803388
927,0.793575902,29.0560397,24.0309168
928,66.4143887,8.09510905,23.399917
929,-0.923081278,10.5755887,-3.73637373
930,7.63302945,-14.9212065,10.0527565
931,4.3008844,1.7455139,10.6748507
932,14.0024687,-6.20747428,22.4159101
933,-107.218,38.959842,-127.898771
934,-5.53779704,2.01084369,4.76507504
935,4.19048838,-3.80149188,-19.8371268
936,37.3044915,11.3532799,-36.6059174
937,50.026979,-7.42440632,-12.7981761
938,-6.45028456,7.71107722,10.4433015
939,48.3673753,-55.5306859,24.6368009
940,-7.7003013,1.57515198,10.4407647
941,6.12487654,28.9855494,-9.5674466
942,16.5383933,7.2321025,0.381153864
943,0.77584398,-9.69109435,6.43750702
944,9.25554569,3.48395524,8.64885733
945,-15.5645783,8.1437303,-30.5540904
946,-5.60099,2.3261959,13.3034223
947,18.2702436,53.1552735,-12.9180553
948,12.2318029,-7.18007199,13.1748438
949,13.4423816,-3.42259862,17.3033968
950,-6.86346098,1.06541636,6.40884012
951,-8.1503547,7.72589319,14.7793684
952,-5.87488628,7.93926587,9.20796672
953,-14.6626735,18.5896355,0.779774806
954,17.9690843,4.65006427,9.99921721
955,-6.76155935,5.00537814,-1.77745655
956,2.47725801,8.3287906,20.0334549
957,-12.1318485,9.33589204,-4.33661776
958,28.4048918,-3.16958142,16.1459711
959,4.09189091,-4.9836975,17.5076308
960,14.9530096,11.5773248,11.6062624
961,-9.40181821,28.8945319,15.9414679
962,-1.14053834,-0.833588961,10.673495
963,-21.1405817,2.60136582,8.64202298
964,4.74740093,0.324108116,12.4342063
965,-17.8780024,5.33873668,19.594455
966,-15.5702487,1.26153895,16.351853
967,-0.0181175141,-4.56975297,-4.57767067
968,-7.63881932,8.42662321,14.4949838
969,-7.65863882,8.27914854,14.6672149
970,-2.07071449,13.777808,4.91051648
971,4.41312794,2.25900466,1.43394516
972,-24.2602375,10.715529,4.79849506
973,-4.22336576,3.94969718,23.7945754
974,0.663976585,-0.429990758,11.5429737
975,-6.33634606,8.25193424,10.1370634
976,-14.0353954,13.6292902,43.3826218
977,-21.3595442,25.4914285,7.3314281
978,-5.51735435,2.63999097,13.4890791
979,-10.9533526,12.8863834,8.49777106
980,25.183442,64.6837736,45.9057979
981,-9.24539233,29.2206284,7.97105982
982,38.9349628,-9.65074111,14.5033726
983,1.70734698,-3.13901847,0.889315037
984,32.2210843,-13.2192403,-3.12204916
985,-5.0656494,7.23702775,27.5427721
986,-12.7413485,21.3034657,23.7842163
987,-14.6470426,36.1965917,3.35667005
988,8.63498203,-1.82147181,9.6343863
989,9.89659617,6.81436573,15.6883543
990,31.0770557,5.38345607,15.5897862
991,52.3693953,-28.0141284,51.6121999
992,1.08517508,-21.1503058,4.47846301
993,12.9386619,-26.5596934,63.0303161
994,202.61747,-281.254915,213.458605
995,20.7349922,41.4424747,6.95278594
996,103.432754,-17.1037949,43.1434608
997,11.7112815,19.0315398,46.1083995
998,7.97035667,10.190582,4.42666637
999,-101.057548,-10.0330075,-46.6777892
1000,7.04231997,18.3312124,8.46316913
1001,12.5160047,-7.48852184,14.3944802
1002,-3.97590225,6.19269704,-1.33077441
1003,-2.86964018,-85.4217631,-82.7758707
1004,-1.35203086,-17.3625744,-21.2518185
1005,-62.4477807,-38.8906196,-15.2750709
1006,-47.8479677,-14.3898602,10.5576309
1007,-19.3174453,3.55983157,-0.18044168
1008,9.56858037,5.97178892,3.35171825
1009,17.6325126,9.15479279,-5.67205923
1010,-9.87051748,9.47607744,-53.6106561
1011,-5.38960885,4.07833673,-11.9659039
1012,-1.99709411,4.30373061,1.68417927
1013,3.88017144,-1.22582677,7.75585504
1014,2.36614864,22.2641582,-15.4129796
1015,5.44382389,-16.1642884,13.3963161
1016,-23.1904014,-10.936807,3.68328698
1017,9.52373495,-2.06863254,11.4016886
1018,8.65664516,-1.29915494,13.655739
1019,-2.67280859,-4.70944552,-1.7032898
1020,13.2824859,7.51027306,-5.87825064
1021,-4.76408171,7.66809983,19.6523326
1022,-9.80833133,-5.48748952,4.68106793
1023,15.0146348,-6.9335718,-23.5446693
1024,5.66125598,1.46769186,-9.09825291
1025,-2.84329008,6.95875409,8.37363602
1026,15.4335488,0.599533029,-6.29115087
1027,3.10665244,9.97278754,22.0960857
1028,-3.06990036,2.31170999,2.78965409
1029,-1.80423681,4.41707751,2.10154521
1030,-6.46000052,3.12791328,8.52804347
1031,-46.8670725,0.594844195,-16.6327134
1032,-5.17113902,6.17705032,2.72179204
1033,10.3697463,-2.02880168,-13.0519447
1034,0.0677263984,-10.2181194,-2.13001798
1035,-8.69367877,-1.05921555,-9.40582145
1036,1.85450783,9.01990719,-16.2495488
1037,-5.69996377,1.52063469,-8.19284345
1038,-9.13415502,-9.00337993,2.39176961
1039,-9.99049379,-3.14850488,5.44261545
1040,11.2504406,-16.045735,4.88843317
1041,-7.3432236,1.01747184,1.09019652
1042,-5.69995505,6.32967905,-3.07170991
1043,-5.63104625,1.52015608,-8.21041639
1044,-8.47356031,3.58093914,-8.94113941
1045,-9.25016166,-1.31427739,3.33842678
1046,1.95962354,5.10305879,-12.0815274
1047,0.674756318,7.90111364,-11.4952548
1048,-4.66574409,-2.17452768,-13.6431597
1049,0.581913747,0.128636476,-3.59761539
1050,-5.38199942,14.6565439,-13.1372236
1051,10.1041504,-10.2029123,7.84662455
1052,3.17875996,5.09825979,1.3636584
1053,16.4123003,9.97928178,-29.552099
1054,18.4870977,-19.5049169,-10.6176581
1055,0.89533855,-1.10340781,-1.98301911
1056,7.10939268,23.7566942,5.45830272
1057,35.616531,48.1211724,38.1251642
1058,11.3692121,-3.84187049,11.2279603
1059,15.2464024,-9.9716503,-4.47043102
1060,-0.747934623,37.0916194,-30.8220373
1061,0.672130168,-8.00118002,5.37587127
1062,7.20665953,8.28507084,-12.5669258
1063,6.65201497,10.1107772,-13.8406747
1064,3.78748759,-1.30710132,1.2718608
1065,2.46636467,0.449026252,9.14261384
1066,2.89452849,4.43193214,13.5098355
1067,12.5475555,7.05079973,-12.0144261
1068,-2.96250645,-10.600526,3.94900042
1069,1.22794788,-0.977977089,-0.713929134
1070,-27.0923229,4.31717181,-13.4378634
1071,55.9607007,-56.6316444,-71.844507
1072,7.49444747,2.91706278,10.568941
1073,-20.2337052,-11.9973209,1.7685885
1074,0.272349005,-0.117553697,1.87502356
1075,-3.3659186,-0.750669793,-9.98035362
1076,27.4869661,4.79364555,-35.6130763
1077,17.3730843,-0.277053428,-0.903962136
1078,0.0296517648,-10.6577506,25.2795991
1079,3.51164369,4.02930453,-21.9352019
1080,-1.45259579,6.95553469,-3.57575919
1081,-64.8007822,-9.19938652,-57.7147566
1082,3.89121744,-0.221357697,-1.52106796
1083,-4.49708321,18.3711661,0.0493538193
1084,8.61512048,30.8065168,12.4691303
1085,-7.79315675,10.2625626,8.91896032
1086,6.91014951,-4.98459555,14.283873
1087,-2.03091943,5.62364319,12.1595656
1088,-11.8204197,19.2026317,-11.8311437
1089,17.703768,41.2772827,27.8497253
1090,-3.57776953,5.48805881,3.07722796
1091,-0.637567243,1.56018356,15.0403514
1092,-9.79084972,17.4333403,9.06686182
1093,12.3504253,12.6380149,-4.31011731
1094,3.69450736,3.89796612,0.243284263
1095,-6.42561225,4.88348929,1.66321694
1096,-7.46702652,22.9278739,-2.67383161
1097,-2.1694315,3.52693246,-7.17454959
1098,7.25974349,8.43103509,-2.05903697
1099,-5.96480862,7.16064106,2.60025896
1100,-9.63315904,8.82351983,4.97275822
1101,0.982146302,-0.893928258,8.88094412
1102,-1.51666824,6.85032186,5.74072816
1103,-2.61472189,2.25412549,7.31729736
1104,10.4522339,3.6151107,10.4070134
1105,-2.03605725,1.45922997,6.85789816
1106,11.6639856,-3.24176669,12.5070458
1107,5.90339108,13.9318626,10.7190714
1108,14.9006466,7.06299694,10.8769172
1109,-0.184874871,1.53977742,16.1622108
1110,3.45132946,-2.2506873,12.5790744
1111,19.5651384,0.0329911762,-12.361917
1112,20.9064371,4.98045166,12.9153469
1113,8.98915102,13.8805589,11.8208597
1114,14.7986219,-2.14147285,15.0087714
1115,12.2323203,-5.3928498,4.25557146
1116,-11.1247941,13.4670418,0.321359786
1117,12.3928246,-7.27805098,14.1873136
1118,19.6853223,-12.8930707,-4.58740014
1119,1.479005,14.2818641,3.97523779
1120,5.08006617,-7.15241302,5.54752307
1121,56.7011963,-31.2437558,47.6829879
1122,19.0011263,17.7806568,13.6727653
1123,11.4880287,-0.584243109,3.55853294
1124,5.33345702,9.38808987,0.327299761
1125,7.71002494,8.0117955,-3.58805959
1126,9.00276247,-15.7630601,7.83598928
1127,12.6326108,-11.5941639,5.61952912
1128,19.8388048,25.3640457,2.38386394
1129,20.705133,4.28138611,7.85358374
1130,27.760428,-16.6363666,15.1247574
1131,24.1412027,-14.5239746,3.46005149
1132,22.156522,2.00907203,14.524618
1133,14.7161252,5.03363933,15.2986436
1134,-10.0910675,4.07380634,43.7563017
1135,13.9723671,1.55906742,7.87699447
1136,5.5981839,-0.776695016,-0.960865961
1137,12.5044472,8.54507941,5.66472087
1138,13.1281703,3.67124576,1.29934875
1139,6.92519065,13.063925,2.43464325
1140,8.29784717,-0.120301467,13.1319167
1141,4.49477247,9.45932215,-16.055357
1142,-3.23224325,14.151151,-12.3292377
1143,11.9728256,5.57049509,5.91303211
1144,-8.02772702,-3.43696829,-1.30205112
1145,25.0704183,-2.21318549,21.6869418
1146,4.66602462,6.25952395,5.04272735
1147,2.16424391,5.07260327,-3.15154977
1148,16.1302739,2.24566265,13.0431129
1149,2.86611947,14.3624337,4.52177723
1150,7.95328455,8.52286355,-2.66027389
1151,10.619765,13.3791634,6.58682914
1152,4.70445024,6.35675723,4.84715082
1153,4.2458082,9.63269501,1.95426021
1154,48.7907525,10.8241852,16.3515123
1155,21.9547821,9.11355045,-1.74988267
1156,17.8977007,7.54493415,2.49199047
1157,11.2198014,7.80766632,0.778470575
1158,-113.581767,-31.3348589,-100.185981
1159,3.25610513,10.9011036,-14.8047462
1160,9.18050581,6.49349222,3.11311162
1161,8.59504532,0.0533566442,12.2087771
1162,12.543911,13.0639333,12.5034906
1163,25.2030521,7.47142128,17.1610136
1164,10.8577403,14.3483385,12.8351793
1165,18.0304854,0.466750506,11.5753787
1166,10.2863025,43.1094068,16.5496358
1167,2.07960328,0.98856733,-2.20128578
1168,-7.85873303,11.7708048,-5.92686382
1169,12.5379202,7.05321562,-12.0191417
1170,35.1913022,1.56336286,7.51656798
1171,17.4050192,9.27722517,-5.77193139
1172,5.94790481,9.10264301,-15.466229
1173,4.47091971,-0.0912505975,-12.1041595
1174,3.10354645,8.61788023,-16.6542532
1175,3.32188909,52.2390999,24.1525448
1176,9.75105561,12.636253,2.78372826
1177,-31.4407784,94.2282602,9.15924791
1178,4.60070597,-6.21446223,-8.73438119
1179,27.0241056,2.80651819,-30.673038
1180,12.5947888,-22.2261005,-24.9861913
1181,-13.8916241,-7.87076865,-0.61795978
1182,19.2704634,12.1836226,0.905127384
1183,1.77944105,25.1367711,-8.55861139
1184,14.4267574,9.4803058,-17.1957474
1185,8.08153603,0.829065806,-13.7223269
1186,53.9969152,28.3459654,-36.0793504
1187,13.5673149,1.86227258,8.39874022
1188,20.4677981,7.82733038,-7.6480221
1189,14.2104574,13.0001959,-0.144961859
1190,2.02005292,-2.73166155,-28.7690781
1191,43.749318,-10.6560775,23.4804067
1192,11.2395119,-2.60631663,-38.1043559
1193,-4.94565787,-34.87535,0.589665144
1194,-19.2473197,-32.2683732,-17.0631354
1195,9.81119544,43.2672555,16.2435464
1196,15.2044529,6.94929533,10.7891218
1197,11.2113196,6.78868429,-1.58113507
1198,-4.16456342,-17.3661279,-5.59340445
1199,-19.1074832,-26.3980224,-32.4985475
1200,2.47143048,-19.0464572,-15.9852871
1201,14.6378561,0.576665306,20.3449595
1202,16.3090114,-8.56081568,-1.62562403
1203,35.1965677,5.39355951,1.23106218
1204,8.419171,-3.3227714,2.05558825
1205,19.2383172,-1.76090897,12.8284016
1206,41.5342599,22.2868174,15.1246301
1207,20.3658833,0.888492399,15.0910013
1208,19.7140941,19.3473224,10.721454
1209,30.697293,2.12756348,14.2602042
1210,19.8895796,1.55027508,17.0361567
1211,24.5267065,-0.294444455,0.995339345
1212,28.4032746,-3.16706965,16.1398828
1213,10.9909447,-2.84053197,14.694057
1214,-20.2110239,16.6398988,15.3936936
1215,0.229549047,31.036962,-15.6439394
1216,15.882747,20.6295895,-7.30496229
1217,23.917381,-14.5435685,0.735546487
1218,67.3234036,33.9547866,12.3176228
1219,7.48183629,12.2670596,7.00467368
1220,10.9840212,7.86634155,1.57192325
1221,-2.2496369,17.1213174,8.00342848
1222,13.5322086,22.6340019,9.07326126
1223,18.3847526,5.556379,28.7691369
1224,12.8930853,-29.226445,27.2111866
1225,-5.27239776,-4.87167542,1.42375147
1226,-0.401190586,-11.9297856,8.82905469
1227,-3.06791018,17.1373676,-1.53322092
1228,-17.4659682,8.44643809,3.34879878
1229,15.2578718,4.6507278,16.0918371
1230,-1.59162022,12.1981102,-12.7350947
1231,8.6991367,-1.72128066,-115.616084
1232,-47.0209989,-9.37847331,-20.1491969
1233,8.05507067,-55.6946773,118.006201
1234,11.1282592,11.8623936,-0.459004019
1235,40.79861,-6.19819926,9.4346695
1236,13.1254229,1.26755987,-20.1772106
1237,11.741418,13.4464724,-4.71560293
1238,10.5466491,13.1624167,-12.3216994
1239,29.845901,16.4795495,16.0433292
1240,-17.9670226,84.8358081,-48.9248538
1241,-16.1265186,-88.961461,-67.680041
1242,-42.4278747,44.3111257,-38.1719989
1243,-10.0593174,19.1274765,-1.91240722
1244,-29.864537,43.5418472,-20.1313629
1245,-20.5426209,22.2233221,18.2659083
1246,3.56545832,21.5652991,-0.510122013
1247,15.2369866,5.60654109,9.64547433
1248,-2.92558506,11.8288826,-15.5895233
1249,9.54637566,12.2044915,-0.18258127
1250,2.6482845,8.07055921,-6.52442868
1251,4.86994104,2.63114806,0.959711761
1252,-79.8064783,-1.62573077,-52.4526828
1253,21.8302246,-56.3329452,-39.5164394
1254,5.56719635,16.1238156,23.0820564
1255,3.54886289,-7.22076384,-12.2754216
1256,4.13547792,10.7784033,10.1382398
1257,3.96157708,9.51055461,9.39506563
1258,14.1947625,31.8933355,0.670480153
1259,21.0804914,-7.52010965,-7.41053974
1260,9.24300392,10.8264348,-14.9328017
1261,-2.6322699,20.7528171,10.7267852
1262,-25.9795381,40.4770814,35.7369181
1263,12.8876252,12.2445492,5.88873046
1264,-15.245518,35.9014995,3.49372198
1265,0.837557968,28.4433682,32.9220968
1266,-3.55789964,22.7788284,13.0338173
1267,19.5161442,1.41421263,16.9567147
1268,32.4546747,8.00773329,23.6074263
1269,46.9390513,-42.4266818,-89.6176393
1270,10.070305,25.6452849,19.8976438
1271,0.891133792,12.2603491,16.7240523
1272,5.51986531,12.8050002,10.7457612
1273,1.35623256,6.98968232,11.370151
1274,9.52825672,13.2887568,13.9157362
1275,1.21605619,1.10101448,11.6129857
1276,1.63907477,10.5058496,-0.0681260831
1277,9.03328775,1.64650436,-16.927954
1278,1.68108635,10.5827057,-13.9399275
1279,13.0784165,0.668894509,-10.3180185
1280,22.4464361,26.3424073,10.1388089
1281,40.3319327,31.0067756,-6.78757977
1282,-1.48386518,12.8325262,-5.42321649
1283,32.8612334,-23.6870326,7.41192113
1284,8.7629018,25.7871964,8.18209019
1285,18.3084453,28.0668476,18.6285832
1286,46.7752176,-56.0967025,6.11651697
1287,11.9344768,10.4226687,17.8895541
1288,39.6076827,28.0213612,-7.04222479
1289,26.3776458,7.37274645,5.35605253
1290,-2.48044424,9.76897539,21.5576926
1291,51.3551592,1.3265434,8.05761827
1292,24.2338661,4.92237948,16.8837193
1293,23.3448008,12.7713947,-1.25010747
1294,4.56304112,20.0625264,15.0312503
1295,-71.1614835,-9.23288944,-55.1092589
1296,23.1597056,14.8576099,-2.10940983
1297,28.98151,16.463986,9.22112802
1298,-46.0789154,7.87802882,-108.627857
1299,36.4344502,-87.1478507,-62.0062075
1300,-8.40927467,84.4845834,78.8156611
1301,-27.9534998,83.1608418,12.5941116
1302,-16.6623992,8.43772132,-29.6515954
1303,-27.1841175,108.291446,15.1735329
1304,20.9094089,-33.2133023,-2.91553115
1305,-29.6371791,-9.18109356,-44.6703933
1306,-28.0062525,27.0925788,-12.2833968
1307,-8.51804157,28.2142691,9.77867538
1308,-28.7598106,7.02737562,-14.0614776
1309,-22.8682035,56.0767915,-3.86208257
1310,15.6570136,-16.6372353,5.07224106
1311,49.2607211,11.074908,17.0284908
1312,-307.79169,-35.4529176,-509.101778
1313,19.9843494,-9.11660092,-16.8549303
1314,26.4234347,6.93995905,-17.130891
1315,-3.73664252,-6.43478969,-9.85435613
1316,39.8441852,16.6426288,-36.833135
1317,-1.48539119,-11.6592741,-15.181902
1318,-6.6624185,-9.46118395,10.8397584
1319,20.807044,-15.6069398,12.8930254
1320,15.1810378,-24.3862524,-43.0557316
1321,-12.5846686,-10.4251573,-7.41840272
1322,18.1042353,-7.04790129,-5.86513624
1323,9.84632153,0.171036892,-14.3119297
1324,18.4334905,-8.37190782,-12.5129396
1325,-10.464171,-20.7756821,4.7303893
1326,15.1784717,-17.8068163,22.1765476
1327,13.1113626,-3.89382284,-2.27397164
1328,-394.011192,-66.1530513,-679.214613
1329,0.46411537,-9.20219599,13.3827328
1330,27.5682874,-1.99069169,-5.7998909
1331,0.525735355,-9.40158076,20.5620211
1332,-1.397745,-17.8581952,-19.1077434
1333,11.8231611,-26.2843345,-6.07602394
1334,10.6214143,1.31519926,-15.0983959
1335,23.693965,-2.07650073,-5.41875622
1336,10.8079026,-7.38892114,9.93922285
1337,15.1518262,1.11082285,-4.50999893
1338,10.8417587,-11.1984109,16.2683408
1339,-2.25675502,-13.3062376,-5.75858279
1340,9.14213343,3.73554924,-30.9405385
1341,17.1328134,0.424214007,-12.7660745
1342,-4.51530707,3.61906029,-0.315616156
1343,7.62536414,-5.57825469,10.6495703
1344,18.8113507,-12.7602408,5.00334781
1345,22.3663585,4.4752279,7.98697591
1346,-5.30135543,-30.9311458,-57.8781677
1347,14.6002867,-9.44199239,14.162208
1348,0.168632833,-23.5558637,12.9564944
1349,42.4391678,-16.7253168,6.90899981
1350,18.2519151,-40.8919852,20.0396933
1351,7.19904066,10.4851545,-3.62104401
1352,-1.06592742,-6.30312154,-8.99260443
1353,15.9114224,5.63799147,-5.17627351
1354,11.2238438,-2.60781113,-38.1090241
1355,5.01432731,-12.1461987,8.85638002
1356,-1.90191588,-1.62124781,6.98312467
1357,53.0151409,-28.4817173,-22.7954994
1358,12.110006,4.95125465,-19.5700386
1359,15.7690554,2.03594469,-4.44404734
1360,14.5054349,-12.0325968,-2.66686269
1361,-7.76453512,-9.05613528,-11.6856052
1362,-0.244599051,5.05340073,-0.934844807
1363,6.83291249,-17.1319393,-0.41456983
1364,-0.777252852,-10.136529,-5.64870345
1365,22.9097281,2.01302076,-24.6127576
1366,-5.76240301,-12.2440908,4.07938069
1367,-17.7013217,-9.82243378,7.95197003
1368,-15.3407905,-17.8955466,-20.4636302
1369,-4.47186643,-16.2948899,-5.37260223
1370,-35.2401197,-46.4817093,-27.0019155
1371,30.4010119,-28.5298983,3.48464748
1372,15.8073978,-2.54617089,-38.7795575
1373,20.2432466,-20.6874688,6.61851819
1374,13.7328016,2.77503222,0.455896814
1375,15.3919613,1.41344713,-4.02893326
1376,9.72232738,3.55922413,-9.18240845
1377,3.06891201,-2.63641874,-13.2537854
1378,4.57006605,-24.5188776,-14.7859018
1379,-10.2564324,-10.7296857,-21.7756096
1380,-3.56685507,19.2894894,14.0457769
1381,13.1495212,0.399838698,-3.38977453
1382,-0.901162021,-8.34481921,-9.13343481
1383,1.08504064,-5.5923836,-11.8661882
1384,16.7087178,-17.0546563,13.3809108
1385,4.88204792,-10.353929,-19.2740289
1386,27.0822386,0.691518269,7.98039279
1387,-3.21644825,-17.7904308,4.64847949
1388,0.550714108,-0.121508247,-3.67523195
1389,11.6762097,1.10727304,-14.8810925
1390,-10.0448046,-28.8566409,12.359877
1391,10.1453533,3.75611512,-9.18181005
1392,9.05419185,0.364016829,1.2412286
1393,32.8656812,-25.8158098,-0.0300871948
1394,6.47370119,-3.63056572,-22.8276205
1395,13.7783697,-10.8499328,-11.3605475
1396,-1.16415754,-11.9132514,4.12398254
1397,-0.0899940931,5.26148621,-15.0177447
1398,13.828237,-6.16990753,22.551153
1399,6.70857441,-11.4831453,-14.3298701
1400,37.8519261,-19.395427,-51.9437769
1401,8.22665857,0.345982008,5.69335367
1402,8.93263167,-3.64897746,16.4897743
1403,1.94510692,-7.15932171,-5.12018756
1404,-10.2354978,-1.47314099,-7.99627566
1405,-5.13929689,-17.2009133,-5.79491513
1406,15.1342563,-15.0184688,-31.7917918
1407,-15.8607883,-10.4435831,-9.76735002
1408,-10.1685394,-24.0281391,16.0846516
1409,-9.44926096,-24.3981984,-4.36891301
1410,20.9983628,5.02883197,0.618713596
1411,1.83459427,10.6581679,-2.51895516
1412,-3.59291507,-3.56485924,11.4551627
1413,14.0552777,-20.1547727,-0.661097955
1414,1.66045191,-2.81798855,-8.57523395
1415,-1.29315298,-9.24977075,-4.58563416
1416,6.3495685,-14.6478838,10.8890626
1417,0.378558826,-20.1663764,3.30651746
1418,15.3006239,-7.16185054,12.1088192
1419,-11.6250379,19.2252446,3.44890485
1420,-8.50196539,-13.0881578,-4.69028359
1421,-9.13039169,-19.766125,4.47324733
1422,1.14343018,-17.1636472,8.68364128
1423,6.98011683,-8.29075023,6.9469292
1424,12.8706747,7.53975319,-7.26097942
1425,8.21211591,-4.63427336,28.9281193
1426,19.8202655,10.4285581,10.8685484
1427,6.51102357,2.49837873,-9.33545543
1428,1.20055154,-4.42685075,-2.10294188
1429,11.7731295,4.951616,3.71845148
1430,-9.27714062,-1.28162617,3.30402559
1431,1.66046717,-14.6209836,6.27778072
1432,-7.65823862,-4.98482495,7.93146512
1433,-5.70950745,-9.91270981,6.52087304
1434,4.70955155,-6.93874318,1.12311925
1435,7.09180909,12.248078,9.02376072
1436,-1.6595805,5.09262389,-1.11146953
1437,10.610155,-1.42860083,-0.0433655879
1438,-4.00454546,-8.59203087,5.05251969
1439,-3.87757355,-5.95916805,4.46243618
1440,14.3640396,-13.2096926,17.9010139
1441,0.993503551,-8.2681859,1.50001796
1442,14.9645016,-1.5000202,2.17694325
1443,6.14329204,-7.50629297,2.72243731
1444,8.94525404,-4.07074014,6.30845212
1445,6.01749252,-0.0421915247,5.47560218
1446,10.2684423,-0.944362203,0.141219256
1447,2.01299414,-7.73391201,0.860978678
1448,12.4583624,-1.36691744,-18.7122783
1449,19.6980247,1.60804729,3.56131263
1450,-1.61082806,-14.5446831,-3.03298271
1451,4.58031109,0.768839423,-7.75069292
1452,6.10442898,-7.76132545,3.00522639
1453,-0.29613161,2.26253752,3.80926693
1454,-1.45512556,-8.90368182,6.25816438
1455,-6.12143081,-1.34478036,-1.219324
1456,1.52078484,10.5386573,1.46846943
1457,-7.90315313,-4.30174087,3.00848923
1458,-1.53399365,-0.726739981,10.593393
1459,2.50504604,-1.21717583,4.98686795
1460,-7.11446416,-9.47956604,11.0698934
1461,-7.95328227,-4.21718196,3.20727591
1462,-1.45524654,-4.54804347,15.5852182
1463,-4.7552854,7.59920885,19.6505097
1464,25.8771587,-13.0931707,18.5031389
1465,2.77715467,6.32943746,12.6775334
1466,11.048291,-8.26970518,-3.50402712
1467,22.2116628,-12.1054263,38.5879348
1468,-0.45366765,3.88093176,12.3767751
1469,8.696072,-3.39745619,6.18660024
1470,15.1559734,3.80405017,21.0700945
1471,-56.3825085,21.9484723,-55.0565968
1472,0.0441096754,-1.57024784,1.37289355
1473,12.2140663,0.134120086,4.47338461
1474,14.8054231,-10.2161179,-10.4256907
1475,9.42026896,-9.4056153,12.2042361
1476,-1.67679218,1.56393145,7.75864377
1477,0.887664103,0.762875003,11.1100623
1478,10.2414817,-2.10856181,-0.0217140469
1479,-0.00636676593,-12.195925,1.4223171
1480,-2.39857089,-6.83887874,4.47649278
1481,6.41991711,-12.7011244,-3.14994815
1482,2.70117059,-1.97591606,1.36082064
1483,-9.45123048,-10.7652724,2.8502625
1484,-2.94252728,-8.53746249,11.0803653
1485,-9.37037684,-32.213001,27.9767757
1486,10.3508851,-17.7614532,6.69161905
1487,8.06514059,-22.5345665,19.8687786
1488,25.5608528,-34.1038769,16.6404336
1489,-1.22633327,-16.0240439,9.4669137
1490,3.19923407,-9.4832999,18.7432337
1491,74.3360576,-106.394329,16.1889123
1492,-10.7560895,8.65933267,-53.0478866
1493,7.26383313,-1.18617383,5.17213223
1494,7.31419718,1.56044663,5.35621444
1495,15.14837,-14.6933511,5.90554848
1496,16.2038944,5.19934304,-1.23679624
1497,3.38795576,-26.0419853,15.6431429
1498,28.7812701,9.90644211,49.3366783
1499,17.5483335,-11.324892,14.9145863
1500,28.9512723,0.207735105,8.54996604
1501,22.5067015,-1.51093833,5.95154769
1502,16.350503,-16.9709806,-1.51613896
1503,4.63722875,-11.1526937,4.17157768
1504,17.3176204,-2.6638969,-1.98345479
1505,18.4297581,-10.3201407,9.18245875
1506,12.4616931,-11.0173887,2.66875378
1507,21.6567564,-8.31302041,-3.0725069
1508,13.5994843,1.74570648,8.54165414
1509,35.6781346,-13.606714,8.4120904
1510,15.3759946,-17.0517254,5.38600248
1511,51.8502276,-8.48824312,14.5922347
1512,36.2755207,-35.7733892,23.7467562
1513,10.9599589,-10.2102058,-6.31162369
1514,17.0166059,-56.042662,25.7192537
1515,-9.91119126,-8.54000254,-0.902484542
1516,-4.54644559,1.20166007,-26.4707909
1517,10.646392,-4.59356116,14.6728724
1518,22.0105598,-16.7963398,10.471635
1519,23.8070246,-21.6681726,8.84638653
1520,18.4578543,-10.9458431,15.7344939
1521,21.0158653,-2.27350572,-13.0687527
1522,20.0181899,-7.66118292,-7.95242344
1523,-103.314453,16.36937,-11.8193792
1524,30.7037187,-17.1066925,-57.3209897
1525,-3.85780905,-6.39429588,13.3600871
1526,-4.44883592,-6.39692163,9.96387808
1527,4.76534998,-4.97504432,17.4953332
1528,2.5819621,-8.19973143,7.38291191
1529,-62.5500826,-117.583228,70.7571077
1530,5.45940668,-5.68098583,5.25180534
1531,-50.6617218,-25.9706281,-64.2293489
1532,6.62325247,-7.24532166,14.1249875
1533,4.42521156,1.3450739,12.532271
1534,10.5530382,-8.76517352,13.9122276
1535,-0.596545726,-18.2523531,3.51695104
1536,11.322415,-16.1520151,4.86483503
1537,-13.1763851,-47.6801156,17.3193543
1538,-2.49569072,-6.55071933,9.42115218
1539,0.981177743,-22.4792483,1.06862951
1540,-5.9983792,-17.3814759,-5.60684144
1541,-6.79781437,-15.9642057,-3.65941803
1542,-6.27051598,-10.2882097,-5.94316825
1543,-4.83369164,-36.4370498,16.710517
1544,14.7278428,-4.57171296,-6.54991336
1545,0.857383996,-1.65158324,1.18319818
1546,-1.3463723,-11.3763361,7.58731511
1547,13.3561468,-11.0843449,2.2382702
1548,18.917155,-13.6866502,8.20617087
1549,277.716503,127.508292,-276.364831
1550,21.2371069,-12.2993729,4.22177849
1551,27.1526239,-2.55794642,-6.88223069
1552,-49.0951142,18.6942368,-52.9042201
1553,107.893297,-38.2837766,106.895578
1554,-15.6081927,8.19546815,-30.5740565
1555,-12.2120696,-24.5601232,11.0868011
1556,-3.61084067,-21.5284813,4.91954343
1557,-19.8167689,-8.13542085,-0.805635551
1558,-6.34184239,-21.3307635,-5.3471533
1559,-6.00914241,-17.4165472,-5.67467469
1560,-54.3221982,-30.4244919,-66.0253472
1561,-37.2843225,-25.0173813,-68.1342581
1562,-39.0136473,-22.1970401,-11.7858116
1563,-18.2756291,-23.7158073,8.43948931
1564,-15.6152164,-45.8488261,2.15911351
1565,-10.9395888,-13.5241126,-9.97111795
1566,-4.85037994,-34.09009,19.056348
1567,-11.0739144,-12.6284911,3.73074281
1568,9.87258805,-13.0150252,1.03265155
1569,8.6001189,-13.6020852,-1.23642354
1570,20.5109745,57.1233273,6.91917007
1571,39.1301221,12.4037964,-34.295451
1572,52.1622072,132.535516,-81.4497077
1573,26.3169078,-17.245851,10.7869346
1574,50.1946621,-52.6136734,-79.0645379
1575,-8.60689473,-31.5327511,2.60675141
1576,-3.92198344,-22.2540674,-3.86877125
1577,-4.0416026,-32.6083048,-42.6083672
1578,-18.3151591,84.9406564,-49.019289
1579,-68.0400253,36.5330453,-45.0157731
1580,-4.43931666,-14.8371846,-1.3745246
1581,-9.79424713,-26.2592171,2.81482185
1582,-23.4800262,0.492582277,0.995619347
1583,17.519954,0.523617119,-12.9036725
1584,7.15263635,-2.30075181,-21.6987479
1585,7.75570104,2.31709067,-22.0435246
1586,-1.92461923,-5.1519697,-25.8906157
1587,6.88278324,2.14125054,-22.8913718
1588,27.761545,-8.02214323,23.0211483
1589,-3.58535588,-20.2682514,3.88460932
1590,-22.632958,-16.4010266,53.6737416
1591,35.531824,-97.0079627,60.8209085
1592,40.3741679,-117.479869,11.4047481
1593,32.7397422,-45.4414919,21.7177993
1594,-23.5070563,-18.9137217,3.88856699
1595,17.8719229,-9.50597299,12.8260308
1596,18.776061,-33.7036522,81.924435
1597,50.2433119,-82.1268073,65.3189258
1598,-14.8781217,-119.287371,91.4837527
1599,-15.316963,-119.551778,91.2070459
1600,19.5473212,-10.6780665,5.25468664
1601,-65.7923265,-1.17867026,-20.2001108
1602,-159.328874,-197.207696,-97.9541967
1603,-19.2791553,-7.75964763,10.6296285
1604,-13.66161,-18.1329172,30.1886222
1605,-23.9729964,-28.4330499,28.6399163
1606,-105.398743,-23.6585887,68.8452626
1607,-69.2372064,-93.298959,-5.53329478
1608,-106.725119,-103.288251,64.2572948
1609,-87.2723205,-61.3352442,-20.5481577
1610,-1.96118548,-7.99619309,-18.05629
1611,-12.0439084,-2.55124545,-7.66147993
1612,27.4776211,23.3194292,-91.3723839
1613,-5.38158605,-31.3362181,-2.23090918
1614,-21.3555604,-51.6168624,68.7542565
1615,-1.70884296,25.1525493,-97.7497728
1616,-7.62905045,-13.6185636,-11.1205815
1617,-4.01330069,-32.1063278,-42.4727719
1618,-113.848547,89.0297461,-7.50349995
1619,-17.5419454,-93.7056504,-69.3815482
1620,20.1520732,-54.7985508,26.4812881
1621,-12.2206398,-93.0630169,-51.0234726
1622,33.7872605,-26.9314278,87.7217607
1623,115.670377,20.4509503,40.5806441
1624,-48.1444656,-43.0642904,-15.9100929
1625,87.4633819,-31.0571397,-8.91978351
1626,-2.73709379,-23.0678646,-17.1297735
1627,-56.540497,-28.1090522,-65.4794386
1628,24.0256478,-58.0006172,-39.9869008
1629,30.7946295,-0.723646527,-43.5252962
1630,-1.50622397,-13.6387417,-18.5709446
1631,-95.6415149,97.0257889,-42.0293585
1632,-12.518476,8.96027036,3.37470367
1633,1.35486604,-7.80220863,-20.5379077
1634,-1.73637561,39.4641053,-29.6512018
1635,-8.31754227,-13.2433393,2.36668419
1636,19.755001,-4.9246558,-17.0433539
1637,-36.4675794,79.5709012,-72.2073195
1638,-4.52915099,-21.1383401,-7.7092073
1639,-28.6907,-7.76291626,-44.3325337
1640,-109.688743,8.91915965,-31.1115611
1641,-54.6767344,-19.6267083,-15.9971601
1642,-7.73301221,-11.9133682,-16.2871861
1643,-16.4108724,-6.51154428,-4.56671706
1644,-8.13088516,10.2090393,-21.234108
1645,-5.60387115,-19.4014072,-7.80037763
1646,21.6318786,9.80451347,-36.2447478
1647,-26.5973055,-3.65508704,-35.6459205
1648,55.1480519,99.1643647,94.5551774
1649,-15.8309852,4.25626106,-17.7851619
1650,0.470532151,15.0506373,-5.70725081
1651,-57.8052815,99.2798755,-31.4230842
1652,75.0078084,22.9698656,26.7809561
1653,-53.8646546,77.5582448,16.64675
1654,-12.2142646,-8.2969884,-5.24822569
1655,-22.0087228,-16.6274284,3.67166559
1656,-9.19632126,-5.75240759,18.6374123
1657,-28.9186896,-11.1685532,-45.7628333
1658,-19.3085244,-13.4666503,7.07796618
1659,-12.3686242,-11.5966387,-11.9613023
1660,-16.7466026,4.56703029,-19.988504
1661,-29.0522398,-31.1689962,8.13923057
1662,0.950885728,1.95191548,-16.6758782
1663,43.8224391,7.77718308,-14.059097
1664,-83.7126187,-51.4862196,-13.6516303
1665,-4.14592498,-15.9057314,-10.3681055
1666,-6.12891829,-18.803043,10.6977779
1667,-42.8851343,-3.99757128,10.0906865
1668,-6.0081203,-16.3719653,-27.088163
1669,-47.273795,-10.5423025,22.0567942
1670,-9.02224969,-14.227938,-13.7466955
1671,5.61766263,-26.6295182,-14.7829728
1672,-16.9892425,-26.2270595,-25.3293046
1673,-17.6302468,-16.9310369,-42.3976027
1674,21.6987316,-28.1279995,91.1067789
1675,-13.9517832,-25.3928825,3.13686943
1676,-25.1546892,-27.9124579,-29.6466228
1677,-19.7956122,-36.0743539,-76.8663733
1678,-30.8467859,-33.7923302,-76.3214673
1679,32.3392354,-57.695165,-29.7663383
1680,-55.4913832,-52.3548369,84.9606597
1681,-11.9547843,-17.8813866,7.98151446
1682,-11.3832442,-44.4946794,-6.96246188
1683,-9.98213645,-23.5032788,-1.26067859
1684,-7.71976431,-20.2307836,-16.5337385
1685,-6.71225813,-29.5812042,-72.7055889
1686,-22.7069431,-11.1129574,3.67078692
1687,-55.335864,-29.9921076,-65.9798054
1688,-39.361664,-52.7320887,-83.1162037
1689,-59.0241836,-9.41112271,-20.2598871
1690,-14.9844684,-40.4642528,-13.3122794
1691,-16.087195,-39.9172448,-14.2006626
1692,-16.8268704,-6.59832119,1.530664
1693,-7.16295575,-33.9821425,-1.84313373
1694,0.456613052,-9.30007251,13.352908
1695,-6.35901413,-17.6795029,-0.0733580243
1696,-20.0013663,-7.00237518,5.78147246
1697,-13.4940853,-45.3329692,10.8048733
1698,2.086329,-29.6253654,-15.1570035
1699,-4.39211138,-19.1813041,-9.49386711
1700,14.7866722,-20.7322003,-25.8517582
1701,10.0235499,-0.877303955,-20.8212279
1702,11.7077503,-39.7882455,-79.5958317
1703,-42.3048568,-96.054597,-11.8965986
1704,-4.95002612,-50.2356801,-39.4442202
1705,-18.5352142,-14.3010398,6.39491416
1706,-10.0771934,-49.5523081,-11.9424503
1707,8.5237039,6.07836406,-23.5499965
1708,-8.97018251,-29.4756133,4.24899798
1709,-2.86744925,-27.1399921,-20.4350719
1710,7.63664811,-0.612108798,-22.8950604
1711,-4.56790733,-30.4891984,-59.3371954
1712,-6.20438742,-14.3519095,-11.0910029
1713,-12.3466418,-37.1671033,-14.4006184
1714,1.59156734,-16.9312232,6.85531988
1715,-39.4476192,-53.3802887,-82.2033103
1716,-25.4672303,-29.2104209,6.44190496
1717,-1.31732275,-17.071486,7.61079603
1718,-26.9749435,-20.1083766,38.607031
1719,-10.7142138,-35.0835599,24.4957551
1720,-1.21328751,-16.0288715,9.4595881
1721,-5.77579091,-5.44508273,10.2241337
1722,-5.08717664,-32.2077087,38.5698324
1723,-5.8911753,-19.4052152,8.2629101
1724,-7.90482582,-22.6925554,0.827968168
1725,-41.6004557,-21.2542052,12.3057633
1726,-9.98513305,-8.57555531,-0.974908838
1727,-18.468338,-1.90386653,0.632344174
1728,-8.86450439,-13.4369584,-13.830524
1729,-7.35639339,-20.2435583,-16.585101
1730,-5.26023613,-17.6060617,10.3390232
1731,-11.8091472,-26.2897565,3.64896149
1732,43.4803069,-8.74850921,21.1435741
1733,-14.0477224,-9.97382862,2.55544393
1734,4.32750027,-16.0107933,1.54145384
1735,3.42501009,-28.9906318,15.4901071
1736,82.1739172,-81.729428,9.15732511
1737,-6.64025722,-1.95002595,11.1393743
1738,-12.72523,-5.3823016,2.1190662
1739,-3.79312244,-27.8854606,6.76231992
1740,-9.79963659,-29.0092261,4.63095248
1741,0.647521146,-21.0905382,3.96895308
1742,-8.50954185,-16.4971844,-14.9164245
1743,-27.8865583,12.2170801,-9.07573533
1744,1.6665602,5.38263149,4.23921633
1745,-5.57171633,-20.5700753,-17.5372284
1746,14.847668,-26.1414911,11.2227924
1747,-3.60834462,-22.1794072,-4.43789769
1748,-9.16121798,-16.159029,3.32782501
1749,-2.73778895,-19.0103907,3.05216207
1750,-9.4898366,-7.39646653,-9.70286037
1751,-7.55650057,-13.7601972,-11.1680427
1752,-6.68754587,-13.3432472,-10.7442053
1753,-9.91711769,-9.91639572,2.79491384
1754,-0.644693679,-10.5091157,3.24900968
1755,-3.99345545,-8.71295732,-1.69723525
1756,-1.80670394,-15.8696497,-0.502843669
1757,-4.63499395,-20.1141625,6.82405199
1758,-10.3145398,-9.67410973,10.797393
1759,-12.6927793,-18.1795231,6.83441422
1760,-10.6008062,-18.6251992,11.7537725
1761,-5.68395504,-9.77421197,-1.41763718
1762,-11.8408142,-22.5911119,-1.90686899
1763,-13.9108121,-9.49019713,1.87370339
1764,-16.1518984,-15.1181685,2.34241576
1765,-7.44522382,-19.8462418,-16.1872229
1766,-7.90798355,22.1311579,3.37984313
1767,-3.61533063,-12.8423912,-7.40362137
1768,-8.55602666,-13.7361366,-8.02281224
1769,47.2510982,-50.8505858,-28.2292866
1770,-9.37030058,-15.6069864,12.6307211
1771,-23.4857434,-63.8645313,-39.8605969
1772,-16.489175,-29.7517432,3.51129886
1773,-6.16775824,-10.7395596,-10.3751888
1774,-7.39231215,-16.9465339,-5.74782528
1775,-2.20223467,-15.4243615,3.96849065
1776,-10.0290225,-8.53758745,5.41999674
1777,-6.89755494,-9.21772722,-0.0405291767
1778,-6.55497794,-13.058839,4.36073286
1779,-20.2058958,-30.234229,31.5214463
1780,2.63848476,-23.637792,3.90547089
1781,3.4516491,-18.3457709,6.00233574
1782,0.402135248,-18.5021552,-2.57894323
1783,-10.9401988,-22.4987306,14.6621762
1784,-6.62904718,-13.4299961,4.22747797
1785,-1.8410325,-16.4740317,9.13253289
1786,-4.20112293,-14.451614,-3.61088177
1787,-0.712314251,-19.0594388,3.98623287
1788,-2.3675243,-4.06677682,-6.12493148
1789,-8.36296898,-9.36135912,-14.8022759
1790,-4.74546142,-16.2782756,3.4092303
1791,7.31118663,-22.1015901,2.52622212
1792,-5.35341087,-18.680796,9.41863469
1793,-4.12744424,2.9823465,0.0844553126
1794,-21.1238552,-18.7409181,15.5266013
1795,-0.506182506,-20.6188366,6.83376296
1796,-1.26548921,-18.2856122,6.44566645
1797,-2.65855194,-18.9967841,3.18661506
1798,-11.0319122,-12.2880532,9.5791822
1799,1.37097604,-9.53928214,10.1407027
1800,-5.32159366,-15.8966108,10.1898492
1801,-1.74656029,-1.53113943,10.6141234
1802,-12.1035277,-14.3190536,9.04227426
1803,-5.12004614,-15.2621558,7.68695749
1804,-13.1043748,-18.963902,9.36880009
1805,-2.6265013,-17.3939353,0.924339288
1806,-3.96169395,-13.4188977,2.30274796
1807,-3.66849917,-14.5011877,5.27838873
1808,-4.87895037,-12.1664014,8.6951241
1809,-4.58671949,-13.135105,4.38045547
1810,-5.96641983,-17.2925108,6.6401587
1811,-12.4844869,-2.82745131,4.11845351
1812,-12.4989353,-18.208189,11.0454458
1813,-15.3138848,-22.4241341,22.3148463
1814,-13.8397107,-17.1193994,14.3869171
1815,-5.11062965,-11.6160292,8.40453875
1816,-2.78316231,-14.9255621,14.665234
1817,-1.82604165,-14.687639,-2.44586262
1818,-4.56735012,-10.4900729,-6.57772576
1819,-1.77138234,-7.7235014,0.635770242
1820,-10.0733576,-2.40810417,-3.79219509
1821,-15.2155375,-16.0539396,2.37572562
1822,-9.44782395,-29.0066038,5.6592014
1823,-12.5061126,-10.5353557,-5.27751686
1824,-1.55691769,-20.4984785,14.3371631
1825,-8.35333372,-25.5108595,1.12454981
1826,-7.94181967,-24.3058712,1.24294873
1827,10.5171939,-20.2494248,8.56855371
1828,6.0378084,-16.5187654,-0.0812868767
1829,7.17785918,-48.7355615,-4.32401288
1830,4.57392998,-18.0410678,4.27801244
1831,-9.41564657,-12.2934504,5.78005988
1832,-4.72839328,-16.2943592,3.46293386
1833,-4.06648576,-3.130966,5.77953512
1834,-0.907290079,-3.19062172,1.8299353
1835,-0.656017705,-18.3808318,15.4364293
1836,-5.62750525,-5.50032221,10.2393417
1837,-12.5481014,-12.5625298,-3.96255138
1838,-3.71632024,-3.19660842,3.7668492
1839,-6.00852946,-11.2100693,2.09489613
1840,1.3707192,-15.8892173,3.74233745
1841,-15.4112994,-10.026023,1.98764317
1842,-8.6741215,1.49287035,6.3229694
1843,-8.04287705,-9.237347,9.36027092
1844,-12.908592,-3.94529332,10.2728517
1845,-4.07802924,-13.9047272,6.10197025
1846,-3.44869451,-13.3935122,6.76639457
1847,3.39396779,-18.0825516,6.52751592
1848,-2.2386501,-1.45921556,-5.62979244
1849,-5.2552629,-11.8163274,1.64448869
1850,-11.0173428,-5.43094482,0.625775648
1851,-2.31353057,-12.5455028,3.83022149
1852,-3.8026082,-17.3127786,4.72352201
1853,-7.63538503,-9.39084109,5.04395462
1854,0.877239269,-15.0242341,8.80790679
1855,-6.16908596,-17.9672551,0.361485972
1856,-5.26519266,2.2917611,4.83831507
1857,-17.9234866,-6.30185312,-4.55986029
1858,-6.25642961,-7.17274264,-0.31717124
1859,-4.46452306,-16.7339977,0.594429618
1860,-6.8015402,-10.3810629,7.93847518
1861,0.203586357,-12.2465109,-0.578112886
1862,-4.0161882,-15.6274225,3.1290235
1863,0.0226324018,-12.293601,1.74326868
1864,-5.35196898,-12.7490307,4.27922012
1865,-4.97729016,-12.8490733,4.49491379
1866,-3.8725802,-18.9842035,1.53546894
1867,-9.31071156,-6.06631473,5.16389707
1868,4.63407476,-11.15513,4.17122532
1869,-4.05943114,-5.80069962,4.42791927
1870,-8.82412105,-9.75788232,2.61894687
1871,-5.06514616,-15.2180629,7.64008377
1872,-3.92187732,-13.9080034,3.44446046
1873,-2.23780397,-8.4295859,-3.33897541
1874,-4.16661103,-13.7485523,3.68647405
1875,-4.18236922,-14.7200224,9.67709326
1876,-6.43436335,-9.80089164,6.42290478
1877,-10.5629983,-10.4749623,3.52061408
1878,-9.97576865,-18.5983646,6.85957454
1879,0.337007776,-4.54618044,5.6996896
1880,-0.62308572,-17.7631887,-0.271392839
1881,-4.30349192,-17.1293803,4.37191383
1882,-5.4703455,-29.6998145,-12.2068971
1883,-4.67710565,-20.3153353,5.47324658
1884,-5.33461116,-19.6245404,6.29184813
1885,-2.58017935,-18.9589363,3.18534749
1886,-7.53868734,-19.6161005,4.99309578
1887,-2.7027735,-13.5167894,3.21087304
1888,-3.02484687,-13.3183927,2.58155672
1889,-1.83579195,-14.9842786,-1.75262796
1890,-5.93869913,-15.7416136,9.11514715
1891,0.388795236,-14.4758885,8.88195635
1892,19.7606842,-2.34437758,-11.156467
1893,-4.49322957,-13.281596,5.17867877
1894,-6.10385047,-16.0623694,-0.864600153
1895,-12.0817107,-4.59897461,1.85448351
1896,10.0732054,-13.3331153,-3.41727201
1897,6.44719638,-25.7314239,-13.7075385
1898,-1.28891353,-18.0079384,3.50968246
1899,11.5110829,-18.2999906,6.43441318
1900,16.1496463,-19.1368559,0.758564327
1901,5.05597595,-15.4812338,1.08610802
1902,-6.4767357,-13.0014527,4.37005541
1903,-7.73211638,-12.6413814,5.99023232
1904,-20.7219375,-7.42575939,-4.02401023
1905,-6.58062966,-17.4189774,-0.309717977
1906,-2.85009092,-12.8637783,-22.1037031
1907,-1.95580196,-14.2864307,-4.02921321
1908,-3.46129157,-14.7916681,3.78188597
1909,-0.792190248,-14.6573288,0.931248804
1910,-5.01340816,-19.8274309,6.22804293
1911,13.2121385,-2.8341135,1.93531298
1912,1.94259334,-10.5312551,1.69481796
1913,-10.8945793,9.42171858,2.19769295
1914,-16.7486988,-24.6840582,8.43694021
1915,-1.00843005,-3.0272366,-27.9731275
1916,-9.13446208,-22.0462384,-0.72688122
1917,-6.54216608,-18.933607,7.45595316
1918,-6.53393577,-18.93321,7.46197388
1919,-16.5697685,-15.6487253,8.13863725
1920,-29.9057294,-18.7399474,1.93969224
1921,-9.04688205,-17.2438634,4.36386592
1922,-7.96136606,-19.4567918,4.59028851
1923,-11.279984,-6.13740484,-0.128748725
1924,-14.4401852,-28.2401577,5.30297847
1925,-10.4580297,-18.1552055,7.10023853
1926,-5.98834911,-17.7243169,-5.22231373
1927,-6.69019843,-18.7697113,-0.631959207
1928,-5.8908463,-17.3513977,-5.6387653
1929,-4.14932665,-15.6568081,3.00807834
1930,-4.18808365,-15.472241,3.01315461
1931,-6.37440672,-18.892939,-0.260729971
1932,-1.86742163,-19.4699005,-3.19647234
1933,-6.96096615,-17.6268554,-0.806281657
1934,-3.51812458,-15.0030006,-1.43007986
1935,-6.035178,-15.634386,-1.19436936
1936,-8.18681626,-20.7775768,3.86929346
1937,-8.27981525,-21.0042975,3.74805109
1938,-8.2207364,-21.1440115,3.57541481
1939,-3.2671853,-18.5161334,22.2190912
1940,-43.4583143,-13.0019849,2.69257987
1941,-17.2047624,-6.56128175,-4.52047816
1942,-13.6565172,-11.9262944,7.00363624
1943,-13.8810474,-21.346542,3.6635002
1944,-3.99587358,-10.0908305,2.37947479
1945,-15.3971282,-4.69402398,-5.01747714
1946,-12.9089893,-17.3468014,0.681431308
1947,-13.8642592,-10.3274992,4.97808041
1948,-23.7517573,-18.9210449,3.98817219
1949,-8.51222026,-18.0763577,4.9371612
1950,-6.5329352,-13.0387386,4.40755203
1951,-10.1231947,-15.036044,7.64399775
1952,-9.04587105,-18.0789429,6.45345216
1953,-18.8604141,0.883900773,1.41462142
1954,-9.2095485,-17.9035228,6.47698329
1955,-10.9962845,-8.38357093,-5.61645558
1956,-8.44740875,-18.3521589,5.44486649
1957,-9.48432844,-18.276753,6.70287917
1958,-6.61394148,-16.4022822,4.49628708
1959,-8.1967469,-17.1521555,3.84966316
1960,-5.99112632,-16.838427,5.89875757
1961,-8.14083384,0.888860864,5.88532948
1962,-7.72547309,-12.6236664,5.99452958
1963,-10.1910423,-10.2106261,6.80689818
1964,-5.76343468,-18.8123861,8.7371176
1965,-8.21498835,-9.40473619,11.0843355
1966,-6.59170005,-18.6772067,7.48798827
1967,-7.02469412,-18.613719,7.19349785
1968,-20.5853229,-6.23731438,4.7759901
1969,-13.2438604,-10.0411617,2.94424441
1970,25.5116933,-24.6154788,19.343885
1971,-1.71091943,-2.48450113,1.75132241
1972,2.22014727,-1.69692072,14.5106039
1973,8.279967,-0.10895742,13.5447358
1974,-3.62822617,-17.9261522,14.0596178
1975,-14.4428638,-22.1543911,-4.20498841
1976,-8.42519263,-18.6425104,5.06277631
1977,-13.9766104,-11.7411175,6.58508166
1978,-10.60828,-18.1797413,7.15659657
1979,-12.0342393,-23.1591442,-5.42127528
1980,-16.8352046,-10.4782853,0.890032005
1981,-16.0492048,-12.6493795,4.69877785
1982,-16.0354133,-14.1227825,4.20147026
1983,-9.93545535,-0.663743546,-9.39915359
1984,9.96776594,-17.8213641,6.97581104
1985,-25.259231,4.11028401,8.13953438
1986,-5.19643395,-15.581964,8.79922426
1987,-5.1136587,-15.2904549,7.75526113
1988,-5.19892864,-16.021877,8.37936039
1989,-5.25512024,-16.0825436,9.23170222
1990,-5.25270072,-16.0012623,9.27735682
1991,-7.92871981,-12.8299568,6.23708067
1992,-7.7363208,-12.6416154,5.99127412
1993,-547.841886,75.8534255,-864.377869
1994,-10.0470454,-12.7403524,15.9291857
1995,-14.9215161,-17.1732588,3.22901347
1996,-14.6715128,-17.450351,4.16572925
1997,-16.0623222,-10.6117387,7.63912397
1998,-16.6052109,-10.4750115,0.909300129
1999,-8.33283424,-18.2294444,16.4949804
2000,-14.8925141,-15.239196,10.6664121
2001,-12.9794076,-0.528039561,26.1373245
2002,-20.3422094,-24.7003386,24.2660539
2003,-6.97497169,-15.9124803,-2.67440001
2004,-10.5327338,0.967535465,8.30406435
2005,-28.8575818,-20.5279529,-6.67543461
2006,-6.77786811,-9.34676343,6.66088228
2007,-27.8993621,-19.2646667,-4.24563471
2008,-14.2059379,-31.4346256,21.9684045
2009,-13.2529573,-21.618663,23.7584107
2010,-22.0902984,-25.3670021,13.0377974
2011,-20.6767513,-20.1704296,14.8122375
2012,-18.4441478,-23.8405561,9.11607962
2013,-11.5068872,-9.94540976,5.98968152
2014,-16.1558649,-15.5741803,9.15610062
2015,-17.2360217,-14.1654452,9.4100672
2016,-10.0809961,-13.5414808,6.38897107
2017,-13.5941535,-12.3123459,6.6785402
2018,18.3629834,-5.88123783,-10.4904544
2019,-10.2791224,-13.7217437,6.50000096
2020,-14.7114627,-22.4611407,-6.40121242
2021,-11.1452907,-6.69722873,5.28356532
2022,-18.6033319,-19.93464,16.3594387
2023,-18.9336064,-13.4877879,7.02146476
2024,-10.6707995,-9.5914371,5.4414943
2025,-12.1499596,-9.63459479,5.22140304
2026,-16.2618848,-11.5202061,1.60012537
2027,-9.21079371,-12.4761385,18.4860974
2028,-4.56794334,3.71407035,-0.581806538
2029,-18.9006456,1.54282227,0.82181698
2030,-10.5308352,-10.4165835,7.15655603
2031,-10.852985,-6.59259938,5.3761046
2032,-11.3235939,-6.29427204,7.48172084
2033,-11.4420794,-9.80652002,1.02216171
2034,-12.5886121,-10.4361607,3.43293873
2035,-71.1718698,-64.9733387,-59.4370256
2036,-30.7672756,-9.26194206,-31.8915992
2037,-17.9912336,6.43335814,16.6574357
2038,-12.8125496,-13.4806069,6.86923393
2039,-10.3343489,-13.6995725,3.87572233
2040,-14.7795438,-14.8128832,4.91696304
2041,-14.4708181,-14.7240113,5.18194218
2042,-14.715314,-14.9717085,4.76226138
2043,-17.7751038,-9.92130941,7.574332
2044,-9.34648985,-5.69180073,4.90859092
2045,-9.90882488,-8.22921175,-11.7726824
2046,-9.7107516,-6.13847627,8.77394832
2047,-13.4464238,-1.08538016,14.4000878
2048,-5.03134325,-16.1779984,9.57488553
2049,-6.7865408,-0.810438463,13.8802716
2050,-14.6338986,-10.4285486,18.800905
2051,-16.8695042,-6.47259775,1.34889745
2052,7.94889975,-31.2069263,7.00462838
2053,-15.1030633,-5.78142568,8.07959891
2054,3.51889668,-20.5803118,7.29984348
2055,-1.77306222,-2.93278954,1.95877199
2056,-5.82432923,-7.4707035,7.78719497
2057,-11.708027,-13.2384883,8.17884953
2058,-9.48683679,-11.8862844,18.292339
2059,-17.2608513,-10.0688083,7.53223087
2060,-14.6045444,-7.70278122,6.74222031
2061,-1.71551929,-5.68752933,8.31991294
2062,-10.9815984,-11.9229198,10.9567538
2063,-16.5118798,-15.0524508,17.9802753
2064,-12.4972822,-14.4732591,9.59894995
2065,-11.8411074,-13.5821707,8.14382142
2066,-12.2360015,-13.5428978,7.93898294
2067,-15.7281442,-7.39576577,5.67321399
2068,-17.8812974,-11.7324142,6.65110086
2069,-12.0152587,-14.2595275,8.85828908
2070,-12.1528625,-14.1587663,8.68603122
2071,-17.3220548,-15.144969,-1.77031945
2072,-15.35779,-6.20932267,-0.544770557
2073,-11.3078401,-4.60902553,2.51582655
2074,-21.9632019,-17.9006168,16.1870884
2075,-18.9094732,-5.09329442,7.51149993
2076,-17.9296541,-6.81530507,9.47123948
2077,-10.7727247,-9.59445731,5.4263336
2078,-21.7049628,-0.754696023,1.45637805
2079,-9.65192142,-5.18743369,18.18391
2080,-12.9021545,-37.1695222,35.6481551
2081,-15.1881853,-9.87168264,7.3492474
2082,-17.1163062,-8.42318302,4.51765573
2083,-15.5971556,-7.41679573,2.98471099
2084,-13.551416,-9.88685257,3.00313103
2085,-25.6002628,-5.68916349,18.5359461
2086,-12.9395187,-8.72150469,4.9981189
2087,-11.2989078,-9.55515488,0.782583363
2088,0.764676219,-10.6130598,-1.03011523
2089,-10.0786283,-9.98884906,2.94530101
2090,-13.7127101,-9.98648781,4.42872572
2091,-13.6586626,-9.97583247,4.34748924
2092,-9.36013399,-14.5800458,-3.64481427
2093,-14.5045387,-2.66640251,14.5007797
2094,-21.1864104,-4.64735602,8.71798101
2095,-13.6031723,-9.86578186,4.59263255
2096,-13.7163934,-9.93565867,4.6051658
2097,-17.0649136,-11.9141671,5.85579582
2098,-27.5336779,-8.90518935,-9.62316703
2099,-17.0291261,-11.101808,7.02414343
2100,-19.7855347,-8.20566624,3.93422312
2101,-3.86544065,-5.22636955,7.39722648
2102,-11.7686434,-7.46156051,5.03380018
2103,-12.2786099,-7.67448219,4.04221193
2104,-12.6956248,-8.31174785,4.98890224
2105,-16.007795,-13.011044,-5.18569408
2106,-12.4162018,-11.7397002,-2.18700189
2107,-16.2292192,-2.84898506,8.41118928
2108,-8.3783827,5.66411566,0.12662923
2109,-17.3253008,-12.1522784,-5.16726764
2110,-15.4703947,-11.2910663,-0.326488224
2111,-10.3192665,-6.38281703,5.17241641
2112,-7.30148563,-5.51443245,9.51522411
2113,-3.22681553,-1.45560799,6.13012324
2114,-12.2368028,5.42354003,7.79640217
2115,-18.2085232,-8.149383,9.06337745
2116,-16.0200429,-4.41467492,1.835514
2117,-21.4305607,-7.09843432,-2.16559222
2118,-12.2252496,-6.43898547,6.654731
2119,-15.5366545,-5.15161457,3.97757282
2120,-22.9236116,-10.1489393,6.83500119
2121,-19.0969264,-7.55524727,6.16586378
2122,-14.9873492,-8.51724894,6.64201891
2123,-17.0196418,-9.98956929,7.39918772
2124,-14.8949818,-8.14413269,6.37773803
2125,-17.0736254,-7.96953314,5.87347497
2126,3.14538401,-2.41448625,1.32583321
2127,-20.6291599,-7.79864312,4.74623153
2128,-14.8662958,-8.09078409,6.3977995
2129,-11.5740666,0.996965437,8.33796648
2130,-20.660252,-7.41224054,-4.38652592
2131,-20.9007852,-5.08375506,5.03054336
2132,-13.057198,-2.74130699,-8.35858832
2133,-14.8333818,-7.88298374,-2.00562539
2134,-10.7535185,-3.46956925,9.599365
2135,-19.8359409,-5.74903605,5.7769596
2136,-12.1445617,0.178989134,4.22684984
2137,-3.42410719,10.5516947,4.72602963
2138,-16.465696,1.70442614,6.54624837
2139,-12.0930822,-11.2613076,14.1986765
2140,-28.1187313,-8.23808922,-0.0146322812
2141,-21.8663425,-3.29135173,1.92272841
2142,-17.0161165,-10.1728315,7.49507614
2143,-18.4741626,-6.04042775,0.336658525
2144,-23.0456722,-6.93501097,20.9437801
2145,-16.2654357,-1.44324641,5.4975292
2146,-15.9846262,4.78381861,15.3329544
2147,-15.04942,-4.48911698,14.8110374
2148,-21.4333399,-3.47947868,1.42570653
2149,-16.1731046,-1.1905921,15.7776155
2150,-16.0412043,-4.85501934,3.92728242
2151,-7.77328427,-9.33210044,9.07326664
2152,-15.1706835,-5.76659632,8.01384229
2153,10.1581675,-1.99002057,-0.0436325125
2154,-14.3174526,-10.2557485,30.5713609
2155,-17.5840356,-2.29648344,-7.8169829
2156,-15.7162473,-7.15256156,5.66981012
2157,-15.4885647,-7.06751823,5.84698394
2158,-15.5418647,-5.20331584,4.03290236
2159,-16.1477343,-9.65206499,1.05997618
2160,-13.4681651,-2.60460309,19.96824
2161,-15.2143158,1.25693422,1.55676309
2162,-27.6455886,7.54040255,2.75086006
2163,-19.1954021,-6.69277032,2.9119933
2164,-2.09367707,-1.75846309,21.7485794
2165,-18.5824366,-8.27119726,8.04386292
2166,-15.5389974,-5.14871596,3.98766231
2167,-15.1158908,-5.77271371,8.0523567
2168,-14.5138691,-5.09743832,3.0560497
2169,-6.19674646,-8.04532156,-0.310458317
2170,-14.6745809,-0.051155,-2.38759298
2171,-15.4934998,-5.37261557,2.88155183
2172,-20.6504087,7.37794216,10.7790574
2173,-18.5632524,6.08791758,8.42877354
2174,-19.961251,-11.7449125,-2.19436263
2175,-15.2483385,0.261102068,9.70772941
2176,-18.2385303,1.5334136,-3.20404264
2177,5.54196839,8.29985383,38.6626914
2178,-5.76793131,-3.75776526,7.09785054
2179,-18.4156472,-5.23898178,8.03331838
2180,-23.5697258,-2.69690299,15.2587789
2181,3.84692679,-3.8091175,-39.9948028
2182,-16.0212989,-4.88331941,3.9180597
2183,-26.3641939,3.23518017,-0.947087668
2184,-16.8435161,-6.51823993,1.50361095
2185,-14.3468888,-1.07683208,10.0557587
2186,-8.319229,-17.7802953,-1.04040363
2187,-9.79227106,-7.85228243,-5.70530239
2188,-13.0505088,-2.66548509,-0.367261126
2189,-13.9010534,-9.9034982,2.61674133
2190,-17.6891011,-3.68845399,-4.76614503
2191,-21.748427,4.77517038,-6.67845142
2192,-16.3813574,-4.07951806,1.01246508
2193,-8.21733676,-12.9570789,2.0361159
2194,-10.7862452,-4.89580601,0.653611245
2195,-11.4341552,-6.77264009,4.63561131
2196,-4.83624218,-10.4203694,5.04326115
2197,-20.0330153,0.368876897,7.47723433
2198,-13.1564553,-6.93196132,7.02124189
2199,-17.9421465,-11.1401436,-5.2358424
2200,-8.96409061,-9.48914943,-12.7884798
2201,-3.14312368,-3.82139381,9.63217718
2202,-7.07622107,-10.1729991,-6.20349225
2203,-13.2906761,-5.2134542,8.4642719
2204,-15.1462831,-5.726471,8.0199752
2205,-12.5352331,-8.57410705,-3.1071061
2206,-14.530867,-5.08283036,3.15451726
2207,-10.6598375,-9.68155335,5.24567156
2208,-13.9673989,-17.605422,-2.16937527
2209,-13.6609661,-5.75506448,2.56653223
2210,-10.1726616,-11.3159494,3.62699069
2211,-12.7612946,-6.42985291,3.16650542
2212,-12.1903472,-7.3374676,3.64080491
2213,-12.2628594,-7.4884597,3.34212649
2214,1.38642909,-16.3602382,8.07903118
2215,-8.89281242,-8.49957239,7.17652615
2216,-9.18491753,-7.52276714,5.75625739
2217,-3.90305928,-10.5107694,4.34081383
2218,-3.05210394,-6.87754055,9.43141011
2219,-30.5910347,15.6686074,54.7002919
2220,-14.5282522,-4.36596922,5.06712207
2221,0.861330518,-4.73770108,3.75912619
2222,-16.1330913,-9.76679893,9.71871921
2223,-8.23601458,-1.27292725,3.68587769
2224,-14.1612517,-7.16199043,7.18800656
2225,-14.3938913,-4.32645549,5.03819047
2226,-14.2413743,-4.16087113,5.06327152
2227,-14.0795494,-4.50411547,5.17512305
2228,-14.4685137,-6.91873069,7.00143121
2229,-14.7345873,-6.59056977,6.75084559
2230,-15.1252015,-5.80043806,7.96670287
2231,4.41123118,-12.1275268,14.272242
2232,-4.41476437,-2.30206393,5.75958787
2233,9.97116721,1.22895568,11.3495742
2234,-7.67924359,-8.783235,7.82420368
2235,-5.06087563,-12.479225,14.1357693
2236,-2.64375753,-4.77107001,8.13016064
2237,-6.19540381,-1.48094988,5.43223435
2238,-10.8600817,-10.0482932,13.9671603
2239,-17.4937913,-2.7518651,11.9610008
2240,-6.639231,-7.28870043,8.25982772
2241,16.1364037,-11.7592498,14.0528929
2242,-2.7828813,-4.87750116,15.6705704
2243,-11.996861,-1.9460097,16.4426377
2244,-13.0774869,-2.25491686,9.42179371
2245,-6.69825156,-4.55908077,-3.40328225
2246,0.401514219,-0.299770854,10.9979289
2247,-16.9797525,-2.28220735,7.39821302
2248,-5.28178553,6.96301169,3.29518674
2249,0.243569089,-0.820320278,11.9968989
2250,-14.6914057,-3.00352076,1.03959041
2251,-4.82789572,8.13717413,12.9193925
2252,-3.44200994,-1.4054463,14.1203015
2253,3.24491316,-7.54463955,6.27198677
2254,15.9405453,-11.6271914,13.8860245
2255,-5.17515722,-12.4178882,13.6305396
2256,-4.08038069,-1.17285327,7.14603364
2257,5.73387065,-12.7477403,4.29400597
2258,-6.38728972,-4.50267994,9.7850941
2259,-3.92163539,-7.59740903,8.29078333
2260,-15.5223609,-7.50983577,23.0131189
2261,-12.0990876,-2.90005641,7.83812956
2262,-11.4140144,-5.13263343,7.51529146
2263,-9.26815262,1.20436477,10.1018727
2264,-5.23092565,-14.9442369,10.75663
2265,3.91882393,-1.18554145,7.44968602
2266,-7.06605411,-1.49333438,6.54164643
2267,-8.97765322,8.26247646,3.46866223
2268,5.43851064,-15.9487531,13.2150417
2269,-4.46680123,-1.18183926,4.33672761
2270,-8.8969225,-9.52035339,-12.7393808
2271,-3.843458,-5.3089831,2.33941434
2272,-10.4045107,-5.1864463,0.35285189
2273,-4.37279395,-2.39018039,5.73043392
2274,-11.2544564,-12.1051671,11.3159951
2275,-2.33735349,-10.6342761,3.56252763
2276,-3.9468725,-2.35477205,11.3639209
2277,-5.12277696,-10.4907056,21.5916027
2278,-11.4485707,-11.4411428,14.2388697
2279,-2.90508591,2.52213355,3.14604061
2280,-3.43555546,-6.7512901,9.10016268
2281,-6.34122641,-3.29147353,8.1489219
2282,-3.21588707,-3.06998796,0.120526184
2283,-8.60293858,-1.26398492,6.00238978
2284,-2.46107899,-1.54947307,6.73687126
2285,-2.52964657,-5.42533394,8.31933868
2286,-5.04800289,6.20986767,2.75417826
2287,-3.85102545,2.63906226,3.3755679
2288,-11.4906113,-0.748017801,4.11054171
2289,-2.9069797,-4.16863872,8.79788396
2290,-9.07000268,-3.63564614,1.09405897
2291,-14.9213279,-11.1958808,12.7841616
2292,5.24228479,-6.55038066,3.97830786
2293,-10.3356982,-9.7602561,10.567916
2294,5.14116473,-8.40260774,10.4454641
2295,-4.07959106,-7.14860951,8.30792729
2296,-4.11190234,-2.26844943,5.5918749
2297,-6.24362827,-3.44509184,7.99484892
2298,-4.43148762,2.60744579,3.62377895
2299,-5.6545301,9.60606128,5.95310562
2300,-4.07992828,-4.89737942,7.19770109
2301,4.50761236,0.418077525,12.625216
2302,-2.2118029,-4.0671223,7.87229954
2303,-1.71340757,-3.63915912,7.69244592
2304,-2.11901146,-3.28617435,7.30787713
2305,9.90893013,-2.11740839,7.96585041
2306,4.66168801,-5.70579473,5.95867569
2307,-5.84835655,-9.10415635,11.2992752
2308,-8.87003499,-7.19692429,3.68063798
2309,-2.20850867,-11.2095143,3.87210468
2310,-8.94535381,-6.52670732,4.52332091
2311,-1.10265957,-10.3377216,3.21679415
2312,-9.91390551,-11.8728359,3.69722718
2313,-6.40972674,-9.79668868,6.41727825
2314,-4.71146183,-8.5193225,7.86787106
2315,-7.3645953,-9.16988793,6.53291844
2316,-7.18450137,-9.46959587,6.36838177
2317,0.294510442,-0.979166171,16.3603737
2318,3.25726909,4.8710959,17.5563114
2319,-7.48257739,-8.426396,0.151259225
2320,-5.9771045,-11.1274527,2.13472752
2321,-5.32172193,-15.8966827,10.1899913
2322,-6.4491401,-10.268179,6.94637862
2323,-3.46647175,-7.72379037,8.69306875
2324,0.486925395,-8.50918578,19.8072514
2325,-2.97826429,-8.53514944,11.0593624
2326,2.72504881,-2.95276097,15.0348645
2327,-3.16353375,-8.75016614,10.5940723
2328,-9.05696823,-7.57798426,2.34445969
2329,-6.46003502,-9.81629357,6.44110238
2330,2.91568691,4.36978125,13.5144375
2331,-0.777096815,3.08102063,10.2701206
2332,-3.63405109,-8.48255268,8.73912034
2333,4.10015398,-2.87676112,10.6245134
2334,9.03863631,-9.33555774,17.1278538
2335,0.62449876,-7.97825214,5.40279231
2336,1.38795473,-1.22765124,5.09374004
2337,6.31327919,-2.72283745,5.93528734
2338,-3.32488816,-11.2220909,7.89678352
2339,-3.18672017,-11.5408924,8.24836229
2340,-0.108537224,-11.873141,14.772405
2341,1.0462391,-15.1362971,8.63626653
2342,-1.42786917,-8.83622905,6.19057905
2343,-1.40554084,-15.0532828,4.43640923
2344,1.31197331,-15.6609876,7.67693851
2345,-6.77747631,-9.34659592,6.66229882
2346,-6.34117596,-8.71339717,7.26966758
2347,-7.33493904,-8.95874743,7.56505866
2348,-8.99321387,-6.540262,8.70673299
2349,1.66886021,-10.6781621,7.12528513
2350,-9.06716325,-7.4168654,1.84145958
2351,-9.15137601,-8.15321871,8.37102693
2352,-7.52488589,-2.69609803,11.8387899
2353,-8.97190403,-4.4701111,14.4380396
2354,-8.21831182,-2.96682336,12.0212508
2355,-0.85467702,-13.7051058,-17.6259123
2356,-1.2614199,-12.4721432,4.53481372
2357,-14.7997947,-7.80518064,-1.15109221
2358,-4.57277779,-10.3390378,4.95399812
2359,-10.4171403,-5.23596901,0.345344889
2360,-3.07047653,-10.2140501,2.16381645
2361,-9.0158067,-7.67626385,2.33323492
2362,-5.08101281,-10.6705022,4.63343968
2363,-3.18133197,-11.3045585,7.72331592
2364,-5.9501531,-7.85139027,2.74159947
2365,-5.55791603,-10.0098929,5.62690634
2366,0.758075933,-6.99544642,4.25029406
2367,1.00153618,-7.88208592,1.48783946
2368,-8.78025789,-8.0207528,1.46316167
2369,2.50559207,-19.7540611,12.4984418
2370,8.25030469,-6.06302409,-1.67827303
2371,7.53184579,-16.8003771,-7.59246918
2372,3.51578482,-18.3783482,6.00974935
2373,-5.44929956,-10.3928334,4.81103199
2374,-8.08862677,2.52928323,3.2527704
2375,-5.32914222,-10.1421746,5.28995476
2376,-5.78692024,-4.22059206,-4.78340188
2377,-3.27343551,-12.8542358,-6.67272813
2378,-3.05360967,-9.35686984,-6.2833696
2379,-6.76733707,-9.36073242,6.65421458
2380,-6.47813474,-9.7794915,6.4419203
2381,-8.96798791,-7.49226594,5.43640463
2382,-8.88788163,-7.99078891,4.41898799
2383,-3.85991398,-5.24179713,2.52432086
2384,-8.96401642,-6.41488506,4.76279434
2385,-3.63446529,-11.0651573,6.79947241
2386,-5.40923774,-10.5413258,2.36188151
2387,-0.0836538166,-15.6770857,9.06571884
2388,-4.66199324,-2.53839798,10.0507503
2389,2.02001959,2.4560137,-7.26580969
2390,0.236437618,-4.66653205,-1.39052194
2391,10.8185304,-7.38801669,9.98239025
2392,0.854475824,-6.17940877,9.55177598
2393,-4.42823068,-10.413456,4.56901949
2394,-5.8046828,-8.53860955,0.91221167
2395,-8.91666076,-5.95941146,4.73230376
2396,-8.93222388,-6.36117849,4.73015005
2397,-5.31528465,-9.84394577,5.33969618
2398,-2.85450321,6.65714769,-1.12346816
2399,-2.55141374,-4.47769773,1.92011693
2400,-5.66470531,10.1359498,6.90027097
2401,-20.0996213,4.31122213,-11.3188817
2402,-1.29111277,-1.13364845,10.458493
2403,-4.64369152,0.586461745,0.165348878
2404,-3.1823202,-12.5272999,-6.07074799
2405,-11.7536124,-5.14185881,-1.8868419
2406,-5.48999149,-6.38063809,4.56529362
2407,-6.89772828,-8.839895,0.0320119374
2408,-4.10743488,-10.3652036,5.15801112
2409,-3.32514896,-10.6032513,4.18846395
2410,3.05325287,-16.4440115,2.38075248
2411,-4.4247544,-10.4444019,4.47746381
2412,-5.38360498,-10.7038752,4.01793486
2413,-5.2561593,-10.715287,4.52417422
2414,-3.4485495,-7.34128796,4.76958604
2415,-3.44271514,-7.36584266,4.78625007
2416,-12.4114917,3.9333779,-3.66057361
2417,-1.16558151,-2.0710877,-1.22075441
2418,-1.74907802,-5.56334582,-2.49553992
2419,-6.60174575,-1.86205948,8.21880186
2420,-1.2382775,1.53982301,3.54788816
2421,-4.69009596,0.29253058,2.16379217
2422,-3.1659413,-1.23513822,6.40396384
2423,-7.18729226,-2.09854549,2.69918196
2424,-13.5988149,-10.0344459,2.54473418
2425,0.143663589,-8.58416981,8.52555842
2426,-4.64666112,-0.912380364,-1.73862293
2427,-8.48203462,-5.27265774,4.3425535
2428,-7.40662958,-0.966390375,3.29781533
2429,-8.47042552,-5.2098389,4.33720181
2430,-8.19971522,-2.94137172,2.98129008
2431,-10.3305696,4.91033351,-5.04420998
2432,-11.9557087,7.48019548,1.80068675
2433,-3.93904253,-6.55835236,10.9478915
2434,-7.04989441,-8.6697653,0.00763838651
2435,-6.12428355,0.747000978,9.27720111
2436,-1.42856242,-6.53505443,-5.08368537
2437,-0.601118271,-1.58236309,8.79147129
2438,-3.81315752,0.313866473,-9.41155599
2439,-3.06178414,-10.2327834,2.15224261
2440,-10.4840303,3.05027269,3.10314482
2441,-5.46123726,-4.1256822,2.45494629
2442,-5.35313475,-4.56845778,2.24788281
2443,-8.22155258,-5.66473965,4.73795249
2444,-5.75369667,-6.35704465,4.82159333
2445,-5.51128321,-6.36731013,4.58285903
2446,-6.28251529,-6.26186431,4.7464297
2447,-4.94093486,-5.30415942,6.22813338
2448,-4.6120137,-5.13613658,6.27352283
2449,-4.59924096,-4.54098883,6.53552704
2450,-5.51297933,-3.92781756,6.88689652
2451,-3.52045935,-4.07685873,3.34672402
2452,-3.52744242,-4.4083103,3.66522765
2453,0.0361367413,-3.71541919,1.22842202
2454,-3.55904355,-5.17376212,2.69741556
2455,-5.98177675,-4.27365788,6.77517906
2456,-6.12875193,-4.51082373,6.68323565
2457,-9.11230551,-4.82598446,0.799162275
2458,-9.00913803,-5.23230142,1.03780465
2459,-8.92533188,-5.13298023,1.0066577
2460,-2.83373739,-5.26774075,-2.3122795
2461,-4.85536421,-7.52997591,0.444847736
2462,-6.72898814,-5.32595226,-0.114577143
2463,-9.32882411,-4.9162665,0.792478154
2464,-9.62418359,-5.0207913,0.740903076
2465,-9.46916201,-5.02965727,0.816900456
2466,-8.81884203,0.328876093,-3.8342619
2467,-10.2957415,-1.7071356,-4.41385566
2468,-5.43617974,-4.15413619,0.599227511
2469,7.44134249,-3.89617064,1.64786276
2470,-5.1875236,-7.58987199,0.152451461
2471,-3.32139104,-3.04219471,0.0577654415
2472,-6.71722268,-5.44200888,-0.000660851401
2473,-4.1304445,-7.48467532,0.579943095
2474,-4.22658522,-7.59217401,-0.035663787
2475,-1.82385876,-11.2469694,1.42672055
2476,-21.8658235,-10.0786032,4.73877498
2477,-3.32215279,-7.76980334,0.95836682
2478,-1.01424602,-10.2751405,3.23956908
2479,13.6310974,-10.3988662,7.07416562
2480,-2.63451556,-1.72855866,-6.49604451
2481,-1.19621665,-8.75612239,3.61543799
2482,-2.85450447,-5.33518485,-1.79978871
2483,-0.639931908,-5.96901358,-1.96309444
2484,-0.779230751,-9.89318478,3.22247179
2485,4.72240467,-9.10378965,10.4396191
2486,-0.34102405,-4.20130069,-1.97660872
2487,4.14756576,-13.5173206,-0.593532085
2488,-12.7218131,-8.87801222,1.30192571
2489,0.0164269795,-4.56561263,0.301793129
2490,1.32514977,-6.18343275,-5.19201368
2491,-1.65325216,-19.3618919,-3.31398229
2492,-6.71434595,-11.4623416,1.17082731
2493,-2.38818805,-4.09852523,-6.15861073
2494,-6.39327992,-5.65524613,-1.27451653
2495,-6.24035876,-6.82020575,-0.301868427
2496,-8.41132346,-8.35246867,-12.0663764
2497,-10.552609,-4.95787305,-0.313304148
2498,-0.999283961,-2.57730871,-2.12783284
2499,-8.22330457,-14.3391762,-14.0878964
2500,11.5057434,-18.2992867,6.4383778
2501,-2.01950847,4.90467152,-15.842836
2502,-2.77738777,-5.07528872,-2.48910645
2503,-10.4409357,-0.326003486,-3.8567023
2504,7.44532349,-4.16762752,-2.25417115
2505,-3.29676975,-8.40868049,1.39776696
2506,2.78156372,-7.49803795,-1.13580135
2507,-3.81667536,-20.4495097,-2.12640431
2508,-2.31953857,-8.51912979,-2.88608653
2509,-3.76685494,-21.220713,0.308449766
2510,16.0814861,-16.6083982,-15.0414822
2511,-3.0472075,-10.2212467,2.17833247
2512,3.50965415,-1.80134672,8.95463107
2513,14.805155,-10.2141338,-10.4245919
2514,2.8302675,-3.0526533,0.939435519
2515,-2.6626128,-4.62040605,1.96408844
2516,3.83885288,-9.10678617,10.6374649
2517,-3.39072145,-5.26685488,2.43472545
2518,-3.32208239,-3.27817365,-0.442342634
2519,-3.10030995,-3.44714689,-0.54433435
2520,-2.4409473,-11.0076739,0.869478725
2521,-2.98568942,-10.3559817,2.01787708
2522,14.4112486,-10.9001218,-10.7496935
2523,-13.1240544,-8.68644484,1.44882403
2524,-0.513200698,-4.48157378,1.66924802
2525,10.1273105,-5.74244915,7.28268459
2526,6.79337264,-1.07396773,-2.73829705
2527,-6.69443062,-11.0794559,1.42545443
2528,-9.73905328,-14.0089515,3.51793448
2529,-12.7815494,-5.88032227,-4.99043513
2530,-9.14394449,-9.27471076,2.59511339
2531,-8.76939668,-8.12637283,1.40039483
2532,-9.84018465,-14.3489128,-4.81813538
2533,-8.53827577,-7.9043873,0.656735525
2534,-4.5929841,-16.4622284,0.287527775
2535,-6.53449022,-5.26020589,-2.0481142
2536,-9.84245926,-14.3882162,-4.79156867
2537,-9.75363251,-6.07338982,-2.89073988
2538,-2.26677242,-13.2782475,-5.78167398
2539,-8.7131001,-8.08301548,1.31300459
2540,-10.0433414,-9.83926227,2.68875762
2541,-8.19428523,-13.1081514,-11.3021052
2542,5.25842228,-1.2306594,-12.3723079
2543,-6.96269802,-8.74101076,0.0266485713
2544,-20.5175991,-26.2321132,-24.1448815
2545,-6.21375212,-8.3538771,-0.752281928
2546,-6.69151788,-11.331324,1.40231366
2547,-4.78540601,-8.03888044,-4.91051266
2548,-3.21368451,-7.58571889,-9.78377415
2549,-6.87276761,-8.75628961,0.0110110006
2550,-3.26281966,-9.02235119,-6.00289095
2551,-13.9423888,-5.88460167,2.48030949
2552,-6.79407335,-8.6372522,-0.082853172
2553,-15.3285706,-15.9934874,2.30875862
2554,-6.62162655,-8.58318807,-0.328103953
2555,-2.34184237,-11.0654419,0.611305414
2556,-17.4686957,-7.7288904,-11.2397907
2557,-12.594349,-7.12139649,2.31920724
2558,-6.81580992,-9.21327202,-0.160836137
2559,-8.78034191,-13.0163448,2.31647957
2560,-1.07517608,7.14077172,0.620883525
2561,-5.19136699,-29.5181028,-11.5770276
2562,-9.27196724,-7.75743893,-6.05393669
2563,-7.55039532,-7.81879134,-5.05722506
2564,-6.58983124,-7.61796203,-4.55465996
2565,-2.90937636,2.4099474,-0.0029490664
2566,-6.76936041,-5.66191964,-5.10281716
2567,-9.94146251,-4.25869957,-1.30698981
2568,-10.6662989,-5.74227911,-0.138992795
2569,-4.45014913,-29.4984785,-12.5261219
2570,7.82822964,-7.57065083,-7.05300673
2571,2.81018745,-9.51383374,-6.28503632
2572,10.3884177,-20.1292966,8.55583323
2573,-5.41009637,-16.2966193,-0.447132282
2574,-4.01678778,-18.8262721,1.12533653
2575,-9.84039692,-14.4408377,-4.86542563
2576,-4.52136632,-14.8834513,-1.32150567
2577,-1.0006726,-8.96383952,-4.77013568
2578,-10.5101196,-20.7333225,-1.12372961
2579,-6.12240814,3.05082527,-3.39753712
2580,4.55842573,-4.43277115,-13.8122961
2581,-3.71649359,-4.60161501,-2.71110839
2582,-3.49324863,-4.36992991,-2.52556318
2583,-15.2735552,-15.9762341,2.2018301
2584,-6.1065754,-2.87589595,-17.0509068
2585,-7.62383014,-1.21265632,-6.10871815
2586,-9.89638107,-7.37887788,-7.71378994
2587,-3.84464378,-9.8944402,-11.6254264
2588,-7.78060085,-7.42490286,-12.1754009
2589,-20.0335928,-5.78142542,5.69269031
2590,-6.04061911,-5.55007273,-14.2037491
2591,-14.4734572,-37.7554475,-14.967438
2592,3.64287401,2.79742406,-6.45419198
2593,-4.65253436,-3.8204732,-6.33826103
2594,-2.72766712,-1.38648112,-5.65979284
2595,-0.462672831,-1.13167571,-3.4870447
2596,1.44822721,-2.23321062,-5.19112729
2597,-2.68234333,-4.7470556,-2.32157127
2598,-2.72767884,-4.62284397,-2.29320584
2599,-17.6321518,-14.0929537,1.03248638
2600,-13.6464038,-11.9073201,-11.9542408
2601,1.22431243,-4.64124383,-6.54001847
2602,-1.31412426,4.87295062,0.629227629
2603,-18.5970353,-10.2229449,-0.247703305
2604,-5.93828424,-19.4661892,-3.26446703
2605,-11.7428752,-4.06843313,0.737968977
2606,-35.7789011,4.48426293,-18.9107799
2607,-13.8477872,-9.85622272,2.60057998
2608,-19.7509006,-9.81795153,-3.43066575
2609,-18.0628104,-0.051155,-6.14568717
2610,-13.3819275,-7.97896246,-0.675895524
2611,-11.7915048,-8.61562721,-5.6378859
2612,0.486178849,5.96459136,-12.3744293
2613,-12.9708204,12.2734746,-9.93234397
2614,-12.486411,-22.3895073,-1.95784319
2615,-11.5330857,-4.7525185,1.11647157
2616,-18.5126263,-11.4884817,1.10724866
2617,-9.31983452,-13.4968537,-12.9909784
2618,-18.4268661,-14.857873,-1.91856241
2619,-10.6759033,-4.76716714,-0.868835578
2620,-13.2538822,-3.97734719,2.50414006
2621,-7.99932929,-12.2639853,-5.32012849
2622,-15.4931023,-5.34237089,2.90316571
2623,-15.586638,-5.3004474,2.82781236
2624,-22.4338923,-14.8273451,3.45463518
2625,-130.131078,-69.8973736,3.4005377
2626,-17.6626728,-8.0222246,-4.2867093
2627,-13.6912878,-11.4698985,1.50604758
2628,-9.1788511,-12.6775767,-0.832346285
2629,-10.8098716,-6.03438406,-0.41826489
2630,-10.9400128,-5.57835593,-1.18677602
2631,-11.0891725,-8.12966201,-1.74806738
2632,-18.1471203,-12.9819837,1.01812607
2633,-8.8953522,-13.9018488,-13.6521834
2634,-11.1895603,-7.50973872,-2.36875196
2635,-15.9060029,-7.69241433,-7.77036259
2636,-15.9215595,-7.50224408,-4.02558206
2637,-16.5054536,-6.77518381,-4.31904174
2638,-17.1787353,-5.43412713,0.29401269
2639,6.08809423,-2.0527556,-17.3067812
2640,-17.4191403,-11.3494796,-6.42383467
2641,-21.9018029,-10.083221,4.6985981
2642,-20.6929835,-13.9251019,9.72454564
2643,-7.88114584,-19.9319312,-16.2243466
2644,-16.7388888,-7.25615228,1.34131231
2645,-9.53050652,-12.9344322,-12.6913994
2646,-29.4373995,-5.32078135,-9.83281649
2647,8.8789733,22.4523531,-1.67154709
2648,-16.9559702,-3.76026767,0.698043759
2649,-26.4809117,-2.41898004,2.61024654
2650,-18.6948829,2.74507397,-2.98677842
2651,-14.7918327,-5.56444991,-1.01179003
2652,-8.57259574,2.53725881,2.22637665
2653,34.2108188,-27.0100913,87.4429923
2654,-17.6924313,-3.68828345,-4.87342523
2655,-9.86697084,-0.81586272,-17.5629074
2656,-11.9164071,-0.647613064,0.474283029
2657,-14.9622342,-5.72034659,-0.738005135
2658,-14.9588593,-5.71725559,-0.743416001
2659,-18.2347549,-1.89760102,0.109067969
2660,-15.8131916,8.08228909,1.31022609
2661,-16.3277441,-5.71389116,0.456707127
2662,-11.5121369,-6.16883666,-0.153489592
2663,-15.3983119,-6.44911076,-1.18516246
2664,-19.2382306,-9.659285,-2.32388314
2665,-16.5354385,-5.58383376,0.678616163
2666,-9.33751285,-15.6714404,-22.3480514
2667,-12.7770321,-7.15098834,2.48524356
2668,-11.0980692,-8.14288287,-1.79598952
2669,-21.4112071,-17.0955741,4.2631734
2670,-14.7932924,-7.94642727,-1.85161428
2671,-13.061005,-8.02809959,1.82876107
2672,-15.4141409,-6.31539761,-0.643976602
2673,-13.1137422,-6.17105146,2.60374739
2674,-7.34764427,-20.2631431,-16.5964859
2675,-11.681383,-12.4868953,-0.864852781
2676,-16.7611972,-11.6104929,1.67992239
2677,-15.3342733,-12.1769195,-2.31743096
2678,-9.36301232,-7.78857875,-6.12236136
2679,-25.8535678,-20.377825,39.9395673
2680,-14.1346764,-16.8079357,-3.99415655
2681,-9.71880089,-10.3191852,-13.2672279
2682,-11.0259812,-8.19003023,-1.72246296
2683,-14.9509253,-16.0554796,2.11407875
2684,-11.6668202,-4.99967321,1.11882092
2685,-11.2920292,-6.16976623,-0.163259576
2686,-33.9459783,3.32025288,12.2429394
2687,-12.8463301,-10.6842021,-2.1223539
2688,-13.6978972,-12.0602041,1.11465418
2689,-12.3053772,-7.92366045,-0.703751117
2690,-11.3962658,-14.5607721,-3.54200032
2691,-0.570533732,-6.62102785,-3.07764276
2692,-49.7287089,4.40335693,-14.0994149
2693,-13.1163399,-17.3867724,-1.0880853
2694,-23.318123,0.0948938137,0.96292465
2695,-12.8056645,-8.52590111,-2.86584077
2696,-8.60229313,-12.8773741,-4.91992168
2697,-2.3359045,-8.43944485,-2.66837496
2698,-11.5110328,-12.7829062,-0.903372854
2699,-11.4327745,-14.5487356,-3.52283318
2700,-7.64759659,-12.7895499,0.806783809
2701,-13.1071103,-8.43028732,1.01773904
2702,-13.540846,-8.17686319,0.0215240916
2703,-15.3385797,-2.87486506,-8.54496261
2704,-3.23654062,-5.60457545,-9.62579134
2705,-8.96471362,-13.8237504,3.21045453
2706,36.1537317,-6.34352668,28.4683024
2707,-13.3787148,-9.09813186,1.85402733
2708,-12.8653201,-11.6216365,-1.79862235
2709,-13.5030547,-12.061551,0.899614923
2710,6.65888599,-17.2098739,-0.321920774
2711,-7.81292496,-14.125494,-8.78601148
2712,-13.6617357,-16.5205911,1.30775759
2713,-9.167649,-16.1304759,3.32241222
2714,-9.45217646,-13.8251806,3.40241954
2715,-17.5352847,-0.051155,-7.55951744
2716,-15.0374857,-17.1248985,-1.21015405
2717,4.222876,-13.6491646,1.81848808
2718,-20.327775,-10.4655926,2.72355429
2719,-63.0966837,53.552214,-5.43332093
2720,-16.1438226,-15.1781666,2.41313935
2721,15.8674904,-0.552988919,-15.1260392
2722,-8.33509722,-10.6885144,-0.862281144
2723,-11.6645048,-12.480744,-0.916860625
2724,-15.8799009,-9.56241777,-0.653468552
2725,-16.3012376,-12.0476879,1.91868664
2726,-15.9687644,-11.6280346,1.75152748
2727,-6.99454857,-15.377352,18.2539668
2728,-20.7385283,-11.8455493,-1.54431021
2729,-6.84619469,-15.7601508,-3.41829028
2730,-15.582737,-11.1293237,-0.31212153
2731,-16.4307519,-10.3017541,0.320926408
2732,-16.1679692,-7.69379518,-4.03559551
2733,-18.167292,0.613699963,-10.4478892
2734,-6.20939113,-12.3560282,-4.69684799
2735,-8.93332399,-11.4533845,-5.11392844
2736,-9.79100907,-7.88589147,-6.00729596
2737,4.95229588,-12.0860871,-21.3474836
2738,-16.2206955,-14.9431838,-4.66117521
2739,-12.3925054,-8.19054833,-5.1203784
2740,-13.1949464,-15.6404205,1.50693061
2741,-15.0950082,-13.1527677,-4.5361336
2742,-15.2732979,-12.1532305,-5.25959183
2743,-15.2216798,-13.2416131,-4.55966424
2744,4.7351353,-32.1595939,3.84161515
2745,-15.1730487,-22.7547384,-18.5301602
2746,-1.95851689,-14.2781681,-3.94289921
2747,-3.39190423,-8.26309511,-1.16398744
2748,-12.3556107,-10.4347339,-5.45170335
2749,-12.3751735,-10.5707401,-2.60717711
2750,-12.3074807,-8.64079944,-3.30177372
2751,-9.37912038,-7.76952875,-6.15288759
2752,-10.9599193,-8.07751137,-6.04438975
2753,-9.84082374,-7.89881365,-5.99342672
2754,-11.4440908,-14.580293,-3.52295134
2755,-11.5257206,-12.7888611,-0.857296708
2756,-9.16588631,-16.1523157,3.31843168
2757,-11.2717513,-16.6808572,2.19582802
2758,-12.6754702,-17.8618242,-0.718197856
2759,7.57484884,-1.67566446,-1.72870958
2760,-3.74968317,-20.9642924,0.419870269
2761,-12.5401232,-14.1461784,1.07550307
2762,-10.8501754,-14.2427684,2.93556223
2763,-13.4175522,-16.4803941,1.21512249
2764,-12.9103549,-17.338088,0.679473015
2765,-2.24542473,-13.2911016,-5.7752936
2766,6.34544476,-17.8927774,-0.546056574
2767,-4.94312834,-13.1263185,-0.279498257
2768,-10.5486727,-0.623707809,-19.3358802
2769,-7.00273941,-16.1368979,-2.48588336
2770,-4.50131624,-14.7761525,-1.27335409
2771,13.3599833,-27.3324269,-1.98325318
2772,-13.4315139,-16.638045,1.058193
2773,-4.56052076,-15.4731907,-0.849125879
2774,-11.5763146,-8.4773014,-5.6412803
2775,-11.9202209,-8.50241602,-5.42441976
2776,-12.2684089,-8.49342563,-4.94318373
2777,-12.3800943,-8.58627955,-4.81980773
2778,-10.9357842,-8.28248539,-1.67580498
2779,-12.2267864,-8.58601319,-3.21977913
2780,-11.6840851,-8.17710073,-3.23107968
2781,-11.1655545,-8.20221842,-2.00501183
2782,-10.7834675,-8.17080002,-4.25113159
2783,-11.4050324,-8.08723846,-2.87876449
2784,4.4927848,4.48992338,-12.7724265
2785,14.5116473,-14.4181634,8.63861391
2786,-4.38490796,-13.1423191,-1.07055539
2787,-3.68916553,-14.3138274,-2.69102516
2788,-3.77502718,-14.4128283,-2.21629143
2789,-6.15149522,-17.9668451,0.304273584
2790,-6.33330388,-18.9493846,-0.185872894
2791,-4.89849282,-18.1989842,0.894601244
2792,-6.10392481,-17.9589087,0.333352354
2793,-5.11235068,-17.5003585,0.711166072
2794,-0.628785387,-5.96210563,-1.95671706
2795,-4.62319494,-11.7298671,-1.65619639
2796,-0.850836861,-10.0984561,-4.17057285
2797,-21.6510569,-6.85260588,4.30389482
2798,-8.32349547,-32.6587593,-13.7390925
2799,-6.10200242,-18.5479545,-7.25911535
2800,-17.9277691,-5.51758972,-5.17250924
2801,-1.57877607,-13.1892611,-5.61495143
2802,-6.10597,-4.89389212,-14.3608978
2803,-6.23314104,-18.3447039,-6.91673891
2804,-9.86393006,-1.79337602,-1.8772762
2805,-8.34719205,-5.39330631,-12.3633598
2806,-6.10068117,-18.5144508,-7.23058699
2807,-6.09576867,-18.5082604,-7.27415529
2808,-9.33627802,-13.7752776,-12.8498972
2809,-11.905012,-8.56560249,-5.74127076
2810,-11.250958,-17.3685732,-16.7569111
2811,-6.65233064,1.31918906,-15.2125029
2812,16.7408467,-4.14114952,-14.5749662
2813,2.33410743,1.48566698,-18.0688231
2814,-18.9463081,-10.9484923,-7.20315828
2815,-6.59188891,-10.0858426,-10.4935942
2816,-6.89639772,-10.0417866,-10.6065718
2817,-28.4712918,4.54329422,20.48299
2818,-6.02824726,-3.35829284,-17.2689072
2819,-4.60054887,-16.190023,-14.7600025
2820,-31.3483814,-3.60163954,26.6012563
2821,-2.75231227,-14.3968482,-4.40626418
2822,-2.23401824,-14.3344956,-4.25721036
2823,-21.2124916,-1.96232234,-3.07554537
2824,16.8562065,-0.713438647,-14.1571788
2825,-1.97898009,-14.3083799,-21.1034007
2826,-11.6077385,-9.7811316,-21.4623445
2827,-114.681537,16.7001441,37.4203225
2828,-90.052921,18.2282119,-8.79655267
2829,-14.5950327,-25.7590148,-27.7296197
2830,-9.71650166,-7.29020422,-7.90034764
2831,7.75719546,-10.4732436,-15.1341468
2832,-19.5867291,-11.769381,-1.25836931
2833,-18.3107747,-5.4390016,8.00663197
2834,-3.22167549,-20.3565266,-8.9619967
2835,-9.30794498,-13.506517,-12.9649026
2836,-6.72738914,0.109171217,1.22975099
2837,-6.26038798,-1.28941795,-0.200931532
2838,-2.83371726,-11.1855976,-11.4577527
2839,14.8271922,-3.51777249,-43.8323612
2840,-10.5259955,-8.70928974,-12.0245969
2841,-11.8021996,-8.62183249,-5.71155427
2842,-12.6125881,-7.37302138,-7.95257648
2843,29.37005,-16.6184944,-18.701128
2844,-25.1679831,-14.3583311,-12.3584662
2845,-14.424988,-11.3671991,-9.24338987
2846,-11.0548125,-8.12297348,-7.75647216
2847,-14.783445,-22.2287967,-7.13520763
2848,-14.4860222,-18.6642833,-6.1942363
2849,-23.9977387,-3.47649061,13.305673
2850,45.5954881,-0.905681805,-20.7841087
2851,-8.45560915,-19.777382,-16.7065904
2852,-12.288192,-11.5373967,-12.1646845
2853,-10.9675594,-4.28419561,-8.05298824
2854,-9.30729973,-6.37623256,-8.60984909
2855,-4.78358057,-39.1287765,-44.1649307
2856,-14.3840692,-11.440354,-12.7996294
2857,-14.1613456,-2.23832597,-10.6355433
2858,-17.477574,-11.6527077,-5.3392157
2859,-6.4953004,-20.8308734,-7.17259344
2860,-5.75474933,-28.0242577,-10.0047998
2861,3.88486497,-31.2210767,3.63356044
2862,1.4665287,-2.20778645,-5.26111217
2863,-17.7711456,-11.3728803,-5.70483789
2864,-16.2928689,-14.9164423,-4.72059041
2865,-16.8322276,-14.7973503,-4.66178729
2866,-18.8306847,-10.9629149,-7.26779677
2867,-16.1162335,-17.8035554,-7.28934327
2868,-11.1644781,-24.9862484,-25.6759539
2869,3.83101553,-2.99483683,-26.8989235
2870,-15.4826964,-15.3437943,-9.31796878
2871,-20.2211615,-26.3441676,-23.8578676
2872,-15.9101767,-12.5127634,-5.43140537
2873,-15.7693052,-12.3806236,-6.11504585
2874,-17.0438157,-6.32766478,-4.73990049
2875,-15.3625653,-6.29422567,-10.201279
2876,-17.1712857,-6.65658518,-9.76761782
2877,-13.4975451,-2.77884695,-8.75780829
2878,-15.725935,-10.5279244,-9.53462628
2879,-9.29452249,-13.5315729,-13.0276205
2880,-10.3701092,9.50499721,-6.62036782
2881,1.06739266,-5.07829009,-11.2546578
2882,-10.4741,-8.14507619,-10.5759594
2883,-1.92225226,-20.5607606,14.3266884
2884,9.57448432,-0.165894187,-13.7547927
2885,-10.0158991,-7.85055518,-10.5576056
2886,-15.3139828,-2.87409041,-8.54607938
2887,-12.6042903,-16.0917358,15.6562781
2888,-16.1486209,-8.94774496,14.3441682
2889,-8.05307302,11.5865992,-6.03114363
2890,-22.2069761,-18.472684,4.72058991
2891,-12.415911,-8.08662097,-5.13022206
2892,18.6873165,-21.1602586,-11.8850517
2893,8.96114995,-7.20229766,-16.4834085
2894,4.1479984,-9.8546218,4.05838004
2895,-23.9803561,-35.1620846,-16.0801121
2896,-27.6932273,-7.17530588,-9.65274126
2897,11.6826494,-3.83612704,-11.7237186
2898,-20.2601285,3.52233891,-0.453685491
2899,2.05966612,-3.00456114,-3.24838113
2900,-7.74702563,-12.1461624,-22.6894494
2901,-19.4735643,-2.7648451,1.1969041
2902,-3.7558172,-3.71587196,-6.66158006
2903,-8.8948696,-7.87614007,-11.6648683
2904,-8.95780199,-10.986033,-15.3046948
2905,-5.89860056,-9.12405194,-11.1711353
2906,-14.8460446,-22.0192399,-27.9263394
2907,-11.7986287,-10.9113505,-21.2705647
2908,0.56828873,-5.1958651,-13.5943934
2909,4.63394272,-8.52032919,-20.0767872
2910,0.596137012,14.2048937,-2.65224797
2911,10.9204997,-3.83412698,-18.8387512
2912,-15.5896176,-9.19955748,-14.5055026
2913,6.7206459,-5.55954923,-14.3318967
2914,5.80849187,-10.4360682,-11.5649582
2915,-3.01343592,3.58191241,-6.59044816
2916,6.31042046,-5.10739603,-9.71894014
2917,2.78918342,1.98227614,-44.5426219
2918,9.29688155,-8.35282978,-16.4436532
2919,-15.5045404,-4.228251,-8.88047816
2920,-15.7000927,-3.74258393,-8.51114053
2921,-15.341603,-2.89158372,-8.54711669
2922,-15.5073466,-9.30712771,-14.5219641
2923,-14.1617841,-19.2586079,-18.4627311
2924,-5.79636171,-5.26085941,-17.2802549
2925,3.21385989,-16.70344,-26.6761337
2926,-8.87668974,14.2593088,-42.1086697
2927,-8.49217659,-19.8204493,-16.735284
2928,-13.7739757,-8.24459392,-13.6790309
2929,-11.8940518,-9.38202209,-21.5866865
2930,-2.52631545,-11.5588654,-13.6335279
2931,-2.27830301,-7.16876753,-13.8672364
2932,-4.59704668,-6.00733944,-13.0747994
2933,-13.7882202,-9.29873483,-14.0595866
2934,1.76287213,-16.318877,3.32923424
2935,1.1667818,-2.79452874,-9.56674827
2936,-13.4853743,4.27797021,-14.544648
2937,5.94250178,-12.5833855,-28.3178248
2938,3.02442378,-16.4500323,2.39487512
2939,6.65694914,-5.48310744,0.96440654
2940,-15.2350937,16.2002804,-14.7921165
2941,-9.11527473,2.52468183,-13.8887642
2942,-10.0969077,-1.09111652,-6.28206707
2943,-2.96516801,-1.47530286,-9.06013598
2944,-7.48360653,-1.47438716,-10.0234913
2945,-10.5486748,-2.57835131,-20.4581503
2946,-6.57796173,1.4782206,-2.31110875
2947,-5.03378121,-4.81692993,-6.99677757
2948,-4.96280478,-4.71794555,-6.98157872
2949,4.24329929,-1.09040828,-12.435075
2950,1.75433272,-6.66897224,-5.18577461
2951,-1.48818783,-7.21690254,-14.0098523
2952,4.94322809,-10.1534196,-19.1838395
2953,-1.91629695,-11.6105715,-11.1035239
2954,-1.22232431,-8.54394194,-9.91879056
2955,-0.7209517,-10.1992253,-42.288068
2956,-14.0904436,-8.15575108,-13.7318437
2957,-8.19405895,-20.2288557,-16.6190961
2958,-16.8301539,-25.4540794,-28.0382035
2959,-13.0300959,18.9429898,-16.2840632
2960,-16.4345732,-0.521973532,-11.6497413
2961,-14.3414074,9.60458813,-17.7555138
2962,-20.0190899,-7.66274083,-17.4688377
2963,-20.1641886,-9.36240057,-18.6003567
2964,-3.74454297,9.63276085,-16.2801344
2965,-12.5988532,7.58699663,-11.7542856
2966,-11.802772,-9.1534913,-21.8895023
2967,-10.0114557,-7.60491707,-19.9228507
2968,-8.21696631,-14.3038042,-14.1049013
2969,-3.63676547,-20.3828276,-7.93656954
2970,-8.00274006,-20.2097226,-16.5009362
2971,-8.76624881,-18.6946202,-16.4057801
2972,-69.0336107,3.62353093,16.0398969
2973,-16.6143952,-4.04328164,-15.8949302
2974,12.6659031,18.0251524,-44.485199
2975,-7.46102479,10.5944961,-20.3449988
2976,-9.55481074,-12.9031947,-12.7223442
2977,-9.59477316,-11.067439,-13.1339015
2978,-19.6260379,-32.077009,-17.1398001
2979,-14.2522791,-25.631562,-14.0647344
2980,-19.0655135,-34.7621413,6.46493905
2981,-3.70260629,-16.0328539,-14.8176574
2982,7.83109541,-6.56027748,-22.9721114
2983,-6.17426493,-16.6649861,-27.0150183
2984,-2.09648584,-12.5457564,-19.0925391
2985,13.7357927,-2.08685559,-14.2296118
2986,-4.37694334,-11.1970776,-26.6613953
2987,-12.3671881,-27.9488274,9.43978166
2988,-7.98705363,-20.211746,-16.4865333
2989,-4.85785804,-29.6530661,-9.25290915
2990,-7.36532201,-12.5596757,-21.5596101
2991,-7.56107552,-12.5012,-21.1550509
2992,-8.983977,-32.3273646,-78.8352692
2993,25.9856993,-1.97956697,-35.2170255
2994,-2.08460039,-14.2237736,-21.3486192
2995,7.49426499,-10.574529,12.2425333
2996,-13.3817663,-16.5333102,10.8698683
2997,-4.48032484,-16.1697403,-14.8158034
2998,-17.7843881,-9.88789863,7.67337174
2999,-20.4732239,-15.9055924,5.45922514
3000,-28.9023016,-19.6378909,-5.06925312
3001,-17.7010393,-24.3269265,-6.99840912
3002,-31.7334079,-17.9443425,-6.30328174
3003,-34.9765888,-20.3440486,8.62008763
3004,11.0433914,-0.961584364,-26.089958
3005,-18.6820531,-11.8278035,1.00194937
3006,-20.1696828,-8.09003631,4.0986415
3007,-21.9422433,-14.8721061,-11.2728828
3008,-15.7903156,-19.813106,-18.9110101
3009,-19.0207627,-17.9158941,-7.64732698
3010,-14.4312941,-22.8364064,-9.16665282
3011,-15.0993129,-22.3466444,-7.40407883
3012,-30.2545558,-34.3757102,7.71983531
3013,-18.9396971,-20.8835074,-22.1412513
3014,-19.0278267,-17.7482517,-21.0827838
3015,-17.4966776,-19.1509638,-20.5617554
3016,-16.6084405,-18.2903075,-7.76868432
3017,-19.3150936,-14.7630514,-12.1577202
3018,-16.9752747,-14.325694,-14.0867666
3019,-16.6198316,-15.9891007,-11.116964
3020,-16.4496646,-14.6506096,-13.7219309
3021,-16.4057976,-14.7354591,-13.7600427
3022,28.9009396,-27.1880517,4.64018274
3023,-2.78731264,-21.985738,-5.92665418
3024,-1.92114357,-21.4013295,-6.00456766
3025,-0.849030543,-14.3731507,0.578049732
3026,17.353724,-3.49701702,5.47174095
3027,-6.41255572,-19.5567591,-7.51060088
3028,-11.583699,-22.429477,-8.81050447
3029,-7.28526068,-19.7300543,-7.75841304
3030,-9.86909815,-20.2576442,-9.93307923
3031,-11.3862734,-25.0646077,-27.3361308
3032,3.70165492,-3.73126603,-39.6052401
3033,-10.3064395,-20.7215042,-9.44166599
3034,-11.2703735,-22.3890238,-8.35319468
3035,-11.4685175,-22.3169978,-8.49319994
3036,0.152605664,-13.7055516,-17.158764
3037,14.7137569,-3.53574989,-17.8167337
3038,12.1672229,-5.92380312,-11.2165788
3039,-10.4137288,-21.2405631,-8.39115731
3040,-10.7328692,-21.3720327,-8.50761068
3041,-22.6487002,-15.065022,3.44087372
3042,-3.94300451,-16.0513514,-13.311282
3043,-1.72595276,-12.1999844,-14.3050059
3044,20.0818585,-8.51247492,-22.393462
3045,-19.8467663,-8.98333004,-3.82328577
3046,-17.6320458,-14.0919967,1.03388992
3047,-15.4824868,-11.6658024,29.9479482
3048,100.669171,-8.69697869,-7.82377151
3049,-113.457383,54.3848689,7.5516533
3050,-20.4248889,-11.8050529,-1.80655078
3051,-19.1234891,-14.4760675,-3.2622814
3052,-21.3604039,-14.1292971,-20.116513
3053,-21.3225643,-12.7692641,-18.4473463
3054,-14.696535,-8.14528527,10.8729507
3055,-23.3358763,-0.00391163472,1.11031399
3056,-20.1406951,-7.88849478,3.99050606
3057,-12.7239256,4.43741452,24.4738356
3058,-26.1405105,-26.6308266,14.214756
3059,-8.6660498,2.79659951,-13.9256371
3060,-9.94075007,-0.788834902,-17.523778
3061,-22.8201211,4.96361471,3.12136205
3062,-21.3791871,5.18112642,3.90190366
3063,-15.5218916,22.5506305,14.4147701
3064,-21.7392723,-10.0001902,4.71151285
3065,-20.6894423,-7.41989369,-4.18207036
3066,-28.6787,-7.92080609,-0.440350397
3067,-21.1335215,-10.8809214,-20.2227646
3068,-24.0814656,22.8215765,-24.8976169
3069,16.0133841,11.8476392,21.7019501
3070,-27.8737097,-19.2479932,-4.24266395
3071,-25.5012063,-17.6438641,-4.49242404
3072,-23.701489,-10.2842193,4.1909323
3073,9.5301411,-17.0803652,9.015512
3074,-15.5086839,-11.692397,29.9349478
3075,-20.6440164,-7.42279176,-4.37418968
3076,-30.6347576,-3.86324864,5.57041907
3077,-22.9700573,-8.18876217,-7.08328716
3078,-20.7207281,-7.40689324,-3.95352056
3079,-30.7793278,-19.9145289,-7.6371313
3080,-36.2109359,2.56259473,-0.269778785
3081,-12.7046912,-8.39781596,-23.5832364
3082,-14.339749,-10.50229,19.1397087
3083,-24.2275704,-7.51188261,-1.29745683
3084,-19.9980044,-12.5853169,-3.28181241
3085,-19.8791042,-8.80021113,-4.15697099
3086,-19.8105946,-9.67664641,-4.44888196
3087,-121.862835,-8.21338566,1.90418328
3088,-19.7544741,-10.1567833,-4.20174683
3089,-20.3310539,-10.2721651,3.06863198
3090,-23.0411807,3.38787874,6.52636529
3091,-23.6932441,-7.27977367,-7.45126977
3092,-19.6909036,-11.5880219,6.91887024
3093,-44.2516888,-98.5794632,-11.4055565
3094,-19.8424344,-8.16173632,-0.734900143
3095,-21.3098652,-12.4387803,-1.76071026
3096,-18.742903,-3.92966697,5.12727427
3097,-25.3559314,-10.2017958,1.06611516
3098,5.90398205,55.3060239,-7.71369111
3099,-17.9111411,-3.15867999,-7.35013465
3100,-12.7808882,-14.4415493,9.66126445
3101,-21.8683816,-1.95283137,2.29887733
3102,-18.4766922,-5.0365698,-5.68651203
3103,-18.2801979,1.54699492,-3.1651434
3104,-23.8971862,-3.70827542,14.0081865
3105,-9.40138018,-15.6463581,12.5382463
3106,-22.6748925,-10.9949705,3.72240155
3107,-17.8601427,-4.28715787,-5.58497898
3108,-14.1077307,12.770471,-9.15938203
3109,-23.8806235,-3.29810172,14.0220608
3110,-15.2794503,2.89670244,-0.0158258306
3111,-46.3800156,0.846266889,3.59325964
3112,-14.3679285,-0.322123635,-2.30871269
3113,-26.5865888,3.56644986,0.278242904
3114,-10.7912896,0.396292223,-4.35657192
3115,-21.9612649,3.72729693,-2.77173943
3116,-23.1875632,-10.9438934,3.68076574
3117,-40.0872411,-39.5974468,10.8138173
3118,-21.7633489,-1.68734083,3.60413476
3119,-21.6299043,-2.00172776,2.04043169
3120,-21.4433443,-2.45097041,3.75033723
3121,-21.6659365,-9.82320255,4.73117258
3122,-19.0740866,-6.49850549,6.15528377
3123,-20.284455,-7.65650557,5.32298933
3124,-20.2585889,6.73366289,5.71959578
3125,-15.2771822,0.219699069,32.3744866
3126,-13.6206428,0.542576912,31.7517984
3127,-4.76919079,-12.7088295,14.1163111
3128,-5.12784323,-34.5829059,18.516268
3129,-13.8104217,-27.971023,8.60470825
3130,-34.7028788,-46.1384583,-29.9092642
3131,-31.2485577,-12.8555239,20.9436272
3132,-22.2493613,-19.9698858,4.14062673
3133,-20.6519324,-7.52897024,4.70024656
3134,-20.9530573,-5.76814974,4.63823542
3135,-15.0461382,10.8819154,-17.0133078
3136,-5.06728351,1.32913525,4.44464124
3137,-14.2799943,-2.82913435,19.3689029
3138,-7.67317313,2.05642132,-2.55431251
3139,-21.0902311,5.90011294,17.6928504
3140,-19.6329001,0.206809285,5.08915022
3141,-12.1307319,-7.3707016,15.0185438
3142,-18.491301,2.4950089,4.49625095
3143,-15.2703536,6.12341801,6.90146573
3144,-19.9764702,-31.4465273,-1.09833348
3145,-19.7195978,-5.48545254,5.52751605
3146,-26.2921999,-7.53951825,-0.296619565
3147,-23.5835394,-5.58352418,0.880459497
3148,-28.0649563,-19.6141722,0.742636207
3149,-26.2985648,-16.8172933,7.61782467
3150,-21.5779082,-26.6615455,-6.46493964
3151,-29.1910412,-29.3166904,10.1059778
3152,-21.822493,-10.0367166,4.71549909
3153,-30.7078476,-16.4727614,13.6925039
3154,-21.7070932,-4.77508146,8.38327572
3155,-28.5539643,-7.94223104,13.2907061
3156,-24.4888717,16.1439962,8.38342213
3157,-23.1215784,-18.4623864,4.2547804
3158,-22.1283274,-18.4083034,4.96265414
3159,-26.7162103,-16.5440197,8.23638447
3160,-83.851225,-42.584842,-16.5815063
3161,-27.8852539,-19.2642332,-4.22743362
3162,-18.6367552,-21.1586907,8.15551727
3163,-7.55246749,42.3242506,-14.5818429
3164,-35.0531921,-15.6193995,-0.771680604
3165,-18.536502,-0.0430032063,-0.258970384
3166,-33.7014214,-37.7932229,-0.36316348
3167,-25.2830136,-9.49697209,4.3899254
3168,-24.192691,-25.5335356,8.77714838
3169,-26.3006184,-8.8516345,0.966094297
3170,-26.1925415,-8.94289258,1.00263719
3171,-37.8505621,-39.921672,1.37560305
3172,-24.7540033,-16.7559777,0.357297395
3173,-23.5900867,-17.7562394,2.218664
3174,-24.4383673,-9.6809648,3.88343807
3175,-32.5598332,1.39281891,-7.25923329
3176,-36.2627044,-3.34302569,-2.02674607
3177,-51.2605332,4.12647478,19.3615695
3178,-32.5434308,-17.1607689,-4.5461918
3179,-15.2240118,-27.4981347,4.80600573
3180,-42.7078778,-25.392483,12.7686168
3181,-17.8983449,-22.4368933,6.30458352
3182,-18.3132532,-56.0783975,-22.6979739
3183,-15.5608497,-26.5168343,4.09690966
3184,-26.5677686,-16.6410769,7.89962672
3185,-21.7585292,-33.5402838,2.22166175
3186,-19.645988,-15.7847658,19.3204332
3187,-143.875973,-81.1713866,66.2973598
3188,10.1863897,-50.8466468,16.2964
3189,-26.1589747,-19.7291442,-1.69722559
3190,-26.1370179,-19.6993663,-1.51840946
3191,-26.5943901,-19.681751,-2.21931644
3192,-22.094591,-24.0921363,13.9558909
3193,-27.8824697,-19.82508,-1.25012009
3194,-22.122354,-28.4809783,-7.61952386
3195,-25.2363132,-33.4960375,-11.5281443
3196,-28.9892081,-19.813861,-5.71726383
3197,-28.557751,-19.6319134,-4.83484906
3198,-22.1364539,-33.8182385,-6.62105756
3199,-22.6411734,-34.3830352,-7.30200788
3200,-22.0363228,-33.8588261,2.28852047
3201,-31.6132947,-13.6220266,-4.50597181
3202,-38.7862296,-15.681537,0.407287012
3203,-32.7645992,-18.133927,4.43259095
3204,-28.9478915,0.643882546,13.4863211
3205,-58.1488218,3.00811175,15.8137653
3206,-19.5597007,3.333934,-0.323690527
3207,-20.1359033,-25.5351342,-2.68914309
3208,-19.8077643,-25.307457,-2.27111434
3209,-22.8729753,-21.7832023,0.253211741
3210,-41.7662128,-12.198402,45.3121879
3211,-49.7275923,-15.4744673,12.1700939
3212,-21.0247841,-20.2470724,4.66610491
3213,-20.3125474,-20.649887,4.52427727
3214,-20.7207859,-23.2226256,-0.586928998
3215,-21.9824169,-22.7504064,-0.78262747
3216,-25.8090076,-26.134175,9.82081762
3217,-46.8688076,-31.1725841,14.7865948
3218,-23.0777884,55.9633064,-4.30841959
3219,-41.8901129,-11.0649157,2.75851317
3220,30.0242528,-28.5184511,3.33121422
3221,-34.6664138,-8.98781356,1.05180595
3222,-10.4361635,16.3970083,-36.3035827
3223,-50.7406502,-13.7152145,-2.79841568
3224,-21.8741356,-0.259714364,25.3799825
3225,4.16987894,-5.00826909,17.4814503
3226,-34.9479441,-36.106249,-6.76837193
3227,-39.8120152,-26.5467004,-14.4154082
3228,-31.7822246,-18.2138212,-2.34675159
3229,-25.4197193,-7.86026249,11.6838823
3230,-17.2138317,-16.9347064,34.9745772
3231,-98.1364458,16.4043688,-11.0189118
3232,-92.471574,-20.6642861,75.035788
3233,-31.3221567,-23.3407539,-9.19086484
3234,-30.9329351,-20.3771142,-7.90721811
3235,-30.9916866,-18.8070779,-6.14638356
3236,-30.8699274,-19.7270542,-7.53441824
3237,-31.0621208,-19.1656035,-7.30088242
3238,-30.8770473,-19.3241729,-7.11503218
3239,-204.723207,-42.8626969,105.733301
3240,-49.5270576,-14.7223753,11.2521232
3241,-31.6562577,-18.3354683,-7.06675768
3242,-22.6520618,11.7228329,31.3516389
3243,-43.0031955,-22.5258825,-14.6794051
3244,-88.4472787,16.5225896,-2.92378138
3245,-18.9540427,-4.62766367,-6.2381505
3246,-115.427143,4.01600675,43.647326
3247,-41.8335288,-19.862738,-56.7970078
3248,-30.2980729,-35.3002668,-19.3799012
3249,-74.5344441,-29.5556032,-26.0671694
3250,-76.0935408,-85.1316824,70.7755505
3251,-42.3778376,-10.2727446,42.833267
3252,48.2370258,22.901298,-51.7943416
3253,-31.6477313,-19.4259645,49.5765014
3254,-17.6014051,7.85000015,-21.6036364
3255,-26.640996,11.3223937,-1.39786048
3256,-11.2522467,83.3040628,-41.4261487
3257,-20.7863738,-11.5569674,8.9686436
3258,-21.3618334,-14.8059565,14.6132578
3259,-19.9398651,15.8715302,0.495821336
3260,-7.90320879,27.6854297,13.3259634
3261,-94.1548935,-5.45070106,-42.1076346
3262,-54.789312,-33.253252,-69.5409454
3263,-50.8144457,-43.126098,-79.2703146
3264,-54.0052922,-42.1129798,-77.7706047
3265,-43.0763935,-48.67477,-81.7861814
3266,-43.8744964,-47.8345054,-81.6238595
3267,-43.7264003,-47.7750703,-81.4873143
3268,-34.7472943,-68.8064659,-73.8945007
3269,-40.0814921,-67.7922096,-76.6068042
3270,-38.6439303,-57.3535522,-81.2329087
3271,19.0139425,-43.7630024,-6.72652984
3272,30.2957825,-28.7087258,3.55274129
3273,24.0540814,-43.9737467,-8.1415062
3274,-64.2042405,56.8695132,-6.59121847
3275,114.999554,34.5345991,5.23079233
3276,-110.478005,7.66940764,-30.7288596
3277,-28.7333178,-17.1666625,16.9607276
3278,-25.6058664,-27.7424883,-25.2423962
3279,-26.28434,-25.7417922,-24.6382211
3280,-34.3189914,-31.5831048,-15.1585535
3281,-33.9383056,-33.4793572,-15.4366481
3282,-34.2650382,-33.5569976,-15.3118226
3283,-34.109858,-33.0130611,-15.2807664
3284,-93.1346852,-67.1621426,-21.7995905
3285,-133.969404,-43.6522175,-25.4304725
3286,-174.790021,-39.9897857,-57.9556238
3287,-152.139411,-58.6548759,-88.1607989
3288,-93.2928284,-62.9316496,-26.7202521
3289,-119.929734,-76.8645865,-60.8930425
3290,-109.589892,-45.8074187,-37.3455029
3291,-138.175091,-43.2357058,-66.9926051
3292,18.2620173,16.4977979,-37.743476
3293,-2.20745744,6.03745117,-25.7906947
3294,-103.802896,14.5591061,-14.541998
3295,13.5874661,-16.7641494,-15.6995328
3296,-100.658738,87.1242754,34.8597487
3297,40.7402257,-17.7625737,16.4094955
3298,-30.7439823,-19.9967837,-61.7226378
3299,6.05480388,-37.8732397,-88.9908962
3300,-103.779567,2.68345143,-35.929678
3301,-23.791172,30.2905434,10.6928535
3302,-28.9566505,-11.1653992,-45.8144778
3303,-35.8838033,18.2100242,26.8946024
3304,-14.7942603,3.10105747,-19.280335
3305,-8.06891406,29.5167378,15.2966258
3306,35.4989144,-7.22915129,28.3552107
3307,62.2435221,73.1793427,-98.8447581
3308,-34.7228876,29.8459854,24.9880164
3309,42.4771273,6.3836588,9.86230917
3310,-117.695985,30.6421494,41.4554487
3311,-436.499938,-93.3784032,-758.258922
3312,-146.701017,-66.1976908,-300.765456
3313,29.0186809,34.0970385,-80.6529292
3314,-40.619592,35.7008785,-41.6614
3315,94.1052469,37.7933201,-50.8223167
3316,121.034934,-52.8213148,-121.556845
3317,-10.508728,47.359811,61.4899663
3318,-4.81442041,31.5645565,-0.911945126
3319,-57.9193337,27.3862225,-76.8432079
3320,-11.2009803,25.7225689,-14.8041102
3321,11.8185389,25.4513185,97.9132315
3322,63.2012735,48.6291505,141.311285
3323,2.21028385,31.1040019,-1.54320855
3324,28.0358561,9.78963797,-38.0935417
3325,49.7623475,-22.6459628,-65.1711407
3326,-63.2917095,30.4318875,-75.9169236
3327,4.04767705,42.0137606,4.98059854
3328,-110.290225,-16.4427963,1.12408901
3329,-19.4288484,65.6746644,108.190917
3330,-2.89426192,6.69994346,-17.404937
3331,28.2093614,8.99540822,-38.1458613
3332,10.549918,-7.13977602,-13.0292489
3333,-14.1495662,35.7252473,3.36965671
3334,-112.433434,183.607768,110.218023
3335,3.32538077,5.5638306,-22.9825267
3336,111.612099,71.5355263,-129.186173
3337,5.12878869,9.19733004,-26.4918268
3338,-12.170643,12.9392323,-6.58949854
3339,18.9335873,120.133288,44.3717272
3340,86.6690426,35.5432645,59.0755294
3341,15.2317887,0.686022727,0.372734067
3342,77.7583017,21.2448215,-76.6053419
3343,-6.77144861,85.2013445,-52.3947753
3344,-14.6733964,39.6554531,-31.1598847
3345,-2.88925828,10.4729864,-7.67530412
3346,-59.4524115,24.0571933,-71.0705243
3347,-10.1846674,34.9568636,3.6347107
3348,10.7759154,18.1516554,-13.6727785
3349,-23.9356643,30.4682846,10.0626228
3350,-0.116664179,19.7879074,3.58433062
3351,-12.3757874,87.4620759,2.47524564
3352,-47.7839433,24.1723285,3.63175341
3353,-27.4624551,109.160394,16.0004747
3354,-21.0562767,-3.15766433,-32.1488673
3355,-3.42038937,6.48695802,0.073104663
3356,198.739909,179.920264,39.732345
3357,22.9035904,39.7295371,11.4469529
3358,4.92398977,22.7240172,2.35620102
3359,-24.2384787,49.8021189,-17.6562418
3360,-0.00268757884,19.9882467,3.35719023
3361,170.28416,52.9375917,-4.71553759
3362,-7.92348856,29.8906498,15.1797852
3363,-28.0528023,75.9441352,-45.1153203
3364,-57.5181396,70.7566535,34.9904761
3365,-7.5803355,21.1953858,11.8796066
3366,-7.31085533,30.2679457,15.6959727
3367,-2.06332352,-4.8237728,-29.5236944
3368,-42.2820709,5.56833073,5.96866543
3369,-20.3056882,67.0119073,-26.8146648
3370,-9.55485504,32.8383769,5.75722332
3371,-58.5847954,77.8986883,-49.4244891
3372,-49.9044419,18.3317798,-52.6633481
3373,-17.3317305,7.20426485,2.32181718
3374,3.76057913,6.04566559,13.7505311
3375,17.6877299,48.2703116,8.84382994
3376,-76.6452046,34.1769193,-58.9984814
3377,-73.8945089,29.5517683,-65.0472406
3378,-31.8543442,-0.373208813,4.96523122
3379,-3.1075386,-10.4202096,-27.9414457
3380,-9.84313774,21.1149864,-34.134766
3381,2.66063761,20.7468274,-5.1956001
3382,2.95365455,44.4522016,-32.281014
3383,37.4412605,-69.4728873,-90.1770611
3384,12.4736848,5.75777144,-9.83210326
3385,-37.0170775,30.3112312,26.6954508
3386,20.9650712,28.2347617,1.58734743
3387,0.302522736,30.3460664,27.5071769
3388,-16.7254277,44.0169021,22.5830184
3389,-11.6518663,17.5061366,6.7844363
3390,2.67524307,13.5379486,0.315043639
3391,10.8058055,0.751798204,17.7594918
3392,-10.1714652,3.24663304,17.9275282
3393,-35.2167015,-1.39831294,1.40798769
3394,-11.8943501,9.94053617,5.30760773
3395,-15.5266399,26.325636,0.339819886
3396,-16.5300402,11.7294776,11.9646715
3397,4.25420217,5.67599151,-24.9828709
3398,-7.87317042,18.0654365,-5.69641612
3399,-40.0733217,5.83950985,-1.0433925
3400,-13.1394085,20.976883,25.2561927
3401,4.01626503,16.5239714,2.47313925
3402,-11.2558606,41.3832572,-29.7913331
3403,-15.2815772,22.1240158,-25.5126951
3404,-73.7293027,116.047163,88.9269665
3405,-35.9980853,2.2056484,-0.262838889
3406,-25.3871142,29.5416054,-15.9732174
3407,-42.9702125,22.6847841,-55.5541918
3408,-12.1407697,33.6879851,-34.0990766
3409,4.15177259,27.8980836,10.497482
3410,-21.6637532,30.2393736,-15.1379136
3411,-20.112299,-8.03382988,-17.4720473
3412,-2.28995067,32.2183168,-21.0571561
3413,-18.4303407,40.6207466,-24.7448094
3414,-23.7984753,19.0978363,-4.29056421
3415,-3.7467746,5.37061533,-12.1108557
3416,-25.2487592,29.5410051,-15.9690479
3417,-12.2292507,12.9142447,-6.63071636
3418,-298.904605,-341.306531,-103.653312
3419,9.11332481,23.8199841,-6.84549053
3420,-41.3970239,-6.69597647,0.425448304
3421,-10.3187725,11.2139163,-8.65986321
3422,23.9509427,33.4243028,9.05790993
3423,-21.5513231,30.3608629,-16.5333993
3424,-21.8490293,30.1350314,-16.3587552
3425,-14.4613522,7.93837265,-4.62097388
3426,-20.2318601,27.7408137,-18.1920696
3427,-39.60883,43.0261932,-1.29553601
3428,4.24541892,16.0200407,-18.3714827
3429,5.83462741,10.7148363,-18.56096
3430,1.4477691,23.0215138,5.16129405
3431,-19.9922091,10.9470821,-27.6889239
3432,-13.5931957,10.4756146,-32.3415411
3433,-9.11566706,39.7267866,-21.3529824
3434,-2.61964692,33.4950589,-23.837816
3435,-29.2518363,1.85095148,-3.56301563
3436,-6.77635827,26.6505298,-4.45647475
3437,-7.20878306,8.21476775,-7.79671742
3438,-27.5143555,6.76107983,8.31966006
3439,-4.1729978,10.9041455,-1.07901874
3440,-21.3708916,-3.50629655,9.13075568
3441,-8.92363551,9.21434989,-8.46515984
3442,-44.2043606,-1.26588439,-16.4448548
3443,-30.8714451,-0.961559609,5.0265342
3444,-29.4625753,12.7303889,-6.23791431
3445,-8.28853861,11.1677273,-6.30128676
3446,-16.0790894,17.2461317,-10.6702618
3447,14.6640499,16.2135495,-27.8083883
3448,-27.9510479,18.0553244,-10.7951286
3449,-5.61108588,14.3990172,6.27629733
3450,-21.151035,-10.5685384,-19.0536459
3451,4.30055273,10.9056157,-27.5054086
3452,-21.8019009,3.57721188,-3.59199444
3453,-31.9260091,3.05828793,4.86499903
3454,-21.4733001,29.9401395,-16.5622254
3455,-15.4353882,25.5297802,-19.9153574
3456,-19.535092,18.080164,-9.58650578
3457,-16.1080048,-2.5843231,-7.03095787
3458,-27.1525361,27.974968,-13.2797244
3459,-21.3573628,16.2328178,1.10856743
3460,-14.2818631,8.12161627,-5.21723676
3461,11.8251862,26.704767,3.47188908
3462,-2.17561737,32.0445983,-20.9711503
3463,-76.4377056,14.2354184,-29.5498295
3464,-2.52029626,13.7415108,16.6624139
3465,56.6838682,65.6940139,31.0545688
3466,-31.8219141,-5.99792061,4.7384464
3467,-6.10037467,21.8361494,-15.7048843
3468,4.37887243,20.9768148,-7.46583691
3469,-17.694225,9.4507088,-2.45240625
3470,-15.9244526,12.5065201,-1.22437
3471,-6.46290025,27.9859578,-16.2848821
3472,15.1141228,16.4406891,-1.98071303
3473,20.8591392,16.0010003,-7.52739235
3474,-5.34508164,18.493205,-12.1332585
3475,4.9159799,22.2541861,4.68427803
3476,-10.5168197,8.63398836,-3.60153203
3477,-8.21623203,16.0721,-2.61384175
3478,1.34076879,10.5474022,-12.3004364
3479,-10.1786441,14.1368239,3.90347738
3480,-1.98224828,16.8506199,-4.43505514
3481,-5.83664392,31.4900797,-1.54891536
3482,-7.36943115,28.5236452,-3.89339007
3483,80.6156074,12.6237241,-46.8092955
3484,13.7776095,16.5771302,-9.34249438
3485,12.897933,14.3962188,-1.65056488
3486,10.5298624,33.7416236,-1.58079504
3487,-16.9642663,34.2557664,2.51583914
3488,-4.80255957,8.61209684,19.9864309
3489,-12.2526203,19.1362196,-11.3452429
3490,-5.72291915,6.40524495,-3.02005154
3491,-15.913713,16.0780356,5.99465524
3492,-8.01763153,15.7502701,-3.90063524
3493,-10.8484118,4.50185826,-4.93912488
3494,-9.8750189,8.8573892,4.10570179
3495,-3.07975828,11.7463476,-1.02416926
3496,-1.70871265,-6.32921663,5.77239025
3497,-13.6635893,4.25928639,-1.67068892
3498,-11.6053784,7.91750484,7.70013191
3499,-13.6386946,5.74236802,-0.502027717
3500,4.59734912,22.1654127,3.20723252
3501,-2.38751483,17.8624193,-1.31063704
3502,19.481516,17.4231191,-7.404675
3503,14.1960453,3.85139577,-1.84098793
3504,-4.40940028,6.46552931,-5.21651553
3505,22.3176493,16.8019448,-12.3393875
3506,19.6391494,-6.35243567,15.8448582
3507,3.90998158,21.7287447,-0.169745466
3508,-8.37541161,20.2078955,4.65909014
3509,-32.8378405,5.75487788,5.02652365
3510,90.6553947,0.445907129,64.3829974
3511,-3.37282646,9.08497247,8.36138942
3512,-5.17708839,18.5360833,0.487642636
3513,-7.2486872,26.7633237,-4.48057328
3514,-31.9414606,-4.03676827,5.6721373
3515,-7.31674854,10.8575824,-4.66327909
3516,-23.0312609,4.40890993,5.73878353
3517,-3.96061849,16.394612,-12.0308155
3518,-16.2501355,11.4124003,-7.69833824
3519,-7.6177466,9.02064776,-1.61712698
3520,-11.5254851,12.1330162,1.42207448
3521,-8.16335404,15.5091282,-4.32804317
3522,-5.36436886,21.579207,0.300529665
3523,-7.87461494,11.4766899,3.53626714
3524,-7.97910912,15.8600849,-3.88043003
3525,-4.07441922,17.9292906,-11.6888663
3526,-6.88030459,18.1624284,-6.47570317
3527,-1.4022099,15.6059858,-8.79315956
3528,-4.61947721,18.7721527,-10.607933
3529,-2.76804287,12.1162983,-0.0648447908
3530,-20.9423408,46.2065082,54.7434665
3531,6.61029216,16.395361,9.58466541
3532,-7.710062,11.1656179,6.4563445
3533,6.64083731,9.47467568,4.78900886
3534,30.2638002,12.6384137,9.20890817
3535,6.15485959,15.5954545,9.88413119
3536,-4.01379394,13.008104,10.5891409
3537,-30.3704541,7.41098928,15.1100173
3538,-18.8468447,4.97765157,15.9406049
3539,-10.7856262,22.6085997,-3.69764297
3540,-15.8131865,23.0490104,2.83137714
3541,12.5633827,5.82784318,30.0624981
3542,-9.18685277,18.349548,-7.16601068
3543,-3.8007814,13.6700144,12.6553923
3544,-9.14782886,18.8037815,7.48558138
3545,-17.3636976,10.7069468,6.60294316
3546,-30.5284234,-7.60200245,-8.26631724
3547,-13.5652483,20.2545324,3.69427351
3548,-21.3105679,-21.6064085,50.4770087
3549,-3.5907787,10.3552771,4.59607518
3550,11.9813785,7.3686476,2.03592012
3551,0.207144055,9.20146463,2.70582702
3552,-2.2495794,13.2832585,4.46348963
3553,-5.12937909,18.1746756,2.2726943
3554,3.68497853,15.40551,16.5818815
3555,4.79423235,22.2060203,2.99081546
3556,1.23887988,10.0592361,2.58822031
3557,-11.2991523,13.4899643,1.94717057
3558,-9.09735405,19.336717,7.46903246
3559,-20.5200007,17.2019131,12.3954695
3560,-5.67405788,9.84590302,7.58960921
3561,-19.0457656,6.12379797,18.4429639
3562,-10.0839425,12.0231572,7.06938582
3563,-5.30672612,6.98140475,3.18604153
3564,-13.953317,7.54224662,12.2841813
3565,1.14030507,-4.39486259,13.0275941
3566,5.39410673,9.25268955,0.249618428
3567,-1.28732759,4.94518866,0.570703709
3568,-11.045587,8.97610118,4.48285306
3569,-11.6751566,8.24475454,3.17085759
3570,-5.68815909,17.0973456,2.59761235
3571,3.14290183,3.78042851,-1.08413809
3572,-11.8339553,14.1428767,2.77943534
3573,-5.33453398,21.6509503,2.66687224
3574,-16.8605453,15.8488997,28.2560692
3575,-9.22538331,18.1446077,8.29991193
3576,-8.62285376,73.8652265,53.8768264
3577,-6.78672313,21.7597084,3.9038777
3578,-13.9871396,22.8846276,6.46983614
3579,36.7218154,144.563097,6.75868267
3580,-8.00666657,28.1807472,-4.09555283
3581,-10.4822038,17.4939192,9.17370952
3582,-10.539446,17.4621033,9.16485598
3583,-3.41226094,7.98112753,17.5524739
3584,-10.7298748,19.1848117,-1.35607638
3585,1.50930403,28.6873989,34.0944898
3586,-13.4846697,6.7160911,12.5265061
3587,-44.3775291,-47.7092296,44.8804225
3588,-11.0657202,25.9990805,19.2418358
3589,-15.8978689,10.0198613,0.932655774
3590,-8.65654599,11.5768561,22.3111534
3591,-7.87551717,16.6218528,-4.76556326
3592,-15.976779,10.6613896,0.540998437
3593,-26.5301836,6.39157288,1.4474639
3594,4.56460681,22.1723335,3.22952852
3595,-14.2273397,6.31487879,12.83131
3596,-28.107323,-6.7782622,36.5907991
3597,-16.6693708,15.3986932,-0.106171341
3598,-16.1810857,16.5752239,-1.01055008
3599,-6.85752432,17.7310843,4.18750029
3600,-9.0836605,24.5344292,-3.32703178
3601,-10.8338638,17.5687771,9.37217862
3602,-9.25490545,18.6204872,7.88173114
3603,-6.96984289,17.7384584,4.23350124
3604,-8.66789715,18.044163,7.29412018
3605,3.73639954,20.5846994,3.79541962
3606,-5.18137531,15.4437362,18.4512295
3607,-11.6107699,17.8330934,9.76792264
3608,-15.8155803,12.1342906,13.8453144
3609,-5.28187758,20.939575,3.325055
3610,-5.29337515,20.9372679,3.33799738
3611,-8.38652076,20.1094142,4.66990327
3612,-7.83421274,23.5286338,14.0223
3613,-28.057506,-7.51516498,-0.698216843
3614,-11.844946,17.4154281,2.82151141
3615,-11.3723683,18.6944746,3.38700723
3616,-13.8724649,9.79704001,6.10389985
3617,-3.53102593,22.8246371,13.0040117
3618,-7.79700368,49.7361196,25.7460591
3619,-18.9617801,-0.379246776,5.11458578
3620,-16.1858947,12.0051571,4.82097731
3621,-12.0148026,16.9021281,3.07811235
3622,-11.4827242,18.2237951,4.73121135
3623,3.80053808,8.85286575,0.388802348
3624,-10.4223995,20.2984937,2.0713501
3625,-5.18005933,1.62320102,-5.64237535
3626,9.10810636,2.50720035,-16.2579972
3627,-13.2553328,13.2835757,-1.99190972
3628,-14.2602026,7.98416105,-4.51687989
3629,-14.1361852,17.9414593,0.987072494
3630,-17.0288071,19.6974166,-1.7799036
3631,-14.5827845,13.5315778,-2.53791643
3632,-17.7955689,13.8178951,-8.08672925
3633,-20.8871062,19.2379095,-0.756840353
3634,-31.3802692,22.3132089,-11.5156074
3635,-7.36682039,10.8409379,-19.4610721
3636,-12.1671637,17.6014425,2.18267501
3637,-10.5690671,16.1951679,14.243257
3638,-13.7284223,-11.1690127,-40.7434433
3639,9.12892762,-5.93152792,-1.67558217
3640,-46.1055648,6.8980664,20.3569532
3641,-6.81738475,1.25064829,-15.5945959
3642,-39.7060124,22.8785231,-55.6595201
3643,-17.3879086,17.4543338,4.41806021
3644,-11.179061,14.6171155,14.1781806
3645,-52.6231927,23.3262602,10.1858478
3646,-14.1571916,5.94215255,12.6041891
3647,-15.5637888,16.1768491,5.90818842
3648,-18.7741699,29.1917662,17.3731859
3649,-10.2961395,19.3111642,-1.82742992
3650,-6.64153559,21.7747099,-0.660773392
3651,-12.3269822,17.5234749,2.38103486
3652,-12.9814342,17.5323242,2.27512673
3653,-14.4043792,16.5146179,2.72492686
3654,-20.535235,0.898179286,6.29413818
3655,-12.5557415,16.9846521,2.61273535
3656,-7.41485192,9.19813615,-0.863049456
3657,-11.1188598,29.3075597,-9.3757631
3658,-14.8050846,17.7970321,-0.170810247
3659,-14.5743506,18.291989,-0.0481380478
3660,-15.0806355,18.8052988,-0.749786598
3661,-15.426428,17.3657822,-0.74495707
3662,-19.3466759,0.20444607,1.15012619
3663,-11.7645844,15.1311759,3.61819196
3664,-20.6749246,-0.526121641,1.41148378
3665,-15.2100253,13.4490939,-2.50414438
3666,-21.4155401,-3.71986568,9.09103031
3667,-6.32591218,13.6557834,-21.1103633
3668,-15.5032487,19.3052155,-1.00923397
3669,-11.3741591,38.3790064,20.8707151
3670,-16.738531,-2.74705261,-7.39606121
3671,-29.2709267,31.5763187,-9.29588712
3672,-9.37341481,4.31746681,-7.45923212
3673,-38.2274873,24.0477598,1.63876496
3674,-12.9792055,1.5534709,-11.8298255
3675,-17.2877593,8.76461496,-7.51040178
3676,-8.85743845,20.8444336,-2.93188338
3677,-17.3120231,8.65740991,3.28233039
3678,-27.000113,-4.15689555,-34.9579045
3679,-8.34296818,19.1226587,-4.56340447
3680,-19.5799394,18.3719044,-9.37245875
3681,-12.9023227,20.7918212,-10.0460929
3682,-20.8904445,19.4985464,-0.475600644
3683,-14.132834,17.9197983,1.00678975
3684,-11.6506622,11.7286823,-3.06698508
3685,-15.6207458,12.9067044,-1.76838043
3686,-16.8704268,2.97259251,3.60183631
3687,-13.521589,5.6875831,-0.641283254
3688,-14.077187,31.0693539,-0.68087347
3689,-9.50678856,17.4970136,-1.29068993
3690,-15.0518286,13.0074496,8.11163308
3691,-8.74413767,17.8044501,-2.17765814
3692,-8.57295098,17.3839223,-2.04277173
3693,9.1573939,-3.40606927,-7.12743409
3694,-12.2070555,12.9393646,-6.55516214
3695,-13.4830343,19.7915471,-2.14551437
3696,-12.7800266,18.0267618,-3.29280586
3697,-25.8867463,5.66056628,-13.1763739
3698,-3.27802295,6.01782118,-11.2020123
3699,-77.5198595,16.1459399,29.4919205
3700,-26.5544908,5.71551766,-13.6031611
3701,-12.2466555,21.5977222,-10.5547721
3702,-8.14120588,26.0341846,-7.5332624
3703,-27.2195478,16.3777962,9.0034409
3704,-21.5493855,17.7369688,4.46618047
3705,-34.5176424,36.7060847,-2.69755874
3706,-12.0068897,26.5040801,-11.9718925
3707,-12.1164993,26.5572221,-11.9370073
3708,-11.1497271,28.591805,-10.4908914
3709,-10.84572,27.7115659,-11.1010785
3710,-21.3278408,7.95138228,-1.28852435
3711,-22.1290012,24.0572441,22.2587348
3712,-10.9110272,3.15509337,-3.28780445
3713,-10.6258629,5.66110086,-5.5927023
3714,-30.5435445,9.97068914,-26.8731224
3715,-22.4124253,27.7310917,-32.3943551
3716,-74.8220845,27.6637948,-55.7050625
3717,-33.7496543,-7.72626624,0.31192355
3718,-8.16539033,16.0423017,-2.58300557
3719,-10.0926023,10.0260059,22.2705343
3720,-11.9648832,23.7457339,11.3020741
3721,-14.155433,6.96864961,-10.6061278
3722,-24.209762,30.3886722,5.64720813
3723,-12.2160148,-3.42158214,0.830933174
3724,-17.912614,-2.97316596,-7.45884615
3725,-39.4027032,22.9007677,-55.70228
3726,-16.8766141,-2.7465534,-7.47230744
3727,-4.20183259,4.09242752,23.8050983
3728,-29.1774167,11.9756817,-1.93241398
3729,-27.195814,26.5986298,-12.118328
3730,-16.9567554,25.175052,1.88794316
3731,-33.7767176,3.30141623,13.9204792
3732,-18.2844645,18.8555857,-3.1722693
3733,-18.6324219,18.9925329,-1.90662598
3734,-17.9325922,19.0389602,-2.13184422
3735,-17.3296791,22.4258957,-8.50020815
3736,-16.131332,20.3698742,-1.66063364
3737,-16.4985174,33.4762685,1.76981245
3738,-6.59773325,23.8457504,22.0728801
3739,-15.2883305,29.3979206,0.738812287
3740,-14.5249123,23.7887516,-2.3673285
3741,-17.0827513,20.1936337,-8.42964717
3742,-16.7408872,20.6822374,-8.29832907
3743,-14.9981279,21.3283916,-2.86462165
3744,-14.5022035,22.2252261,-3.1597906
3745,-14.8718636,29.1926634,-0.145647735
3746,-15.1078318,30.2237079,-0.048861027
3747,-26.0776917,7.57508148,6.29811883
3748,-23.1350003,4.83585494,3.3699857
3749,-26.0339676,11.3667636,-2.52073984
3750,-5.50119481,0.542600653,25.8632229
3751,-14.5048311,-0.051155,-2.99180025
3752,-23.8843462,-3.89678152,7.14662316
3753,-12.0920686,-2.82835609,7.13241615
3754,2.23505687,4.66998616,13.6136927
3755,-13.7533713,12.9087777,-9.9677945
3756,-27.6093657,-3.6816631,7.58658218
3757,-36.3762819,3.03265966,-1.12026546
3758,-20.9812693,9.04166796,2.47126778
3759,-25.57654,-0.537841117,-2.89993214
3760,-21.9533732,6.9500464,-9.37044556
3761,-19.9566669,-1.13410416,9.1366981
3762,-34.1124861,16.54117,43.9200622
3763,-18.6312642,13.3423388,3.01134118
3764,-11.724878,9.51118161,-0.621798408
3765,-13.4946838,5.59332734,-0.738748113
3766,-47.5868075,1.86624062,7.79854088
3767,-83.0174991,-1.36934473,-46.2648927
3768,-36.0598104,2.18313864,-0.449197081
3769,-36.3276468,2.85998208,-0.213998141
3770,-40.3076239,6.59226275,3.96593344
3771,-63.0260214,-1.66367981,-18.8051021
3772,-44.8381336,15.9590728,24.8910983
3773,-72.1609996,4.84081353,18.7843955
3774,-81.5406988,28.960881,39.5429864
3775,-10.7019112,0.652307549,-0.892087347
3776,-30.8815178,10.8520414,11.6340708
3777,-22.0341569,-1.48822915,2.39124643
3778,-14.3631646,-0.305625136,-2.25684704
3779,-118.215881,26.0763623,-35.7527542
3780,-70.6120744,-69.2294847,-6.30417883
3781,-31.6466718,-4.7301455,5.78962216
3782,-29.9971479,-16.8425634,13.8915314
3783,17.4198612,-30.9900831,8.39574586
3784,-74.2488605,23.4472837,32.206204
3785,-30.4131471,1.80533427,4.96917242
3786,-23.6048993,9.58959431,-4.0278422
3787,-13.849475,-9.21531098,23.6710582
3788,-20.8873488,-3.21865684,10.150053
3789,-23.0135572,-1.79212586,6.80987403
3790,-27.3947072,-26.9338017,12.7672781
3791,-14.0848444,-0.195687617,-2.37443102
3792,-35.4579962,-9.17443982,23.6410446
3793,-21.4507047,-0.99043843,3.78858037
3794,-19.8901328,10.0243174,-3.45709815
3795,-23.9249786,11.0692952,5.92104813
3796,-24.4322164,0.203393329,-1.73949952
3797,-21.7113005,-1.1018044,1.94960782
3798,-21.9779636,-1.25318174,2.28036727
3799,-9.66216157,14.433337,-1.46309908
3800,-20.0357563,10.4681568,3.74066968
3801,-17.3522941,5.83075373,6.25866034
3802,-24.5253506,13.9002687,3.77431056
3803,-21.2866436,9.01020552,2.202415
3804,-20.6613995,9.2672407,2.60662487
3805,-22.8662436,4.82290006,2.66133312
3806,-13.0652774,4.65649193,7.33899756
3807,-15.6604203,9.28593543,9.89045702
3808,-10.5248545,2.11275575,17.4203739
3809,-12.3568415,2.97727217,-1.35635725
3810,-21.544496,15.646674,1.35286109
3811,-21.3984503,7.79320967,-1.28700209
3812,-20.2095799,3.86350564,-0.324504554
3813,-25.7023529,11.786116,-0.132302756
3814,-23.0426276,14.4862177,0.423505534
3815,-20.2917454,13.2127014,-0.0348732129
3816,-18.8440317,13.7064817,0.978020376
3817,-20.2867217,14.7660225,0.953543511
3818,-25.4182477,11.6738666,-1.66842095
3819,-24.1495862,10.9153245,-1.98869673
3820,-18.6027093,13.4890671,1.37444766
3821,-23.9761087,10.9055213,6.43114665
3822,-16.7601352,12.2862823,0.062919135
3823,-16.8227885,12.587666,0.314191858
3824,-17.9139062,9.88156887,-2.98403131
3825,-17.6304422,10.2532807,-6.21750106
3826,-20.4829106,6.18083366,-9.14827521
3827,-19.7813979,6.97574379,3.8691205
3828,-20.6488614,8.70609225,2.32290346
3829,-17.9553381,2.90444667,-3.75583728
3830,-13.2075842,10.1341986,23.490092
3831,-17.539786,7.43873279,2.60387774
3832,5.73561741,1.4299812,4.92165644
3833,-23.2186287,9.60381596,-3.49093952
3834,-23.4898007,9.75655776,-3.29588997
3835,-22.0408738,8.51510931,-2.05048387
3836,-18.771681,0.0437750329,1.31699423
3837,-16.1875284,-3.70674061,-5.49495208
3838,-23.4794958,0.283465979,1.2053549
3839,-22.5124128,-0.0583836402,-4.64247592
3840,-14.2910404,-0.502557001,-1.93650214
3841,-14.3449994,2.39884306,-1.05897418
3842,-26.3908619,-5.9357014,-11.8251474
3843,-94.455983,95.0033767,-41.191558
3844,-23.3725384,0.369752566,0.831338406
3845,-5.88541765,4.21172754,2.49110487
3846,-102.903489,60.2172636,45.3446006
3847,-18.2203929,-0.051155,-2.39155909
3848,-27.4698347,-6.56922362,-10.0872008
3849,-23.1698577,-1.09953234,-4.50427749
3850,-30.7852994,-3.39662114,-10.9547538
3851,-10.7879882,0.889443833,-0.963661975
3852,-14.7636567,0.434593616,6.24823468
3853,-30.8654979,-3.09965685,-10.9834496
3854,-17.7651864,-0.051155,-7.24037289
3855,-19.3972479,7.90341105,6.82912154
3856,-9.90970953,10.7039273,-7.68901472
3857,-12.1308775,3.5228914,-3.27067564
3858,1.02470884,7.87048567,7.42943263
3859,-18.0144967,-0.48855447,-6.95762447
3860,-17.7678838,2.30034091,-3.82418454
3861,-23.5045219,-5.38438226,-11.6016173
3862,-24.650921,-1.86088756,1.68093461
3863,-25.3527578,-2.50918556,1.33613416
3864,-126.599265,98.2466372,-23.2040107
3865,-48.8996764,26.4314965,-5.48239888
3866,-33.7817269,6.64418226,-18.7311492
3867,-17.7549546,10.3766086,-7.209739
3868,-17.5276807,0.300127172,-7.51934279
3869,-27.4859903,-2.48808304,-7.03675855
3870,-87.9503854,16.856959,38.5669079
3871,-24.075096,-0.546192194,-4.40299821
3872,-15.841933,9.69287624,6.12649806
3873,-24.1548825,0.994358863,-1.06554152
3874,-18.0703482,-2.64121843,-3.95841561
3875,-23.1611961,0.853192188,-4.59295936
3876,-14.2581626,16.2909039,3.11206051
3877,-23.7232515,-6.16124409,-8.48596411
3878,-22.3415417,-5.50829539,-10.0368251
3879,-17.0371807,0.449011978,-7.23307155
3880,-12.7133832,-3.97191366,2.22849103
3881,-14.5724955,-0.204188224,-2.33355527
3882,-18.620802,-1.07685102,-2.12553535
3883,-13.1804797,1.39987318,-0.822868397
3884,-7.95019739,0.546527183,2.1139822
3885,-17.1027836,13.1415957,0.764239618
3886,-5.06682657,14.9877065,18.7349639
3887,-20.6514443,-4.84162447,-6.43544275
3888,-20.4777493,-4.92446492,-6.53685592
3889,-20.6287893,-4.98686511,-6.5363664
3890,-19.2682872,-4.39812514,-7.04296605
3891,-19.3257077,-4.39252915,-7.59491301
3892,-18.2288061,-3.39041244,-7.37724222
3893,16.8123052,17.2240718,-37.0928404
3894,-16.2737236,8.33102972,1.09382223
3895,-0.891275838,17.9352304,-25.8841978
3896,-14.3449586,0.493210976,-6.15918034
3897,-16.6983501,-2.76652537,-7.54926005
3898,-13.7327761,16.4615459,3.19866746
3899,-18.3338663,0.0034843742,1.31553961
3900,-10.7129335,2.472162,-0.383301411
3901,-17.3502432,-0.180675677,-0.951744669
3902,-18.959032,0.766666921,0.415941066
3903,-10.3656424,-3.20803523,-2.17709084
3904,-14.7713541,-0.17432319,-2.28576726
3905,-5.76641526,-4.36418642,-5.09654888
3906,-13.8948362,1.01772222,-5.68013748
3907,-15.9256801,-2.16932002,8.47899795
3908,-16.9794729,-3.51180521,0.340499087
3909,-4.10282451,5.63947038,-4.57439232
3910,-16.9542181,-3.73034689,0.68880819
3911,-12.9604291,-3.41069479,-3.98109952
3912,-8.36178667,7.82928462,0.0839495604
3913,-15.5212579,-0.255395704,1.30622831
3914,-19.3395144,-0.390323538,0.803421767
3915,-18.2381296,1.29403827,-3.02557622
3916,-4.27743362,0.770943788,0.909798305
3917,-18.7616553,-0.567519367,-0.267864183
3918,-16.2914738,-3.90611718,0.987951941
3919,-18.214465,-0.515619815,-2.17275033
3920,-11.9020138,-2.62325993,8.3222145
3921,-5.43706262,1.43433088,-6.12673212
3922,-4.53463826,3.88678081,-0.392021497
3923,-15.200899,2.91015266,-0.327923514
3924,-12.1509654,-0.324189796,0.0764935354
3925,-5.64665805,2.83169072,-3.32897764
3926,-12.0606013,8.80592536,-2.35648856
3927,-13.358282,4.04240372,9.55572363
3928,-14.3019767,4.85439797,-4.37318601
3929,-18.4157159,-0.185495747,-0.558633289
3930,-10.7196428,-2.85205059,-3.66323022
3931,-12.0258145,14.4101025,2.84272165
3932,-18.0771533,-0.051155,-2.03893101
3933,-18.0592301,-0.201091402,-1.92888354
3934,-2.96520053,10.327384,4.93516262
3935,-7.09048869,16.8699751,-0.92255185
3936,-18.805444,0.0461350537,1.29885299
3937,-19.2801826,0.0792159465,1.04372524
3938,-19.3450628,0.20141115,1.14754675
3939,-14.8085749,3.53480888,-1.51410617
3940,-14.1041169,12.7625789,-9.15273
3941,-14.1728662,-2.52856099,-3.1842669
3942,-18.3958149,7.48963773,-0.298127534
3943,-12.8235549,-3.47072474,-3.88822904
3944,-14.6504645,-3.5582228,-4.90601497
3945,-15.2314606,-3.29277991,-5.18142395
3946,-9.38127301,-7.64996558,8.50926124
3947,-6.11332531,-1.31472337,0.290247417
3948,-13.9140492,-2.46519429,-1.2333238
3949,-11.6516711,-3.7924148,-1.66549426
3950,-12.0658028,-3.80787793,-2.04445273
3951,-13.5111027,-3.17852461,-1.77740901
3952,-13.8274925,-3.68804114,-4.88037784
3953,-12.6560545,-2.43107817,-6.97845255
3954,-15.265105,-2.42727602,-6.45602733
3955,-15.0742906,-2.81560334,-4.4490577
3956,-4.87092308,2.04345722,-3.87416339
3957,-17.5390281,7.44830247,2.59341408
3958,-13.6103776,-2.91039968,-1.23589575
3959,-12.4017744,-3.23449392,-0.988855475
3960,-13.7122236,-2.68139137,-0.88352051
3961,-13.6619093,-2.77137559,-0.955487736
3962,-12.9582607,-2.82022614,-0.486720422
3963,-12.9717743,-2.73358311,-0.242742612
3964,-12.4445564,4.72609924,10.1040762
3965,-11.7139223,0.594907414,-6.88529902
3966,-15.1185477,1.18589156,-6.89088489
3967,-76.8172691,33.9793517,-57.5888425
3968,-14.884801,-0.051155,-6.09499851
3969,-13.7512334,7.72579046,-3.50549891
3970,-14.7188885,8.84021711,6.97397325
3971,-5.15280086,10.3376317,6.59158857
3972,-15.1511808,-1.66366113,-6.40774237
3973,-20.2487155,8.60186064,2.29628947
3974,-4.35038358,0.750048943,-26.6345535
3975,-11.2835149,6.2907522,-1.76614587
3976,-13.7370351,11.4487899,2.92142552
3977,-10.8539456,2.2696853,-0.585140487
3978,-19.806722,6.80778788,17.790331
3979,-6.95223275,16.6213459,3.85444987
3980,-27.0887272,4.46134456,-13.4865438
3981,-39.7121081,5.10490777,2.00424196
3982,-13.7210419,1.88712726,-11.9278542
3983,-12.0950192,-2.85086599,7.87541662
3984,-64.9643484,26.1819026,28.193321
3985,1.74436434,2.23162454,-19.7648314
3986,-14.8752947,0.00629121079,-6.08386306
3987,-8.32783013,6.98616597,14.5147629
3988,-14.6959354,0.524423864,8.93623194
3989,-8.05060267,10.4817257,7.11435817
3990,-7.92420344,12.7439075,0.257076976
3991,-1.82132975,2.28461149,-1.89765774
3992,-10.9267496,0.369303867,15.1260216
3993,1.98682002,5.13555728,4.18245781
3994,-17.5821439,4.0935973,-1.62141388
3995,-2.28014763,13.7606595,4.86641955
3996,-12.9417529,11.6036556,6.8728797
3997,-16.128597,7.89282152,0.0540897349
3998,-17.5520504,9.45025133,-2.8323658
3999,-16.563877,11.663649,-0.567694574
4000,-12.0905848,9.46852972,-1.87936388
4001,-14.5926029,0.605051995,-4.46827787
4002,-2.6575719,22.2628314,24.8721549
4003,-10.6777039,8.37554475,0.326027317
4004,-16.8912433,1.61222472,2.83671053
4005,-11.3733362,0.715604915,11.3815721
4006,-6.09504964,-0.570583839,-1.29288748
4007,-2.04345146,-2.14469427,1.08700396
4008,-14.4506126,8.29711903,1.72107902
4009,-5.97633032,4.22768702,2.25257632
4010,-12.5605443,1.74165423,7.7868349
4011,-18.1398939,-0.657300152,-10.3414256
4012,-13.577088,4.61692376,-5.10239122
4013,-13.566747,4.63648464,-5.14502215
4014,-13.22608,0.426852588,-6.5983595
4015,-13.1381688,-5.39045997,-13.6787875
4016,-9.110832,4.64976154,-7.99424401
4017,-4.94472894,14.0136719,3.21508815
4018,-11.8873852,11.9574994,-0.95585049
4019,-7.02064122,11.3651439,-0.477332785
4020,-9.36586184,14.0072065,3.63735661
4021,-7.12640407,7.19030365,3.71521205
4022,-2.72600451,11.5651841,-1.96194342
4023,-16.1928623,12.2244709,2.29197178
4024,19.8186163,9.38127015,-17.7275767
4025,-7.66560659,16.195016,-1.92037494
4026,-6.93963222,9.51649593,-1.27656298
4027,3.88551579,10.9823662,4.45829755
4028,-7.15462889,9.37606154,-1.18155423
4029,-17.4479137,14.0264413,5.79305256
4030,-17.727431,9.60117163,-2.63127025
4031,-11.2468632,12.2113085,0.906666778
4032,-9.08326481,15.3156046,-2.10827202
4033,-15.043403,12.7213351,-1.41765016
4034,-14.6771891,8.19923512,7.60810567
4035,-12.2002417,8.9398349,-2.70584097
4036,8.15864978,8.49825772,-2.52525143
4037,-21.0804907,18.4334051,-9.92812762
4038,-11.7821963,14.2792522,1.27579261
4039,-12.4530324,12.826201,-5.94452886
4040,-13.105975,13.1941746,-1.84061229
4041,-12.1134532,6.83486799,-1.28408404
4042,-12.6199102,8.74532518,-3.07500989
4043,-17.0238364,5.03167758,-19.73213
4044,-10.90139,8.01028204,-0.689756927
4045,-9.02269658,10.7473906,3.49363695
4046,-17.0089396,5.24060178,11.4521104
4047,-13.4952329,5.69714946,-0.726048025
4048,-14.2008995,7.52581281,-3.54308365
4049,-8.49599182,9.29985437,-0.411761928
4050,-16.3802489,-2.75329005,-7.7722559
4051,-7.26907883,17.920731,-26.8981777
4052,-14.3648938,11.4843882,5.14681343
4053,-12.1777566,10.0439174,5.62298024
4054,-15.8614503,10.7125505,1.10179977
4055,2.25542753,5.03072202,-5.68413717
4056,-13.7118963,6.67622794,2.01494583
4057,-4.89699963,14.8656761,3.74942623
4058,-18.5698892,12.8183317,22.8877874
4059,-16.7758431,4.88342552,11.3052601
4060,-25.0817469,11.5687177,28.6945061
4061,-15.0143581,10.9595657,-0.0943569776
4062,-11.9608324,10.0929886,-0.90240732
4063,-18.4677137,-0.0114340305,13.7387624
4064,-12.5668405,2.28357658,7.34874848
4065,-13.0139183,11.5979574,-0.646448519
4066,-11.9215836,10.2929572,-0.916770039
4067,-0.511412193,12.0638673,5.75110536
4068,-2.59771978,8.59371759,1.24977966
4069,-6.43528833,7.86529843,1.94086708
4070,4.95295639,-3.2044879,-7.61882124
4071,-12.1035231,14.5272569,2.80474492
4072,-20.9459853,2.69526585,7.36538185
4073,-50.8403066,43.1359382,-0.365402269
4074,-13.0548152,4.66955733,7.3285687
4075,-16.1081815,8.25850655,1.15048419
4076,-15.0282047,8.77919092,1.36474545
4077,-17.8875243,13.3426994,0.878812254
4078,-12.856674,14.0980699,5.56579267
4079,-13.5481644,11.2341175,3.02637573
4080,-12.5112644,16.2088433,3.22537311
4081,-4.71968401,5.33458738,1.24890354
4082,-16.3116089,11.0764218,-0.135374985
4083,-10.4105178,5.83972541,9.63703513
4084,-16.3913945,11.212076,-0.23446784
4085,-17.3392948,7.36498192,2.19429921
4086,-12.4772867,9.15454791,3.94809984
4087,-13.6942143,9.76871006,5.98905934
4088,-8.81249799,10.4993383,12.4999681
4089,-15.3268288,6.30595734,6.55182045
4090,-12.8653996,6.74831105,2.27269932
4091,-4.49421647,8.45922071,3.70397186
4092,-19.0665533,6.8602206,6.36491281
4093,-14.2901755,0.705578518,6.05123691
4094,-17.4966495,16.3473567,7.49959226
4095,-15.5011048,16.1671915,5.89584119
4096,-14.3980855,4.3029308,2.77584028
4097,-5.82135156,-4.95252013,30.9018392
4098,-7.96205396,16.3252323,3.48323704
4099,-6.39266964,3.00100743,14.2393548
4100,-1.88071834,4.33149455,1.85175376
4101,-18.2955355,10.7324099,7.0295977
4102,3.31374937,9.25352816,11.4074057
4103,-9.61082411,15.8563373,8.30167376
4104,-11.8390585,12.8072343,-1.67985097
4105,-8.77079884,13.6255783,9.54491619
4106,-10.0233856,13.6359871,4.11197798
4107,-17.5630086,7.22908229,4.87381518
4108,-16.2596152,-1.10544779,4.36974256
4109,1.66425803,4.4586893,-2.28607413
4110,-17.3935823,13.9393742,5.79006593
4111,-22.1470976,15.4469098,7.61416264
4112,-7.0906778,9.94859388,13.2802227
4113,-22.6241266,15.7644915,7.92591178
4114,-14.3161585,6.36924416,25.0478835
4115,-0.204426984,2.39496033,4.24724613
4116,-13.9849947,12.428119,5.99979865
4117,-15.1825783,2.7673645,19.2776086
4118,-16.9547668,5.6515671,17.565799
4119,-15.5069639,-0.172042586,1.31604763
4120,-16.3973801,11.0185006,-0.238481122
4121,-17.0600336,8.28940816,0.100728779
4122,-16.9033818,8.35475655,0.145137216
4123,-16.9589423,8.4145466,0.0367803951
4124,-12.2535308,8.62111924,3.35943795
4125,-15.4075109,18.2429697,20.6624061
4126,-29.8987281,-29.7287179,11.1969277
4127,-54.9876342,22.3220309,19.4533058
4128,-13.999818,6.34228833,15.6878917
4129,-21.2833289,16.6161946,10.2801762
4130,-14.2133636,12.4298206,7.84509677
4131,-5.09363753,6.19753144,2.8983412
4132,-15.2350984,9.67617391,8.75786407
4133,-15.5843185,11.5179681,15.7440818
4134,-3.63841595,3.66235541,10.2732391
4135,-13.0831844,10.0862495,5.63629103
4136,-14.769882,9.09699911,6.9328274
4137,-10.5495894,3.44977402,2.17089585
4138,-18.3283432,4.88919213,12.5745421
4139,-8.62293375,-1.60546045,3.7894276
4140,-17.4620472,8.56617649,4.93272515
4141,-13.7728746,0.935643236,3.79459406
4142,-6.63044672,5.79607946,9.5621021
4143,-7.60625143,1.79898735,3.70489851
4144,-13.114688,4.68524471,7.31135574
4145,-8.83184146,-5.04893962,10.7464557
4146,-18.9541921,9.85267644,6.61278513
4147,-16.6753914,4.74780985,10.1368915
4148,-19.1151136,1.61324193,5.51308866
4149,-14.2068488,2.08909221,1.38616012
4150,-18.3636939,5.29152464,7.58165918
4151,-11.0433707,5.93041184,8.55196625
4152,-3.27211297,13.1319522,-0.628159991
4153,-12.9642877,2.23616937,2.61913584
4154,-9.82897297,-1.58118015,1.46244281
4155,-4.33685717,1.34018482,-7.11794582
4156,10.9802903,5.79030723,16.6767577
4157,-0.96156817,11.512868,4.5300317
4158,-7.69385081,-1.02145525,9.85609808
4159,-5.11153724,9.95038648,7.53008139
4160,-5.13308057,14.5211097,6.16890884
4161,-4.3936669,5.97985763,0.702061919
4162,-11.8500764,11.7235127,7.17004116
4163,-11.7229731,11.8686251,7.2320599
4164,-11.9440228,5.65597356,8.1433546
4165,-15.253307,-4.69789285,9.59678713
4166,12.5639678,1.09520717,17.6727006
4167,-16.7807158,7.16080791,13.0367651
4168,-11.8082189,4.47780378,6.38166742
4169,-12.6361511,1.68727826,7.22772609
4170,-19.0457362,0.340667497,2.82355449
4171,-14.2624599,9.39710184,10.8390498
4172,-14.8126068,5.99859424,13.2082454
4173,-12.5781551,9.81411379,4.77075831
4174,-18.8124511,3.59985257,13.1287719
4175,-19.9807922,-5.28315509,21.5647774
4176,-23.5006696,12.4217721,7.56289924
4177,-22.7561442,14.7157573,8.08428897
4178,-23.163589,15.1053963,8.34305377
4179,-22.6109042,12.7419286,7.33066048
4180,-23.430978,12.6442496,7.53360348
4181,-16.9115212,9.36667115,5.33327343
4182,-16.6296275,10.1632637,5.84782202
4183,-15.6299103,9.29363634,9.85123161
4184,-15.1487529,9.52011075,8.69569742
4185,-15.2456683,9.58920937,8.76955849
4186,-15.2569242,9.57357462,8.82188934
4187,-15.1741974,9.28974589,9.17463181
4188,-15.1979677,9.29522773,9.21395052
4189,-19.6582867,-0.0269365579,4.75860323
4190,-22.8677158,-15.4120844,102.645336
4191,-19.1697467,4.08828487,7.71405008
4192,-39.3593754,7.99640319,48.1792132
4193,-18.294785,4.05694185,1.71026488
4194,-18.1258523,6.98911003,9.91928193
4195,-11.2735013,5.85013575,18.0704164
4196,-15.8121133,5.74806195,7.41596668
4197,-18.5323214,1.33206287,2.48607297
4198,-15.6204232,5.83964655,7.20247309
4199,-15.0508722,-0.270949004,9.61828511
4200,-8.95751752,-3.54821673,1.50046259
4201,-17.0176602,6.49284461,5.2892852
4202,-14.8770668,0.667512623,9.12092863
4203,-16.1554859,-2.34394924,8.38166049
4204,-4.85215027,-3.92899458,-6.59077969
4205,-18.0786346,2.84710785,3.3889743
4206,-13.8142093,-2.74967808,5.5880575
4207,-13.7681439,4.91576589,6.92644733
4208,-12.183294,0.222025209,4.14618229
4209,-11.4577502,0.96847466,8.16413577
4210,-15.1859667,2.47882539,4.84773332
4211,-20.6596836,0.783134027,7.53063814
4212,-14.1173323,-3.2735435,19.6659285
4213,-15.2673643,1.22264547,1.48099807
4214,-14.4166408,1.97487487,0.896334758
4215,-13.1727326,-0.134101687,4.57888807
4216,-19.1308924,1.63534076,5.54035131
4217,-18.745123,3.07111742,0.479189688
4218,-12.1098,2.07160873,2.62980324
4219,-14.0381278,0.99185559,3.99428765
4220,-7.66683489,8.93468882,-0.749265452
4221,-11.6578702,1.43288635,14.7723805
4222,-12.143325,-0.33588719,0.0787558627
4223,-12.1085212,-2.86615237,7.81909685
4224,-13.4985703,-2.51953717,-0.525694676
4225,-14.8997497,1.72734127,5.79639867
4226,-12.1674576,-0.0829803528,2.05893543
4227,-14.2056811,4.21913278,2.89149704
4228,-2.41620566,3.27654122,3.29183481
4229,-14.3258797,3.95159692,6.44793917
4230,-10.6106864,-9.32611254,9.66810121
4231,-4.45684355,-0.722487865,-2.23513965
4232,-15.1337484,2.57881095,4.29748616
4233,-14.0979103,5.1216144,7.07163688
4234,-14.7839595,5.28474752,7.2274139
4235,-14.5141146,-0.828504692,2.9196545
4236,-13.3695985,3.9578983,9.17009328
4237,-13.3226925,-0.181129594,4.63881364
4238,-13.0286631,1.22444019,-0.608684888
4239,-17.8220398,3.06116757,3.87033231
4240,-17.7646651,3.11071546,3.57379549
4241,-17.1187513,4.84260861,2.62749646
4242,-16.7097609,6.3559793,2.87735802
4243,-14.7870479,4.87868746,2.49152416
4244,-14.2227726,6.00037726,2.66075619
4245,-13.2415886,5.89133633,3.37822233
4246,-13.2465553,5.88544321,3.20901335
4247,-13.1207468,5.91777777,3.21992066
4248,-9.6609355,4.64268752,6.62415006
4249,-3.01102006,8.38398999,8.97941664
4250,-8.47224284,13.551532,13.6519792
4251,-11.3203511,-1.3575692,1.36404229
4252,-3.63141577,-2.37948938,3.94347407
4253,-12.3161622,4.71701377,6.74025314
4254,-5.99156043,1.91072384,7.8348846
4255,-12.6988792,-2.85825427,4.1774594
4256,-14.081491,-3.35524441,1.60381769
4257,-17.7940543,2.15937843,11.67562
4258,-17.6680415,6.44651448,16.6602157
4259,-8.22239315,15.8487085,5.83162877
4260,-10.3834959,14.2688934,4.0055306
4261,-3.28270667,7.84234514,18.6001748
4262,-8.70459963,6.03853177,13.5404921
4263,-10.5045182,14.7581564,4.2105428
4264,-12.3376494,9.95554966,16.2410791
4265,-15.1950835,-1.11794943,1.92553385
4266,-15.0948057,-1.17009802,1.8727037
4267,-13.5232755,-0.519155092,-0.631548636
4268,-13.3978542,-0.837800447,-0.408283818
4269,-12.1099787,0.836265764,-0.446463318
4270,-12.1024365,1.11552006,-0.378265625
4271,-12.9979812,0.544019341,-0.826361239
4272,-12.9760963,1.19603586,-0.665631361
4273,-15.1018944,-2.81535351,6.69884726
4274,-15.8610702,-1.97348593,6.03159912
4275,-16.0112266,-2.34392159,7.86526293
4276,-10.2107636,0.952025425,10.7148885
4277,-5.22884192,-0.856740819,4.23054662
4278,11.8540304,11.5617563,0.310537903
4279,-6.45918231,0.737984191,10.0097429
4280,-11.975952,-1.48993076,4.89191985
4281,-7.98639975,0.424183391,2.51396132
4282,-11.5865867,-1.39816678,5.04993541
4283,-4.56149762,1.43654753,2.88682379
4284,-12.6853982,-1.83385329,4.9123642
4285,-13.4411952,-0.174403791,4.74932679
4286,-13.6808789,-0.398438349,4.78872232
4287,-13.3356473,-0.211546262,4.68698077
4288,-13.2602374,-0.206081017,4.68650826
4289,-13.4664387,-0.353800094,4.70185056
4290,-13.4153665,-0.434519603,4.71046399
4291,-6.15681947,-0.169345872,-0.782698044
4292,-3.5566437,11.4505554,-1.39163409
4293,1.48281611,7.06261047,8.10667291
4294,-5.59663106,3.55808301,1.80255069
4295,-3.29678115,0.960639959,1.21273925
4296,-4.69322107,6.05163625,2.76132237
4297,-5.17678279,0.769046387,4.24390651
4298,-9.05884006,3.70552238,5.01217644
4299,-11.2458499,2.12024976,3.55728365
4300,-11.7616797,-1.0578741,4.84401368
4301,-5.06967927,-0.510355132,4.04461256
4302,-2.44482181,0.654837455,-1.83610565
4303,-10.5562858,8.89556896,14.3607863
4304,-5.89262739,1.07751148,18.5091535
4305,-7.18899979,-0.175050501,2.80499217
4306,-5.6183576,4.2877234,4.82245568
4307,3.92958958,-3.77493512,-7.31135896
4308,-6.90667041,1.37444402,11.7041627
4309,-7.94198489,1.84065579,10.5016897
4310,-6.51283527,-1.78209863,8.00479653
4311,-5.77518016,6.02381697,4.93132603
4312,-6.53292795,1.49377938,6.91482988
4313,-6.09616615,-2.1091187,7.23690266
4314,-8.50120409,-1.7839513,8.10593086
4315,-8.46175533,-1.80348691,8.06845962
4316,1.17707341,0.878081332,11.5329382
4317,1.49002983,0.389041018,9.20685474
4318,-3.17142661,0.515345808,6.0581225
4319,-5.92851912,4.81326993,1.91113309
4320,-1.08888757,6.7295338,8.48269345
4321,-3.18420462,7.11724594,1.3679514
4322,-8.40746526,5.64722723,0.121644066
4323,-4.51285345,2.93377366,3.60524457
4324,-6.53133859,7.77168885,1.97485872
4325,-9.82737227,1.26232833,10.4045191
4326,-2.78987956,-1.52753614,-7.00649472
4327,-3.40723682,6.38645869,7.22594032
4328,0.468425139,2.28472525,3.63332793
4329,-9.48778067,-1.34880327,6.31874193
4330,-9.97354815,-1.8035479,5.48410663
4331,-8.94862613,-1.83708792,4.79212778
4332,-8.54074926,-1.56468637,5.22262114
4333,-8.66492002,-1.73252269,4.23274335
4334,-8.41560243,-1.57294571,4.42578705
4335,-12.2657302,-0.114253482,4.70747759
4336,-12.1430888,0.11845985,5.01494698
4337,-11.3618044,-1.38146506,5.20445178
4338,-11.0207264,-1.46379566,5.62678546
4339,-10.7961809,-1.60726446,5.4923084
4340,-10.5794099,-0.572080184,6.72915323
4341,-10.6116134,-0.579898502,6.71628702
4342,-10.5577707,-0.915136576,6.59179767
4343,-10.3679039,-0.922947395,6.64505899
4344,-9.65801001,7.71255226,-1.07094776
4345,2.54770866,9.90477634,4.07799919
4346,-2.22683133,13.6764717,4.83394512
4347,-4.21946491,14.2268476,6.03963559
4348,-12.5588382,7.18544606,2.34921867
4349,-10.9731263,8.51699731,3.27154147
4350,-10.9107729,3.32703237,2.89011694
4351,-10.8480127,3.24145407,3.03452393
4352,-11.0963553,4.15750142,3.55525318
4353,-11.6089617,8.26341373,3.23136495
4354,-11.0463153,3.70670224,2.94678697
4355,-3.42092389,-1.95878388,3.90099331
4356,-4.03307339,1.28461911,0.47357619
4357,-5.36734551,3.85416938,4.37264043
4358,-5.07039769,6.12141004,2.54951751
4359,-2.93485224,0.501823704,10.060538
4360,3.78735571,5.37733402,9.52573589
4361,-1.19498111,1.400792,3.44145391
4362,-5.27396263,5.69947204,-3.89648411
4363,-2.85725827,1.51103673,2.14558788
4364,-3.15376785,-1.21895787,7.41114605
4365,-3.12298449,2.42764057,1.38941577
4366,-1.97503355,6.24247932,-3.4392382
4367,-3.19782519,1.02056366,1.96984213
4368,-3.41558844,1.66796887,0.374790591
4369,-3.46951649,4.09211704,3.76982205
4370,-4.1105498,0.79249326,10.0709757
4371,-3.64739234,3.77468667,10.197019
4372,-1.59882221,-0.000586355152,3.37646252
4373,-5.42308342,3.93538897,4.32122932
4374,-5.31845734,4.11214779,3.97880706
4375,-6.61821136,-1.83831399,8.21895717
4376,-6.50121846,-1.76453977,8.02177671
4377,-3.63749065,-1.8974595,4.2330815
4378,14.3425254,10.8410276,10.5660656
4379,-5.28831492,-0.160289833,3.67982237
4380,-3.56982181,0.509707319,1.56517773
4381,-1.74392684,-0.509037054,3.35252916
4382,-5.02737787,7.44428132,4.09230479
4383,-2.26624766,-3.28759819,30.5541545
4384,-7.09258778,-1.0089776,9.95680112
4385,-6.55939216,-1.81029637,8.11227875
4386,-8.83801534,-3.3690683,12.9536499
4387,2.51493681,4.70362874,7.76404034
4388,-10.4046274,12.1051968,7.17608336
4389,1.37273357,1.78928718,4.77114119
4390,1.0199957,2.77340793,2.04635943
4391,-6.00323675,-1.7361497,-0.639136953
4392,-4.81528366,2.03211182,-4.20745942
4393,6.01083151,0.871739467,10.2047106
4394,-0.51806503,5.83766754,2.82706711
4395,1.86171624,0.279904601,0.347088599
4396,4.12814565,-4.79746243,10.9520862
4397,1.67981018,1.78804594,4.96786003
4398,-6.60856597,0.704746688,-1.27372417
4399,-2.60767936,-2.26639473,0.412232757
4400,1.49974887,1.66931822,5.03001968
4401,-0.923121783,-2.00902178,1.03427491
4402,-6.16516306,-2.38784789,9.45383446
4403,2.93077908,-3.08798691,13.4422178
4404,-4.55673499,2.52102316,6.79974406
4405,-13.6528852,1.25847039,17.6010868
4406,-0.786628578,-2.18315305,1.36894878
4407,-5.2329003,5.09140608,19.0131017
4408,-3.12668655,-13.764398,13.6326667
4409,-1.85623568,7.97440202,12.1221635
4410,-4.76982799,8.61893312,10.2993215
4411,-6.40094257,8.19696566,10.2793959
4412,1.03148654,5.39743281,9.01500954
4413,-5.97044053,0.1499746,8.44081905
4414,-2.67439049,-1.25476137,6.83367199
4415,-4.4861299,2.52655771,6.82056145
4416,17.0136792,-3.26404653,12.7834802
4417,-3.92491989,6.88740596,8.49437356
4418,2.07319967,5.89449036,8.53916171
4419,-6.68715083,2.50705656,8.74564372
4420,-5.91434265,1.43891438,8.13654344
4421,-3.66712724,5.3261807,19.0295707
4422,-3.24798613,2.28655451,7.78570447
4423,-0.5672289,2.24579745,5.00481032
4424,6.43426322,3.68791734,12.4688773
4425,-11.9152229,13.6156512,-5.24729584
4426,-9.0993849,8.30023131,7.14795597
4427,-9.50266857,7.85797129,-1.83135635
4428,-1.42651782,6.39091554,10.3558166
4429,14.4104541,3.69445853,-8.68953482
4430,-17.4469272,6.48772958,16.4896365
4431,-3.00551643,8.29071202,18.5377634
4432,-6.25695517,4.54926548,5.32805499
4433,-5.38074256,14.6573599,-13.1364307
4434,-5.0394623,4.00274966,9.03125931
4435,-3.2790366,4.91207138,7.12876669
4436,-5.25137357,3.74585112,5.08944455
4437,-3.73943912,3.6267541,6.5025952
4438,7.17509658,0.80136309,17.6179608
4439,7.93292784,13.3210586,-12.9523624
4440,0.407940083,3.47916105,8.76313192
4441,-5.05762443,2.77998941,6.19831275
4442,-5.25836062,2.67420775,6.62492016
4443,-5.36269688,2.53896195,7.12573299
4444,-4.60907278,2.57360471,6.78450292
4445,-4.60146194,2.57798156,6.78675961
4446,3.1784829,11.4988742,2.90635734
4447,-5.24785401,6.77807615,5.54213061
4448,7.00351458,5.16560429,22.4790437
4449,-11.0087643,13.1669206,6.82754072
4450,-7.70662528,9.55066419,9.47230326
4451,-7.63315817,10.1687199,8.19648754
4452,-10.5525918,14.6694246,4.19235902
4453,-1.42700072,3.996512,-8.02093841
4454,0.593740757,1.54364015,0.890543331
4455,-2.64143913,9.93643019,13.772405
4456,-2.38711823,8.90227344,17.9134203
4457,9.6681847,11.5637504,18.3493008
4458,-9.01085639,11.097705,9.15344355
4459,-8.07128071,11.5891309,3.41654047
4460,-9.49522205,4.56317953,6.6883216
4461,-9.49042943,4.67126122,6.44496014
4462,-6.03035058,13.6407171,6.46426633
4463,-5.96474041,7.71693356,8.48568636
4464,-28.9457354,16.4173762,37.869426
4465,-7.47019506,9.6278152,9.00723327
4466,-9.21650757,29.2013431,7.96592791
4467,-22.1942551,8.72738365,11.7265144
4468,-2.34620025,3.76528252,18.4176752
4469,-1.03207037,4.66317214,12.1822533
4470,-7.27962397,5.35880204,6.13416308
4471,-7.25890357,5.41329093,6.11718205
4472,-10.6379796,8.22225026,0.8563065
4473,-10.399759,3.47320457,1.78670747
4474,-7.0990984,9.82599744,-20.3303317
4475,-3.42534382,3.4756375,-0.374926404
4476,-10.9469801,12.4197868,7.25496912
4477,-11.575628,12.0654892,-1.69358634
4478,-10.9156633,12.4528422,7.39817093
4479,-6.2818386,14.5736691,6.64990302
4480,-9.00423129,7.90544869,-0.0356623412
4481,9.81767462,5.71223873,-15.3716063
4482,-1.2179617,6.7416861,12.9393035
4483,-9.84478501,3.40890043,1.47394486
4484,-7.15907447,16.8514522,-0.973730969
4485,-4.25332634,6.38661078,-5.23512803
4486,-10.8446964,13.3064423,7.583775
4487,-4.80933315,1.71923658,10.6157599
4488,-9.60043081,15.848319,8.2403777
4489,-9.61473257,15.6332313,7.80847551
4490,-9.34625633,15.7248871,7.75762913
4491,4.39760873,9.57370407,9.94179923
4492,2.16995211e-05,4.26905767,11.1458852
4493,2.97828475,6.58711048,13.5583942
4494,0.315445945,10.052043,-0.682059881
4495,-0.875796878,8.70862098,1.02064192
4496,-6.04314707,9.59022501,7.78853972
4497,-6.11794412,8.34513063,8.84835754
4498,0.283965021,4.90829601,10.6831665
4499,-6.9543267,9.32456488,9.07944552
4500,4.83338747,10.7749882,22.6378914
4501,-2.15183018,9.55997805,6.23243454
4502,-10.4892247,8.40040846,0.449466196
4503,17.7546925,10.9667379,12.0062213
4504,2.2960127,15.5692296,17.9141514
4505,-1.36036799,13.0282068,10.6960146
4506,-2.79880207,12.9796837,10.5505024
4507,-0.942210888,13.055318,10.5688285
4508,-1.26784427,13.0739629,10.1497536
4509,-9.6597233,8.81089602,4.92116063
4510,-9.62752606,8.79444276,4.94752506
4511,0.510466321,0.830169363,-4.6482612
4512,-8.72008798,6.72805203,6.23799675
4513,-7.62674954,10.6317581,6.79073242
4514,-7.62110209,10.6013007,6.68739961
4515,-11.5344288,9.65623582,5.12364884
4516,2.11857235,10.1823279,3.15526606
4517,-12.4161924,13.1608059,-4.84492678
4518,-5.91701274,9.98911642,6.96881859
4519,-12.0189174,13.0613133,-2.30462541
4520,-7.62601932,16.2572018,-1.8766878
4521,-12.6509488,6.94853318,2.33054923
4522,-8.67770508,10.4260477,3.76243795
4523,-11.6897963,10.1386005,5.3697256
4524,-6.66429377,7.77599939,1.83750843
4525,-7.75493368,11.5718534,3.66651032
4526,-9.60863798,9.01684861,5.51737653
4527,-11.0458895,9.17069477,5.01498541
4528,-10.8849324,12.3430673,7.12845293
4529,-10.3472395,13.5873275,4.45695474
4530,-5.86151659,14.9820567,4.98802419
4531,-3.44790257,7.44227413,-5.93766096
4532,-3.23013659,3.57361587,-5.9368684
4533,-4.01619179,10.0316326,-1.40097276
4534,-4.98928289,9.50334522,4.90895002
4535,-6.83326726,16.6609214,3.82151572
4536,-7.22229777,10.5612084,7.13166919
4537,-3.37517728,3.5388966,-4.84405995
4538,2.58821018,5.05968414,-3.08076566
4539,-3.1894667,5.38099334,2.7915815
4540,-7.93905851,12.7067684,3.9155928
4541,-8.37164444,13.0538093,3.68721995
4542,-7.4423746,13.4591672,3.89019161
4543,-6.4620798,15.4866167,4.36252444
4544,-6.26498039,15.3852316,4.39077697
4545,-7.28323436,15.9516378,4.22367164
4546,-8.46832737,15.4653465,3.90699858
4547,-8.40930358,13.1630412,3.6475908
4548,-9.21788005,13.9820488,3.58451867
4549,-10.7987289,8.81018421,4.18754835
4550,-7.40753415,5.47213359,6.07601274
4551,-11.0830147,8.66798475,4.0529553
4552,-10.5246583,8.84272571,3.89422563
4553,-4.69065802,10.0385357,2.46300763
4554,8.26647822,13.692665,-3.11860069
4555,5.451142,9.74316151,1.12711005
4556,-4.39463319,9.41674498,3.95786301
4557,1.84823212,10.6558442,-2.50433268
4558,-11.978359,5.29325962,4.62878948
4559,3.48962667,12.1425344,-0.886832205
4560,-9.48985952,4.67162895,6.44444631
4561,-7.61430272,5.28293378,6.11697502
4562,-11.381018,4.60269104,5.24952972
4563,-10.9908224,4.04694574,3.8611509
4564,-9.28506397,4.3223422,5.55142392
4565,-9.49034994,4.67132465,6.44423427
4566,-12.2277489,7.64887525,2.8294188
4567,-12.7169301,6.67087122,2.43206864
4568,-12.692015,6.36068513,2.83544058
4569,-12.5077946,5.80752635,3.22885916
4570,-12.4277593,5.76407265,3.32656787
4571,0.285616937,7.84676511,-1.38773478
4572,0.131718985,7.63234593,-1.5809686
4573,-6.16570752,-4.40578236,-6.36547743
4574,-7.87819244,8.59902463,-0.495863127
4575,21.0717052,-10.1914616,-66.4929266
4576,-4.37301144,6.59897,-5.25456406
4577,0.900431708,1.7849694,-0.252134732
4578,6.06170821,11.1869647,5.23531028
4579,-1.61031098,4.43501431,2.04541392
4580,-1.97710756,4.44807493,-0.876367213
4581,-5.32607795,5.63187148,-3.14514844
4582,-9.08763147,8.00830409,-0.126485233
4583,1.98188833,2.92916609,-6.87390653
4584,-5.11682026,6.22574671,2.81853642
4585,10.1426118,1.42573137,11.4188565
4586,5.33661398,9.43678268,4.71560841
4587,4.05814098,15.4872358,11.1757124
4588,-0.932134767,3.10392784,4.92051171
4589,3.12264229,6.84648557,1.03116908
4590,-9.56654241,10.8125491,1.07914959
4591,-8.8662584,12.6739271,1.37270212
4592,0.850527535,12.0488276,7.81834226
4593,12.0971222,7.21514421,6.37806086
4594,24.1007705,1.39040217,9.68454422
4595,-6.10430619,12.0030315,-3.95730921
4596,-8.39363132,14.5231223,-1.37331937
4597,-7.68072298,7.33119397,-12.4392687
4598,-8.09859959,15.9097445,-3.45225659
4599,-3.88463268,6.2134285,-1.31360551
4600,-8.26940602,16.0770215,-2.90168907
4601,-0.861247083,8.24963735,-3.47850258
4602,-5.59424608,9.64502149,1.85116807
4603,-4.63368579,8.60480273,3.03113428
4604,-3.62277835,8.59932576,2.14649908
4605,-9.58182452,3.35743754,1.30516363
4606,-5.97192486,7.13113627,2.56995836
4607,-7.16679282,16.832105,-0.995457455
4608,-6.49222511,9.50416662,-10.7066715
4609,-5.58670447,9.13596649,-1.6872836
4610,-4.70724194,9.98447443,2.39823358
4611,-4.50444562,10.2317501,2.0952069
4612,-12.6097047,1.45073342,-11.8482916
4613,27.1158427,13.3355791,-14.1741655
4614,-5.69376986,6.31382082,-3.05353247
4615,-6.56877784,1.49919884,-2.36486484
4616,-3.4499957,3.35457029,-0.41096741
4617,-11.2416949,1.89425267,-12.7904024
4618,-6.08622272,7.30129647,2.44728409
4619,-3.93059685,-0.963586997,2.61540138
4620,-6.36480114,-0.26819632,0.775348094
4621,4.32926967,1.97783391,-17.4242932
4622,-7.60173806,13.4977303,-5.53961494
4623,-7.01733249,9.44908451,-0.815769892
4624,-5.98705714,17.1449699,0.276873598
4625,-7.228123,-0.686887212,-6.05482669
4626,-4.7733451,14.2504989,3.29804596
4627,-6.57219215,12.9177787,-4.73993432
4628,14.0038455,4.49904048,-13.7476026
4629,-7.17457438,6.40170108,-12.7970422
4630,-6.01756535,9.37372001,-10.6043689
4631,-6.61405433,6.43316442,-6.40719029
4632,-6.46783469,8.70179127,-8.40452002
4633,9.4292388,9.03562016,-16.0707136
4634,5.05851386,2.85124431,-13.2382795
4635,-6.64963519,10.9671755,-3.87697888
4636,-3.52877253,16.3268558,-12.0259495
4637,-3.31670091,4.75548695,-7.12146331
4638,-7.22287259,9.24541844,-1.27734349
4639,-7.98786479,15.6952458,-2.27714088
4640,0.634640415,11.2939999,6.90666983
4641,-3.99738432,10.8500961,1.33772262
4642,-6.44184498,7.6906811,-6.8590362
4643,-8.60638115,11.5910426,1.32079263
4644,-9.41780866,8.50611152,-9.71643405
4645,-5.95793332,11.7190926,-2.60621419
4646,1.16199217,1.37796145,-18.5797755
4647,-11.8801139,12.7836386,-1.5758375
4648,-10.3907503,10.148508,0.872104713
4649,-10.3170015,9.47320613,0.346262533
4650,-4.11669447,6.64586721,-5.32431519
4651,-8.3408142,10.319285,-1.54875159
4652,-5.98643493,17.2402887,-0.0998048718
4653,-5.57051593,10.4315017,-0.0957314836
4654,-6.16090172,17.1781004,-0.229762303
4655,-5.61891817,16.8369637,-0.570231478
4656,-9.3748194,13.1871871,1.32865319
4657,-8.39844291,14.4591599,-1.23443827
4658,-10.9771568,13.1537773,1.04018249
4659,-6.65252165,9.94366659,-0.576964445
4660,-4.15951438,14.5334689,-0.606062109
4661,11.6151179,5.87728713,5.86390713
4662,-7.99719429,15.6596783,-2.24933156
4663,-7.58976009,12.9577379,-1.38550699
4664,-5.98930955,17.2169422,-0.026946664
4665,-7.61714083,16.2598414,-1.87045769
4666,-6.4383912,10.2006314,-0.886504037
4667,2.29458028,21.2506188,-0.365825608
4668,-7.98507086,7.02344017,-13.6707796
4669,-3.62971045,5.07104053,-6.57693815
4670,10.8484244,2.35526059,-5.46767174
4671,0.849226362,2.53350248,-9.67392096
4672,-11.9032989,18.5817108,-14.8790849
4673,-5.35712093,3.47380815,1.37495004
4674,-9.91718748,-1.26400712,-5.23055987
4675,-14.0518609,-2.45024039,-10.9651865
4676,-11.1719531,1.17243721,-11.3587039
4677,-21.2985461,18.4272033,-9.94293254
4678,-8.08225405,2.1818594,-14.3968398
4679,-13.6655374,2.28609231,-9.36028108
4680,-12.2325583,8.64473726,-14.4697274
4681,-10.8347361,-0.58406895,-10.5485162
4682,1.17050162,15.1539497,-5.78396284
4683,-0.928387381,4.31176419,-8.58958784
4684,-7.61906708,6.83212519,-3.85105893
4685,-12.2481618,8.45290998,-11.825287
4686,-4.02282772,12.1857812,-4.88769702
4687,-6.34850855,12.479996,-4.59744746
4688,-4.50266091,7.04090131,-5.51727446
4689,-6.75295212,9.75011302,-1.41700179
4690,4.79472104,7.79621245,-3.29491016
4691,-6.90784201,9.5024922,-1.34149073
4692,-7.117142,9.26089447,-1.40248303
4693,-7.33204503,9.12367318,-1.65940138
4694,-7.83121501,9.42193397,-3.33766217
4695,-6.15894689,8.8094904,-1.79175264
4696,-6.17682232,8.75113869,-1.85151081
4697,-6.28592181,8.9360682,-1.74239798
4698,-6.73512253,9.77274822,-1.4260614
4699,-6.42949986,10.365035,-1.41729158
4700,-6.39317112,10.2314971,-1.26754065
4701,-6.73683026,9.7817,-1.43505099
4702,-6.73701791,9.87093362,-1.59189864
4703,-6.73033184,9.82942847,-1.46048377
4704,0.585063302,-0.471392404,-3.421052
4705,-6.18381157,-1.2327945,0.279771452
4706,-9.42598411,2.1350526,-0.218513365
4707,-3.82249253,2.96854807,-4.46402845
4708,9.41271148,2.94455847,-9.42175218
4709,-1.37634438,6.46058323,-0.824028845
4710,0.615308718,1.49547593,0.775798404
4711,5.87848943,-0.921357858,-1.17236192
4712,-2.66588916,6.87982278,-0.414297977
4713,-3.73728724,6.11648969,-1.09398448
4714,1.92618739,8.20038706,-6.53899177
4715,3.29381775,4.99610429,-5.70466613
4716,-1.75791451,8.16455236,-4.690782
4717,-1.78371632,5.70384495,-8.85546472
4718,-1.63089011,5.79842276,-9.02844204
4719,-5.60397188,3.34695277,1.70032667
4720,-4.35445716,-1.82478287,-0.880242021
4721,-3.35698422,6.33326243,-1.21446491
4722,-2.47076553,6.47868507,-1.39084053
4723,-3.90854538,6.01881753,-1.03971375
4724,-2.24236315,4.24522405,1.33096749
4725,-2.02656779,4.13033882,1.64095455
4726,-0.882071887,7.73429856,-3.72449369
4727,-2.7282839,7.59051894,4.72398862
4728,1.55326109,0.305552026,-4.29281531
4729,-5.61680185,4.54113487,-2.57214943
4730,-7.61284424,6.80979927,-3.86667855
4731,-9.59358123,3.36511296,1.29916693
4732,-9.53578238,3.47743015,1.27627605
4733,-7.23162576,5.20684389,1.32289911
4734,-7.0673161,5.83385774,-5.24623159
4735,-9.14256984,4.34433781,-1.39383472
4736,-19.1908733,-5.85591631,-18.9368632
4737,-9.7760439,6.14084194,-3.44354181
4738,-9.11235817,4.22101568,-1.35129374
4739,-10.0034335,2.50473585,-0.523503635
4740,-3.96761003,-2.20763918,-0.374962505
4741,-5.66981299,1.95959084,-19.9844835
4742,-3.0991414,2.27932337,0.228676214
4743,-7.62774688,6.8100756,-3.86909268
4744,-4.60099391,4.14046448,-0.389836862
4745,-4.64120862,4.15730703,-0.225229065
4746,-4.55465319,4.01286679,-0.359828481
4747,-1.65469642,3.34167404,-4.12149616
4748,-5.81885664,-4.4204344,-6.35171931
4749,-7.52707312,-3.60289443,-1.98068731
4750,-10.3548494,5.16417348,-5.67462414
4751,-17.5489723,10.3609214,-7.15362553
4752,-9.08017996,4.28495743,-1.3202088
4753,-9.89607733,5.87349471,-3.1688948
4754,-5.20869164,5.55041789,-3.78689598
4755,-10.2533249,5.46999005,-4.88708873
4756,-9.17417301,3.23457028,-2.0102565
4757,-4.59972415,1.80830382,-4.89606921
4758,-4.15275117,-3.62238019,-6.83935285
4759,-4.14307602,-3.61193406,-6.81199038
4760,-8.43114583,-1.99514175,-6.20474642
4761,-3.05824648,5.29347391,-12.3697025
4762,-8.73713037,-3.05122168,-8.47374357
4763,-8.67300774,-2.24684611,-9.38682976
4764,-8.51934523,12.3475815,-6.41946652
4765,-7.95353716,3.10766359,-5.92535573
4766,-19.4579842,3.35669753,-11.0507694
4767,-9.69469873,-1.35516859,1.133994
4768,-6.15618625,1.98660447,-5.98960367
4769,-7.44661696,3.12027989,-4.88339779
4770,-8.06382604,-2.91527564,-1.04374011
4771,-3.31319434,-0.313738968,-2.24354408
4772,-6.98845157,-4.43163609,-6.51091199
4773,-10.0096399,0.0981444937,-9.65984674
4774,-4.48629685,3.74487956,-0.425234094
4775,-4.52578754,1.28955282,-6.63763124
4776,-10.3525729,-0.340787474,-0.978137147
4777,-4.15495966,-3.61938679,-6.80696677
4778,-4.19546123,-3.64872052,-6.81810149
4779,-10.7161724,0.0222980911,-0.611160345
4780,-14.4442562,3.90934442,-13.8230487
4781,-9.96245329,2.23904719,-0.846200431
4782,-8.8674289,0.672726682,-3.69253715
4783,-2.88924976,1.57486893,1.1895237
4784,-4.6121233,1.81231052,-4.86959838
4785,-4.86767401,-3.94960541,-6.61460641
4786,-3.56474716,-0.922024412,-3.30264085
4787,-13.4082043,-5.33986179,-13.7229716
4788,-3.85858525,-3.18803595,-6.76051608
4789,3.52966179,-8.70630258,-3.09512955
4790,-3.84344468,7.92008474,-16.8749514
4791,-9.08821936,-1.54067034,-9.18899602
4792,-4.79556871,3.28417687,-19.0731855
4793,-9.27738438,-2.07800808,-8.26886291
4794,-10.3000321,2.24623659,-22.9308632
4795,-10.5573487,-1.10125299,-7.27461686
4796,4.17740349,-0.694036552,-12.3200911
4797,-10.9622435,0.447546544,-7.04942715
4798,-10.9727244,0.783240518,-7.2302838
4799,-10.6665245,1.87574647,-7.17538874
4800,-10.4969125,0.16793445,-6.25065019
4801,-10.673136,0.386717302,-6.47357614
4802,-3.16907948,2.52825618,0.172579709
4803,-4.34820941,-3.67169806,-6.67708288
4804,-4.02074346,1.07386927,-7.48907049
4805,-7.28276559,-1.02347511,-10.6995644
4806,-8.15052999,-2.84672448,-0.816194885
4807,-10.5395431,-0.0359387623,-3.71286368
4808,-10.4894401,0.0113869407,-3.8068371
4809,-8.87587179,-1.98082395,-1.18376078
4810,-1.70384621,-1.79143919,0.512611974
4811,-1.86755195,-1.75340214,0.280740042
4812,-8.10886938,1.42441994,1.53070085
4813,-9.96520772,2.23767813,-0.846090622
4814,-9.71983209,2.36914306,-1.35009858
4815,-9.95507766,2.25316901,-1.39025209
4816,-3.11211299,2.63296749,0.0718575555
4817,-10.1387627,2.15262501,-0.902134217
4818,-10.1314128,-0.358536153,-4.58656703
4819,-0.21761891,1.57734266,0.561432226
4820,0.0921335864,1.48428597,0.477571705
4821,-6.72385811,-2.09683226,-1.12932332
4822,-4.61709613,-0.900149512,-1.75114334
4823,-5.50571222,3.00193394,-3.28483698
4824,-3.20817745,-5.41624572,2.34161235
4825,-6.43482156,-4.38426953,-4.85420588
4826,-8.27767085,-2.09287429,-5.99772137
4827,-4.93181344,0.447865442,1.76845979
4828,-3.60407542,0.435737515,1.75813386
4829,-2.0086488,-1.91051425,0.673950509
4830,-5.81434813,0.00786286218,1.491611
4831,-1.90384796,-1.74732594,0.191273398
4832,-2.8031936,-1.55816259,-6.93930651
4833,-1.89628161,-1.83228063,0.55304408
4834,-6.67849852,0.672104267,-1.17488253
4835,-3.01520458,-1.27142885,2.50581592
4836,-5.0696611,-4.03995539,-6.55352936
4837,-7.88047923,-1.66994016,-5.12739206
4838,-5.29034997,1.30247052,-6.50597324
4839,-8.04004656,-1.81470933,-5.31032895
4840,-7.78823031,-2.98984753,-5.06706307
4841,-2.21816797,-1.92551984,0.362832769
4842,3.81837933,0.0487662032,-1.48591407
4843,-4.61804206,-0.925374728,-1.71519493
4844,-6.36948539,-0.270610416,0.747502237
4845,9.24402679,7.60075371,-16.5908826
4846,-4.8635878,2.18552695,-3.90014134
4847,-6.22591062,0.793993344,-2.55614137
4848,-6.48744713,0.433759545,-2.83229138
4849,-6.05196318,-0.0258779807,-2.08948946
4850,-4.76577536,-2.80501923,-3.40714068
4851,-9.05459101,3.14126921,-9.17140865
4852,-18.7014305,10.4195395,-7.22219399
4853,-20.0804906,5.70948123,-8.75177677
4854,7.11777232,2.26561598,-14.5464204
4855,-3.8990679,-0.42374372,-2.63785404
4856,-4.66069016,2.46818626,-3.81732392
4857,-7.83497571,-2.9289554,-5.02233681
4858,-2.55643805,-0.340655353,-2.0022583
4859,-6.90516259,-3.53707725,-3.44481898
4860,-5.80130206,-0.849291918,-1.64927536
4861,-5.79524815,-1.12659784,-1.63281045
4862,-5.02455087,-0.997687736,-1.84397701
4863,-5.1399544,-1.11185424,-1.80617975
4864,-6.47750757,-4.15779742,-4.1143571
4865,-5.71707399,-4.02325258,-4.21188404
4866,-14.1424416,-2.17081159,-10.7592289
4867,-1.9619077,2.22185182,-1.83549176
4868,-3.31199875,-1.29107985,-3.82901213
4869,-1.92100721,2.14112148,-1.78853794
4870,-2.34173491,0.422152907,-1.83315494
4871,-2.88459973,-1.35433215,-3.73302707
4872,-6.84985311,-4.48318501,-6.06804552
4873,-6.87601383,-4.42504708,-6.24321831
4874,-6.42830903,-4.68403389,-5.49245407
4875,-6.36117295,-4.67966101,-5.51180164
4876,-7.86931956,-2.85257142,-5.08182633
4877,-8.2809545,-2.12098114,-5.58410949
4878,2.02928533,8.62905743,-6.99095971
4879,-0.175451851,-6.26656772,-0.851213083
4880,-9.88825015,-4.14041282,-13.1180122
4881,4.20078666,-1.45148101,-12.6210548
4882,4.68678709,1.74448916,1.63085038
4883,1.44905505,5.67880565,4.18092801
4884,1.81066199,-6.61850091,-5.29263022
4885,-3.53906711,-4.75533942,3.52389763
4886,-1.10516822,13.0915075,0.683587951
4887,-3.54653042,3.31348925,-12.8375551
4888,-12.4829265,9.36334445,-5.52801243
4889,-9.13148277,-0.608980629,-9.51338937
4890,-18.6162958,4.25993326,-6.89507573
4891,-2.19629795,6.21740067,-10.8947956
4892,-5.37965765,14.6569356,-13.1365596
4893,-4.49028605,8.29600122,-20.8191626
4894,4.17301765,1.9638686,-5.37203356
4895,-19.5537071,4.83186581,-7.89736421
4896,-4.67137386,-2.3058292,-13.7466595
4897,-15.3197861,-1.00341408,-11.5059307
4898,3.46311372,5.80041948,-11.006235
4899,-3.34300392,5.36584651,-12.2496938
4900,-3.21643539,5.71927118,-12.9613661
4901,-12.0503625,7.79084171,-13.8927204
4902,-5.4023694,3.54445704,-11.3878203
4903,3.69643842,-7.51764449,-12.2244576
4904,-7.11722732,-1.43880304,-10.3884666
4905,9.33289354,6.96348003,-17.2930279
4906,-0.290334601,0.318512481,-14.2859849
4907,-4.3182874,0.591017741,-9.24431175
4908,12.8490459,-1.93618692,-18.7364941
4909,-25.4301052,-5.65519524,-12.16408
4910,-11.5073799,8.87232237,-5.63670586
4911,-12.9101125,12.3171609,-7.42798805
4912,-17.5413975,0.341790486,-7.49428465
4913,-17.4885712,0.635522799,-7.26309711
4914,-12.2873291,1.89346708,-9.40360699
4915,-13.2524691,2.30888133,-9.59811153
4916,-23.1883432,9.88156405,-7.71286446
4917,-9.3160202,4.37620205,-7.56154666
4918,-15.2427891,-1.04718414,-11.5083362
4919,-4.79580348,3.30062884,-19.0801924
4920,-12.9133848,12.3150732,-7.42496767
4921,-8.88263601,18.1363881,-13.8660471
4922,-34.2544382,2.44251423,1.64662648
4923,-6.22456953,10.2543633,-11.1427594
4924,-16.0214493,3.49031045,-13.7014825
4925,-13.1900546,4.87583565,-7.69047366
4926,-14.4059963,8.0357443,-5.19578243
4927,-10.237628,2.0760478,-24.3444387
4928,-13.0732703,11.9069901,-10.239859
4929,-11.1491421,2.0805433,-13.0198828
4930,-20.8600626,-7.53923551,-16.5858803
4931,-7.7359875,8.84811872,-8.09417999
4932,-14.1874937,-8.63576376,-24.7841627
4933,-16.6348976,1.50546217,-11.7006526
4934,-14.9762545,16.9280124,-13.1950624
4935,-10.006055,-0.907420749,-17.3582001
4936,-20.9864092,18.4122314,-9.89345104
4937,-15.092866,20.0414272,-28.2861928
4938,-16.2457421,1.51589808,-11.997164
4939,-10.6534073,-1.62000249,-16.5154935
4940,-21.7694786,11.8813872,-24.2978633
4941,-10.2883127,-1.33627166,-16.6187447
4942,-11.1965546,18.8001951,-14.0462443
4943,-6.52074479,13.1128632,-18.8056165
4944,-14.7244891,-4.06833583,-14.723037
4945,-15.8376194,3.65774734,-19.2983882
4946,-9.39508908,18.4710046,-14.4787957
4947,-10.2959632,3.09090313,-7.50121561
4948,-10.4113472,1.97308947,-11.8854372
4949,-10.5801594,1.17529609,-10.6144803
4950,-14.2350529,12.6915102,-9.06107126
4951,-14.3231208,17.0247493,-11.6325032
4952,-9.2090226,3.0406873,-9.21658629
4953,-10.6251623,1.58627695,-8.77037003
4954,-10.2809521,1.31064247,-9.6192676
4955,-8.97843741,12.04866,-6.68145095
4956,-19.6161426,-9.38671057,-20.7966287
4957,-16.3920539,7.35236559,-24.7101978
4958,-9.04393477,4.04907408,-8.28138153
4959,-10.2765494,11.2178342,-7.882284
4960,-9.33135182,4.30733807,-7.53946822
4961,-5.84077338,14.7628466,-13.3226985
4962,0.680460119,0.504140531,-4.72843405
4963,-8.44007322,2.55842348,-14.1082464
4964,-14.7015449,5.58080191,-6.22250334
4965,-4.73836094,8.85990032,-9.86024218
4966,-17.2833815,10.7116329,-7.29435661
4967,-17.8895852,8.0903789,-21.5680309
4968,-17.3031639,10.09007,-7.15510659
4969,-19.6299478,-9.4193426,-20.8585469
4970,25.6418983,-0.574631755,-64.9465406
4971,-16.0874796,6.57163733,-6.13988096
4972,-16.4860816,6.2668666,-6.34840163
4973,-9.37099642,4.31754032,-7.46705111
4974,-9.37800053,4.31391313,-7.46064712
4975,-10.8116002,4.87425225,-5.74569858
4976,-14.1359704,5.59568822,-5.65759976
4977,-14.6553268,5.68731802,-6.17029018
4978,-12.2678305,4.90289824,-5.76197239
4979,-14.5973949,7.98015405,-5.20925333
4980,-14.6176342,6.04283322,-5.57942369
4981,-15.5373663,6.49166466,-6.04926909
4982,-16.0831135,7.10455003,-6.26402197
4983,-21.8613535,5.92826898,-16.5247415
4984,-13.3373305,12.4260605,-9.88391935
4985,-10.3250228,5.1640844,-5.7081636
4986,-9.32521879,5.05065284,-6.54617506
4987,-9.23621698,5.23994131,-6.56137449
4988,-9.29221845,5.28552114,-6.5027494
4989,-10.7440414,4.18127089,-6.68693055
4990,-10.5854008,4.07904162,-6.92862442
4991,-16.5453341,9.08620403,-6.35950494
4992,-16.2802063,8.73479871,-6.08122
4993,7.56454869,8.18944618,-1.78169608
4994,-14.9926827,15.9331971,-10.4516502
4995,-15.909634,11.7539717,-7.82180606
4996,-16.4999169,11.7461841,-7.55673176
4997,-14.484414,14.9394491,-10.1473744
4998,-14.5115123,16.4950775,-11.3348221
4999,-14.5381283,15.9868598,-10.8770133
5000,-21.2446293,-5.1586997,-28.2528729
5001,-12.7997008,-8.49517247,-22.9689225
5002,-19.3412956,-2.95293927,-19.6729614
5003,12.9603082,4.45154218,-13.4713164
5004,17.7189954,-13.0229752,-0.0522557398
5005,17.8657701,0.0821385677,-12.873551
5006,-1.87786467,6.24049157,-10.6881173
5007,-9.07400199,9.39526186,-8.90052171
5008,12.8608983,18.1887623,-44.3653052
5009,-26.9619219,24.2769514,-23.0581683
5010,-5.54123702,13.8526626,-14.5581819
5011,-5.67889444,12.8762927,-15.4926534
5012,-3.573385,5.56103475,-11.9328637
5013,-6.71838777,4.21685938,-12.1200964
5014,-5.427792,4.11094453,-11.9424793
5015,-5.80113398,4.69364628,-9.11964833
5016,-7.81762511,6.17714032,-7.35923567
5017,-8.72560975,5.77663471,-7.45092522
5018,-8.96920596,4.94249003,-8.00088812
5019,-7.65187084,3.907753,-9.95914489
5020,-5.9694726,3.98264592,-10.9916485
5021,-6.66213408,3.86787386,-9.61661802
5022,-7.9667273,3.84941745,-9.26434341
5023,-7.46130174,5.78100698,-7.67537851
5024,-8.87314631,5.22222512,-7.77723605
5025,-15.9735766,-9.39679018,-22.2367843
5026,-13.1703991,3.87180777,-21.854437
5027,17.4796535,-0.272866023,-1.05030984
5028,13.4066535,5.87341174,-19.3214908
5029,-5.37942609,12.9154136,-16.2192617
5030,-5.38377335,12.9041645,-16.222851
5031,2.07098114,3.30058807,-0.179686739
5032,4.78346216,4.99770765,-25.030349
5033,-9.06373083,5.43969254,-14.5902845
5034,-6.74120365,10.3264103,-17.8313542
5035,-10.5886404,1.46918812,-14.9043314
5036,-7.14054517,10.0868391,-17.2526071
5037,9.49685984,-8.03263057,-18.4130282
5038,-14.702384,7.38702376,-26.1689894
5039,-7.83562259,7.90896254,-15.3925246
5040,-13.5678541,1.91625355,-19.1691304
5041,-2.14097323,-3.65536363,-29.4309683
5042,-8.70885434,6.95627575,-14.3882315
5043,-39.4762733,22.9284705,-55.6275419
5044,-16.4231678,-2.64926841,-18.1856121
5045,-13.8202708,17.6587056,-14.647319
5046,-8.86662325,-1.0096429,-17.8989644
5047,-6.10572655,-2.87625896,-17.0597702
5048,-7.1724779,-0.539470448,-17.568937
5049,-8.67865835,2.37985535,-14.1036059
5050,-76.1711393,79.6944183,-13.4061276
5051,-2.66480459,-1.44973133,-9.77442944
5052,17.4033781,-0.472250676,-24.1152903
5053,14.4288891,3.00298385,-0.15228507
5054,14.5327437,-3.13820264,-18.0189191
5055,-9.52464615,18.0023317,-15.8675749
5056,-37.2970542,39.8869405,-39.3956498
5057,-2.30599363,-5.37387873,-29.2118003
5058,-16.2661586,-9.46798918,-22.2696112
5059,1.87420435,43.5294294,5.14157648
5060,-12.6755655,3.87985233,-14.445286
5061,21.7580996,9.21292509,-36.3398198
5062,-6.49417071,6.65215486,-18.4050232
5063,-10.8263342,2.29661957,-13.9436038
5064,12.3938922,4.79884026,-13.105639
5065,-11.1820824,-0.390388559,-18.9524946
5066,38.3494773,-15.9122585,11.2338217
5067,-1.85654517,11.4022689,-6.01705364
5068,9.90490177,-36.5115461,-79.3513357
5069,-28.0385128,33.1812136,-31.7163951
5070,-32.3892203,5.46319972,5.31113647
5071,-2.51929119,-3.4787846,-10.7225436
5072,26.9917164,-3.31582221,-11.689682
5073,10.3332634,-2.3792187,-19.1210756
5074,-6.11462185,-2.86554328,-17.0599277
5075,-9.48034576,-0.97156717,-18.2896049
5076,-9.36422613,-2.74001355,-19.1695351
5077,-32.2384629,5.45092136,5.75743905
5078,-5.82163071,7.77937228,-18.9659152
5079,-6.07449897,6.85067871,-19.0277932
5080,-26.6435725,-7.26434184,-44.763835
5081,-12.4528909,14.6104418,-33.4698061
5082,9.41546547,17.4324832,-5.67004788
5083,-18.9317824,38.1020595,-33.2171999
5084,-1.84860005,11.4123388,-6.01042235
5085,11.2059475,-9.5623896,-29.4486058
5086,39.9753545,30.1656141,0.162229917
5087,25.7717933,14.2163527,-15.0721679
5088,-22.120069,-2.04369926,-35.2675873
5089,14.2041411,-5.6887421,-25.2874793
5090,19.0154644,-21.2372078,-18.3541491
5091,-21.8312701,12.1373719,-25.4730611
5092,-15.4206167,19.7895775,-28.6341907
5093,3.04797296,1.25777387,-17.8975943
5094,-5.62885713,41.549215,-16.0091186
5095,18.9308485,13.9575653,-118.717455
5096,-15.786215,7.92104862,-30.6823637
5097,-18.4216004,4.27744081,-31.9349622
5098,-22.1194922,-2.04393264,-35.2686573
5099,-36.0615495,-3.85123369,-1.52235781
5100,-49.771499,18.1665944,-52.6130872
5101,47.785085,40.2153897,16.164066
5102,-10.3619048,19.05115,-33.7489421
5103,-14.1375677,19.8619421,-29.8310582
5104,-13.5824641,10.9871239,-32.1638168
5105,-28.6577718,21.2550242,-46.4911082
5106,13.7296498,-12.7047711,-13.5841209
5107,-31.8705,10.7658251,-28.3793784
5108,-84.6064709,-37.5002931,-16.6855514
5109,-39.7098844,5.10670871,2.00247604
5110,-30.8224885,10.9686245,-18.0105847
5111,5.18634867,-12.3603733,-28.3722865
5112,-51.1332026,27.9656902,-5.30781102
5113,-28.3743917,42.4254075,-42.340513
5114,11.0088553,-14.8915635,-15.0240521
5115,16.635447,-0.130579188,-15.2844612
5116,-60.605179,32.9816433,88.3043249
5117,-27.8791494,36.4569109,-31.8362884
5118,-10.310906,20.8227685,-33.9939586
5119,-10.4801063,20.6526676,-33.9637647
5120,0.767597342,11.6696822,-29.8904198
5121,8.15542653,13.6635404,-11.5616244
5122,-10.5287637,16.2716062,-36.2180203
5123,0.415834073,8.56041297,-47.9039724
5124,56.6558244,-9.16135471,-71.3629893
5125,92.9758838,51.3942855,-81.3831558
5126,14.7709135,12.4542032,-32.6917476
5127,-4.64255866,1.07469005,-26.5070459
5128,-2.75786035,-3.13305589,-29.3149879
5129,-6.26348412,1.19315511,-27.3801977
5130,-9.90526255,4.4191549,-29.6847279
5131,-35.9411631,1.97147851,-2.23446272
5132,-84.7008123,-37.8108488,-16.6246565
5133,-62.1020669,43.8292592,-16.6474072
5134,-58.9778455,-2.64254313,-8.19868139
5135,-73.4522464,21.6590628,-57.7433
5136,-71.1163164,22.8808854,-58.8399697
5137,-72.9584839,23.9261324,-58.523531
5138,-54.7988149,30.6452603,-45.775305
5139,-57.4578921,22.7423272,-54.0914748
5140,-114.100589,-1.18896829,-12.4926492
5141,-118.120562,-35.4309838,-2.14419244
5142,-63.305462,-1.49617538,-18.8876065
5143,-62.595534,-1.44195716,-18.7349199
5144,-44.5562174,-3.54750897,9.39540052
5145,-49.1770019,27.092242,-5.28005388
5146,-30.8231202,19.3082743,-20.9508732
5147,-31.8246743,-11.9648051,20.5141469
5148,-156.126887,4.67648536,-25.1482246
5149,-51.5824367,-46.8096045,-11.4059987
5150,-69.8910696,46.9584439,45.7220016
5151,-74.669913,74.4461583,-42.5523715
5152,0.0400374238,-14.501078,19.6492299
5153,-34.0995335,6.0444758,-20.7440921
5154,-34.3757704,19.267658,25.2168478
5155,-5.55517619,18.1547172,9.55722749
5156,-29.175949,13.0895993,-21.6897321
5157,-66.1354141,44.7122446,-41.2102508
5158,-30.8616728,10.3364081,-26.2462146
5159,-31.6549794,10.799024,-27.2186496
5160,21.504745,-3.46464993,-11.7814437
5161,-51.4934293,-64.4016397,-5.63733956
5162,-29.0780088,13.1892927,-22.2872539
5163,-29.1718529,13.5562712,-22.2601148
5164,-28.0235389,12.2055687,-8.50837445
5165,-0.520882907,26.8081973,7.71841293
5166,-6.13862759,12.7224182,14.683374
5167,-18.8869506,19.4543097,17.8598243
5168,-35.7323863,18.0804301,26.7749135
5169,-6.13728963,27.2589728,10.5534859
5170,-14.0809662,23.1457322,14.6745508
5171,-7.75511614,28.0297992,13.0423766
5172,-18.787484,20.5309631,15.4030992
5173,-34.4238395,11.0908881,20.3642357
5174,-38.4304474,-0.984295396,-17.1725667
5175,-40.4553232,-1.89976867,-16.7025945
5176,-32.8669617,-1.86851864,-11.4274105
5177,-35.7746714,-1.41702542,-7.1708082
5178,-28.7415563,15.1842135,-10.0683625
5179,-28.4198304,12.7320428,-7.70211955
5180,-47.8924758,26.5323623,-5.79137425
5181,-37.8300222,24.304122,-7.80135813
5182,-29.7076173,17.6939628,-11.5971694
5183,-30.9386219,15.6543382,-16.0760529
5184,-33.239558,-2.24173316,-11.4835278
5185,-33.4162153,-2.34211793,-11.4032862
5186,-32.3888599,19.8245252,-13.8866555
5187,-32.1036016,21.0065044,-12.0430746
5188,-124.307594,-8.31142259,2.07457264
5189,-66.9492196,7.32181098,-16.1765678
5190,-66.7964425,4.26171848,3.90866457
5191,-65.4601417,-0.0848940186,-18.7455963
5192,-69.0689335,-9.40294983,-26.1893353
5193,-76.3586175,-24.1784497,-28.0369849
5194,-78.2546657,-9.34404622,-40.0687762
5195,-82.0649002,41.1600873,5.01682211
5196,-82.5060407,9.13116092,-44.1693315
5197,-80.6488954,12.8414727,-46.6202964
5198,-81.3059663,9.8563413,-42.263753
5199,-81.2945626,87.6019397,-39.7792832
5200,-89.5856123,92.7314662,-40.496425
5201,-81.9111983,88.9079568,-38.4965464
5202,-76.855832,36.3837349,-57.3028154
5203,-71.5800652,61.2707422,-46.4463931
5204,-21.3600628,-7.64514733,14.8048497
5205,26.3494215,-2.18531054,12.9244731
5206,-117.47933,30.3791495,42.1675773
5207,-101.677895,48.4457391,50.0242571
5208,-15.7825977,1.04083556,16.9979791
5209,34.0966227,8.93058407,7.02496681
5210,-42.6593071,4.63299118,5.79219812
5211,-128.181053,-7.26094517,5.42498373
5212,-29.1506927,2.65156244,34.9325616
5213,-4.92984613,2.11367173,12.6228132
5214,-75.831058,24.1860051,32.893105
5215,-31.2319332,7.07319131,17.8519755
5216,-7.66600231,27.5744542,50.0185401
5217,-5.6975396,3.95836575,23.2274215
5218,0.930585642,-5.0001552,24.5803843
5219,-0.312706783,-11.2118243,3.72939038
5220,-56.0791304,99.4619381,80.3240369
5221,-5.14197899,-15.3626181,10.2657351
5222,-19.3748272,32.7402903,16.8076279
5223,-33.9450956,1.5201841,12.4301079
5224,-29.9339285,-15.68112,11.6136997
5225,-29.5002104,-20.5923974,37.3325736
5226,-27.2076704,2.29555906,23.1295648
5227,-38.3390645,-3.00721932,9.7148604
5228,-53.6042969,21.7227907,20.2479796
5229,-27.2358654,7.82164703,12.6697804
5230,1.48563687,21.8671834,9.09519993
5231,-34.9031027,-4.47724522,16.7712577
5232,-24.4016734,34.8659976,42.6996208
5233,-6.71660671,13.9356096,9.42877785
5234,-17.2270658,29.2803166,26.9232704
5235,-32.5051868,5.89336476,6.68850718
5236,-10.8879354,5.16318691,18.703391
5237,-14.3661592,50.9593969,-4.86520154
5238,-24.0708141,30.2318683,10.8107855
5239,-20.1324098,24.3088466,15.2095106
5240,16.4035313,-29.7468798,60.6744872
5241,-65.1799773,4.83715169,14.4254949
5242,-6.15770996,12.7679307,15.9621812
5243,-77.9307672,16.8430858,29.9069403
5244,-48.8338222,7.67345997,20.5953201
5245,-31.0291112,-16.250781,14.0488079
5246,-14.3580112,1.20012332,32.1373641
5247,-132.162502,-7.36684539,0.0223003902
5248,-20.596359,-0.568950145,30.6528179
5249,-107.632656,-47.2529588,8.47756867
5250,-81.4812022,26.4395402,39.2442408
5251,-57.3571201,15.5798871,16.5406533
5252,-55.519365,9.49330498,16.5397985
5253,-16.5824504,37.3920732,15.4982447
5254,-9.31518307,14.2970177,29.6018309
5255,-12.7224262,-1.80111436,20.5577991
5256,-137.952904,72.3220733,-19.8326029
5257,-62.3489324,3.07910935,14.8645823
5258,-58.3439737,3.43606885,15.6501482
5259,-18.3333086,-25.4302903,55.9725065
5260,-38.6542732,10.15699,45.5172898
5261,-21.1334656,-6.57106854,18.1387107
5262,-4.80361784,-12.6497786,14.0842725
5263,-66.3177411,-83.023232,-6.56030565
5264,-6.89693773,0.761292548,10.3879358
5265,-11.0582977,8.44563145,21.4568895
5266,-7.68777496,5.6225087,14.8561783
5267,-7.03510873,4.05582974,19.5522618
5268,-17.8456151,13.1407083,24.4788124
5269,-5.5855317,6.85565176,26.97173
5270,0.73880981,6.05786294,15.7370793
5271,-10.4358236,1.55276007,17.2415174
5272,-10.8284176,23.370785,22.353041
5273,0.522990771,-6.95235697,8.9264255
5274,-16.4413601,16.8496963,27.3706503
5275,-13.0310987,7.57366398,13.7908375
5276,-15.7715257,1.48186454,15.8739139
5277,-5.20901922,15.9967345,21.3520429
5278,-16.5936986,5.41576555,17.8999968
5279,-15.123445,8.7149398,12.4179031
5280,-4.12885483,5.26986229,20.8283159
5281,-6.94841472,4.58134023,15.3317538
5282,6.38489696,-0.888777382,16.7805718
5283,-55.3208744,-28.9612646,77.6565926
5284,-3.38529863,4.74172732,23.435037
5285,-6.90954621,0.625582862,18.9018189
5286,-12.159882,2.62174833,45.1695499
5287,-8.73867599,2.15858347,17.9223326
5288,-16.9544225,37.6710735,14.1736702
5289,5.5877409,-4.5900296,20.0048364
5290,-0.559751736,-2.51774867,26.6700576
5291,-8.82500954,-15.7119151,12.1257662
5292,-13.9548699,6.46248986,12.6557031
5293,-10.1370971,-6.45384823,8.61371016
5294,-19.8245847,-22.4869564,52.687063
5295,4.25354928,-86.3876122,-82.1616769
5296,-16.621474,-17.3350255,37.3874187
5297,-4.50387924,13.3043463,26.2529702
5298,-2.93160563,1.81353631,21.3354349
5299,-2.9031722,1.98603767,21.512145
5300,-13.3205153,7.11903665,12.5677541
5301,11.2713386,-6.58315585,26.5779031
5302,7.17762279,-18.9483343,4.26639722
5303,1.75549277,-14.7988823,9.1476717
5304,-10.2081511,-6.37731421,8.63268476
5305,-4.37107605,4.01829675,23.8910502
5306,-2.89063196,-0.0554996274,23.9681031
5307,-13.2696444,0.603596544,18.2290486
5308,3.22152247,11.5097811,20.6632451
5309,12.6331977,-0.588917814,23.2409778
5310,-7.55146411,0.0860478497,25.5919451
5311,-8.93320086,-5.39140552,20.4829153
5312,-2.04614327,-13.8609909,9.94859722
5313,8.66094217,-3.68120579,16.3096219
5314,-5.46197588,3.78279934,23.8231596
5315,-5.8379834,7.80479858,9.14727528
5316,-5.12652855,0.457058179,25.5905609
5317,-6.11042884,-2.38541608,10.4244711
5318,-4.29237252,0.849090168,20.5454789
5319,-4.24901584,7.80237931,12.9703828
5320,2.64529665,-3.11583315,15.2937316
5321,-5.62622201,3.11891153,23.1521063
5322,2.79463699,3.25543589,6.48565702
5323,-3.51667335,57.8285181,-4.01996914
5324,-7.51149102,9.63835153,9.24123171
5325,-3.05574118,5.00221163,19.1295247
5326,-3.49819225,4.62338526,22.8760737
5327,-15.6437731,4.05070218,17.0630183
5328,-11.5899664,3.89041781,26.5488334
5329,3.35725048,6.91226805,13.2169201
5330,-10.2160496,5.054099,28.7260079
5331,-8.71727206,49.0736302,24.9177182
5332,-2.62475072,5.00696431,24.2208351
5333,-7.67699614,2.91364612,9.22450441
5334,-3.06662816,6.04305666,8.69259338
5335,8.65117512,-67.6107514,123.791947
5336,-5.01088766,7.95475503,12.5477741
5337,-3.48426549,6.56560428,13.2072865
5338,-3.76108422,12.8924611,27.3914751
5339,-2.69664387,3.57144695,10.7811709
5340,-11.7345608,7.54066102,8.08234604
5341,-11.5273069,5.94595297,12.4723834
5342,-4.62339318,0.614978437,20.3518171
5343,-6.34138215,0.242504842,20.2348548
5344,-6.82216611,4.40473296,15.413139
5345,-4.88121551,-9.83919166,24.079898
5346,-9.05448239,-5.98200586,18.5799994
5347,-3.78935216,-0.87207676,21.1934385
5348,-3.93245377,1.36835871,17.7719257
5349,1.60733287,6.58697025,11.0343758
5350,-12.3144838,0.938919079,16.3592756
5351,-11.4669867,17.7270145,9.80627877
5352,-9.78226978,2.94432803,11.522481
5353,-7.24367946,7.70633316,18.9723545
5354,-7.40362177,7.80772265,18.9872748
5355,-3.25862719,1.22980942,9.66247051
5356,5.42963378,-15.9494659,13.2673741
5357,-3.06980687,1.04265058,12.5067268
5358,-5.77488896,2.27841717,13.6740471
5359,-6.87038073,4.45859555,15.0081487
5360,-15.7695912,12.1065518,13.8910518
5361,-15.5792296,5.57527391,15.0305641
5362,-14.6639776,2.43058007,18.0476598
5363,4.24666496,2.05259351,17.2612155
5364,-3.16594306,10.1930797,13.7161385
5365,1.00891514,8.50880329,13.7410885
5366,-10.2343602,3.36159197,18.0110093
5367,-4.71296604,8.83475328,20.4369388
5368,-5.73068148,2.29888608,13.6860549
5369,3.20992734,19.9090962,4.51523425
5370,-13.0594158,15.9642849,10.5418937
5371,-7.47503986,7.81706508,18.1159178
5372,-8.34069427,5.18824058,13.2455313
5373,5.61764659,1.48462435,23.5423371
5374,-2.24802026,4.37005877,19.0652777
5375,9.75533089,8.21188003,12.033843
5376,-4.27873231,13.476959,26.6754187
5377,-5.416635,5.88951942,10.0138812
5378,-5.48384156,2.12479987,13.7879993
5379,-2.3632147,-2.66235121,2.8442849
5380,-14.7161169,6.03554448,15.3817775
5381,-6.10299282,12.0716134,14.4976846
5382,-10.9423796,5.86873595,19.4531048
5383,-7.23551956,1.16221817,18.6150485
5384,-9.82444486,10.2057007,22.2792144
5385,-6.90626893,9.51781686,20.1576154
5386,-9.25559274,7.36719231,15.0401727
5387,-16.5254331,10.2705683,17.4584483
5388,-19.2807141,1.81318855,12.0431562
5389,-17.4131569,12.5964261,24.3433776
5390,-15.5086229,10.9974727,15.6610424
5391,-7.15538829,12.060686,22.7611727
5392,-18.7750238,27.5439168,20.8717515
5393,-6.52168557,0.689069561,10.1071862
5394,5.00913494,-3.32839001,-4.37720741
5395,-6.65973566,-0.732435669,13.7484683
5396,-15.9509035,2.35280729,23.4298203
5397,-9.68399213,-5.14245458,18.0478596
5398,-8.6839981,19.3935848,17.5588331
5399,5.86100514,-11.9267136,17.1290542
5400,6.24953917,-1.37065574,16.7803461
5401,-20.3803197,-8.55095882,14.3101847
5402,-9.72584664,2.71799312,10.9388729
5403,-4.45115777,13.1154114,10.8290026
5404,-115.80558,57.8353001,6.66436503
5405,-11.0932335,4.05545493,26.2396328
5406,5.99853315,6.23805632,18.2120647
5407,-3.30393293,6.17660568,8.5260206
5408,8.08791736,5.19606135,24.3713988
5409,-12.0607483,21.1973758,8.61041169
5410,-23.6334719,4.85038013,18.0247325
5411,-9.91131318,9.75766386,13.2761378
5412,-16.1596764,-14.6377481,19.3404889
5413,-15.7553106,1.05234574,16.9577274
5414,-10.7906571,12.341058,8.50802111
5415,-6.09097687,11.8108653,14.5958209
5416,14.5090932,11.7937484,33.0898655
5417,-19.656018,0.911469233,18.8924002
5418,-12.5194049,17.265953,11.8350439
5419,-11.255961,8.82549829,22.4775574
5420,-13.5460364,23.3966204,6.76111887
5421,-6.09427784,11.8363772,14.748378
5422,-3.91268723,11.0963501,17.0778162
5423,-6.95206121,21.8117292,22.7259253
5424,-11.5876586,42.4473498,21.3343562
5425,-10.9601739,15.9582868,14.2682919
5426,-10.5337727,11.6555122,12.8230665
5427,-5.72513644,18.1386863,9.59268676
5428,-12.897936,16.4734535,31.3190203
5429,2.55931427,8.69746677,16.6416383
5430,-5.13715645,1.18561791,10.7052114
5431,-6.87402875,0.67303872,18.8987069
5432,-3.14873085,3.74106413,10.6366685
5433,16.3247376,17.9268144,26.3103082
5434,1.17571087,9.10404928,6.83679484
5435,0.239998155,9.75142924,12.2911357
5436,-19.2334466,22.5967421,14.4466365
5437,-3.01835949,16.4786759,25.2092133
5438,-7.1968078,3.67227111,13.6010959
5439,-2.72068877,10.5067061,17.1648827
5440,-5.78958439,13.1936201,17.1305702
5441,-3.35756301,6.60781171,8.30517962
5442,-7.13194521,9.39749723,9.60396927
5443,-6.36982858,10.3669298,10.1591983
5444,-10.8825115,13.6918103,8.62000872
5445,-10.7346891,14.003638,8.72049249
5446,-11.2273752,14.0962369,9.05326738
5447,-6.92456599,9.6111067,13.6869245
5448,-6.55964595,8.53636999,10.1179957
5449,-6.92597554,9.34560666,10.0908468
5450,-7.11499844,9.35253823,9.68769077
5451,-9.02737564,10.1604976,9.98517373
5452,-10.0540334,10.5566071,11.5399666
5453,5.23863531,2.54780817,18.0876743
5454,-17.5195152,2.53351413,10.5671201
5455,-9.6182951,10.1766508,10.1211232
5456,-11.4386337,1.7117725,15.1660969
5457,-17.6685075,6.4471463,16.6613677
5458,-15.5552136,1.91279647,10.0636018
5459,-11.8365886,4.76610963,12.7275254
5460,-7.47311562,0.537945504,14.183291
5461,-7.82948114,1.51758047,15.5039834
5462,-11.8783773,10.3447533,10.1605028
5463,-13.7344645,-0.0249429224,18.453707
5464,-6.96242709,9.53819887,13.7688598
5465,-101.878025,48.4560317,49.6459271
5466,-19.0431701,-0.181657775,19.532612
5467,-12.1690944,24.2638958,10.0214559
5468,-7.50936677,9.05867173,14.2838256
5469,-2.46983349,3.20350018,18.42088
5470,-4.10502493,7.78915762,12.9981671
5471,-2.66202893,3.51218478,10.5962858
5472,18.561368,10.1035617,11.6111659
5473,15.0490643,4.97269892,15.1984488
5474,15.7627353,3.54094402,14.504024
5475,-3.53293046,3.85168451,10.3718998
5476,-3.52546322,3.884411,10.5172656
5477,-2.75151379,-4.17012156,15.0918453
5478,-13.6690324,-0.696429358,19.6191743
5479,-1.97842796,3.84085847,9.18114464
5480,-6.99275732,1.11641954,18.7138418
5481,-8.56413876,6.65207035,14.4548724
5482,-1.71563542,4.1160294,13.133133
5483,-3.064566,6.02038569,8.72499309
5484,-2.80336195,0.96496152,9.75266642
5485,3.10066357,-1.98037009,12.896669
5486,-3.40454565,6.57416231,13.0943219
5487,-6.91147452,9.04428884,13.8136078
5488,-4.12338543,7.71750031,13.0256581
5489,-3.16592499,0.159817757,10.8720119
5490,-2.07306743,5.6894052,12.1545267
5491,-0.318482049,-0.988228472,11.8195818
5492,-4.37173871,5.27962025,11.2563162
5493,-4.66866072,2.75303494,12.5029488
5494,-3.49948909,4.62253409,15.6362382
5495,-7.98625075,7.77232512,14.927114
5496,4.78171341,0.485780599,12.4572929
5497,-2.79655869,2.699853,11.9834247
5498,-4.35228365,1.55024183,18.2836518
5499,-7.84852898,4.10995479,8.65470232
5500,-3.23099186,0.504029997,11.3529749
5501,6.76808022,10.3667457,12.1187082
5502,-2.70610954,3.54877855,10.80945
5503,-3.09770519,0.623534972,17.3869815
5504,0.222527134,-3.6240122,12.5346743
5505,-15.2112302,-4.56621545,14.9282036
5506,13.5865048,-44.3710393,36.2873883
5507,-3.653858,-3.1032017,11.2656891
5508,-4.56690418,2.66393522,12.3883351
5509,-7.51873267,-7.73857442,12.1873896
5510,-7.29848054,-12.3594945,9.19422473
5511,-7.87281652,1.8012272,16.3487592
5512,11.769652,-0.553482598,15.4322166
5513,-2.86651023,-6.67572307,21.3790658
5514,-8.58339477,-3.52621646,19.5725374
5515,-10.4427378,4.32236582,12.8508582
5516,-3.66531268,4.6017963,15.9715028
5517,-11.4597139,-11.6234711,11.725252
5518,-12.1987306,-4.86191899,10.7363306
5519,-13.7890788,-16.0051017,15.655458
5520,-6.27998492,0.741933771,10.1391665
5521,-7.18461226,3.68329238,13.6146754
5522,-5.21247184,2.90664863,14.0816276
5523,-6.72610698,4.85511885,9.42992729
5524,-4.72484003,-2.79380297,17.194197
5525,2.07286668,10.4222103,23.7963666
5526,-6.03758779,8.30469763,14.7377388
5527,-6.66649079,9.01915828,13.4135415
5528,-10.665626,-9.42109158,10.404915
5529,-12.2231125,-0.147327896,14.9619346
5530,-12.2874232,-3.7738527,10.9898783
5531,-8.15945039,-9.02592288,11.5866062
5532,-8.53070798,1.86598304,10.5071498
5533,-5.07736282,1.13486495,10.6713934
5534,-4.73522657,0.777381473,10.4203628
5535,-5.57418649,2.26348223,13.8183121
5536,-6.50331056,-3.69135133,17.5803245
5537,-3.66255081,0.402945394,17.0904558
5538,-3.69456546,-0.218381842,14.6578125
5539,-5.64948756,5.07870043,16.520939
5540,-4.52728632,3.85285265,14.7772206
5541,-3.89258439,6.86850159,15.6343982
5542,-4.07071313,5.05461716,16.616383
5543,-3.30211775,2.52422928,18.2054276
5544,-7.15114768,3.35151628,19.0016618
5545,-2.7726564,3.90981952,18.2696467
5546,-3.80078821,4.94924708,18.5771727
5547,-5.15891407,4.95279941,18.824709
5548,-3.33596737,6.54387826,14.6458543
5549,-3.49099368,6.86534418,14.8409835
5550,-2.91489899,4.02174535,14.800763
5551,-3.56134855,4.49577472,15.2160712
5552,-4.09956404,1.16795796,17.5803141
5553,-7.48105944,6.84666969,11.898594
5554,-5.84893068,2.42104203,13.7630004
5555,-14.1504327,-0.760564813,9.96393934
5556,4.90529705,0.920989029,12.3203135
5557,-13.2419537,4.03464402,9.43928534
5558,-6.75723429,7.44259552,10.4659516
5559,-11.5280686,-11.286258,14.0120392
5560,-15.7348916,1.06362567,16.9806714
5561,-15.3657802,1.32838474,16.9324196
5562,-9.102903,-4.9282351,18.2720151
5563,-5.69988314,2.38838747,13.7163879
5564,-8.73631681,-3.16908436,12.1575353
5565,-4.64372591,5.46532641,11.4547629
5566,-9.08277408,-4.98642043,18.3082526
5567,-9.05559745,-13.0340852,18.3776707
5568,-6.6926756,-1.52829641,10.6381975
5569,-7.04432388,-1.07165157,10.0390442
5570,-6.35733706,-1.9963938,10.8200747
5571,-23.7270394,-37.5458997,17.6638109
5572,-3.65031096,-3.57553572,11.5053005
5573,-16.2080053,-2.80325687,8.53179448
5574,-14.6778545,-11.2665264,12.4300682
5575,-14.9851272,-0.865299646,10.0223692
5576,-6.83649536,-0.00628794435,10.2246424
5577,-7.04942229,-0.839961957,10.0019535
5578,-6.32101557,-4.06864045,10.0858064
5579,-11.3214591,1.97945187,9.82017655
5580,-10.6715246,1.04275226,10.2339782
5581,-6.48099822,8.56179189,12.7899811
5582,-6.28867648,8.00906946,11.0923383
5583,-17.4565843,6.61037785,16.634306
5584,-7.04787486,2.06946238,15.0447145
5585,-7.85151049,1.7999014,10.606768
5586,-8.39026689,1.91148841,18.2300117
5587,-6.79260362,0.734767972,13.5273865
5588,-5.00160437,3.65548783,14.4419051
5589,-6.65342909,4.15145769,15.047606
5590,-12.1842827,3.4044003,13.7185029
5591,-5.40301246,2.79368209,13.9361657
5592,-7.15889533,3.65000882,13.6227738
5593,-13.7517673,7.37694882,12.3230451
5594,-6.36486759,7.79697858,10.8519929
5595,-5.45035315,2.60222669,13.215672
5596,-7.77202365,2.15346408,10.8137411
5597,-6.12430853,2.06497909,12.919924
5598,-7.6014556,2.91088048,9.2402127
5599,-7.22190381,3.85585341,8.88875982
5600,-7.4230682,4.19746288,8.69690626
5601,-11.2281088,1.07755612,15.7442032
5602,-16.565615,5.07127903,15.7868836
5603,-8.35468862,1.82902445,10.3914934
5604,-7.95144959,1.82959275,10.4572708
5605,-12.0639236,3.77634266,17.2575224
5606,-11.4931383,0.854503596,15.2429494
5607,-13.2121874,-3.7130704,9.71008342
5608,-10.6079623,1.2147978,9.96040975
5609,-11.1593565,6.88690514,13.5413508
5610,-11.107153,2.57005339,14.4117236
5611,-15.8226868,1.49514099,10.4944608
5612,-6.12428018,6.89844425,9.86049351
5613,-5.77992649,2.30917421,13.7079778
5614,-5.72948205,2.30814632,13.6956668
5615,-17.6222041,-2.42959835,11.8675818
5616,-12.0674069,0.283693037,8.96122454
5617,-12.1346978,-3.35403706,10.9124286
5618,-12.4133109,-2.42972335,9.09566587
5619,-8.86443159,-10.101231,17.891959
5620,-14.3732025,-2.22469363,19.1315893
5621,-11.0690015,0.362365502,15.1648613
5622,-16.0545803,-2.26088401,8.4580569
5623,5.54228447,-8.67938652,8.43146244
5624,-12.4461392,-2.43099852,9.11166021
5625,-22.5407836,16.4100378,8.38445662
5626,-21.6705062,-7.40013438,8.62903298
5627,-11.4786169,7.70016927,8.19147793
5628,-10.7775818,5.97621964,19.9783834
5629,-17.0496027,2.8137748,21.5531508
5630,-17.4734797,6.00136083,8.79068916
5631,-13.0314887,9.6417403,10.4258236
5632,-20.8246771,-9.97777409,13.5661747
5633,-15.8623788,-2.03340307,8.62740023
5634,-14.411146,-7.01694877,9.61655866
5635,-17.6269115,10.8361136,11.2853323
5636,-10.9854871,0.955389574,15.8647324
5637,-1.80502283,-8.36696677,15.1912477
5638,-15.4236033,1.10528603,15.4083738
5639,-11.6344798,1.77223264,14.7457303
5640,-17.6593096,-0.882175852,18.782935
5641,-8.37043214,-8.43749527,12.8365571
5642,-17.5596561,2.9964088,12.1779986
5643,-10.7669798,1.38519398,16.9664152
5644,-39.1548516,19.7202605,28.299214
5645,0.168325288,-1.85564114,24.6414864
5646,-13.5873912,2.33803479,27.9332987
5647,-15.6735829,2.30383778,23.4038334
5648,-11.1896914,0.397913784,15.0787572
5649,-11.4439595,0.780502989,15.216343
5650,-11.2126368,0.183032686,15.0109303
5651,-34.2341437,20.0885803,24.6354334
5652,-15.4824158,5.35852002,7.59698134
5653,-20.6547296,7.37734932,10.7783989
5654,-19.4238047,3.2832386,13.1551272
5655,-14.9151995,1.73620743,13.4596715
5656,-16.0623986,7.12437019,13.3946016
5657,-23.990939,3.16809773,9.76658991
5658,21.5379794,65.5379504,45.7062098
5659,-13.7375147,-0.0378418925,18.4463191
5660,-13.9444148,2.43710251,12.1077541
5661,-11.4853259,0.861072861,15.2577263
5662,-9.54111718,-2.64081832,11.3880475
5663,-12.9191016,-5.07213972,13.3551374
5664,-8.74234278,2.32957052,17.9833342
5665,-16.1804527,4.6099999,15.7794411
5666,-16.388988,11.44544,11.8263957
5667,-10.977238,6.48503862,19.5928598
5668,-10.9550363,1.491508,16.8943751
5669,-9.4715706,10.4911373,12.4565741
5670,-13.1710825,6.8837452,12.6676609
5671,-16.4672462,9.77827776,10.8710047
5672,-11.162789,9.2510262,9.67418174
5673,-11.6865658,6.68479835,23.5402449
5674,-20.5405824,1.79324237,11.437358
5675,-13.0892759,4.43698196,25.7342464
5676,-20.2449537,1.69732521,11.9169774
5677,-12.2984827,4.58825868,14.7722312
5678,-15.1345468,1.78244296,22.7740211
5679,-19.8018279,8.82512285,11.8840732
5680,-11.9110749,3.67419249,17.4847612
5681,-9.79684492,4.25806716,16.9409566
5682,-8.91033663,6.67797903,14.5986888
5683,-9.57255844,5.79393558,13.4185463
5684,-12.5366524,3.4376862,15.3538055
5685,-20.1829462,-10.970722,12.7975405
5686,-10.8372857,3.52125468,13.412334
5687,-19.4894948,1.01336477,21.0915739
5688,-10.6348722,7.55405391,8.60882489
5689,-12.3828293,2.62748934,14.284691
5690,-23.5037661,4.58714624,11.5763596
5691,-15.8676206,1.01097415,11.5314768
5692,-45.162252,10.3159835,23.5498734
5693,-10.2859319,3.06124062,17.829204
5694,-14.9335139,3.66564721,17.9020011
5695,-9.4238619,7.30191921,15.3710788
5696,-21.1258273,3.00030078,19.0893075
5697,-14.979807,-43.5110888,15.3129775
5698,-9.9121392,8.45207681,14.7977889
5699,-15.5488448,11.2527595,15.8691953
5700,-19.7732687,1.00194147,18.7101331
5701,-17.1153611,-2.88077158,15.3376556
5702,-13.5957722,4.40433613,15.9382103
5703,-13.801339,5.3332153,15.8077091
5704,-13.1939208,-11.223159,20.6763983
5705,-20.3049324,17.3439788,12.4593664
5706,-13.2332635,-1.59572358,25.3803747
5707,-14.0574444,2.12871421,12.5971433
5708,-21.729309,0.568585902,14.1813194
5709,-15.6495737,9.2943687,9.90481616
5710,-15.2974181,4.0690671,14.1557511
5711,-18.3224562,5.23927669,7.78823777
5712,-13.5853535,3.94392219,9.32481392
5713,-19.0720731,4.16878013,7.82043952
5714,-17.9055468,4.25533304,8.3109294
5715,-17.0129049,3.59376425,9.5568428
5716,-16.7408001,4.27345622,9.32273634
5717,-12.0690015,6.18465649,8.03808496
5718,-16.7839374,1.34525884,12.0288303
5719,-16.0990866,9.32623438,10.0075239
5720,-15.2779297,4.09492082,14.1557084
5721,-14.9234614,-7.36417915,11.1791535
5722,-9.95418187,-2.55015565,11.5975327
5723,-17.5777031,-9.68041943,9.09376994
5724,-20.7745912,-6.35449488,18.322303
5725,-30.8046735,-20.0670298,34.7437127
5726,-8.99264847,-4.76625256,18.3498004
5727,-8.92250708,-4.63258975,18.34547
5728,-13.1487055,9.63572687,10.4425849
5729,-13.537713,3.95983922,9.29519231
5730,-21.7884395,2.36482957,12.0212612
5731,-18.4332069,0.626246377,12.6290283
5732,-17.7439636,0.600798669,14.0018406
5733,-30.1840404,21.3544638,22.948124
5734,-21.4249911,1.05259279,6.72331284
5735,-23.0196298,3.2914457,10.5054775
5736,-21.1422262,1.21226866,6.88739085
5737,-14.0416024,6.23922034,12.6336917
5738,-14.2174547,6.30227977,15.5856378
5739,-14.6874925,9.38389807,11.1107923
5740,-17.8157556,6.52415767,9.10749909
5741,-17.6544283,6.97654806,13.8253851
5742,-16.0545261,9.86233189,10.9840324
5743,-15.9066142,0.99703489,11.6096184
5744,-13.9882135,2.26217012,13.5424175
5745,-14.7219148,1.86251502,13.6428531
5746,-13.7411403,2.88640173,13.5929461
5747,-13.6814398,3.04253386,13.4861542
5748,-14.7699078,5.80811545,13.0861249
5749,-14.2945308,8.62041761,11.5211659
5750,-18.3862323,5.20659814,15.9014164
5751,-10.0322364,6.51998021,10.0046461
5752,-22.7508947,27.7916838,5.81116071
5753,-18.1141849,5.55219444,12.969807
5754,-10.9222613,5.91006011,18.5515832
5755,-16.9741034,5.53918272,11.6981654
5756,-17.9162054,8.57389701,11.2759364
5757,-12.5417038,7.48671495,8.18527987
5758,-19.4786901,1.04265057,21.1329595
5759,-18.0645792,7.45563176,10.319139
5760,-12.2979279,23.2632765,13.1039555
5761,-10.2853934,8.5950959,9.69178605
5762,-13.2984262,4.18417689,9.78218502
5763,-13.7685246,8.69812376,11.5831028
5764,-9.57130496,10.4580714,12.2132714
5765,-20.1762749,8.32635565,11.5204867
5766,-14.597203,9.2424509,11.2085735
5767,-19.9055268,0.76176159,18.3321279
5768,-14.2127341,9.39146149,10.8150036
5769,-13.9798701,9.32412803,10.2936676
5770,-11.8792676,14.2178182,9.71940557
5771,-14.2803323,8.96723859,11.3132812
5772,-11.3602028,5.42818859,12.1941047
5773,-11.2878381,5.54971746,12.2413326
5774,-10.8073294,11.8229704,12.6592059
5775,-10.9387447,9.50043152,14.390764
5776,-11.665727,5.42969637,12.2443643
5777,-12.8586588,4.96658672,10.9367674
5778,-11.4207653,9.57735992,15.7845982
5779,-14.2466457,8.56260624,11.5465905
5780,-12.452723,5.33179858,12.0474649
5781,-13.1222973,5.75384926,12.1262317
5782,-12.8261653,5.28525709,11.9537526
5783,-12.9001183,5.12084823,11.4375709
5784,-13.0154465,5.47009972,12.0080134
5785,-11.2276434,12.080422,12.40752
5786,-19.8293461,10.788797,20.0157157
5787,-14.6778462,1.8830521,31.5712806
5788,-31.8346768,-84.9763608,1.21121455
5789,-15.5768537,11.7286915,13.7164673
5790,-12.4553115,13.8580791,9.64106121
5791,-11.7931013,13.7455688,9.52290223
5792,-13.7533053,10.9670531,12.8982798
5793,-14.1615337,9.56122571,10.8586149
5794,-12.7896206,6.57130604,24.4072651
5795,-25.8742122,40.4871634,35.3793509
5796,-12.9566089,6.99729258,12.9360033
5797,-15.3126497,9.7444847,11.4243325
5798,-15.2473058,9.70480629,11.4889471
5799,-14.7317801,9.41905573,11.1581905
5800,-14.7486692,9.42775635,11.189381
5801,-11.1220938,10.7744675,10.0491671
5802,-11.4171347,10.620529,10.0652221
5803,-11.1289209,10.7801217,9.97227637
5804,-11.1251503,10.7662798,9.98353993
5805,-11.2069016,10.7248133,9.99983871
5806,-11.1348707,10.7686834,9.97581633
5807,-11.133333,10.7617358,9.98124402
5808,-14.0199175,6.3334706,15.6696409
5809,-14.018429,-0.875080384,19.3252377
5810,29.3555843,14.1374159,48.6998909
5811,-51.7920164,55.7058381,15.069164
5812,-19.1580848,28.8090698,22.6236814
5813,-6.38831869,21.880767,7.69857971
5814,0.282217844,29.8953001,26.8628697
5815,-15.8995304,11.8079608,15.8881742
5816,-5.16750617,14.5892858,18.1772846
5817,8.09673748,-3.62592559,28.5095239
5818,-17.9231688,25.9547603,6.04342865
5819,-16.623949,0.939777774,17.5946788
5820,-18.4386394,6.6115655,17.0024761
5821,-10.9540231,1.52489715,16.9089541
5822,-12.9695411,7.53736024,13.7877847
5823,-12.7693518,7.02976747,13.0901346
5824,-13.9878222,6.34855213,15.6374967
5825,-11.7652779,6.66304106,13.2662393
5826,-11.9060112,6.47517278,13.8281409
5827,-12.0031136,9.81116622,16.2912503
5828,-10.408767,8.70278495,14.4656766
5829,-10.5033451,8.76064489,14.4579317
5830,-11.5522036,9.7720915,16.4011415
5831,-11.6243117,9.80580412,16.3381651
5832,-12.873873,7.04044656,13.1392111
5833,-12.9826022,7.50658184,13.7541236
5834,-13.7506457,6.55731974,14.9549184
5835,-15.6358217,7.23757179,16.9754884
5836,-14.1524528,3.55219155,18.0741858
5837,-10.8554625,6.68482149,19.8733439
5838,-11.7471098,8.16138337,19.0443673
5839,-16.5228187,9.61627112,17.2923705
5840,-16.5737685,9.75220376,17.3104462
5841,-13.4646704,7.80928541,17.828012
5842,-13.6448722,7.47114179,17.683234
5843,-13.036189,8.61067766,18.1721126
5844,-10.9816618,6.62168487,19.489782
5845,-10.9710385,6.66199902,19.4994782
5846,-11.0313802,1.47750613,16.9229393
5847,-21.6351524,2.31924544,12.3348802
5848,-12.6552617,1.11551743,17.3096943
5849,-6.07783032,-8.39271244,28.2997343
5850,-13.2796724,0.632980835,18.1662498
5851,-12.5162335,-13.7437392,21.888829
5852,-14.1559959,-1.39879326,19.2501082
5853,-12.7797189,-14.1682267,21.5556473
5854,-17.1091304,-2.84864456,11.7793613
5855,-4.54917856,18.2027912,14.1945798
5856,-10.46893,-15.692554,17.3723936
5857,-16.8036881,-5.53416471,21.9247975
5858,7.62234109,-52.0405838,153.804542
5859,1.8628118,-3.28365416,22.3407589
5860,-14.8455956,-14.3447688,20.5426979
5861,3.65676443,-4.8307062,17.4083444
5862,-32.4349745,21.5303735,23.2943269
5863,-49.9248942,29.0146366,-1.23968117
5864,-34.9871233,32.6266435,-2.48267163
5865,-17.9873036,20.5420204,15.3864415
5866,-19.8425174,8.77592626,11.9892658
5867,-19.9457442,8.79262364,11.8848708
5868,-25.1531468,-6.60925548,13.76427
5869,-15.2384497,-9.00848394,17.5065689
5870,-9.68145445,4.69397363,19.9761976
5871,-10.3414447,5.18287451,20.0257508
5872,-11.0507555,5.28048677,24.6247948
5873,-11.6144347,5.75009919,24.1140033
5874,-11.1985511,5.60928424,22.3055881
5875,-3.55659029,-3.31211886,35.3770056
5876,-29.813671,8.52714848,12.0797653
5877,-24.0121837,2.99009144,9.12884369
5878,-21.9114179,2.34554223,7.49565654
5879,-21.4329111,2.3272093,7.57920354
5880,-25.1878977,-7.98406228,12.1575059
5881,-28.1073204,-36.1051565,16.8015714
5882,-22.036229,-4.5285247,8.34482738
5883,-21.3321305,-3.54326685,9.32912128
5884,-27.5071274,-16.205521,9.46604639
5885,-32.0553028,5.13741252,16.26924
5886,-24.1943166,-7.15651475,30.4743854
5887,-31.8297521,-10.0350054,13.057449
5888,-22.2660548,-5.22108009,29.2355288
5889,-21.6117362,-5.91600642,22.4131582
5890,-35.8671752,-21.2446672,10.6662151
5891,-30.8268508,-6.52306966,7.55686781
5892,-31.9584535,-6.66026435,7.91907985
5893,-23.8923133,-3.5430353,13.7824931
5894,-20.987039,-6.85109654,17.9260089
5895,-19.7320247,-18.3587276,19.0422468
5896,-19.499479,1.03327746,21.1260071
5897,-17.0005289,10.5990382,17.741631
5898,-18.7627094,12.2153253,20.2693107
5899,-29.6524795,22.8377615,6.54849282
5900,2.71793072,2.00747699,17.7535529
5901,-9.11508082,31.017505,15.500599
5902,25.3983078,72.5535249,44.787824
5903,0.278494847,22.2099612,16.9794607
5904,-7.6692811,18.2264116,9.90287428
5905,-69.7929702,31.7172951,30.297957
5906,-31.3315304,16.8599887,19.9025494
5907,-35.8327787,33.0771938,-3.15804691
5908,-28.4232609,23.7834577,17.615839
5909,-10.0793848,17.2426511,13.3673167
5910,2.85355495,49.2814118,33.5520897
5911,-41.6952575,29.2067502,-3.28666234
5912,-30.310496,21.2784597,16.2481808
5913,-49.6494751,30.1003643,-2.50036652
5914,-7.7430638,15.2660987,9.1850394
5915,4.78817846,7.35489473,30.3662355
5916,-23.7110122,5.70478217,17.6072391
5917,-24.7136423,6.84725226,17.6577601
5918,-3.57664754,-4.84061866,20.9710111
5919,-13.9149211,3.95625356,26.2937433
5920,-24.0831365,6.03390046,29.8064001
5921,-14.5385265,-3.46181588,13.5222381
5922,-29.2220036,17.8015787,6.85822577
5923,-20.0733243,7.82957892,18.0049809
5924,-20.390904,7.56870549,17.826284
5925,-20.0036821,7.33719502,17.8211202
5926,-15.3284464,2.53198379,24.3830727
5927,-15.4928482,2.41748184,24.1480771
5928,-15.4212045,2.41841709,24.2969898
5929,-13.3876609,-16.4414608,10.8770773
5930,-12.7405556,-10.9254858,20.1246347
5931,-27.98077,8.35996969,11.6667495
5932,-28.3963379,20.1330138,51.0811128
5933,-6.24889154,27.9408078,50.3563705
5934,30.8448628,35.4784358,65.2504996
5935,-10.4341765,-24.3967201,24.8551089
5936,-13.7502308,-28.7414693,26.3016988
5937,-3.76879107,-24.3184719,8.10350508
5938,-13.816289,-10.8167602,25.9048429
5939,-11.1035924,-1.87891289,20.3310606
5940,-37.6622256,-3.64244628,39.8941588
5941,-29.8760295,0.214811936,13.3552072
5942,-39.0901711,-3.98515829,40.9741215
5943,-26.0690335,-7.76022745,11.8963904
5944,19.2932269,-11.563086,1.3330975
5945,-31.4540789,6.90927842,18.3588685
5946,-26.3904492,3.05474925,23.575
5947,-28.0350938,6.07993136,20.3291808
5948,-27.8961173,5.53316554,20.535839
5949,-32.0630954,-13.7847867,18.9010203
5950,-31.6295446,-9.52932851,18.2676891
5951,-39.7350936,6.19689043,20.7861325
5952,-22.7876408,16.1261105,8.44628593
5953,-24.3491784,12.4467218,9.48719232
5954,-24.1142472,11.6834719,10.4286946
5955,-9.10614253,29.0212214,8.30653956
5956,-23.1804239,15.4248172,8.27340011
5957,-23.1641718,15.2044627,8.33717504
5958,-23.1155704,15.4714687,8.28642318
5959,-23.1713074,15.1156953,8.36633373
5960,-22.5501585,14.7444377,9.37478679
5961,-25.6120403,7.57213913,15.6621677
5962,-25.3274752,7.80749737,15.5944338
5963,-26.1122928,7.79996525,13.3502013
5964,-25.5328062,8.28940602,13.1737749
5965,-27.549661,17.4853767,7.94612449
5966,-22.1904105,17.622199,8.09632576
5967,-28.4597474,17.755596,13.7549268
5968,-2.01852777,15.4318338,13.6093026
5969,-17.98079,19.0334751,18.8302295
5970,-13.0631207,24.6529128,23.371393
5971,-25.1391954,29.1436543,5.14199876
5972,-23.0477853,27.3870466,5.64882173
5973,-12.3308187,27.8794208,6.26615683
5974,-17.5163318,26.4448349,5.53375855
5975,-13.950114,25.4863858,7.05141521
5976,-26.8243327,110.673921,15.6387176
5977,-13.6949749,71.6468858,1.90997492
5978,81.0364859,28.9163465,62.9190028
5979,-1.21815462,27.1554216,7.9591808
5980,-37.4046452,42.0462933,-1.62791921
5981,-37.8300981,43.0160427,-1.65621993
5982,-7.74514034,28.1086552,13.2126457
5983,-30.9106742,38.2128272,-0.283958713
5984,-20.2740447,23.2177389,16.222165
5985,-28.0208287,20.9483393,50.6089447
5986,-7.76924204,17.4839163,11.882734
5987,-34.303287,18.7593428,25.2518589
5988,7.41148969,25.5585138,7.99560468
5989,-24.4329359,32.713808,5.16840892
5990,0.961616834,27.8540141,8.46236673
5991,-14.8319411,22.9457182,6.1387739
5992,-11.6018916,17.8023787,9.8174678
5993,-9.86030587,25.3114337,11.8221179
5994,3.63628656,26.1126736,10.5186018
5995,-6.92666035,20.2406516,9.0636011
5996,-15.0830996,14.5051956,42.9008405
5997,-3.91278587,20.6578406,8.38802321
5998,-20.2679651,17.3566991,12.1992423
5999,-19.289698,16.4754691,11.2611855
6000,-16.1197027,38.9602543,17.4391248
6001,-5.03115709,15.4969198,19.7298358
6002,-16.159818,16.6883149,21.6210454
6003,-15.696181,11.7517386,15.715698
6004,-15.3922191,16.9322672,8.34745126
6005,-3.1301584,14.4045737,12.6096148
6006,-10.7794171,47.6627994,61.4824925
6007,-12.3936958,17.9692822,9.01960012
6008,-11.6369417,17.7160914,9.91400432
6009,-7.57792365,17.8942898,10.9014903
6010,-8.53174052,19.0964343,16.8985454
6011,-16.7619462,16.9043975,7.86158757
6012,-5.26932218,31.130464,16.9742594
6013,-19.8526911,21.3760771,18.0548749
6014,8.01107994,13.279579,6.63392122
6015,-19.3493751,18.0551589,18.2695185
6016,-18.4170259,13.8230975,19.5356032
6017,-18.0823959,15.1771666,20.9100751
6018,-17.4927237,16.6999511,8.0451407
6019,106.102539,31.1358583,55.6816537
6020,-20.8240597,16.9255548,10.5553175
6021,-10.8344267,38.1902233,20.9601473
6022,-15.7025588,40.956982,20.7668578
6023,-16.7699008,13.5380083,12.1042756
6024,0.567331321,29.1986573,24.3693786
6025,-20.0256905,17.9848353,12.8350081
6026,-8.22941746,19.9452108,15.483916
6027,-18.4208867,28.1054225,4.40987112
6028,-20.2887136,22.3187757,17.9994856
6029,-11.6032703,27.4212769,16.5651361
6030,-54.7994832,46.6620933,12.5876616
6031,-16.3390811,14.2898596,11.56522
6032,-1.30890041,29.4400202,24.5616879
6033,-14.8693785,15.84204,10.6947424
6034,-54.3745601,44.7094069,12.9121444
6035,-3.43683999,14.274089,16.8179657
6036,-19.1319514,21.4821513,14.964696
6037,-20.2693764,17.4778065,8.39270006
6038,-19.4050506,17.0448647,8.32745069
6039,-21.3655126,17.5364786,8.76635816
6040,-21.343054,17.3466164,8.87062053
6041,18.2861502,27.2949453,11.7255862
6042,-7.06713887,14.602852,12.8223098
6043,-13.2822123,16.2979115,10.7404774
6044,-13.2899541,16.3228272,10.894696
6045,-13.3972849,16.2686071,10.6999138
6046,-14.1318269,16.1305351,10.7269306
6047,-16.0026528,15.9197411,10.5761923
6048,-15.9577549,15.9332821,10.4531726
6049,-15.5443576,15.9467926,10.5879016
6050,-5.18580744,13.8048024,17.3224544
6051,-12.5236104,23.1146187,12.8937335
6052,-10.2918736,20.3767418,28.8144515
6053,-26.1228836,40.4917097,35.5017847
6054,-8.25683979,20.3176358,15.5167655
6055,12.186621,50.533219,-40.2878582
6056,-8.61574399,17.6575315,9.95577177
6057,-7.07691583,26.8819566,38.0069031
6058,-5.22872283,13.3712285,13.520725
6059,-7.80620889,18.0474068,10.1019983
6060,339.137335,100.241732,217.743185
6061,-19.7835316,68.7860426,45.1119961
6062,13.8788119,3.5598074,8.1015355
6063,-6.31765847,12.8570416,17.9135667
6064,-7.83947011,20.7034986,10.7730282
6065,-0.238882782,29.1743013,25.31885
6066,11.1870819,14.1730846,13.0732932
6067,-7.75812712,27.9818134,13.1470094
6068,-8.59511752,28.1306549,9.695615
6069,-3.38543457,13.7376495,12.3014355
6070,-9.53750092,25.4565808,12.6646103
6071,-11.7791207,13.8627779,16.0652554
6072,-9.62434575,26.1634883,10.6384672
6073,-6.91032572,21.3554703,8.17566977
6074,93.7080883,3.10125626,70.5212555
6075,-5.06886458,12.9472208,10.9967285
6076,-1.52783169,20.4908388,16.8800787
6077,-27.1596034,16.785834,38.3646928
6078,-12.9794288,11.8752416,23.7509326
6079,-21.8586711,13.8512332,34.2806011
6080,24.1036819,18.8639775,30.0590217
6081,7.11648288,17.8974825,9.44160454
6082,7.59795129,14.7498349,3.31883295
6083,0.864151558,23.4775946,21.2587331
6084,-2.17671766,21.3701438,22.5906363
6085,-5.08933064,14.8181088,18.3184213
6086,-7.70671041,12.5823108,21.5317808
6087,-8.24637907,20.3040878,15.5340243
6088,-5.92475817,17.4544913,12.5304601
6089,-3.98101882,17.4868243,14.5852557
6090,-8.17128859,17.6154522,10.2210086
6091,-7.76903972,17.9318602,10.205076
6092,-6.21173452,14.6774244,8.44412943
6093,-6.04823384,14.7185644,8.40447193
6094,1.74674556,21.6458248,8.74843619
6095,-4.32943732,18.2972531,8.70289849
6096,7.73553591,25.2888311,7.36063983
6097,-5.51438472,18.1256831,9.51651894
6098,-5.21781489,17.8770824,9.3219703
6099,-4.92558846,18.0694059,9.0607914
6100,10.9293215,25.6881942,20.9493869
6101,-5.82839059,13.1966279,17.1651131
6102,-180.045513,63.6801747,-23.0446118
6103,274.982611,-98.1326085,85.4104367
6104,-9.67380772,14.671669,14.4752809
6105,-9.06340837,12.4649462,21.4975403
6106,-13.9613421,24.6896898,23.8653084
6107,0.657450751,9.31512708,30.3047139
6108,5.01474237,13.0640328,20.5100484
6109,-2.6526436,22.4251747,24.9445061
6110,45.2585286,3.03710997,38.9031343
6111,2.76509645,28.6907501,9.45310486
6112,-7.76573351,12.0215,22.0138056
6113,-11.7855742,13.8679177,16.0641402
6114,-9.87311989,12.5528299,17.7443602
6115,-11.7680265,13.8854191,16.0288125
6116,5.7651707,50.3189474,31.8846002
6117,-8.35959974,19.6262177,20.97634
6118,13.088846,12.7378835,13.791034
6119,-4.63227019,14.3454313,17.1079762
6120,-4.10462566,14.7055156,13.8264496
6121,-3.97511444,14.8654545,13.8328087
6122,-3.91042302,14.9538023,14.9128772
6123,-3.69220252,15.2178646,14.2325152
6124,-10.9798391,14.8499637,14.4231161
6125,-9.34762524,11.5274754,22.2846604
6126,-0.727905684,1.2941519,17.467944
6127,-6.41562526,12.9028892,16.6271565
6128,-6.39498659,12.916653,16.6026609
6129,-7.19453001,11.953739,23.0874065
6130,12.4656898,26.0023491,25.9289856
6131,2.55649433,30.6231379,32.1034965
6132,21.0550765,37.8736596,17.8425104
6133,-14.7629161,18.2289155,21.1793752
6134,-12.286947,19.0693712,20.8937005
6135,-12.9831007,19.237064,21.1097721
6136,-10.3451257,31.8181021,6.92717949
6137,-57.3605522,65.4960756,36.9566412
6138,-16.0763513,16.5748509,21.9323844
6139,6.57160646,20.4830152,18.2734254
6140,-17.2855422,13.6935795,24.5094805
6141,-15.8425795,16.8460726,21.6333637
6142,-14.5341368,16.8892021,20.9877179
6143,-14.9920091,17.9145026,21.12629
6144,-14.545678,17.6368763,20.9305977
6145,-10.1879903,52.7318299,56.0519592
6146,-17.2718035,31.1249573,27.9521153
6147,-7.28758934,93.2538874,6.86747286
6148,-16.2455738,30.6593039,27.8790858
6149,0.528415616,-1.67870824,23.8892111
6150,5.61225744,13.3778204,10.6017703
6151,6.73133576,21.718842,4.98832005
6152,-3.35230833,21.8640835,24.5827766
6153,-3.79859838,21.5942901,24.5209918
6154,-32.8859883,55.6116141,5.19684507
6155,-55.4725101,24.1820907,20.9673984
6156,-2.43455097,31.0723221,25.6347181
6157,-6.94219203,29.2692838,6.50668877
6158,-7.97143483,30.0318314,15.1781356
6159,-53.9386827,67.5609974,31.5715946
6160,-19.6166718,35.6235243,25.8148646
6161,-20.1565845,33.8080329,23.5887396
6162,-0.398500472,24.5056448,-5.33991307
6163,-3.04859465,30.8133094,16.9596778
6164,12.9319546,14.2288621,-7.67196785
6165,8.36291856,26.7904495,9.38527961
6166,-52.0286393,47.3972457,3.40093761
6167,-51.4120198,57.2763562,11.3440115
6168,-53.6462279,50.9776657,5.53774926
6169,-53.6663917,50.9180409,5.51157984
6170,-19.0763946,60.9687216,107.931479
6171,-23.9317925,55.505979,-3.38464264
6172,-32.5644819,52.7201365,2.20637357
6173,-31.5529848,49.7760794,0.513027956
6174,-20.9374872,39.077885,0.512799629
6175,-23.5204027,38.8842139,1.32566741
6176,-24.2515788,39.0527625,1.49085603
6177,-19.2224966,36.6037278,2.49735766
6178,-19.0256007,36.4510443,2.6311271
6179,-22.0369311,37.0894638,3.40406021
6180,-40.47619,20.3723295,29.2821667
6181,-41.3580048,17.6218409,36.7145793
6182,-28.9715279,20.6879671,48.8696259
6183,-30.2265109,20.0158048,45.5415971
6184,-27.6712225,22.0798827,51.2335426
6185,-45.4753101,20.2145889,27.1049201
6186,-42.7866766,19.8660216,28.4563652
6187,-43.9060118,19.5744368,28.1965701
6188,-33.2119903,18.2090283,43.2552667
6189,-32.7609074,18.5115895,42.7993099
6190,-52.8804778,67.1772551,32.8328721
6191,-54.4643024,67.5816016,32.7358812
6192,-20.9158914,92.0665853,9.89360061
6193,-22.110862,91.2198198,9.39218729
6194,-21.4334841,107.507753,66.5953063
6195,-56.2184562,50.7413387,59.544207
6196,-114.256305,37.9972482,114.997443
6197,-35.6033087,100.042258,71.885536
6198,-199.101928,19.8172182,134.92881
6199,-594.244912,11.9404595,441.561909
6200,-116.751575,121.963552,-47.020358
6201,-22.1810856,-79.1909231,41.188509
6202,35.5574086,31.6551347,60.3252513
6203,-55.3154368,86.5735437,94.3495771
6204,-28.2322981,34.6532585,117.301745
6205,-61.8125119,13.9639629,79.5226756
6206,6.2502528,-0.0159753409,22.3934186
6207,-78.2005804,41.6575423,48.8919192
6208,-78.8343713,109.549606,118.660251
6209,-84.9094269,116.644641,67.7872536
6210,-67.4694228,41.4498015,71.985157
6211,-109.610169,99.1292928,-32.4251173
6212,-430.145746,-312.945065,168.782513
6213,15.6968713,14.8131176,16.9620085
6214,59.1727844,87.0999058,97.1458361
6215,46.9307394,80.9093904,-21.7171642
6216,2.37599745,-19.9303537,24.30021
6217,-59.8853145,91.7760869,31.4107105
6218,-63.9583547,89.2647043,36.930756
6219,-95.3376728,87.4433902,-11.7161387
6220,-90.8619143,-53.9734218,30.9273851
6221,-63.4045288,83.8870994,28.9884755
6222,-64.3033868,83.9338974,30.9624452
6223,-114.618763,52.7975373,13.6382746
6224,-108.032689,39.7956162,42.6217855
6225,-158.279239,-16.4335971,94.4808747
6226,4.21600584,-9.90479694,16.9749973
6227,-438.119061,-319.005594,167.765447
6228,-58.6006397,-115.285908,70.0928181
6229,-58.6309611,40.8186013,84.8133402
6230,-20.1713868,43.8922824,58.0872529
6231,-54.3734873,84.174759,96.6555681
6232,-5.93006271,94.1111231,6.73735611
6233,-10.0029293,36.2512181,59.189295
6234,-38.0036707,-119.36586,-16.3262658
6235,-93.4162272,4.00207339,42.1854948
6236,-30.2273632,18.1004273,58.9351084
6237,-59.6145876,-10.8281199,85.6009839
6238,-61.0200078,38.4807689,85.3825225
6239,-4.17411718,72.1463791,57.9946076
6240,-114.18022,-67.6920662,57.945033
6241,-13.3631301,28.906052,-65.7519502
6242,-105.556746,-23.764254,69.0672793
6243,-26.7902934,26.0002546,55.8621361
6244,-54.5378464,46.8694077,84.5091901
6245,-60.3772417,36.1371153,86.3709638
6246,78.1966854,31.1998402,70.8740864
6247,29.7570335,7.64869229,17.3103262
6248,-31.3755434,-13.9918238,19.9749594
6249,-55.1002734,-48.8608653,85.7228351
6250,-19.0348755,32.916417,55.9881353
6251,-21.1483469,33.8568773,55.6168746
6252,-22.7130933,30.5274256,55.3516386
6253,-55.2310867,45.5106585,81.7564686
6254,-55.2272662,45.5593239,81.8669984
6255,-55.2815107,45.4716761,81.8019737
6256,-108.533005,-0.435141501,44.3153317
6257,-58.292018,-12.2419498,23.3455304
6258,-12.8115721,2.11085899,45.740467
6259,-90.7332335,-17.7735391,65.1445093
6260,-50.4366987,18.2003542,77.2593703
6261,-60.1015587,30.9852999,86.0926982
6262,-16.0484857,-1.70255738,15.7125129
6263,-23.5154876,-17.5463795,54.5927107
6264,-207.646383,16.9925857,144.885362
6265,-132.020657,33.1408574,127.569366
6266,-67.3367241,24.3397829,96.9648627
6267,11.1220099,-37.0355015,-62.8273596
6268,-2.3460445,-51.7197075,79.7551192
6269,5.47675013,-48.7386403,106.688518
6270,-77.5950466,1.81662087,28.32527
6271,-73.8354491,-0.901397892,21.2870889
6272,-102.310645,-18.6265677,9.34638813
6273,-66.0498805,4.23830716,82.4385783
6274,-84.3252334,-17.6465967,74.0632797
6275,-67.4030148,1.5069283,81.0424978
6276,-69.6477883,-19.0528182,76.7400047
6277,-12.7751555,1.94580365,45.6180845
6278,-16.8772972,-14.1423169,9.7732907
6279,9.42028679,-6.9960466,24.2497566
6280,47.3253965,-46.5206183,64.8157374
6281,-17.2029669,-19.4082449,8.79522016
6282,-97.0781603,-42.3753958,5.27250016
6283,26.1471974,-6.68295843,21.4176048
6284,-47.8086788,-14.5442789,10.7315049
6285,21.5489818,-20.0032582,43.3633238
6286,-98.6028228,-33.4212927,0.362645081
6287,-95.1195866,-34.0173536,-2.26896305
6288,-99.1896787,-30.616049,0.394934135
6289,-83.7572079,-29.8980265,0.320637636
6290,-91.3943731,-36.1888536,-4.01370996
6291,-46.0195934,-44.4956485,-0.438908608
6292,-15.4202876,-9.88631161,11.9430618
6293,-84.9204432,-37.1968618,-16.0772541
6294,-86.1351754,-37.1035997,-14.0516822
6295,-15.3416379,-50.7092558,35.111114
6296,30.72142,-100.883941,61.5983243
6297,-43.5921641,-44.2555911,4.59093809
6298,-2.94336271,-6.74967099,21.509559
6299,-79.9859781,-45.909249,31.6884007
6300,-42.9769715,-11.9457372,45.2231308
6301,-33.4171703,3.59858447,15.0373386
6302,-17.9093553,-106.560016,63.7116505
6303,35.6153754,-33.9592058,22.8822187
6304,-23.9767842,-2.64081645,14.0285858
6305,-52.4866801,-23.5577355,16.8130128
6306,74.5044133,45.3440952,-15.823951
6307,-16.8998288,-16.0532682,14.1575435
6308,-12.8889094,-17.8910812,10.0557082
6309,-61.6402151,-16.4689675,26.6940303
6310,-0.449134908,-14.091538,18.9719871
6311,-13.5449678,-47.7117503,17.1955803
6312,-47.4798768,-13.8538263,46.851319
6313,-54.5271994,-22.975211,53.620774
6314,-33.2239165,-17.2546503,47.1434743
6315,-35.3607344,-15.9115228,47.4184192
6316,-32.6805435,-18.1696511,48.784426
6317,-64.1803023,-30.2114618,36.5637666
6318,-52.6932635,-15.976314,17.3252533
6319,-59.8488504,-0.288083954,16.365336
6320,-53.2686592,-25.3845442,16.4918186
6321,-51.6569892,4.22562017,19.3915904
6322,-44.0343272,-10.4688256,9.14240916
6323,-28.0289752,-7.1296528,19.8913989
6324,-20.8156754,-17.6026237,16.6611155
6325,-39.5851688,-8.74444104,10.248369
6326,-37.0706409,-6.68632755,10.992572
6327,-63.6794351,-22.9411526,43.1353859
6328,-62.7195314,-18.1899633,36.5198255
6329,-62.3580599,-20.6124428,25.2175225
6330,-61.9680768,-16.6138336,26.8569039
6331,-5.33077831,-18.1462806,10.7406315
6332,-5.94194415,-12.8081411,23.4876625
6333,9.3223134,-58.1479728,128.248059
6334,7.1346034,-355.707528,646.673148
6335,71.5536858,16.8217307,28.0920894
6336,7.71795383,-67.9879529,136.812189
6337,-17.4370488,-2.45921871,38.4586564
6338,-15.9187751,-16.5391047,14.8714014
6339,-16.9356876,-25.3147263,54.1007478
6340,-14.7450641,-16.0710409,11.0608631
6341,52.7562623,28.1849269,108.102508
6342,47.6376306,-10.2993858,70.9638701
6343,-12.7222647,-17.9219512,10.4903887
6344,-17.8059211,-9.5978797,68.4381285
6345,33.4771966,-22.5198774,89.1973529
6346,-3.22090495,-7.36038201,17.6068989
6347,-27.0817895,-16.2095164,9.07279107
6348,-30.231775,-19.5442533,42.9323107
6349,-23.499546,-21.2700273,54.9889989
6350,-23.2533844,-21.8380539,55.6728786
6351,-23.1052182,-16.4903621,10.3673893
6352,-20.88759,-9.95279251,13.6298838
6353,-23.1694696,-10.2316238,7.58251252
6354,-13.858133,2.12910519,28.1695487
6355,-16.4711284,2.75676238,30.2690924
6356,19.3172965,-14.9722952,42.6744452
6357,-20.3119619,1.61415348,29.3889207
6358,-21.5636976,-5.35624305,16.6821072
6359,-6.98967011,-3.64651597,22.2016046
6360,-0.0817468486,-14.4654313,19.6211869
6361,-34.1843194,-6.56810354,10.9324166
6362,-14.9391791,-7.39508841,10.983974
6363,-15.5113038,-11.7131609,29.9559414
6364,-3.11998993,-6.84164907,10.5178495
6365,-31.5923384,-6.08575358,7.16605125
6366,-12.7353371,-5.16622533,13.0857987
6367,-26.1582048,-26.7144708,14.1637731
6368,-13.8032726,-18.6062401,30.6244747
6369,6.53319124,-35.7606207,30.5161561
6370,-14.7387576,2.01783286,27.3467267
6371,-18.9624936,-4.82740339,11.5116397
6372,-8.45373445,-0.523749615,25.855597
6373,-11.6666184,-1.96799236,30.6261495
6374,-12.0354022,-8.28615751,29.9198108
6375,-13.6385139,-6.21007642,17.7113693
6376,-27.0619563,-22.9662184,33.3793178
6377,-4.0463444,16.5282703,22.1705714
6378,-13.6214913,-8.94714941,24.6945582
6379,-12.5071837,0.307581442,27.6403254
6380,-17.404833,-7.27478352,18.1836178
6381,-13.1121673,-10.0625536,26.482025
6382,-20.5049712,-0.320510091,24.3767491
6383,-13.5732685,1.7590589,28.0171927
6384,-14.3545211,2.34180028,27.9896258
6385,-14.278697,1.87167988,30.7272417
6386,-19.7796243,-4.75304036,21.6823371
6387,-10.6800424,-4.90387154,17.6920307
6388,-0.289241194,-1.77521493,24.2464052
6389,-12.2510328,-8.78463676,29.2431442
6390,-9.82783968,-0.0613455697,26.1724635
6391,-12.3808419,-1.19013519,24.5792981
6392,8.06690005,-0.596248692,21.0236462
6393,3.67407774,-4.73983094,17.3597258
6394,-12.6805418,-1.13429532,24.8900376
6395,-13.9936148,-4.0472866,19.2308963
6396,-14.852302,-3.55609253,14.0459497
6397,-34.3894997,-2.79102706,28.500883
6398,-21.8619507,-0.224292067,25.3887316
6399,-12.9294641,-0.414774483,26.294232
6400,12.6472958,24.4616218,97.2154278
6401,-6.60282322,-15.9579558,10.5534056
6402,-4.98794754,-8.86982235,11.3992773
6403,-8.41369161,-25.3717096,25.8624046
6404,-6.55782515,-6.93361487,13.059977
6405,0.0625780732,-15.9231989,8.7733851
6406,-5.81145183,-5.55196264,31.8507366
6407,-16.6802858,-3.04917282,15.0640301
6408,3.17429257,-9.33121147,18.5714096
6409,105.251248,-50.6498871,74.6888964
6410,1.21553514,-7.05625586,28.8578548
6411,-17.408132,-24.0889033,7.92119981
6412,-2.80208678,-2.76686992,21.90482
6413,-13.9258822,-9.22184696,24.4026936
6414,28.4732234,-37.9729051,75.2433456
6415,-0.194242602,-1.79029313,24.5561647
6416,-11.9262092,-13.9549361,23.1215084
6417,8.65370987,-6.79019907,18.1160729
6418,-12.0892694,-14.3093058,9.04024888
6419,-6.17296752,-9.0944775,26.6690283
6420,22.300002,5.75322254,-0.410564116
6421,-11.2093184,-13.9229562,23.0223728
6422,-3.73274301,-1.33281597,21.7697686
6423,-3.75311756,-1.00866371,21.2638745
6424,-6.95636665,-0.887489111,20.661975
6425,-7.67100984,-1.81265359,22.0060262
6426,-8.09342231,-2.02746273,21.731302
6427,-8.71929508,-2.67105477,20.1163826
6428,-8.6513561,-2.6623924,20.5984685
6429,-7.67101254,-1.15703612,19.8949241
6430,-7.86098475,-1.32123913,19.9890337
6431,-5.06422719,-4.22743937,22.1866934
6432,-9.71362504,-5.34188354,18.2351177
6433,-9.04097392,-10.2134753,17.8996048
6434,-16.1496151,-2.35771608,8.44929342
6435,-5.82790981,-5.01387862,23.5164825
6436,-6.1065623,-5.14239068,23.7954118
6437,-13.4216919,-16.4744566,10.9038203
6438,-21.7632713,-7.48312304,8.68959201
6439,-8.00257015,-11.4684626,9.0030759
6440,-5.0688422,-7.99490583,11.6236305
6441,-3.76829321,-3.83619435,12.9782864
6442,-11.8995973,-14.1746993,8.80668259
6443,-6.60614043,-2.02206592,11.9989949
6444,-13.5220396,-1.84853456,15.9767431
6445,-11.6538877,-14.9280269,11.7208942
6446,-17.0384088,-2.58893299,11.5985264
6447,-10.8501554,-14.4556231,15.1290439
6448,-35.7831415,-21.6921486,10.6041157
6449,-8.98864942,-4.61131944,18.09059
6450,-16.2486546,-10.3028708,8.5487254
6451,-14.2671704,-2.05944681,14.8108203
6452,-4.41750348,-14.4588172,16.586215
6453,-12.5389408,-5.21868498,10.2595221
6454,-9.10689413,-9.03153046,13.1038211
6455,-22.8022024,-8.93784521,9.88589269
6456,-45.2974938,-64.3047287,50.8537895
6457,-15.9113263,-11.2328006,8.32874145
6458,-12.980463,-13.2723112,21.9205739
6459,-12.3632387,-14.3607732,9.67068706
6460,-15.4599028,-30.82525,11.9730233
6461,-10.9943393,-7.31984594,17.7034876
6462,-2.15249355,-13.8532623,9.95412641
6463,-10.8868464,-22.9851549,14.7478599
6464,-10.728145,-9.86319213,13.6659992
6465,-15.5391932,-28.7131698,18.9031756
6466,-42.8461404,-76.4887188,0.598816875
6467,9.8100105,-45.3546708,109.342639
6468,-34.706901,-38.1310051,22.3043549
6469,-27.8608839,-4.02149759,7.77890991
6470,-10.9341403,-5.02161091,18.1978904
6471,-14.6978733,-10.2321164,18.7683678
6472,-17.6563578,-15.4429297,19.3781423
6473,-9.53618141,-16.9120287,12.3533611
6474,-34.345236,-2.78058305,28.4916705
6475,-6.40472668,-19.69145,13.0470539
6476,-11.7209999,-37.2778725,38.9331336
6477,-16.4778188,-8.09161807,15.3687733
6478,-13.6848295,-2.00597487,15.9764951
6479,-19.0749536,0.0129390201,12.7426605
6480,-18.8009518,-5.34146153,11.4183701
6481,-25.0145762,0.450743273,10.3716891
6482,-31.978158,5.9515704,18.0666214
6483,-29.8657961,-8.91142501,10.2536373
6484,-31.5861843,-5.87535278,7.10331447
6485,-26.2755062,-7.79414964,11.8547222
6486,-20.8279068,-9.97709913,13.5829998
6487,-23.3266141,-2.59612377,6.46907667
6488,16.5185528,5.6403707,28.344944
6489,-31.7547544,-11.2763328,20.4037768
6490,-3.8064556,-19.6069186,13.7091257
6491,-35.6447504,-9.18771313,23.0510134
6492,-20.8158199,-17.5995307,16.680393
6493,-9.08119639,-5.16187411,18.3944264
6494,-5.13806216,-12.4482019,13.413718
6495,-5.29747306,-12.382122,13.3322975
6496,-8.78497925,-9.95300096,17.9041847
6497,-16.9992007,-3.10527822,15.4139139
6498,-6.15184433,-12.3030682,12.6349454
6499,-10.8694502,-11.9489754,10.9959876
6500,-4.01783343,-0.865282717,14.6301742
6501,-15.8907112,-8.66880761,14.8038857
6502,3.0109556,-25.0676303,-1.82279387
6503,-11.6105809,-25.3683017,11.1139052
6504,-6.54744031,-20.2570617,8.32212679
6505,-2.71849804,-8.87685998,19.750056
6506,-7.78253685,-21.2396164,15.9350326
6507,-7.81864479,-9.45377609,11.2915156
6508,-5.67030886,-9.04241833,15.61203
6509,-19.2219183,-17.4848936,35.0466293
6510,-16.9161709,-21.3172433,7.62124396
6511,0.0834932796,-4.86020478,14.7514582
6512,-8.47334356,-28.649074,8.27400357
6513,21.9517802,-16.7336581,10.4319188
6514,-9.18666188,-15.3750068,13.1772522
6515,-11.2011477,-14.5890597,12.6815229
6516,8.96760887,-2.04017511,7.76340414
6517,-6.34903493,-15.4294615,12.2434278
6518,16.8763415,-16.6729799,13.2608618
6519,-11.0952257,-11.9988411,11.1063479
6520,-8.47319252,-16.6469371,16.8877434
6521,-5.13603284,-15.3051251,10.3450894
6522,-3.89612324,-13.7160018,12.1629104
6523,-2.95829346,-8.55856608,11.070954
6524,-6.76648054,-14.706664,17.6266261
6525,-15.544303,-1.18739571,11.1573968
6526,1.9614856,-4.28620073,6.2953029
6527,-5.30620846,-16.5369476,10.4304107
6528,9.94794753,-23.4502385,20.2508395
6529,-6.06318699,-29.3459471,8.13471819
6530,-4.77143598,-14.9206988,10.3163893
6531,-10.5095148,-11.6670449,15.6862976
6532,-9.44575378,-5.95871679,18.6405636
6533,-5.06629356,-15.9702978,9.61952606
6534,-6.26048908,-15.3578902,12.018497
6535,-6.30387803,-14.1754246,17.0929194
6536,-11.9205978,-14.1949226,8.8216381
6537,-14.113298,-2.48883204,19.3856011
6538,-8.83031198,-9.26542967,10.1553462
6539,-3.47905557,-23.1091522,20.5460629
6540,-10.8370687,-23.0257102,14.7783587
6541,-11.2837953,-12.1649447,11.2723855
6542,-10.6705248,-13.1000225,14.7192188
6543,-8.32231169,-16.6344635,16.2139693
6544,-5.82670543,-15.5700602,9.76983145
6545,-11.8849765,-14.1883505,8.80371373
6546,-7.25831421,-15.1044557,18.1634508
6547,-5.92044673,-15.2443462,9.91124437
6548,-5.23559317,-15.7723718,9.97250881
6549,-11.1665341,-12.7608019,9.73592088
6550,-7.60697418,-7.51301908,12.6807827
6551,-8.56489866,-8.75681208,12.5249397
6552,-10.1288798,-15.4529395,17.3850191
6553,-4.88272967,-14.9805948,10.3696917
6554,-4.90981608,-14.8531233,10.6232141
6555,-4.87368835,-14.8941967,10.4887385
6556,-16.1321557,-10.2375379,13.7286289
6557,-7.12425719,-10.3897468,11.6898117
6558,-6.96516028,-9.40839709,11.1695177
6559,-7.16107333,-9.48576142,11.1605368
6560,-12.7326704,-2.61679632,9.61595786
6561,-6.12464368,-6.83732707,12.9427957
6562,-8.92818735,-4.53997248,18.4672026
6563,-10.3739749,-10.251277,14.7825302
6564,-6.53750187,-11.1991665,12.3147165
6565,-5.69355406,-2.58571147,17.3779601
6566,-10.7474176,-14.2494957,13.646154
6567,-10.6272981,-13.2967995,13.4734443
6568,11.6045443,-0.201808808,23.5161265
6569,1.4663603,-11.7084126,20.4681926
6570,0.501064369,-9.07176249,14.5885686
6571,0.170369467,-9.66249038,12.7377753
6572,-7.51585153,-12.7262856,12.1687178
6573,-6.30682977,-12.3774506,12.4242777
6574,-5.3545962,-14.1669668,11.5874881
6575,-5.40998314,-14.2584245,11.5378248
6576,-2.50671568,-6.21658586,15.4001143
6577,8.2152761,-5.58065696,16.467835
6578,3.27498994,-7.63796951,16.2048243
6579,-4.89179665,-2.07204985,16.9194477
6580,-0.357943299,1.02924721,16.189505
6581,-12.4417981,-3.25932907,12.7310554
6582,-4.77650764,-12.9216049,13.2914729
6583,-4.91829372,-12.5909718,13.4769502
6584,-10.3027085,-7.88329322,18.4564642
6585,-11.5564666,-5.25634163,14.5660793
6586,-4.42559772,-12.8292144,14.3970309
6587,-8.38030622,-6.09265333,9.67669337
6588,4.07210822,-4.1041557,11.1983068
6589,-13.913951,-4.57475942,18.0420067
6590,-8.77112903,-10.0158759,17.7858408
6591,-7.92298421,-14.2310958,18.6303631
6592,-5.90747813,-7.80034395,17.905846
6593,-6.60380474,-9.81346701,15.4940044
6594,-5.317727,-11.9387941,14.3524716
6595,-7.36510796,-4.08249561,18.180562
6596,-0.591140118,-3.45388834,11.4005471
6597,-5.57983424,-7.9048933,14.7110253
6598,-8.71408794,-5.07496348,14.219335
6599,2.53469356,6.94260477,18.1285847
6600,1.00000295,1.66828146,22.4465415
6601,4.01947597,-5.10475135,17.5009226
6602,-5.3288776,-10.4189919,21.0253516
6603,-7.3496746,-8.46691984,18.5713511
6604,2.1730502,-11.0710236,5.71604246
6605,-2.02507458,-9.02057242,15.9712485
6606,-8.97735321,-13.5685947,18.8806581
6607,-8.21932956,-13.5977954,19.751492
6608,-15.3634736,-9.73167901,14.9382568
6609,-3.96671261,-4.27771505,17.1007171
6610,-5.78412257,-7.07168241,12.2569126
6611,-7.75746038,-2.98808734,12.8655487
6612,7.32114786,-13.1579141,12.0488738
6613,1.0101659,-9.05942839,14.8137247
6614,-4.25558367,-3.61826644,35.5448203
6615,-9.05148913,-5.0168088,18.3494964
6616,-5.10017422,-8.40658831,15.9506142
6617,-3.12181738,-6.84100803,10.5195987
6618,-12.7289152,-4.02256661,12.9227032
6619,-22.8058439,-1.67888542,15.2215922
6620,-5.56190695,-2.28576069,17.2063502
6621,-17.031029,-2.37081538,15.6412542
6622,-3.87391003,-5.14290518,13.9622901
6623,-20.4425258,-3.30712378,10.6706956
6624,-4.26836572,-2.61030715,12.1328025
6625,-8.68567455,-5.09882115,14.1932976
6626,-13.7046321,-7.30267451,8.21899924
6627,-3.68927754,-6.64181368,11.0627758
6628,6.43917916,-22.5674292,8.59518479
6629,-2.34833453,-5.10317713,18.4127053
6630,-4.32789605,-2.56252993,11.3020933
6631,-4.28767106,-2.54752991,11.3488521
6632,-4.07093647,-2.74585667,11.406848
6633,-4.16081248,-2.58544318,11.4371089
6634,-7.48591508,-4.49590514,13.950003
6635,-12.1520197,-11.2170738,14.1485398
6636,-13.6810845,-2.52153556,16.1295519
6637,-5.35481564,-6.83810027,13.0115598
6638,-5.19378014,-7.13397914,12.1207729
6639,-4.03821767,-7.07377072,11.6269893
6640,-3.73731251,-7.02989327,11.5745892
6641,-10.3922339,-3.44221956,9.65026351
6642,-9.71850438,-6.82432138,8.2984498
6643,-9.41167363,-6.52053338,8.4671505
6644,-17.3209028,-7.15716219,17.3462663
6645,-10.5049851,-9.406795,9.96282467
6646,-13.8075839,-2.59452721,13.1561858
6647,-9.4031823,-8.23473263,8.76138246
6648,-14.8095789,-7.59060836,11.4469204
6649,-10.3651134,-9.73354317,10.4255547
6650,-10.8256511,-9.02404699,10.7978931
6651,-8.92730807,-9.23820626,10.1957089
6652,-8.55419285,-9.31692224,10.9632746
6653,-10.8453268,-2.68065028,13.1416059
6654,-8.39219818,-8.77297246,12.3989134
6655,-13.0060527,-2.72010882,12.876726
6656,-15.2902673,-4.44382804,9.20278535
6657,-19.0235695,-1.74786726,19.3663776
6658,-15.7691612,-4.90885249,15.743541
6659,-15.0203234,-6.34115807,9.51596861
6660,-11.3442249,-6.34321897,11.9106344
6661,-13.7590993,-8.13910567,8.79524169
6662,-8.41149135,-8.54529561,12.8947996
6663,-20.523433,-5.45583275,17.8242664
6664,-19.468531,-10.6041221,11.990149
6665,-17.177067,-7.25049011,17.7388095
6666,-17.9319406,-6.93696065,9.77484656
6667,-9.38666819,-2.5648743,19.5916137
6668,-10.1601462,-2.06719133,17.0048159
6669,-9.0125369,-3.69318944,14.2558271
6670,-9.00215757,-3.69187801,14.2385416
6671,-10.0705073,-5.1502482,18.2450899
6672,-10.327731,-8.95141939,9.42433233
6673,-10.3541929,-8.97793638,9.43222589
6674,-13.4597356,-7.16876597,8.13077953
6675,-12.9311644,-6.66958621,8.29782007
6676,-10.3260258,-6.63509901,8.28524391
6677,-10.0452537,-6.74900842,8.3959249
6678,-12.5907295,-6.97368838,8.01101036
6679,-12.3531088,-6.87333762,8.00789599
6680,-10.3724374,-9.75192331,10.4900142
6681,-10.4202484,-9.91471055,10.5846181
6682,-8.41351244,-8.54595508,12.8984144
6683,-11.0228804,0.0335350878,15.1245765
6684,-11.2016231,0.125779678,15.0062487
6685,-12.2100754,-7.66225522,17.525614
6686,-12.7869612,-4.98491881,13.2868958
6687,-17.0106991,-9.87407841,9.29009813
6688,-18.1856563,-8.11325095,9.29992897
6689,-12.7055005,-7.5673369,14.5465538
6690,-18.8891941,-5.09413931,11.3885874
6691,-14.1475612,-1.76837932,17.4543724
6692,-10.6853062,-0.602957722,14.9777924
6693,-9.55611445,-3.40060098,13.9513168
6694,-9.05228644,-3.6820113,14.267775
6695,-11.0277572,-5.32706813,15.0346151
6696,-14.0329306,-4.32195775,18.5795375
6697,-17.1343278,-2.90735407,15.3777957
6698,-22.526724,-1.20285963,14.8525039
6699,-12.1931001,-7.38436743,14.9729301
6700,-9.28929439,-4.35243488,14.4422428
6701,-9.27920018,-4.35264857,14.4491799
6702,-16.1482915,-10.2103823,13.7218667
6703,-15.5981209,-8.90857639,15.0511046
6704,-9.06892635,-4.25752083,14.5141284
6705,-9.08929385,-4.21756542,14.4685535
6706,-9.06360908,-4.25573596,14.5195803
6707,-8.93107852,-4.02142874,14.7426074
6708,-8.97038,-4.07073369,14.5340613
6709,-9.02262788,-3.74881085,14.3066358
6710,-9.01987262,-3.7734002,14.3176501
6711,-15.3669496,-3.55751701,14.2377855
6712,-13.6681917,-4.18167718,16.6226445
6713,-19.4148846,-6.82741748,18.0080606
6714,-26.8889355,0.0567275342,18.0184566
6715,-31.0635597,-21.415131,31.8670401
6716,-24.8761691,-24.8687668,14.8298082
6717,-18.0598795,-2.52587188,13.7328502
6718,-14.8003083,-2.28901479,19.0613455
6719,-14.6986011,-8.1430959,10.8632095
6720,-23.7498803,-2.71123945,14.4962
6721,-27.0799026,1.60822599,23.1287267
6722,-16.4308225,-5.23908723,21.4819788
6723,-14.4464948,-2.65619107,19.270408
6724,-17.0119829,-5.59148576,21.8351332
6725,-17.3333962,-5.89215505,21.7456988
6726,-18.9913161,-0.0349924317,12.7749737
6727,-17.0702894,-3.13414986,11.5562926
6728,-17.4660085,-8.49023705,14.4981996
6729,-15.4283844,-6.96149449,10.8962629
6730,-17.0843247,-2.35525401,15.86511
6731,-16.8933162,-2.02760223,16.3765362
6732,-18.4477884,-1.31224486,18.9534451
6733,-17.7694886,-1.1689227,18.7366148
6734,-14.7149813,-5.16157477,17.8470756
6735,-14.2469681,-4.72206296,17.9818895
6736,-14.9305028,-4.84706153,16.9456486
6737,-18.9913281,-0.0391732326,12.7826616
6738,-15.230414,-7.080699,10.9490005
6739,-15.3296904,-6.94225647,10.8898855
6740,-15.6728577,-4.92164091,11.1908712
6741,-23.9209864,-0.691133794,11.8885802
6742,-18.6444101,-6.03647988,11.05841
6743,-17.2239577,-2.85600835,11.8528455
6744,-18.3239168,-4.47536002,11.4908034
6745,-18.6381436,-5.88622066,11.3308522
6746,-22.4407911,-4.71413785,8.55122122
6747,-19.1987412,-1.73594534,11.0712833
6748,-36.5804917,-3.97792791,18.3664157
6749,-13.4194246,-5.78765074,13.2786794
6750,-13.7827147,-4.39886326,13.3514397
6751,-13.5455261,-4.85650467,13.4510984
6752,-13.5199476,-6.20460996,13.2363889
6753,-13.5284481,-6.21226552,13.3104633
6754,-14.7144539,-4.27409497,14.5273859
6755,-21.7320573,-4.86238766,8.43538412
6756,-19.1918706,0.000448542298,12.8435173
6757,-20.8444243,-8.38212054,14.6612302
6758,-18.8268529,-6.10887771,11.786382
6759,-22.1887332,-5.18196013,8.72548763
6760,-13.4417356,-5.90663204,13.2907852
6761,-13.4318187,-5.87303267,13.2841536
6762,-18.908844,-5.07848305,11.3996347
6763,-20.5669863,-4.83172148,9.39850664
6764,-18.9554155,-5.28573753,10.7586449
6765,-30.7457558,-9.46727366,11.4182166
6766,-33.7052922,4.33024502,17.2890669
6767,-28.3538054,2.60007957,19.7171528
6768,-23.0612855,-3.64827894,6.91355752
6769,-29.6023593,1.18902048,14.0426544
6770,-32.1573004,-34.8886836,11.1923961
6771,-37.4230427,3.99119415,20.5631664
6772,-24.1441757,-10.1222869,22.5754747
6773,-33.7646523,-10.3697503,21.9666449
6774,-24.2604621,-2.14683022,12.9785908
6775,-21.6120236,-3.21574947,10.3969049
6776,-25.7538659,-6.00224242,10.711986
6777,-27.1758293,-10.8237076,22.2807964
6778,-20.8371006,-17.5993159,16.6607085
6779,-26.0500365,-5.89511418,19.623412
6780,-33.217374,-3.60394228,10.304133
6781,-37.2064164,-4.12194351,19.3350824
6782,-29.6503193,-9.57753682,20.9623354
6783,-37.3251699,-3.26670375,19.1631004
6784,-25.7662158,-0.572475946,10.8881743
6785,-27.7492623,-4.37585945,7.92539034
6786,-24.9499834,0.344195072,8.84682377
6787,-25.9550615,-10.7156641,6.97650367
6788,-30.1516966,-15.9208324,12.7649793
6789,-20.3055929,-13.5691505,13.5817518
6790,-22.9175328,-8.88321441,9.8055449
6791,-23.0648575,-16.7015833,14.6347066
6792,-29.5709297,-16.2648611,12.9814866
6793,-23.4648756,-5.47474722,16.085813
6794,-23.4735717,-5.48589632,16.0504415
6795,-22.050727,-5.96018388,16.6929479
6796,-22.0179056,-6.30227427,15.9665223
6797,-21.6527383,-14.0219861,18.9504829
6798,-20.7364581,-11.3388411,27.4448381
6799,-31.8479756,6.25740144,18.3162577
6800,-35.7419303,5.20877492,19.2750905
6801,-28.3667558,-19.1545987,19.2316019
6802,-49.5703886,-24.4766071,16.3951256
6803,-33.5763876,-1.8150288,11.4311305
6804,-34.0701117,-6.76619701,10.8474174
6805,-33.1719529,-6.65182127,9.93786634
6806,-33.445789,-4.90667107,9.95854007
6807,-33.8354955,-4.89024786,10.3436667
6808,-19.5839605,-16.6026442,18.6807398
6809,-22.0464255,-10.3848316,26.7338499
6810,-20.8975639,-11.4997653,28.3881274
6811,51.5195517,-54.438941,-77.8444606
6812,-27.5095714,-19.9999139,38.7220726
6813,-27.04768,-18.5787953,16.3526391
6814,-29.55442,-167.157832,-10.9053907
6815,-21.6849589,-17.0546078,16.3337539
6816,-22.3666185,-17.4781962,16.0377926
6817,-22.2476159,-10.7154848,28.2164947
6818,-22.1860415,-10.6913242,28.1700576
6819,-20.277295,-13.5189389,13.2695995
6820,-20.2139886,-10.8661878,13.1780944
6821,-20.2047002,-10.8531764,13.0748051
6822,3.6872584,-157.951732,-13.7464963
6823,-45.3446341,-35.671394,12.9473073
6824,-46.7235538,-33.3445959,14.321448
6825,-6.03588067,-22.8545695,17.2501423
6826,-7.07104415,-10.645075,43.6405965
6827,-14.4703201,-23.3590143,21.9006419
6828,-20.5959215,-21.2272177,23.4701318
6829,-146.889895,-154.846646,-25.6087708
6830,-20.4236941,-56.4758934,8.92987252
6831,-31.8613858,-29.8835445,26.6867906
6832,-31.8299217,-30.2607681,26.6108097
6833,-29.6656075,-22.6721608,33.5123433
6834,-30.6701779,-22.101275,31.7892095
6835,-19.9552491,-33.4079302,19.0925304
6836,-45.5396355,-44.1893854,22.4795028
6837,9.27287204,6.52987845,28.729314
6838,-19.0594564,-35.9281245,13.0298811
6839,-22.3369158,-36.2221768,15.6910558
6840,-22.2530912,-17.9122482,34.7350812
6841,-6.2033373,-22.9390686,17.1898423
6842,19.8452445,-6.38805306,15.2742894
6843,-23.3134979,-28.1422161,27.7998279
6844,-11.7394448,-25.2655962,11.0324994
6845,-13.6909045,-48.0970492,17.5760862
6846,-7.05417596,-24.4064329,23.0839221
6847,-9.96533601,-23.9392115,16.2609407
6848,-2.48430241,-21.653713,22.2999952
6849,-20.1902526,-22.0396196,24.3780764
6850,-14.0459887,-23.4881973,21.9209334
6851,15.8174475,-16.1826172,-15.0151825
6852,3.19418087,-9.47633371,18.7459266
6853,-24.0913993,-32.0858494,21.4606239
6854,-12.3863697,-28.9789391,25.8420423
6855,-12.5377,-28.0503761,25.4630254
6856,-20.932702,-21.6833661,25.4043796
6857,37.1891766,-36.8251001,73.18133
6858,-11.8504387,-29.326018,11.8553819
6859,-21.5247689,-27.5981158,22.0243927
6860,-9.32221483,-32.1779967,27.9801192
6861,-14.2563848,-23.646329,21.4667113
6862,-15.0490556,-25.7188231,19.8295363
6863,-12.9569857,-17.5198789,10.2830989
6864,-18.4422148,-16.4911497,15.5960159
6865,-18.2220751,-16.3859518,15.5100419
6866,-18.2268327,-16.3759079,15.4885603
6867,-38.4980344,-64.3549886,47.0167179
6868,-6.1901472,-18.8796849,10.788341
6869,-0.304571736,-17.5261618,-11.1237211
6870,11.307395,-10.0099812,4.49445743
6871,-5.49009205,-18.5198883,9.42595248
6872,-17.0006102,-45.4406448,28.174793
6873,59.0951187,-8.02154709,20.4678201
6874,-5.68162981,-18.8300313,9.07489452
6875,-13.3091812,-23.2347245,22.2764523
6876,-2.21281251,-72.9926802,28.305526
6877,-7.02628877,-21.5624307,16.335552
6878,-1.54992908,4.73016226,-15.483383
6879,-5.26133596,-17.798098,10.5508871
6880,-2.76918313,-15.3619752,14.8357862
6881,-4.93277721,-18.3823578,11.2674827
6882,14.6106031,-16.7517882,20.8400712
6883,-5.65929665,-19.2019134,8.84057888
6884,-45.9128952,-56.8584019,3.70786506
6885,-14.1461209,-23.9948644,19.9303549
6886,-14.9330159,-28.1799274,17.4970438
6887,-14.87798,-25.5316981,19.4621861
6888,15.4073365,-9.30179444,8.31378411
6889,-39.2883592,-57.3858361,50.2473015
6890,7.50729817,-12.9555272,18.5509158
6891,-350.307677,-282.088123,58.7657231
6892,-5.72826124,-19.0367008,8.90095012
6893,-6.4534301,-21.3303046,15.8317568
6894,-32.4225434,-48.2723562,60.5282803
6895,-5.43655619,-18.1511357,10.4412134
6896,11.5009524,-45.3976474,-15.7476739
6897,-39.338477,-57.3260239,50.2993544
6898,-5.71229772,-19.7172632,8.28778132
6899,-47.0506589,-78.4825355,-5.16271438
6900,-2.6019093,-11.2085503,17.2832202
6901,5.84795646,-18.3389991,13.8449578
6902,4.81179374,-15.5177808,10.6470087
6903,-0.881871768,-18.0216036,15.1733049
6904,-5.253281,-17.7667135,9.39731819
6905,-5.01643309,-16.9544545,9.67222544
6906,-3.80202743,-16.5218093,9.45785595
6907,-3.30742768,-16.6447708,9.2403736
6908,-9.63143648,-22.2833032,15.703839
6909,-10.576646,-22.6728875,14.8703249
6910,-58.532157,-116.68441,63.8619725
6911,-5.01980719,-51.6829289,-38.7388428
6912,-10.0513246,-28.2959898,13.1471582
6913,-2.37285361,-22.3992209,16.1962091
6914,-10.3255526,-28.1173738,13.119381
6915,13.7926776,-28.5999804,-5.36662985
6916,-10.5607564,-28.6609279,12.1088643
6917,-11.2701216,-28.1384514,10.3901009
6918,-11.204635,-28.2079358,10.535709
6919,-11.0954035,-28.193865,10.2538575
6920,-9.25923949,-21.3508848,14.1231726
6921,-8.77391724,-21.6382029,15.745347
6922,-8.13662663,-24.2750968,17.0479596
6923,-5.7266408,-24.6894277,20.422704
6924,-1.34147041,-20.8307179,22.9854659
6925,-3.73830349,-23.5385282,8.03426913
6926,13.0403661,-27.3460764,2.35421102
6927,0.14477256,-15.922544,8.78140361
6928,6.12749055,-50.6361495,-6.7106232
6929,48.7899839,-26.8505806,55.4421718
6930,-2.31614102,-88.1148674,5.03518496
6931,-1.67656377,-20.5983629,14.4215256
6932,-3.2885778,-15.1115471,17.3618452
6933,-30.0502412,-58.9477529,50.172795
6934,-100.988973,-88.0839366,59.9256269
6935,30.2218834,-38.0989775,18.3635945
6936,-13.7818574,-48.1209072,17.6609869
6937,-22.2264519,-41.1511774,19.0780659
6938,-16.3250958,-45.065065,22.9866269
6939,-42.977326,-40.3836195,15.3365802
6940,-28.9554309,-37.6092605,20.1762266
6941,-28.7009817,-37.6419098,20.1597247
6942,-41.5369347,-40.7873349,11.2367385
6943,-42.4381066,-41.874831,10.0849065
6944,-42.4006264,-40.8689753,11.5343527
6945,-28.4355998,-37.7225131,18.9131857
6946,-28.431421,-37.7049291,19.0264786
6947,-28.02063,-37.8566022,18.9918422
6948,-28.3250795,-37.7140656,19.1965171
6949,-26.7328356,-107.037701,62.1822627
6950,5.1911222,-18.8244264,13.340864
6951,-51.4233501,-46.215754,83.1130404
6952,-35.9344609,-98.4141354,53.3882967
6953,63.168315,-90.3908911,69.1245458
6954,205.915909,-1114.39226,-90.5708603
6955,126.426082,-49.2729457,140.192347
6956,-87.0477138,-72.7176157,39.3790854
6957,15.6019947,-49.2112093,24.0104232
6958,-33.7177877,-115.955464,-16.9650264
6959,-53.1434481,-112.748422,66.4211478
6960,-22.6851,-83.8178426,3.27967088
6961,39.0270708,-56.9418218,19.4854096
6962,-54.6688604,-50.9075766,87.1601694
6963,24.7030493,-32.1933313,-3.49897368
6964,-41.4705609,-106.298152,-13.1661653
6965,-2.46210227,-86.76357,47.1050583
6966,-4.86930207,-82.8104575,46.0935634
6967,-92.6656014,-110.217864,74.4283649
6968,-66.239239,-81.2139667,-5.8764451
6969,-49.6677549,-96.9639803,-11.7355565
6970,-49.2729947,-96.2858811,-11.867739
6971,30.6953396,-99.1672532,59.2242958
6972,60.7024304,-86.8717777,68.8481271
6973,9.54616356,5.63343418,22.0883882
6974,-68.8992827,-29.1596758,83.3711922
6975,8.93634514,-18.8852315,115.327366
6976,-2282.9173,-571.923024,4220.2882
6977,7.24760791,-38.9227329,136.872553
6978,14.7017775,-18.5303895,16.1215482
6979,-0.319361566,-11.0206002,113.282402
6980,3.51193966,-13.6862485,114.270527
6981,-61.6284689,-58.1618386,127.334274
6982,36.7006119,0.162929326,32.5875135
6983,-50.9753716,-47.2128079,83.0640023
6984,-54.6874822,-49.9367427,85.7096795
6985,13.2300733,-12.0328416,4.83378689
6986,52.8109157,-61.1671646,59.7554156
6987,2.94353117,-76.7540806,147.383824
6988,1.39452599,-14.6483998,13.3895438
6989,3.59716897,-78.9416716,156.729456
6990,-64.0903105,-47.8179528,121.233515
6991,-70.5717095,-39.7490034,123.850397
6992,-4.9902764,-12.3979886,119.543774
6993,-7.72589975,-9.51788281,117.262186
6994,-21.1123088,-10.8601646,114.156878
6995,-49.6300652,2.61583714,123.168924
6996,-102.882693,6.38291603,238.690493
6997,-64.8053956,12.3125765,174.705999
6998,-47.6661661,14.1355023,134.456436
6999,-49.3151572,13.6209749,133.739868
7000,20.0094823,-16.1472466,42.0820811
7001,10.8068667,-43.0305374,110.324367
7002,7.5762013,-67.8737326,135.932981
7003,2.06554026,-40.9361654,1.20964095
7004,3.9385206,-86.4031928,172.089904
7005,0.905309433,-136.416876,276.157078
7006,7.02576362,-54.7526561,145.074651
7007,4.53016535,-77.7679879,156.381926
7008,-6.923694,-65.6305793,67.7350866
7009,51.2187917,-82.5357805,65.0888883
7010,-4.12503972,-15.1592562,24.627222
7011,46.3279463,-2.935935,0.147336537
7012,-12.5641871,-31.9306518,-71.2648437
7013,92.3309966,-26.3416494,90.3064916
7014,-1.16284928,-35.0058934,18.7633087
7015,-2.79635222,-23.0490764,20.5242352
7016,28.9589833,-108.217906,20.2684742
7017,12.8258827,-29.4792241,27.1889185
7018,12.6589791,-28.6751948,27.0061835
7019,105.439231,-553.427063,-52.9264215
7020,-5.49326307,-146.043533,107.192966
7021,-12.2295134,-129.324943,101.844743
7022,-11.1251311,-120.034547,96.0976375
7023,88.6581048,-60.800244,-36.7307071
7024,10.0439961,-158.770649,-14.441484
7025,4.60198649,-143.593718,8.51729186
7026,30.7296539,-100.327653,61.2873434
7027,-5.38604139,-108.202016,86.2977214
7028,-6.212916,-106.042857,82.6901406
7029,133.998846,-45.1944286,24.252315
7030,29.2096768,-10.958617,5.42047489
7031,28.9827356,-107.902216,20.6160832
7032,11.3155194,-11.9829884,5.57612201
7033,46.6092878,5.88475011,-6.51242519
7034,62.3316354,-62.8117206,-35.7026427
7035,-6.29672087,-89.099427,52.440433
7036,54.7116597,-157.231082,-8.90658746
7037,-6.38382509,-82.7954587,47.446404
7038,11.2116227,-97.6807789,7.18870647
7039,69.5960624,-95.0590054,141.016598
7040,588.480327,-356.183574,-331.933442
7041,36.6440387,-22.3800645,-4.80835153
7042,12.2638065,-22.7058109,16.4483384
7043,14.8363961,-130.617123,-2.55076859
7044,67.6588541,-55.4166428,108.967184
7045,3.79917721,35.5695215,1.53648595
7046,-1.19493012,-12.6122587,9.46311881
7047,-4.70393007,-23.589533,34.1013372
7048,0.982438245,-84.2808742,16.3403107
7049,7.77747912,-65.4865648,23.6042575
7050,-1.75426285,-73.0429855,28.2797477
7051,-2.13155434,-73.493946,28.3447902
7052,-5.3677231,-78.5828969,32.3925056
7053,-3.84365733,-79.2373675,25.7178803
7054,23.4746015,-15.5822076,-2.26817097
7055,25.5654242,-15.5696505,11.5420074
7056,11.9309118,-39.5092984,30.2129481
7057,-4.68647168,-23.6338899,34.0457724
7058,25.9677558,-15.8596811,11.445707
7059,45.2319602,-93.2031615,61.5129177
7060,50.2281613,-89.5833562,62.4977081
7061,-1.27813778,14.1048799,5.7408448
7062,69.5627204,-91.966632,67.8900955
7063,46.2159154,-96.7996903,31.8303901
7064,38.1274421,-103.153609,26.8131642
7065,7.01523243,-13.4369064,11.9587487
7066,2.23460394,-12.0413929,11.5091384
7067,66.19377,-5.87329007,208.594176
7068,3.69621027,18.716028,12.5644926
7069,-5.39796676,-32.8890666,40.0572017
7070,-1.81991891,-21.2823344,22.6872495
7071,1.57667282,-21.72135,27.8360734
7072,59.3318355,-40.6914241,32.3112666
7073,-1.21990635,-24.4035085,9.78764113
7074,3.25788383,-23.0613636,4.27660308
7075,9.955581,-23.3494421,20.3256934
7076,-8.29671654,-25.4832195,49.2691857
7077,18.357548,-7.30990222,17.895978
7078,-1.30564573,-18.001578,3.5012812
7079,-0.518291568,-21.4496624,7.70369785
7080,19.3644825,-15.7682366,42.7250969
7081,7.56356969,-11.4655876,4.22584845
7082,5.36419701,-11.4146757,8.73053935
7083,-0.723354399,-11.9207344,8.69011215
7084,9.44027963,-14.3962428,0.533510746
7085,-2.05994352,-15.6726356,3.89908126
7086,8.98585513,-15.5169914,7.97945623
7087,95.9725208,-10.8031631,-11.5450761
7088,-0.50016715,-20.1548761,4.97584476
7089,7.41093761,-9.63840954,7.02431904
7090,-0.37403422,-12.9643957,1.69496156
7091,4.9082107,-11.1913855,4.11201562
7092,-1.27250437,-27.5687248,-5.05089545
7093,14.9554082,-21.9750066,1.16477697
7094,2.54993305,-42.8827192,13.2963285
7095,32.5493061,-18.1999492,11.9573351
7096,19.212718,-7.72799127,-6.91890676
7097,0.879855332,-16.5228401,8.36556103
7098,-10.0829838,-52.2295275,-12.9877628
7099,14.4116264,-7.73609359,11.9955543
7100,66.8267195,-44.2354817,40.6074412
7101,18.3871893,-13.1667666,5.83830022
7102,6.73979169,-12.2875048,17.2514491
7103,16.1585698,-6.63965237,-14.697251
7104,9.97530841,-24.0061446,20.0758001
7105,11.3592747,-23.8439197,24.8920671
7106,-0.343559447,-11.7648703,8.7092082
7107,5.46375564,-17.6317359,-22.7583399
7108,12.7093995,-41.4178709,26.5378713
7109,11.9173545,-7.24900304,13.9069598
7110,108.785745,-38.5710047,104.929803
7111,36.6798626,49.9983718,39.3901967
7112,7.76367655,1.61878576,47.8916622
7113,87.6239963,-9.96690927,98.5842078
7114,14.6793521,-19.4795941,21.085398
7115,28.7909526,0.508463298,14.461442
7116,25.3943837,-23.9380156,19.020024
7117,22.9716497,-20.3146331,8.80902548
7118,-1.94877061,-18.4522069,36.7233349
7119,13.5912311,-25.6180386,-41.255386
7120,-4.30442154,-5.70874498,33.0596464
7121,16.6317951,-6.84127424,17.9833357
7122,86.8070786,39.0172127,53.052564
7123,2.5977035,-20.0438024,23.6702544
7124,22.5325406,-10.5089428,-11.3851213
7125,15.1365897,-21.3041679,13.6589404
7126,15.2283672,-19.0144521,11.347608
7127,7.85213305,-30.5672228,-17.9749296
7128,16.8126477,-4.76152313,14.5687777
7129,25.8762428,-13.0915304,18.502073
7130,19.8369415,-2.48784872,-11.4070666
7131,7.71451658,-20.3630463,18.4271154
7132,16.130281,-17.834971,13.4588166
7133,33.1828657,3.18368153,-8.99947646
7134,28.0780699,15.1962862,20.9522785
7135,226.539434,-55.2498801,-3.33733341
7136,15.7879428,-18.689682,-0.818872686
7137,15.7215311,-17.3869154,22.682649
7138,20.7709536,-22.7447879,41.3577276
7139,23.8793839,-15.0050761,3.51200962
7140,14.4532261,3.03340127,-8.08996089
7141,28.2440689,-17.6538546,14.6738546
7142,112.804789,40.2993297,37.9836445
7143,27.7150343,-23.2176476,21.1053097
7144,10.7957245,14.1827047,13.1737585
7145,10.250487,-11.0699454,17.1594059
7146,-3.67739302,-7.07965325,11.5502801
7147,8.0088959,17.1482393,30.8081087
7148,12.5958223,-9.14590337,15.5370125
7149,15.9724116,-11.4651451,13.8102073
7150,11.2291546,-6.25804843,14.4793221
7151,-4.35946288,-6.01407796,32.9938981
7152,1.67466481,5.86270113,20.175055
7153,4.01334683,9.94525362,14.3669248
7154,24.5400205,-16.9247473,21.0503402
7155,24.5084125,-16.7969225,21.1467644
7156,18.0320091,-3.72553427,20.9552979
7157,14.1916989,-5.70520458,16.9825884
7158,32.2634273,-7.6223132,12.0474526
7159,26.3869402,-14.8885817,16.315868
7160,26.4909813,-14.9822417,16.7289635
7161,24.7921071,-14.5455774,13.5486034
7162,24.0301478,-11.4761696,17.5173311
7163,26.5529837,1.69113524,1.30924576
7164,43.6429596,3.42728049,9.41666939
7165,118.138267,31.3285007,19.656825
7166,-3.45562137,4.96665992,-18.896481
7167,29.2792725,-4.88238255,15.9068985
7168,15.778678,-5.57548811,13.3956006
7169,24.1049073,0.81943998,5.03383953
7170,49.4634279,6.66203383,-9.84577419
7171,10.5034142,-1.60223301,24.6397691
7172,28.9733797,-4.34228522,16.8982591
7173,28.4887404,-4.82667047,17.6740055
7174,19.7916731,1.33973828,-7.98089572
7175,37.7029985,4.19946205,39.6126129
7176,77.897037,-42.5159672,-26.9783773
7177,43.466027,15.9312058,13.3606613
7178,46.0299956,2.08992924,8.7137239
7179,10.3609896,6.30560373,16.0045387
7180,27.9856313,-7.45054552,32.7108835
7181,17.9964379,10.7974594,12.0927961
7182,28.243462,-0.134630024,13.4958721
7183,45.5718897,-18.9567833,12.609077
7184,2.72735919,-2.66346992,14.7583575
7185,16.5335349,6.06194526,3.1507815
7186,4.26670206,-7.762165,15.5613559
7187,11.2347942,1.427167,4.99794872
7188,12.7179922,-2.55792952,11.776771
7189,19.719643,7.54825605,-7.38718081
7190,22.5179727,0.061958854,8.00168075
7191,18.5634901,-6.30072036,21.4489531
7192,46.7609658,-0.332530623,2.39427501
7193,18.5831383,3.82517397,6.22022878
7194,40.4719729,-3.07012606,-23.3957594
7195,23.5003052,-20.2919731,8.88720008
7196,26.2444617,-8.63186157,20.3397518
7197,16.6199675,-1.38156296,-0.144972346
7198,23.4579129,-9.93838117,9.21997911
7199,23.7764039,2.43500971,13.9886317
7200,23.9749259,-11.1854604,17.5710692
7201,19.4828436,17.9787024,13.9302613
7202,20.0101119,-8.10481396,14.0326342
7203,19.9687916,-7.85798369,14.0417807
7204,20.3498071,-9.00669356,15.8136785
7205,23.8196221,-11.3435126,17.3111516
7206,23.2430994,-11.7101859,15.4173195
7207,21.9907117,-10.7001345,16.0897546
7208,16.2938128,-7.57141452,7.31578485
7209,14.5298411,-7.80957621,11.8088085
7210,8.07273414,-7.15479847,2.26386186
7211,12.5319278,-2.63506951,11.8727241
7212,18.0452914,-6.3277925,21.7911966
7213,22.6877465,-4.45377323,27.053136
7214,11.0809878,-5.89233259,14.7596114
7215,22.8648115,-5.10510079,34.3251325
7216,16.3870239,-7.83413315,16.3014597
7217,12.2821027,-7.85869467,11.2608145
7218,10.6310653,-22.5356071,19.7468206
7219,14.6260484,-6.72722684,0.10232731
7220,10.4073722,-14.5482219,14.088781
7221,7.88738258,-4.38298226,14.6362848
7222,14.450998,-5.75787498,17.39935
7223,14.3787842,-5.56990084,17.1372404
7224,0.035726166,-6.5592992,20.0293741
7225,16.6968161,-12.5220942,15.3101045
7226,15.5180215,-9.35858418,11.697989
7227,19.4824985,-12.7199919,8.39711899
7228,0.689878774,-5.92288612,21.7148724
7229,8.38153709,-4.68230247,16.1155119
7230,14.7297295,-6.14036715,17.8634827
7231,10.4841611,-8.8697004,14.1943254
7232,14.9277567,-18.7192179,15.1009339
7233,11.8772868,-16.0662553,14.4464129
7234,11.3714628,-1.62964512,-3.27516822
7235,14.9875751,-6.55203619,18.6067092
7236,0.824543488,-9.64957749,20.6062965
7237,30.2547427,19.3244015,48.6467706
7238,50.7971408,-3.31287715,-20.0401359
7239,15.187903,-6.71335376,18.8202099
7240,6.43236742,4.45948158,21.679065
7241,38.0495929,-16.0442007,11.0487279
7242,14.5485382,-6.07882183,18.5770985
7243,8.47343386,-10.1923514,7.86233032
7244,13.0717735,1.09225502,17.6121039
7245,2.10926588,-7.57381651,11.2438159
7246,16.9969839,5.58384148,29.0559466
7247,14.8184605,-6.963569,18.5257143
7248,13.000453,12.7551527,13.7874395
7249,2.27514274,-9.23781538,19.4143481
7250,17.3997206,-3.74379051,5.6925841
7251,0.629788717,5.39366392,10.0090921
7252,-0.0256440766,-0.0323175459,15.885645
7253,8.91565907,-4.02469595,15.5993757
7254,3.19038821,-9.66765348,18.782089
7255,3.54596648,1.48245447,5.0286549
7256,6.01339487,-3.2167254,17.5284636
7257,10.6324245,-5.16172508,20.530312
7258,-0.521588857,3.18566009,13.9611903
7259,10.767294,-8.46243161,14.0798196
7260,8.99138152,-9.30425674,15.4500745
7261,26.6606761,-7.14811107,21.4377793
7262,10.2946451,-15.6934824,14.17584
7263,12.680042,-12.0944947,16.5072784
7264,-2.04535009,-13.9126478,6.00531522
7265,4.32142405,-16.6670968,1.75070645
7266,3.70227812,-9.39042123,8.54815226
7267,4.05461875,-3.26009822,13.1246104
7268,14.4436161,-5.86589288,18.93568
7269,10.7707295,-4.83432373,14.171777
7270,1.41719176,0.210423724,0.307144911
7271,14.7046633,-14.1552087,17.9596743
7272,8.8610981,-10.9692295,16.3824194
7273,-1.40189446,-19.9944661,14.6340784
7274,4.05163721,-9.23631287,10.5712766
7275,16.5739998,-2.57058569,-6.19431639
7276,16.5340802,-30.2771089,8.00041222
7277,22.6494213,-54.5147654,54.4875545
7278,9.59989759,-12.3035051,0.353840298
7279,0.484916148,-2.22556879,8.64729534
7280,2.65955566,-8.89861288,12.373031
7281,1.86518276,-7.43248561,14.1561698
7282,5.57606977,3.21473068,17.0788466
7283,11.2070058,-4.4679348,11.2048682
7284,11.3519751,-4.53218706,12.6608877
7285,5.7150258,-10.0068091,12.1604024
7286,15.5738465,-13.0552795,16.9668408
7287,0.493597884,-9.2346373,14.7560508
7288,6.4478426,-16.1367993,-0.31800353
7289,5.71101708,2.90213286,13.279597
7290,4.97050507,-8.39111125,23.9053353
7291,4.48856005,-7.78443897,14.8529685
7292,15.8556099,-17.2044852,12.868543
7293,0.254147149,-5.01266798,10.7017026
7294,1.30697685,-3.31803906,8.91029701
7295,-3.1224123,-6.84268342,10.5223357
7296,9.77465775,-13.0521052,1.37344836
7297,-3.46996253,-7.49348548,11.4088294
7298,7.70405221,-5.25833194,16.2138393
7299,2.87205941,4.38903196,13.5208071
7300,4.54884977,-2.29541812,9.780378
7301,1.78581458,-8.26389573,12.8999951
7302,4.12369133,-9.85095887,11.6531765
7303,1.65745802,-8.39083161,13.0559982
7304,1.22672963,-15.5859393,3.71222414
7305,11.7363667,-12.5983412,15.3762299
7306,4.7041458,-11.8012726,4.01241284
7307,18.522989,3.55835644,26.7483468
7308,3.68941534,-8.81051568,20.3762839
7309,4.60385498,2.7115963,25.8185393
7310,14.5311061,-18.3847245,16.4688356
7311,1.15575001,-4.68975162,24.859147
7312,0.509821683,-7.85465275,19.9204611
7313,6.09923648,-16.2281627,-0.138424902
7314,-0.33983345,-11.0287983,15.3947999
7315,-1.4190889,-2.26011981,19.9369775
7316,-2.56333318,-7.0054701,15.4042983
7317,12.508532,-0.577518217,21.0714854
7318,8.91911899,-6.9646939,16.4095466
7319,4.59897309,-15.6945748,9.89585307
7320,6.58707956,-4.17313505,23.6719038
7321,16.0071062,-54.6110337,33.2140974
7322,11.16196,14.3231503,12.7912682
7323,6.56541535,-3.9071787,9.90105623
7324,-1.69666418,-2.18318501,19.3103767
7325,-1.68737013,-1.92360011,18.8639064
7326,-1.93586855,-2.38308713,18.8196249
7327,14.0002994,-15.0305069,20.7074205
7328,-2.9166141,-7.75471339,16.45104
7329,1.6040172,-14.3501877,11.013199
7330,0.000302897202,-9.57215097,15.3743526
7331,-2.13451188,-7.13242743,19.4536232
7332,9.92716972,-23.8452002,7.23959993
7333,1.82984987,-7.42893131,14.2682721
7334,0.330470711,-11.3546641,8.25812694
7335,1.58821759,-6.00489762,7.60362394
7336,-2.63385075,-6.60397605,10.1161255
7337,-2.5727761,-6.72139887,9.95303402
7338,11.4703776,-7.15475606,6.02409207
7339,8.95644935,-7.23437307,17.3581679
7340,5.42757349,-7.08426215,5.24117969
7341,12.9583601,-5.07563178,-0.999073822
7342,3.8276546,-4.30570733,4.65919154
7343,0.582629689,-7.69268471,8.81117343
7344,-2.613091,-5.46997745,18.4825573
7345,-3.09748094,-5.43836072,17.6472498
7346,-1.00592201,0.449228452,14.9351342
7347,-2.56498568,-5.09206273,15.8780087
7348,7.12357382,-13.526336,14.6941302
7349,5.94814141,-10.5231085,8.70915117
7350,28.4266123,-93.2170997,-52.0313826
7351,-2.72562119,-4.92142706,17.546742
7352,-2.98772432,-5.09066387,17.3501567
7353,-1.28473181,-2.91580253,8.02158602
7354,6.54338799,-5.76780234,11.8027904
7355,16.5290352,-2.27175408,8.3870891
7356,11.5661052,-6.81771575,6.25003825
7357,-0.225367143,-9.1452262,5.19224165
7358,16.6618224,-2.27844527,8.20109476
7359,3.48889306,-16.9976716,7.37566041
7360,18.249801,-14.0384026,6.76921162
7361,0.659836676,-7.9952636,5.38282071
7362,1.6002657,-13.5144945,4.96506485
7363,1.97405023,-14.4423693,10.4178616
7364,-4.19436811,-9.92674738,20.5395188
7365,0.661499723,-8.01472654,5.37370041
7366,-0.0786264696,-17.9643699,15.4148703
7367,15.4569322,-9.36216985,11.6213496
7368,4.92706395,-19.1301454,13.3131035
7369,8.0426643,-9.87279971,12.4109126
7370,5.56823337,-12.3645143,14.0118524
7371,4.83994195,-12.2923594,13.9108311
7372,14.5150895,-18.8197112,16.8725534
7373,6.27035982,-15.9462137,17.9846929
7374,4.91681383,-11.7063143,13.0327713
7375,5.68685481,-11.9438582,13.3809823
7376,-1.18933894,-13.9058846,13.3917995
7377,2.33553603,-13.7779697,13.2140407
7378,5.86235261,-16.9595998,18.1727346
7379,5.11982729,-11.948609,15.2274366
7380,-5.05558418,-10.4042551,25.4519262
7381,23.0759353,-37.2719035,74.0140784
7382,11.7600243,-11.52446,4.28027125
7383,-2.14206057,-10.3770885,15.9919968
7384,-1.97634976,-9.09243852,16.0156183
7385,-2.60590041,-8.28952476,18.7468937
7386,-2.31773832,-8.20982976,19.2350124
7387,8.57343099,-6.62125186,18.0689621
7388,49.2701595,-34.0293389,87.528141
7389,1.46061923,-22.3777857,2.8552718
7390,5.45710901,-16.2430337,13.3965643
7391,2.62962047,-18.8698652,13.1072007
7392,2.15951043,-8.23623295,10.2781015
7393,5.71606462,-10.6636049,8.97668958
7394,3.58115164,-9.1393084,19.5606968
7395,5.67941093,-17.324243,8.38643496
7396,1.89655031,-13.3182485,13.9177722
7397,1.03206975,-6.78034345,9.10365222
7398,-0.770074958,-11.9150701,4.56178076
7399,3.100102,-11.8192797,4.67316101
7400,1.90748904,-14.6142751,12.9775765
7401,5.95918497,-17.7946747,13.9015582
7402,1.99406414,-11.6703086,11.7583275
7403,-3.06639252,-15.0284068,15.2463854
7404,9.53005782,-17.3362624,9.37724835
7405,10.1000855,-11.6106926,24.3084204
7406,1.75380404,-14.7411396,13.0778697
7407,-0.00681529272,-9.19458597,12.4643357
7408,2.33189183,-11.9727382,11.4829874
7409,3.53996898,-12.155584,10.7780295
7410,3.93664469,-11.6366944,8.89630205
7411,-1.87226714,-15.8369863,3.63513386
7412,0.315424284,-14.7518854,10.2342685
7413,5.00258037,-17.6196335,3.84748942
7414,4.38821761,-9.60881279,9.49234282
7415,2.88163476,-11.6900218,7.73263399
7416,3.44428121,-11.1956541,11.1855513
7417,3.42335349,-11.8066214,11.3097801
7418,11.303269,-4.85395947,10.9060813
7419,1.2785963,-10.6206163,7.05354799
7420,3.66869694,-11.0001234,8.19656777
7421,7.69002959,-7.75024726,7.18094282
7422,-3.01221922,-13.0886535,7.47789648
7423,-0.592544973,-11.5450359,7.52768282
7424,1.23576974,-18.7568265,0.955092604
7425,6.86604396,-8.55000854,0.300761701
7426,1.82558829,-15.376171,17.6258268
7427,-3.01938991,-9.808879,19.5248956
7428,-0.131268949,-19.0842859,22.8518923
7429,-0.729495828,-14.1844691,13.5665179
7430,-0.311304495,-14.4692891,13.5185059
7431,0.784247864,-14.551137,13.9311465
7432,-0.686176434,-20.3048593,23.6231906
7433,-4.5770281,-52.3064311,-38.4580918
7434,0.818319081,-14.5115311,13.9781431
7435,0.913092954,-13.5987029,17.3958014
7436,0.912435065,6.84635683,15.3523948
7437,0.552452517,-13.724263,14.4999857
7438,0.779195943,-13.9651677,14.4038654
7439,4.83271412,-15.5364135,6.15923856
7440,16.2637891,-29.5040481,-4.32844385
7441,11.9071728,-20.934796,10.4769106
7442,18.5452448,3.60566203,26.0933196
7443,6.53792918,-12.5660392,4.56445742
7444,10.8597296,-16.5895786,12.1634245
7445,10.1034107,-16.3812941,12.7779597
7446,11.7926376,-12.6461482,14.6336892
7447,9.30672389,-14.366394,14.1874936
7448,12.934504,-12.0158237,16.217232
7449,12.1576009,-12.3675399,9.46590524
7450,1.47172938,-14.1596201,17.3544059
7451,13.5514333,-12.2885988,19.1138167
7452,8.3348099,-29.4365761,-20.773206
7453,8.71126074,-6.62804911,18.372921
7454,14.5012148,-19.4816061,20.6768492
7455,6.38042457,-18.7907538,15.5906177
7456,6.29946363,-18.6358223,15.1887775
7457,1.09701425,-13.7422883,17.6283991
7458,1.60778796,-17.3058299,19.1853409
7459,18.2187346,6.0450641,27.0500622
7460,6.54241267,-17.3509358,15.2697549
7461,6.24883702,-13.6508303,7.37674102
7462,5.16091469,-16.7834943,8.48636655
7463,7.09849736,-12.8253158,15.1482286
7464,14.4622813,-10.2909043,11.0027121
7465,10.9889297,-15.6504066,14.1031416
7466,11.6258749,-21.5977945,19.5825733
7467,14.9337744,-11.5346796,12.5133841
7468,6.18727361,-17.0454188,17.9054303
7469,4.3645856,-16.5292951,9.30802319
7470,8.39926495,-9.51030174,12.6831966
7471,8.02661333,-9.80759762,7.24834467
7472,14.3422743,-15.1057324,4.88466948
7473,0.403006604,-5.34026381,19.597351
7474,11.2696543,-14.6801715,10.6470613
7475,10.8146543,-16.2994036,0.693526736
7476,8.08381128,-14.6298419,7.25022063
7477,-0.0818924876,-22.2317118,10.2141539
7478,1.71533094,-16.0664609,3.33426067
7479,11.1334566,-15.8835791,4.87559886
7480,12.2600993,-16.3937342,13.7723019
7481,6.64020535,-16.9101476,15.6266544
7482,12.1537942,-12.354633,9.44188033
7483,11.4410665,-16.0723992,13.1117589
7484,14.0292264,-12.0854736,10.7234236
7485,-1.17282707,-1.53312581,88.8812479
7486,15.7241888,-14.4802549,11.0680684
7487,-1.43400815,-12.4075719,4.050943
7488,13.3155802,-15.2776157,11.936707
7489,10.181821,-6.47004773,9.73285656
7490,17.7211689,-14.1113108,6.48969077
7491,-1.88626307,-15.4273859,3.95104201
7492,-2.79606506,-16.9807237,0.811720095
7493,-2.10341118,-17.2619884,4.6215522
7494,3.3467536,-8.81711185,28.1082866
7495,5.24363025,-17.8431331,18.9770085
7496,7.00204344,-13.2283186,18.3631763
7497,9.42234161,-6.96766344,21.5031705
7498,10.1839161,-7.2209296,23.9722318
7499,5.46234507,-11.2113858,17.5342517
7500,6.7255057,-12.4360429,13.5298726
7501,7.07658032,-13.1432432,12.5702256
7502,9.77697125,-9.29698573,13.3190989
7503,-0.880121556,-11.3102114,7.06547948
7504,6.67615955,-12.8325917,14.0933216
7505,6.77530576,-13.2636177,14.0221878
7506,9.83541169,-9.46607512,14.5849198
7507,9.23726418,-9.66915543,15.077067
7508,4.35052471,-14.731602,23.624258
7509,9.06928451,-10.6104982,16.2860968
7510,14.2391143,-19.8658973,17.8547505
7511,14.4928061,-19.5818347,19.336021
7512,20.1790047,-7.37977791,16.8503317
7513,-4.88554715,-9.90072939,24.1869557
7514,12.2497994,-11.5372179,17.4920285
7515,7.559372,-19.9497781,18.2479691
7516,6.50514247,-18.251246,17.9603233
7517,6.79406636,-18.5240772,16.9633828
7518,11.9105024,-11.4505757,16.6884787
7519,12.1787439,-11.6486649,16.6528997
7520,11.9817098,-11.4675969,16.7388647
7521,4.17463769,-7.68299949,21.5798962
7522,8.76288367,-3.7907658,16.2345162
7523,8.91117014,-10.5515455,37.0561605
7524,-0.798369779,-19.6132163,23.2050226
7525,49.6834829,-55.1332154,59.430328
7526,-1.24939396,-19.3884176,23.1851824
7527,-1.03952303,-19.2310088,22.9314412
7528,18.2250373,5.53299532,28.3156515
7529,22.7985572,-11.7591336,38.6787958
7530,1.4917646,-3.32691953,20.8765029
7531,10.2776558,-0.216097446,10.8153394
7532,3.75185019,-5.45483049,17.4147239
7533,12.8749894,9.75721949,18.3871362
7534,3.63146801,-4.85753653,17.4003996
7535,9.05129333,-10.6565008,16.3204549
7536,23.0729678,2.74776565,9.78738845
7537,7.7542667,7.44373358,5.97058597
7538,5.1535092,-14.446083,26.4874023
7539,1.36798581,-8.73019037,19.4935067
7540,5.33222503,-4.83317134,19.6566145
7541,4.05501147,-4.99855748,17.5143023
7542,4.69269835,-1.02778865,16.9813558
7543,3.01826997,-9.25098671,18.4905565
7544,3.0842625,-9.21433156,18.4414588
7545,20.3575405,10.2189022,23.7328941
7546,4.522143,-7.13866903,20.5775445
7547,-2.22129055,33.6858277,65.4669107
7548,10.1043634,-7.24103084,24.0363318
7549,7.02491807,2.80307883,14.5434992
7550,-9.31677237,-25.0680453,50.2479445
7551,10.3896927,-7.10861859,23.3892495
7552,9.07135343,-10.6382947,16.3189041
7553,8.91002279,-7.03574919,20.2906802
7554,9.98515834,3.30753842,10.0766005
7555,6.16315134,-11.549819,17.5895045
7556,24.0109279,81.1782625,35.7961336
7557,0.222977467,-1.85755774,24.6546427
7558,-4.01316439,-17.6231248,28.7222155
7559,-0.386106427,16.3352953,2.79626024
7560,-1.50350644,9.08254516,22.5875681
7561,10.4146613,-7.47721788,24.5729797
7562,14.6121078,5.21089952,21.0825022
7563,3.53379597,-9.6948157,18.6798715
7564,3.35959303,-9.61923948,18.7576194
7565,4.20997208,-9.99816256,18.7846071
7566,23.0550892,-4.80485632,33.0441002
7567,3.91401133,-9.87330138,19.0606189
7568,3.95291,-9.8274137,19.1566064
7569,11.2094017,-6.5554734,26.592472
7570,3.73126485,2.75270379,28.3220026
7571,-4.17001859,-6.21577613,32.8842149
7572,8.9272336,-6.46031441,19.8062565
7573,8.96249121,-6.78997786,20.4205304
7574,6.04962358,-5.10684578,19.9602464
7575,7.43268446,-6.2414941,20.8390372
7576,12.4902505,-12.5749799,20.2964419
7577,12.5878601,-12.4484238,20.1634707
7578,22.4599983,-4.56322964,31.0264577
7579,4.79459555,-5.03063883,19.6236558
7580,6.02717393,-11.3999985,17.765383
7581,3.59237747,5.46329734,18.1863499
7582,15.2878187,-6.42630807,31.0743153
7583,15.1744029,-17.7386298,22.3015265
7584,10.3432822,-4.13258297,19.9290817
7585,3.54027637,-2.70579506,17.1801128
7586,9.55711575,0.171799127,22.1561861
7587,12.3108257,7.304759,24.9542397
7588,5.77513823,-9.87505341,18.9882157
7589,1.71465564,5.79726064,20.1859587
7590,1.1447843,1.64045991,18.0148945
7591,1.71060496,-4.39733093,23.4931096
7592,3.37108243,-5.13651628,23.5174096
7593,12.782353,16.648089,22.1633567
7594,10.0055255,0.3706813,22.1288536
7595,13.2584852,11.332198,10.8932095
7596,30.1478677,-2.27990375,-17.40153
7597,8.22217399,-4.63454731,28.928035
7598,41.7087028,-10.063695,22.3908828
7599,38.7048386,27.5204866,85.3845583
7600,9.92715296,-11.7112497,24.8704344
7601,10.1009737,-7.64413266,25.0449198
7602,13.0912403,-18.3672194,28.1418987
7603,50.3541624,-55.0785941,25.3131206
7604,35.9260556,3.09439627,80.4578521
7605,7.27293974,1.14794783,17.8003167
7606,6.92058856,-12.6705437,17.8825185
7607,6.20277517,-2.24477577,22.3441988
7608,0.0806591632,-2.56491805,26.6314895
7609,0.216182359,-1.87464867,24.6815375
7610,0.832224553,-3.95780808,24.9766152
7611,49.737364,-55.5516849,25.7230102
7612,-0.736743212,-20.7489373,24.5721345
7613,6.74311418,-12.2827405,17.25703
7614,8.54549694,-7.78940767,18.3726236
7615,40.2659267,26.3882604,81.3452843
7616,5.72865258,-9.95052842,18.8296921
7617,9.37299735,-10.8594471,16.4625232
7618,5.29976446,-14.2466684,26.3785626
7619,-2.98989042,-19.2020197,38.2909097
7620,-7.83575192,-15.5305604,41.8690084
7621,-10.7556657,-21.1489,47.0732896
7622,-4.75202215,-10.4514735,25.7793908
7623,-17.5329292,51.8023746,116.892828
7624,-10.497692,-20.9193134,46.3685431
7625,5.12134697,-7.32936973,27.1443645
7626,5.41254698,-8.22970046,26.4948476
7627,53.0533423,-55.2550723,56.4289189
7628,42.8790982,5.14457416,10.0176113
7629,7.54022976,-6.28258287,26.8404682
7630,12.1194958,-25.9282906,65.1607225
7631,11.1468045,-6.679698,26.4348276
7632,79.2985719,-49.4008442,111.415703
7633,0.969960092,-9.5367373,26.3671466
7634,114.302465,31.643734,58.1858121
7635,-4.45705209,-10.3770479,25.7687918
7636,42.9663167,-54.9374534,61.6039535
7637,17.4986765,-54.7072066,28.4724497
7638,13.603432,-44.4864165,36.2197819
7639,-7.13283853,-22.6211228,43.5939779
7640,46.4099023,15.9333285,19.3729024
7641,-5.02402577,-9.13529598,28.202504
7642,13.5661764,-44.3858906,36.24995
7643,6.1934455,-8.79370323,25.8581034
7644,6.21816111,-8.83612032,25.8371114
7645,10.0474286,-7.66699377,25.1663787
7646,9.45032247,-7.47099801,25.3971316
7647,8.85122283,-8.98671681,25.0575758
7648,9.86695249,-10.7558076,24.8412845
7649,10.0277692,-7.76040566,25.140671
7650,-3.42876977,20.8962162,24.4520702
7651,-0.199118105,14.2721493,20.5444665
7652,13.4495911,1.53920534,32.7111961
7653,27.4612407,20.3490131,23.1639862
7654,22.7794825,17.2049763,37.9101803
7655,-0.0274147402,-19.3411321,23.2691409
7656,1.41928572,-19.9576152,23.8919154
7657,-0.81864724,-19.6670102,23.2682655
7658,-0.991616855,-19.6163784,23.2963667
7659,-0.881717188,-19.8188934,23.3327084
7660,1.85585274,-6.03503778,31.5151445
7661,2.14548164,-6.3409385,31.5604112
7662,2.13571552,-6.20913643,31.3790995
7663,1.56144379,-6.65061712,29.4002401
7664,2.68950547,-7.15266692,29.4164352
7665,-2.19257051,-21.9892851,31.1419634
7666,-2.73345836,-21.6771618,32.1935704
7667,5.99874087,-18.5997635,28.5796896
7668,4.25707733,-20.6856859,26.8766602
7669,4.39593517,-15.9851429,34.4779792
7670,6.32986904,-15.8303593,35.8693785
7671,242.400085,49.806158,538.586759
7672,86.8650376,-20.4496204,-38.0252607
7673,46.3258328,7.78315705,12.7052382
7674,22.4757305,-13.1603053,1.23876816
7675,66.3896157,-44.4478096,39.0972292
7676,10.3494045,-14.7965081,112.971588
7677,37.4186516,10.8355153,7.53040713
7678,60.9914148,-73.5420818,65.328894
7679,38.0591561,-27.238637,26.3254795
7680,74.5747095,-43.8899074,39.1756414
7681,19.7934917,1.34344427,16.7922872
7682,21.3486794,-4.41344516,14.54243
7683,9.01594959,-45.3698367,-15.4307257
7684,23.0860581,-56.3715255,-40.6367527
7685,24.0295394,-32.192565,-23.848013
7686,23.4633395,3.00053619,14.4359343
7687,6.65385779,3.36616162,16.214979
7688,19.8989114,-6.45107455,15.6865104
7689,27.0470341,-18.1636416,40.0822414
7690,-1.4042657,8.47711718,10.3895653
7691,24.6797012,-7.83391667,37.1127807
7692,26.5078335,-11.4475682,35.0361386
7693,9.81452543,2.94909688,8.68905268
7694,15.0119221,5.15912172,3.61036619
7695,26.1547021,-6.12955553,20.8776782
7696,34.5663857,-20.6853719,33.8839759
7697,24.6219127,-10.8376685,37.3767389
7698,24.5758043,-10.85579,37.4628235
7699,30.211552,-19.168965,36.138998
7700,30.5400765,-19.1139189,35.5903547
7701,30.9739814,-19.4224629,35.4581663
7702,68.0660658,-44.0236191,40.1114143
7703,76.653329,-27.1363574,39.8405325
7704,38.1509344,-27.2431019,26.4501519
7705,50.3846334,-8.73596646,6.71342265
7706,49.7517106,-55.1781314,25.0380894
7707,43.4332778,-6.800612,5.78792246
7708,62.9451935,-3.5518447,21.4985127
7709,73.6559399,26.8063538,35.4094738
7710,32.8911579,-10.0676976,-31.5444685
7711,40.4236449,-57.5850998,18.8074376
7712,15.3765353,-0.931243748,-14.4337843
7713,12.514624,42.9441859,175.637147
7714,35.5599442,-3.58813316,18.5777316
7715,40.740586,-17.7842378,16.4186769
7716,82.8093722,63.5772286,63.0013997
7717,68.7169408,9.2900981,25.5389131
7718,107.925608,40.7503952,-4.95931351
7719,47.7700681,1.2825938,23.0811334
7720,44.0454663,25.3110629,11.3440037
7721,-6.32010886,86.0319192,-53.9550738
7722,34.9197721,-1.75860545,17.4808629
7723,36.3708733,-5.85157224,19.4711388
7724,5.25452428,-8.12184144,-1.9067796
7725,41.2312941,-25.6068839,28.109711
7726,41.7838958,-24.3774688,27.0844473
7727,43.9967683,-27.0832422,28.9377752
7728,22.8852475,-4.50362876,0.305089479
7729,54.1037534,-10.0866276,-4.48434494
7730,53.5271508,1.61108737,-19.6867281
7731,55.8981515,-32.7527672,-22.3499811
7732,16.5619933,-93.6247074,7.73279996
7733,70.2563345,-70.5284758,62.1713588
7734,93.9737672,-4.09624824,161.240923
7735,35.4169504,-1.19998173,31.8330806
7736,102.741055,-33.5342655,100.560853
7737,136.482376,16.427865,78.2716454
7738,85.9240368,48.1078841,50.4331179
7739,-21.5321942,63.3851126,104.002516
7740,29.3424339,9.23170117,47.9861364
7741,-9.45107085,-74.2285411,-83.7769399
7742,35.1325559,-24.0153508,87.7609123
7743,38.4247306,-4.50519315,29.4358655
7744,-18.1000516,115.089741,65.8039226
7745,85.4231363,40.0487421,66.3139023
7746,43.8438424,-5.51457936,2.91030895
7747,1.92188729,-19.1228176,-2.611801
7748,57.0106807,-23.0405421,8.85991728
7749,91.8340328,-40.675911,47.3730176
7750,92.215354,-43.412446,58.5872413
7751,79.6442758,-45.6566152,41.636841
7752,74.9713305,-50.3919131,50.2193422
7753,263.421119,-116.201784,175.327317
7754,-17.5635793,51.1738755,115.999587
7755,-1.45216121,43.6023451,124.119326
7756,48.3326174,5.82806212,-8.55631744
7757,92.17108,-21.9739047,90.6976369
7758,99.1348153,12.1395735,210.422089
7759,8.93891241,-13.1002904,112.530333
7760,-50.0390827,90.7180487,258.643691
7761,48.3155747,-31.2414197,-0.190457876
7762,209.219818,85.942018,221.358133
7763,67.8159332,102.007857,125.985079
7764,90.6555394,0.550966439,64.5550973
7765,40.7616087,29.6153587,89.7914122
7766,210.884307,30.6231796,470.089633
7767,79.4087394,25.0447167,86.9612332
7768,23.9569835,5.53928639,2.24436548
7769,65.7934284,108.365914,-81.7297149
7770,-9.40057642,137.229639,55.772702
7771,2.44660912,86.7283237,111.786373
7772,62.7533117,113.84246,120.821121
7773,90.6176512,0.599263851,64.4789385
7774,-19.2175765,66.9704483,111.668364
7775,116.012431,49.7255395,237.847455
7776,46.6836002,-3.81593634,12.5674653
7777,111.626079,39.0162089,39.0867903
7778,0.581398329,30.1296281,28.1064089
7779,-3.02932244,35.0621999,110.652119
7780,34.7260929,3.02073687,42.1546708
7781,24.7515471,-5.07788217,25.6218354
7782,9.30296273,6.63874119,18.433344
7783,2.51862069,7.19396249,106.601231
7784,6.06650555,-6.00194011,108.118366
7785,81.9160416,49.2786396,-20.7365314
7786,14.7798779,1.8263288,-15.7100704
7787,47.4804122,4.48266221,-7.2157985
7788,91.4728079,8.62802956,78.4231106
7789,3.73714707,-7.06984018,-2.03830025
7790,78.1055202,-16.3639629,36.8540225
7791,91.0978735,-22.1608921,46.6560015
7792,91.5968835,-12.1914427,82.7678933
7793,-11.4122019,90.648516,73.1118894
7794,36.8329576,32.0945291,57.4789781
7795,-120.875815,678.905185,152.240983
7796,-67.1450308,290.826896,-27.2461166
7797,66.3365075,41.8480097,4.04281249
7798,6.52179519,51.8837898,-5.13861637
7799,792.218838,233.881753,705.354009
7800,83.0903043,55.2084003,71.0316167
7801,70.0504764,9.31573039,25.8475023
7802,32.412106,25.2158933,52.8235684
7803,-8.52571125,52.3590344,57.8679833
7804,-1.01444171,79.5750145,-71.7245725
7805,41.4818793,30.6429115,-12.5895689
7806,-43.9540978,318.344558,92.3253973
7807,114.324478,38.6205372,-55.224875
7808,21.9365735,38.0481397,21.2666197
7809,110.29608,32.4736739,51.0321123
7810,33.1911634,21.6501227,95.1284582
7811,50.6340111,33.7194086,94.801334
7812,16.6704777,15.3033547,19.0000191
7813,26.7661782,-6.33113572,32.8470137
7814,3.91030732,41.7140659,7.99461023
7815,-2.64832352,59.6953786,12.4282781
7816,10.5310179,2.70807123,-16.0114078
7817,39.8341785,16.6339922,-36.8418446
7818,8.14945761,36.830375,13.4180502
7819,-26.8342139,112.0966,15.5721429
7820,-50.5693922,226.156847,-24.9220657
7821,83.0587975,67.3103705,3.3125293
7822,-6.40477201,85.8066191,73.7083721
7823,-8.37006395,52.6921414,57.6241696
7824,20.3977027,26.1129009,0.98188701
7825,52.2892648,-16.0229884,56.2242754
7826,32.4582816,92.67255,57.2475437
7827,8.06178064,19.6800517,18.8849379
7828,99.9580439,53.8406696,40.5706766
7829,36.4828501,96.1575845,65.9973035
7830,0.297413023,82.0191723,103.111298
7831,-48.2604057,190.672642,21.2606231
7832,-6.47733806,99.6509404,8.15425307
7833,-26.5048548,111.354443,15.7190944
7834,61.9580949,100.893503,75.8466376
7835,56.6465041,104.33737,85.4406411
7836,17.7779068,-6.4557653,21.9610856
7837,74.232447,23.7365564,23.3164597
7838,27.1862708,10.0691388,5.65083235
7839,3.37387738,24.7216658,37.2375385
7840,14.636918,15.7171444,-13.5695012
7841,59.8681824,61.9670797,31.2150542
7842,50.1754679,59.3303719,-12.6496278
7843,33.1880496,89.6687273,49.2776126
7844,30.3231261,-0.526429978,-42.4312099
7845,41.9507468,1.62638981,10.2136556
7846,5.52450536,0.366548646,22.2439522
7847,58.7190298,52.4831842,32.6721554
7848,-3.11759509,21.785484,24.5865334
7849,6.16089036,49.6714579,31.5262078
7850,14.0965851,-24.7690976,-41.9641356
7851,45.2244168,16.9678887,27.3003728
7852,50.2532036,-4.41707351,-19.7462027
7853,35.8883985,-5.59575888,19.6649898
7854,10.466117,6.74433649,16.4645657
7855,11.026123,42.6143319,16.9636746
7856,9.88566681,3.49485962,8.99935787
7857,15.3493494,24.4480508,96.8714341
7858,11.0757616,19.1632381,21.5333656
7859,15.1628497,19.5038573,45.2349636
7860,17.6235279,41.7920614,28.8574249
7861,16.8122621,-4.75796197,14.5672942
7862,-0.466323762,6.9672937,29.142872
7863,-6.49147923,85.1538434,-52.1716518
7864,46.6710713,-0.240090399,2.61917274
7865,16.0650938,17.428695,17.191713
7866,16.2947837,14.2104742,21.4009325
7867,41.9050508,38.325882,-3.51656893
7868,9.00429096,13.5174632,-6.26001453
7869,10.7706701,18.4464978,1.00052225
7870,-2.19202616,22.5316594,10.2459771
7871,20.6502329,-4.91528396,13.5182171
7872,28.0733042,39.2478966,23.1710569
7873,1.60214839,14.1547513,4.25734844
7874,7.83556187,25.0704105,5.75759652
7875,3.35084272,32.9311047,8.87071142
7876,9.0237239,16.5084778,6.49597778
7877,2.22583449,31.0792346,-1.58986515
7878,0.841151762,32.411385,-1.53897981
7879,3.15551215,41.3198475,32.0307581
7880,52.2326368,72.0175817,32.0289674
7881,10.7735705,18.9581428,-0.96314537
7882,-4.08448086,16.5472102,22.2531
7883,41.2326128,35.6149969,-17.5024839
7884,8.97301541,38.221492,7.74966631
7885,18.1607892,43.3387589,8.43113963
7886,2.40802914,28.8558756,8.77838301
7887,7.82694451,35.2745128,12.237326
7888,-0.324000843,16.578297,13.0771989
7889,-3.7385156,21.4846249,14.3720181
7890,28.8114108,-4.15262787,16.7548036
7891,12.8346453,5.87161501,28.4077371
7892,13.1807715,5.86728284,20.963042
7893,13.1611864,16.1509179,21.7729733
7894,13.9590707,25.4243831,17.5996389
7895,22.3823419,-7.4381361,18.8481706
7896,8.76338574,-133.53397,-134.888938
7897,0.725169443,29.2691985,23.7383102
7898,6.03758616,7.04154559,22.2859952
7899,17.9975927,13.5179051,21.6747809
7900,12.2913105,26.1511544,25.869527
7901,0.0371366084,14.4324967,0.784727389
7902,-3.76408765,16.3241267,21.9100803
7903,-0.723750494,1.25245041,17.4500153
7904,5.61774219,2.25216672,18.7653987
7905,-0.856167197,16.4244665,26.7900013
7906,-0.870029424,-0.906167684,18.4908911
7907,1.07920679,17.4030269,14.3745938
7908,-0.878043555,14.4394839,21.2324865
7909,10.3627846,19.2905654,11.0274599
7910,4.32156608,26.0048568,35.0693686
7911,12.3916323,17.4001909,20.4906923
7912,-0.632519238,18.7344329,26.7133556
7913,2.96596169,26.2343061,35.4526298
7914,11.9110031,10.1089916,23.4028391
7915,-2.47923763,11.1856239,29.6920521
7916,12.9958614,17.5307111,11.2385531
7917,28.0468229,18.0812591,20.567722
7918,-0.266615611,1.71435927,17.2769595
7919,12.3538933,14.0729847,37.7935893
7920,23.6963301,-5.2637607,33.1146358
7921,3.99718738,19.578425,14.2489306
7922,-2.49304644,18.7200059,21.1025197
7923,24.8181154,-7.14076736,37.1071058
7924,-0.910409682,22.4037303,22.8569969
7925,-1.61933745,14.4206277,6.53871814
7926,10.6278383,25.3893431,16.8157939
7927,6.60189205,23.1759721,31.4853611
7928,6.23043685,18.543399,18.3923873
7929,8.17175453,21.7217375,17.0260607
7930,-1.22161953,15.5178922,19.6775065
7931,-3.20453356,14.478636,16.0843725
7932,-1.47649143,20.8580657,17.0343355
7933,14.525669,11.4058774,21.6090208
7934,7.90356263,21.2614682,18.3059434
7935,-3.48649083,22.4563123,12.7350443
7936,-0.2861317,30.2386444,18.1608304
7937,2.32319773,23.1575307,11.2452182
7938,3.79790085,8.86414632,0.392215092
7939,7.24649075,11.1134176,19.5110957
7940,-0.151594207,23.5066224,15.1147991
7941,3.66885611,32.470302,15.0658574
7942,-0.716731912,18.7339936,4.77976014
7943,3.9168443,-0.569223696,43.3936953
7944,5.14353007,13.1613474,10.572916
7945,-0.988249664,18.5945112,5.04227827
7946,102.419235,-15.9943607,-51.3616983
7947,19.1189067,33.7684549,15.3582345
7948,17.1213965,42.563486,29.5703974
7949,1.42137361,31.3831181,16.0761584
7950,10.2659146,24.2843195,17.1955131
7951,5.89663483,1.76537889,18.3821432
7952,8.16355324,16.7553939,23.6366717
7953,10.4102317,24.2660802,19.1270973
7954,10.8859453,12.3628641,22.9149561
7955,18.8043666,17.8469114,16.2834172
7956,785.27696,205.470704,540.458957
7957,10.0937784,8.02359075,34.1215254
7958,10.6956667,24.6619665,18.6909515
7959,55.7482017,10.3434056,12.3291976
7960,10.5187804,25.0854856,19.5028952
7961,10.9135296,19.7132011,10.7684419
7962,10.8899348,19.5054182,20.8724214
7963,-6.85655704,11.0750948,33.8430071
7964,34.5024641,3.2527382,18.4972266
7965,9.06653634,13.1517333,14.4158007
7966,74.6735222,-3.07701525,7.62778173
7967,11.6229117,12.1281027,22.2855502
7968,24.4406129,10.0296034,18.3331026
7969,-1.43716719,8.42108187,10.580696
7970,4.35950259,8.91200075,6.19913691
7971,7.45273798,9.67064492,12.0265908
7972,50.0051487,-22.8704411,-10.6014585
7973,-0.771846696,9.65605134,10.0726124
7974,15.9944216,2.29770181,13.9916195
7975,8.83563262,13.819344,24.8077281
7976,17.2609929,11.0641487,12.807991
7977,12.669254,12.3396853,13.9713065
7978,16.7130165,11.1762972,13.3528699
7979,-5.58242481,0.102808723,41.5015611
7980,5.96540935,29.5984205,31.498858
7981,6.12609817,26.8614362,33.6270775
7982,17.897228,7.54302231,2.49317386
7983,35.3074577,37.5063052,-27.0594684
7984,36.0509678,36.8142759,-26.6406872
7985,33.2204484,53.5095558,-61.609512
7986,14.5840166,23.9266192,27.1680135
7987,34.7431076,36.0392439,-26.5736692
7988,19.1158852,-0.322320476,12.2118423
7989,64.6481266,-0.0824742398,14.5435624
7990,23.5217409,18.5617128,30.2662308
7991,29.3796606,28.088343,10.6897769
7992,9.3756885,26.0065137,29.950136
7993,12.048441,26.6148886,25.8015744
7994,31.5771518,20.8654272,41.6856188
7995,13.0246893,26.997826,23.0739632
7996,13.1639814,27.3536874,23.1168409
7997,169.414315,52.4828595,-4.79477973
7998,-0.608580666,9.05561983,29.9439302
7999,12.1447681,26.4503099,25.2421821
8000,40.9743987,-9.75623628,20.5165832
8001,30.0577992,16.4341429,16.0165774
8002,41.4121683,-10.324909,19.9649789
8003,132.446247,-51.0172374,-88.7694956
8004,12.3074222,26.1221409,25.8209957
8005,33.6769386,34.8898289,27.8232866
8006,37.460547,35.6193544,48.6057123
8007,23.1790733,25.4765614,19.5623805
8008,60.498777,63.1371912,29.3742743
8009,4.30234416,-1.82758408,17.0011123
8010,25.077093,22.3093106,21.1818836
8011,6.76373564,0.802919147,5.08411861
8012,10.4115107,26.2024037,5.14612486
8013,41.4917622,-9.98552512,20.5397552
8014,13.4591585,-3.42455739,16.8518386
8015,35.2746255,-1.82277595,17.8272149
8016,3.93042343,42.3048507,5.07331422
8017,21.2660481,12.5425606,22.6660851
8018,22.8011218,3.82301378,13.3507319
8019,-0.211800478,4.57994671,8.0160358
8020,-2.4381152,-19.0329523,-18.4207391
8021,34.7582943,45.9712272,35.7891323
8022,21.8221178,-0.146752038,10.1551028
8023,16.0037122,-7.1261566,20.5838267
8024,50.1824532,-52.3266719,-85.2116639
8025,23.2784777,4.50996155,17.5326444
8026,26.1708059,13.2623329,19.237608
8027,10.8376511,-5.50458466,-25.5170249
8028,24.8229479,-7.27010794,36.8187687
8029,24.9803548,-7.27969829,36.5286305
8030,12.4954451,4.65565937,3.65897758
8031,-2.6761502,-29.8641944,-6.90186742
8032,7.28045774,12.1336665,7.88332847
8033,45.2236067,54.0924111,33.9766833
8034,14.3020266,-1.69137595,14.4696047
8035,10.3079234,9.17004519,13.0315001
8036,14.355163,11.957107,14.0617287
8037,1.27393694,49.156154,-15.2233446
8038,19.5678584,-7.19272877,17.2959415
8039,9.12642671,6.86848969,8.82988239
8040,28.8040933,-8.83474834,-43.7369155
8041,35.5681713,30.3290849,43.6302139
8042,17.9868906,2.70012503,11.4464755
8043,21.5671299,10.5439433,21.5589438
8044,41.1317405,24.465576,16.2835982
8045,2.7217952,-0.930623083,22.2642441
8046,8.31069348,-0.1740957,1.89881645
8047,7.93278151,-3.48319202,29.155679
8048,16.4222704,15.9681287,18.1209803
8049,4.64071862,7.47811019,17.4541587
8050,11.7007583,3.27832367,8.54054495
8051,17.3515225,7.06747686,4.69045567
8052,-1.68277397,16.1257696,26.2187938
8053,8.8972435,13.4804681,26.7496391
8054,10.0784982,6.85226572,11.9160564
8055,22.7590311,5.56101644,11.1663636
8056,10.1963326,9.69121544,6.05009121
8057,21.5815451,-10.5634321,5.1182654
8058,19.9905331,-4.16168603,12.9573789
8059,19.2892464,-0.127296203,4.66483187
8060,19.8273527,6.04099462,14.0854592
8061,21.2152052,-4.7625474,15.1780345
8062,16.8337221,-4.7727262,14.5755919
8063,18.66808,-5.85579614,15.102324
8064,18.731657,-5.91191025,15.397167
8065,6.91315191,-1.31634308,16.4170032
8066,18.0722504,1.5007384,16.56984
8067,9.31614586,11.822743,2.54981198
8068,11.880327,-0.657671493,20.0627553
8069,19.9200568,9.71586489,5.13667354
8070,17.1118521,6.59083532,5.79676153
8071,10.5879178,4.64503047,12.199695
8072,15.7283111,-3.05328034,14.6531505
8073,9.68580216,-0.135176471,9.54652969
8074,18.8571407,3.08856308,11.6924682
8075,18.4497989,-6.14767436,21.8524245
8076,17.4454173,-3.37134886,12.9532641
8077,8.84597342,6.7632875,8.43069736
8078,16.3268367,-3.6809627,13.6216299
8079,13.3113721,2.43822406,10.1688248
8080,-0.466462727,9.52036939,10.9892911
8081,27.2809243,15.663362,17.22219
8082,7.57272836,13.0027825,13.2516742
8083,12.8628336,8.92407946,18.2759405
8084,18.2143241,9.83558305,2.93859091
8085,13.6671885,1.37298149,3.06581549
8086,13.1548121,15.7279864,28.0506938
8087,17.9530058,0.742165947,17.7395992
8088,19.8837959,0.80617325,14.4715136
8089,19.7818815,0.845275423,14.1417107
8090,18.8330243,6.68870246,16.0927083
8091,14.2900998,-1.17653091,14.4093235
8092,11.0948726,5.67143044,15.0072229
8093,16.0231759,1.98541749,21.3030576
8094,1.75642038,-4.5417877,13.2863817
8095,11.9734163,-1.07893577,11.2481585
8096,17.3403268,12.548938,32.9674938
8097,9.15275655,6.99006377,8.91955674
8098,10.7351062,5.89327335,13.1094156
8099,2.86899006,16.7210925,12.8966653
8100,20.3737097,22.071926,-0.427916652
8101,41.6318817,1.76394244,9.66000762
8102,11.5988095,14.0913726,12.3247267
8103,22.7413498,4.43787579,13.4753327
8104,38.3171664,36.9258877,49.7330195
8105,17.6111248,-6.48017791,21.8263466
8106,21.2697571,11.3388326,13.7148251
8107,8.3165862,9.99186424,19.2542822
8108,22.546086,-4.66739585,30.5850196
8109,20.0899523,1.08938845,22.8879865
8110,28.0082098,15.2324035,19.23237
8111,6.78315134,10.7888258,5.13980405
8112,11.0677762,4.84876855,11.2774622
8113,13.4312529,11.1798819,10.7518143
8114,20.2667086,7.00164277,16.42495
8115,12.7901108,-0.0345012445,6.92339398
8116,16.6249558,15.6345051,18.4668667
8117,-1.28548921,4.37361335,18.8357471
8118,5.43390317,12.7977836,10.7312984
8119,20.9067645,11.0878121,13.350215
8120,9.1006881,6.67164397,7.36496263
8121,12.4994686,0.30478277,-9.76969748
8122,21.9311771,13.7786571,20.5217132
8123,14.7789433,3.37403448,3.32051236
8124,26.940429,3.5964429,16.8325304
8125,23.1578588,8.4678341,18.3335182
8126,2.63696778,6.14466841,22.2762154
8127,15.9954835,15.1428807,17.3652215
8128,21.8216804,2.03380349,19.8457401
8129,15.0251002,-0.196260793,10.2232115
8130,24.5700857,-6.51631681,37.6230039
8131,17.6843085,1.10469065,11.7323674
8132,19.5883596,6.94913973,15.7061185
8133,18.0726283,12.7058281,21.7960937
8134,1.73385283,23.0401791,8.08138111
8135,21.5481238,12.1414305,22.8613632
8136,14.9249614,9.78998864,15.1512163
8137,4.37520432,3.28571028,13.8721987
8138,1.90079028,10.2976769,-0.322191522
8139,5.28938349,7.31374354,11.8110566
8140,14.5584408,7.55983446,23.9355959
8141,-6.92188367,84.1239389,-46.4803934
8142,42.9113177,6.06855338,-3.97660808
8143,30.2023605,28.521211,8.66704454
8144,17.1481447,14.8849737,12.3435517
8145,15.7273195,16.5794665,17.8817404
8146,16.8645274,11.2916701,13.4263951
8147,21.7736928,12.4324127,22.874429
8148,22.3558629,12.8207119,23.790295
8149,24.1447807,5.52434978,16.9399888
8150,23.4804463,6.04154786,17.3859
8151,25.1721554,13.7748923,20.6269793
8152,27.8997695,14.9382023,19.5283971
8153,45.86009,16.853258,18.7465689
8154,26.9750965,11.6990122,-15.6224012
8155,341.71116,193.869778,24.5695703
8156,49.2843147,11.1246269,17.0095644
8157,17.8556176,-6.38199419,21.7528134
8158,6.40173736,19.0674527,18.8651596
8159,5.37446504,3.03032494,13.3456073
8160,13.2447672,-12.0436448,4.81450411
8161,-0.804825826,9.31606447,29.7909193
8162,10.796034,0.0490320082,20.418855
8163,10.825467,5.01900949,20.6701703
8164,10.4856874,6.02608038,16.1617765
8165,13.8014604,-6.08289211,22.4172531
8166,16.2201865,-0.643500833,16.2905392
8167,14.6366046,5.05239028,20.4200418
8168,13.4286443,0.113798169,20.7020953
8169,12.1638029,-0.457859072,20.5390192
8170,15.9981952,-7.12836384,20.6156769
8171,6.3540039,1.31207765,5.29824703
8172,17.4030621,0.370109574,19.0297817
8173,12.5600462,-4.98800984,20.5852922
8174,8.92776805,0.413348179,13.8899462
8175,15.6515958,4.68990762,15.5984564
8176,4.99418707,8.5979419,21.5920559
8177,4.30802052,12.5261701,17.4955724
8178,6.28488729,12.9091324,24.3589006
8179,9.20109396,5.3075913,24.1604115
8180,14.1366381,11.8114657,21.5118803
8181,17.7280028,6.7551993,15.7573492
8182,6.61034769,8.35402888,5.33153024
8183,5.57247694,0.446649574,22.2733739
8184,6.55886754,19.2286223,18.7015541
8185,4.45450171,4.25695179,18.2339423
8186,7.07816827,8.67988249,41.4525773
8187,13.4298016,7.43182547,24.447288
8188,-1.8911782,6.70113445,12.5041286
8189,9.86708061,5.61573726,22.7563892
8190,4.99398703,3.8856282,18.1766869
8191,10.9749072,5.73183321,14.8679762
8192,-0.0434407599,14.7584449,19.3818796
8193,6.76654319,-0.805543217,16.5798222
8194,16.8280944,0.810940224,19.8720205
8195,-0.280383443,4.51129308,8.01648742
8196,8.9914449,-3.85176731,15.6181181
8197,11.8081135,-2.18554042,15.1292903
8198,-1.69612943,5.88576072,12.1044842
8199,-1.65641805,5.08125212,24.4579679
8200,0.954161321,8.53269845,13.8150325
8201,18.3163868,6.64816636,16.0801137
8202,8.50915808,13.119546,24.9436443
8203,10.5342732,15.0360122,23.6699906
8204,10.9883489,6.6258915,26.8606832
8205,16.6107401,14.7169341,11.481856
8206,5.77932171,7.06820265,12.7333683
8207,20.2870564,11.9145425,21.7937906
8208,21.0022912,12.316262,22.6241548
8209,19.9130784,12.3722449,22.327381
8210,14.8092188,5.87678567,14.7216612
8211,14.6471736,5.65876193,14.7320678
8212,10.44169,3.64295403,13.6902699
8213,12.2645638,12.7565932,13.4226609
8214,9.90718989,9.4667776,2.24771493
8215,12.507173,1.31240629,17.6029978
8216,15.09549,0.701554066,10.7736933
8217,6.15839295,5.773385,16.658315
8218,12.4538353,12.5649662,21.7004508
8219,1.12360918,4.565555,14.1711559
8220,15.4929629,13.7505662,15.2806898
8221,-0.040581045,3.3300476,10.9465863
8222,7.73886466,12.1927825,7.0592813
8223,16.5646299,13.7658792,11.1092538
8224,11.0209199,5.7558303,12.2998257
8225,13.7670765,13.2352924,12.2922768
8226,13.2087811,7.91241281,13.493513
8227,12.458135,9.16999392,13.6675554
8228,15.9952714,4.45425162,15.6452309
8229,13.1043634,10.8751706,14.5559314
8230,8.93283284,13.06473,14.3082434
8231,22.1984581,-1.35468124,-5.5955752
8232,0.547836446,9.02674912,13.3873566
8233,19.5695291,0.890043122,-11.6657275
8234,13.6976338,18.1087459,10.0007356
8235,13.1281956,17.54533,11.1054595
8236,14.5885869,17.3264409,-0.751544001
8237,17.2695849,17.8302493,10.4773878
8238,14.5130359,11.8494622,11.827162
8239,12.9657098,12.8085339,12.6042314
8240,12.3378761,12.9012614,13.3378803
8241,15.5136732,4.59146038,16.2342021
8242,9.32462865,6.3394913,8.1728144
8243,11.1302828,5.33582143,11.620506
8244,24.1671714,39.2060915,11.9591618
8245,10.2813618,16.1199296,6.16848382
8246,16.7718353,11.9411042,10.8389656
8247,0.0853953256,14.5631561,11.3029993
8248,22.6481479,5.26754204,0.304752752
8249,22.947033,12.7577242,4.82918547
8250,-1.00757966,0.56519059,15.0137764
8251,11.1299075,2.44355063,14.2869328
8252,15.1430087,7.67006403,9.79851952
8253,14.8000385,9.93011448,14.8687749
8254,10.1042721,6.63224016,12.8286079
8255,-1.06204247,9.41233953,20.1887531
8256,16.9576941,0.683502123,19.4438104
8257,-1.31676411,6.96186564,9.74880062
8258,10.1456814,1.5176377,13.6360581
8259,17.1100169,6.59067996,5.79918489
8260,-1.78449425,-4.15955802,15.2187866
8261,7.79758548,-1.74692975,14.5038243
8262,16.1873365,-3.55806172,13.400368
8263,14.7860938,9.94845919,14.8701396
8264,10.3176001,4.74100149,13.791707
8265,4.00408249,-3.24389441,13.0708632
8266,1.75238828,10.0029979,2.67488469
8267,9.8158316,8.44919385,12.1330846
8268,17.5921417,7.03137173,3.73954593
8269,15.0368306,11.5345734,13.7152403
8270,14.6581823,9.21773323,14.5478635
8271,14.1868153,5.70344126,7.0970402
8272,9.48114997,8.22943835,9.7772172
8273,15.1744359,6.70648496,14.2741207
8274,8.6601508,13.0422649,13.516846
8275,9.06693545,13.0626436,13.9396534
8276,1.27056889,14.4777593,12.686346
8277,7.69748636,13.0192398,13.9702482
8278,3.39609492,16.5299544,14.3263044
8279,15.0216054,9.64926106,14.9763915
8280,12.7048706,12.8591973,12.6011415
8281,12.0281977,10.8055432,13.0908554
8282,1.01438109,6.85982763,15.0972757
8283,20.7617836,6.88575408,9.05102106
8284,9.14793428,-0.88449198,10.9666445
8285,17.9349131,8.39782079,12.4881295
8286,20.2106649,3.39918197,5.71865455
8287,13.5771547,1.7955104,8.36840928
8288,5.83804773,1.27710815,12.4847645
8289,15.9737211,-3.59490307,13.1224534
8290,7.83899904,1.84996948,5.48843813
8291,15.0032209,11.5515511,12.8836768
8292,16.1944336,7.27905299,14.4230929
8293,17.0014525,6.53508045,5.96730498
8294,18.261426,2.87797908,11.1164934
8295,14.2164198,6.23558434,13.1014952
8296,14.2372169,6.23141777,13.3491546
8297,14.6168589,4.40433081,8.25679779
8298,9.31010472,6.36139547,8.17927858
8299,14.1029451,6.40948576,13.2861603
8300,14.140615,6.26397987,13.2768444
8301,14.5503783,2.31700254,7.48638437
8302,14.9395351,2.71697052,4.08506376
8303,12.9421633,3.27285114,9.90904366
8304,11.1617713,13.9350714,5.84303178
8305,14.8444174,6.71554522,11.2252431
8306,14.996494,1.30128202,11.4994743
8307,17.9664825,2.41518915,11.2709934
8308,17.5329284,6.66336179,5.44113128
8309,15.8530195,3.98419865,15.0812101
8310,14.2982597,0.358127928,19.9021805
8311,12.3820262,1.05431572,17.6279229
8312,14.912918,0.836816955,13.7055656
8313,9.85768968,-2.86139093,10.9339855
8314,9.81147905,-0.157799272,10.7624741
8315,17.4172137,0.413277137,19.0800725
8316,16.0805076,2.26467927,14.1603994
8317,11.9557068,-2.09829349,15.2675831
8318,13.8715031,5.45936763,15.2928382
8319,18.0126072,1.47591963,16.5984188
8320,16.2419203,-0.601264218,16.3083201
8321,16.7747269,0.0198262241,18.6675311
8322,16.2646666,-0.595860097,16.3489406
8323,17.9976759,1.52933769,16.5467188
8324,17.6463605,0.289720491,17.8501187
8325,15.7969571,4.65588417,15.6812374
8326,14.5018667,0.521968866,13.6854646
8327,0.768217655,6.14557042,16.1478875
8328,-1.72309487,3.98802363,8.16617866
8329,16.1513671,0.47202792,19.2632228
8330,9.01284004,-0.640498343,20.7781216
8331,8.93219748,-1.71036671,13.7645373
8332,8.82629772,-1.67168129,12.1915422
8333,11.0443388,0.465220701,17.7601399
8334,-1.72356185,5.86456559,12.0797711
8335,-2.50984842,10.5829632,29.8540656
8336,19.082536,-6.37826607,2.54539857
8337,9.65562544,0.966883837,13.7315729
8338,-3.86567703,16.245863,22.8348784
8339,7.80241901,0.158411771,13.8234087
8340,10.16048,0.938939897,18.3756307
8341,14.4656881,4.85981765,16.1142561
8342,12.2643718,5.50614329,17.3609695
8343,-2.55918048,-1.72022791,2.93416085
8344,-2.26365213,-0.462328607,11.1995166
8345,11.6566219,-0.357957998,10.8512686
8346,11.8353476,-2.53540797,15.8581464
8347,10.8050612,-3.20981369,15.0184191
8348,11.8602996,5.75393061,17.2380208
8349,11.8947173,5.68589898,17.3763173
8350,2.51090889,5.99828463,22.4539908
8351,10.4670587,6.05507233,16.168686
8352,8.56537969,-2.94496126,14.8428334
8353,-1.69973966,5.84004406,12.0805734
8354,6.55062875,6.17075734,12.0600359
8355,14.1847822,-1.64591899,14.4226057
8356,22.2862424,13.3176804,3.67336808
8357,14.3274373,-0.837711967,14.4148668
8358,11.1122491,1.2539334,14.3651532
8359,-0.0911565327,3.76489842,11.6888404
8360,14.3919332,-0.572333146,14.2576027
8361,10.4689864,-2.99750786,19.3011626
8362,1.63851448,7.96346075,14.9187523
8363,0.365607147,12.3098636,16.4861722
8364,9.37470472,-1.84625308,8.10115886
8365,20.3983999,7.48067649,9.0074847
8366,9.53506175,0.748926778,11.6876075
8367,4.72262403,14.7856483,20.3932833
8368,10.567782,-0.363946847,19.6621477
8369,-1.75270017,9.55957712,17.4711857
8370,10.5609819,6.15219988,16.4520809
8371,10.9861862,1.24056975,14.2737223
8372,13.0549438,0.96152572,14.1853097
8373,12.3907886,1.19572552,14.158173
8374,14.3045285,0.712342913,12.7220203
8375,13.9181034,0.879153583,12.4646211
8376,12.1069927,0.710048812,11.2850525
8377,13.4812595,-2.35534999,12.2701802
8378,13.5662373,-2.37115264,12.6239268
8379,8.26971506,0.0191695122,1.87137892
8380,12.4749648,-2.74021156,12.5372179
8381,10.7232916,0.299387046,14.7485918
8382,10.7248073,0.294438083,14.7534145
8383,11.0458271,0.289840393,15.0143927
8384,9.32239631,6.34746018,8.15457355
8385,14.0362593,-9.32718147,2.31354947
8386,0.779443471,12.1997004,16.5825133
8387,6.74618014,9.80601876,12.187947
8388,-0.0734924075,7.57620997,5.46821951
8389,-1.30080794,4.36918772,18.8164728
8390,10.8738748,6.27113573,13.9956622
8391,10.6282181,6.53534815,13.8503784
8392,10.9517496,5.78949797,16.6281874
8393,2.32681571,2.19520538,15.5101058
8394,10.9835695,6.09399183,13.9702755
8395,4.33840055,0.591203159,1.41958113
8396,6.53430122,6.00912872,12.0845579
8397,11.3286742,5.38671265,3.80525759
8398,18.3053949,19.4717267,-8.99385044
8399,0.471585127,1.64943777,7.09472161
8400,4.70046267,3.41335358,13.9565741
8401,1.84945158,-4.3724005,15.0700535
8402,11.6129661,-3.21997568,11.9965144
8403,7.68909796,-2.25010952,8.97450237
8404,5.64572679,7.15587497,12.4055951
8405,7.06862651,1.92675144,17.6675549
8406,6.22627206,6.15317955,10.2828608
8407,5.78505291,11.4289081,-1.25223379
8408,7.83348894,0.0996935531,13.7715081
8409,7.90045357,0.602611402,14.1740636
8410,-2.0178204,0.158212449,9.87778443
8411,4.76706581,-9.52446585,4.1327126
8412,7.65714357,-3.32195294,10.5278326
8413,6.37567333,1.29754323,11.673518
8414,3.47978202,-3.11386885,12.819341
8415,0.438230561,8.66381297,11.1538072
8416,-2.85641815,-1.920678,3.46080473
8417,7.87863133,-1.33475305,14.1698999
8418,3.32870508,0.486202122,0.736732681
8419,5.45563491,15.8495779,23.1401386
8420,2.83637576,-3.17796224,14.3082339
8421,8.13593017,-2.57088645,11.3629177
8422,8.79713216,-1.64757707,12.8130646
8423,2.86875703,-2.31129776,13.2678906
8424,10.8631525,4.68231811,17.5122551
8425,-0.0257280563,-10.0236724,5.42966925
8426,2.79739255,-2.18864916,13.7529963
8427,2.56554595,7.61042887,14.2593615
8428,4.31403128,3.23920033,13.9764793
8429,-0.660229514,2.90958694,14.7982241
8430,4.68395616,-1.01996691,16.9568033
8431,-2.2586737,-0.476791828,11.204125
8432,-0.139393881,-4.51249799,1.94460688
8433,5.5860529,-2.04121653,8.24533013
8434,-1.29293409,-0.951211386,10.4587683
8435,10.8370908,-0.64721255,19.4141925
8436,10.7583009,-0.506222416,19.1409303
8437,11.1553988,-2.21747548,18.9171534
8438,11.0802585,-2.17077455,18.5161401
8439,8.92741827,-2.11301216,20.59883
8440,9.53584843,-2.75322005,20.0386016
8441,20.461586,7.87313222,8.51315799
8442,164.945509,-12.5389495,86.6991081
8443,7.32406293,1.24033915,17.7419266
8444,-0.731709165,5.77158991,25.4619601
8445,0.224977759,5.70910615,26.0252192
8446,1.03753654,-0.570837381,18.0537172
8447,6.98110963,0.490500443,13.186719
8448,5.51874725,0.427377635,12.7262728
8449,7.59425218,0.209647253,13.6433392
8450,2.00925483,1.13035,14.9686632
8451,3.77059287,2.95726242,12.4145447
8452,0.819224989,-7.52886849,81.5842941
8453,1.34224154,-1.50421387,0.978443362
8454,1.45493089,-4.87975784,14.3983031
8455,-1.40432031,3.5954016,17.9821085
8456,-0.1612019,14.0134554,20.5621507
8457,-1.45545758,4.64862122,5.69785168
8458,-0.0368710982,2.09435157,16.4515871
8459,0.923750382,2.66633176,11.3730617
8460,18.3432357,5.50950727,28.7504736
8461,11.228508,5.43394454,17.4396025
8462,2.61140867,-3.4280119,15.2078065
8463,2.24793324,-2.95258916,0.779592649
8464,4.51283326,2.78474934,13.2344171
8465,0.355799248,-0.644439463,1.32594259
8466,4.53147232,6.28590012,13.9497249
8467,3.54750699,-0.907790552,12.8999506
8468,-1.72582056,5.90097056,12.0960958
8469,5.11201235,8.09369261,18.654115
8470,3.16812297,-2.16957014,17.7199067
8471,2.57478634,4.65332085,7.7391003
8472,-1.39314557,-4.5081022,15.6307747
8473,1.84185345,6.31161002,10.920441
8474,-0.401284577,14.3219272,20.749437
8475,2.93118354,7.94519033,17.7971076
8476,1.55779727,10.1493667,17.4456244
8477,-0.786185109,11.1131224,16.5946663
8478,9.71761295,6.73209524,12.7185894
8479,6.33898828,7.6705798,13.2554012
8480,3.64543941,8.90815049,11.0135324
8481,-2.73727395,0.812878225,12.6266195
8482,-2.6335788,0.458770536,13.7013053
8483,-0.760657351,3.12556048,10.1381361
8484,1.55387342,6.11448757,10.7943998
8485,-1.29957159,8.57441875,10.485598
8486,3.74629488,-1.93153364,17.6228659
8487,6.39023797,3.90448463,24.2731673
8488,1.16697564,5.48544256,14.6246717
8489,-0.34400808,3.23190917,16.0759093
8490,0.310992463,5.27743364,16.065549
8491,-0.826727892,3.69461462,16.6765756
8492,-0.75350179,14.9220048,27.616304
8493,1.78568416,-2.05313903,20.1057155
8494,3.68284721,15.4164868,16.5791444
8495,-0.346982496,4.98544189,11.0053229
8496,-1.56990566,3.5382136,8.47282297
8497,-0.725694183,2.57937871,14.6819385
8498,-2.3886616,-0.250995207,13.8953924
8499,-2.45554635,-0.0654167504,13.9951954
8500,0.0279248917,2.11183035,16.4351265
8501,0.953497571,6.91216221,4.97729035
8502,13.8373347,-12.6938516,0.96404829
8503,5.88065688,1.56022733,5.04758446
8504,3.56656329,3.05099205,10.7061457
8505,-0.558998543,3.79564831,12.5240781
8506,1.11036896,7.37733021,11.1440455
8507,-1.20644931,3.14743629,12.0358609
8508,-0.799567524,3.49860371,11.7110574
8509,5.57855042,5.06274734,10.1223819
8510,4.96107809,8.96904497,10.2750566
8511,2.06006587,4.6666944,13.7436142
8512,3.65131474,2.75671527,12.1935058
8513,0.726839847,2.70362439,11.098218
8514,-1.73410522,-0.359567942,10.556099
8515,1.04817367,4.44802781,8.61577684
8516,-0.0611389757,2.24035312,16.3714612
8517,2.78519312,4.20787931,13.8182075
8518,1.51557957,2.93268628,8.27988685
8519,-0.330876969,3.17756882,10.8849381
8520,-1.50307776,1.19902362,7.37037913
8521,0.268861676,1.34103811,6.8871194
8522,1.42896236,3.27865929,8.59432685
8523,-1.49237242,-0.803442056,10.5263111
8524,-0.0319447757,3.35279156,10.8797194
8525,1.53910479,2.85985566,8.34531061
8526,-2.03303438,0.696197611,9.58822284
8527,-1.15744035,-0.866834131,7.91745206
8528,-0.838209827,3.09627874,8.84833095
8529,-1.61147293,-0.592053796,8.90350537
8530,-1.30796094,-0.751689078,7.91953446
8531,1.48361479,3.1254808,8.4553349
8532,2.38175669,7.62665607,9.85569956
8533,9.72523064,15.8804864,17.4141531
8534,-1.15784264,6.53458427,5.23770317
8535,-1.46088417,10.0311739,5.47416318
8536,3.91223617,8.4842535,8.59435518
8537,4.40020623,1.3876062,12.5532941
8538,1.90822555,0.999797723,11.83317
8539,3.78926468,0.737743644,12.7094186
8540,4.38787196,1.34691208,12.5534718
8541,4.37893967,1.32903281,12.5613169
8542,-1.26038511,4.71710047,5.68745681
8543,0.674350966,7.63267609,8.01305228
8544,2.64501251,5.53270609,13.025064
8545,2.76766303,5.73618018,13.4938051
8546,-3.75138348,10.9371705,1.0778348
8547,9.81062726,-3.22233534,5.57405923
8548,9.99814447,6.79244265,12.6110405
8549,8.86560428,6.64096413,7.84267136
8550,0.359107365,9.39508374,12.7606333
8551,5.61225625,9.21084437,5.02328206
8552,-3.12907338,15.7181826,22.1272999
8553,-0.652233742,-5.60639787,2.90078453
8554,6.35090354,6.20482073,10.9338972
8555,0.938005646,10.3088041,17.0825749
8556,3.99804892,9.03027293,9.17436371
8557,2.27442137,7.64582736,14.3606372
8558,0.820627301,6.35634384,16.3145543
8559,5.79824723,2.0260752,18.3546746
8560,2.30457094,6.06867242,8.70862195
8561,3.87710484,-0.938902636,1.13888929
8562,4.7129753,5.88042497,5.39459461
8563,9.0387313,16.7618397,17.5307862
8564,6.69763047,9.50754225,12.3163837
8565,7.30708067,5.35679024,23.2546161
8566,2.66274942,6.09037995,12.3130266
8567,2.262818,6.24784356,11.5690207
8568,12.0517242,0.727405526,11.2225686
8569,-0.445035521,3.8622227,12.0758501
8570,-0.0601390654,3.81598415,12.7187185
8571,0.235524511,3.72274017,12.1824908
8572,4.91671115,-1.60354056,-3.43208924
8573,-0.764084485,7.19624405,28.8309073
8574,3.55528078,14.5569118,4.40917388
8575,0.354699313,7.95394174,-0.69356718
8576,4.96007356,12.2530301,7.23272288
8577,1.2790875,7.21913622,3.93655696
8578,8.69677426,6.84619069,8.25776385
8579,0.732791782,10.8929202,7.0910266
8580,3.57238806,3.77944364,6.06856951
8581,11.9076192,13.3369489,10.7852749
8582,-0.884301787,-6.5043362,9.46689134
8583,28.1363611,6.02286214,-5.11610613
8584,8.88095249,12.0754855,1.63625565
8585,6.90960042,9.72665504,12.1560909
8586,9.56176299,15.5147453,16.5788558
8587,8.60395668,10.8509459,16.6459584
8588,-2.87782026,8.31667291,18.5416956
8589,7.15699259,18.3490679,8.97179885
8590,5.16638691,9.25822557,15.6720569
8591,1.32370166,16.225165,25.5294533
8592,7.93869486,2.07260063,5.18379722
8593,7.01711994,5.26357722,23.0569818
8594,4.93222938,8.14004111,15.5559804
8595,3.20370904,6.80162204,13.6185403
8596,1.42154786,13.6643675,12.5017984
8597,5.32061398,-1.17693749,-3.27803121
8598,5.5534354,7.96878594,15.1975367
8599,5.25255126,7.81794298,15.3214984
8600,4.50576426,6.72511197,13.948899
8601,4.13685501,6.74677498,13.8553523
8602,6.09692835,-4.2265022,5.77902265
8603,6.0477142,18.3222073,18.5195142
8604,1.04552029,7.3862676,15.7269425
8605,0.108410936,9.68546904,12.2396398
8606,-0.206244552,9.82859531,11.9324063
8607,-0.391935833,9.47605215,27.5538498
8608,-0.599016939,9.39580514,12.5065785
8609,2.34339794,6.72497212,8.73702766
8610,-2.42896993,9.9774893,13.7052647
8611,3.22176624,8.50518104,15.3973053
8612,1.31340317,22.8936782,10.2311207
8613,-1.14560882,-2.09616998,20.1268441
8614,1.47268185,8.72509319,15.5609894
8615,2.11979591,21.7575795,10.711343
8616,0.91712095,23.4675168,9.29712211
8617,3.49117144,24.6955349,37.2126403
8618,-6.85875392,11.1114895,33.8370368
8619,-1.7278341,9.74831945,15.5272897
8620,9.79025177,6.84665973,27.9969016
8621,-0.823458175,13.0856062,10.5973226
8622,-2.34988931,6.13476633,18.9722602
8623,-2.30828757,11.4659307,12.7585723
8624,-2.306043,11.4810092,12.7513623
8625,7.21157955,12.266226,7.28869502
8626,-1.16502742,5.96137806,5.46677466
8627,-1.39374572,13.1980691,11.0906247
8628,-1.25532028,13.1291942,10.9334481
8629,7.18376654,10.3494103,19.3048311
8630,4.74598696,9.38460066,9.95759663
8631,7.42227612,9.8141471,-1.49881159
8632,6.26519399,11.0727432,5.28728806
8633,6.57350532,11.734864,12.5654263
8634,9.53144661,5.67224835,22.3429173
8635,4.33874705,8.66537462,16.1169827
8636,4.44114379,8.63408321,15.9155144
8637,5.84102982,12.2079297,25.0552015
8638,35.7788986,25.5422159,91.0763555
8639,9.53998597,11.2204064,17.7107708
8640,9.20008866,10.9110962,17.5520277
8641,8.43305526,10.9311393,19.0267896
8642,8.35931004,10.8553082,18.9700831
8643,4.19268552,16.1320005,15.8145688
8644,6.38302042,10.6579953,16.1608818
8645,5.17222023,8.55394845,21.3351115
8646,3.7359038,15.5744546,16.4641058
8647,5.23314625,11.4710825,16.8544015
8648,6.04572652,10.6328839,16.4762923
8649,5.35931795,9.88816051,16.2564213
8650,1.6293908,8.44729543,15.5986666
8651,1.70873984,8.50089023,15.6597242
8652,1.57211862,8.58176434,15.6329452
8653,1.44340156,8.73407957,15.6963517
8654,-1.20103622,9.36072241,16.7713963
8655,-1.11906538,9.55031305,16.7570828
8656,-1.17498464,9.67872903,16.8723142
8657,-1.19107369,9.69043886,16.8951417
8658,-1.16185529,9.69835714,16.8867027
8659,1.33282712,-2.72999374,21.0323654
8660,22.4946891,-4.47917398,34.3684538
8661,5.12359269,0.331626284,45.6697175
8662,3.68025835,15.4128733,16.5787747
8663,1.22177072,12.0988034,28.0416232
8664,-0.915607183,9.31506374,20.3179951
8665,5.13036456,11.2349004,22.412331
8666,3.69313172,15.5205629,16.6464731
8667,3.40400744,2.65977464,26.1573611
8668,5.07350757,13.1261621,20.0440786
8669,1.08525194,10.3607428,17.2734111
8670,5.65313189,12.0438174,22.0150253
8671,3.97379334,15.8441646,17.6165779
8672,4.76956051,15.0412783,19.7742523
8673,5.91875402,12.3308226,24.9331425
8674,1.77558497,2.32099209,19.4798482
8675,3.14094218,0.816492782,23.0597632
8676,1.43596876,9.98519884,19.8677625
8677,1.90201642,10.3661493,20.7745646
8678,-1.41238057,8.03863183,23.1662564
8679,-0.531511238,6.69423538,27.3658341
8680,-0.936259082,5.94842292,25.6535499
8681,-0.807127541,8.77136247,20.4046253
8682,1.58397515,-2.47620486,22.3091121
8683,-0.308276785,1.75974171,17.3239026
8684,0.0837888217,-0.208201202,17.5416754
8685,4.02626459,11.411248,28.2877225
8686,11.1295886,14.3246371,29.1625834
8687,5.19547543,2.56083975,18.0639464
8688,4.69302002,-0.207718177,17.4511491
8689,6.20838668,-0.542551031,22.2830596
8690,-2.62119872,4.14734116,21.7298005
8691,5.3669434,0.82571104,22.5186705
8692,-0.405027155,1.27769362,17.2235944
8693,27.1625081,20.1425081,31.32729
8694,-0.508899226,10.0274105,19.6475475
8695,-0.0348121051,13.1518269,20.6205402
8696,1.89285788,10.3695351,20.7745321
8697,45.9006492,15.5491246,18.8040248
8698,-5.98580882,27.6844352,50.2841092
8699,3.12729147,24.4690151,38.1438238
8700,0.634805081,10.3480734,19.5249956
8701,1.16000563,10.0982169,19.8847757
8702,3.50630243,2.66274264,26.0122812
8703,2.64303267,1.19341818,23.8056124
8704,-1.2122692,-1.41547879,22.5753476
8705,-1.52973085,-1.41912056,22.1432753
8706,-1.5532384,-1.23598042,22.2506683
8707,2.64286948,1.19336871,23.8057376
8708,1.35546429,2.66695732,19.7755681
8709,1.25717422,2.67974022,19.7363265
8710,0.944504326,6.17948838,20.6469964
8711,4.98700007,3.84736474,18.2034931
8712,4.54314954,4.0564895,18.3089179
8713,2.22221145,6.07805694,21.6008982
8714,-2.48538557,3.87843412,21.4767194
8715,5.21857253,2.58101846,18.0608135
8716,7.73974797,-1.6751694,20.9592584
8717,7.34434987,1.08154733,17.8582425
8718,6.63025669,-1.74617595,21.68401
8719,3.82177655,-2.42153197,17.2494341
8720,1.67800228,6.17912529,20.5456975
8721,-2.38076482,4.16032799,20.6810678
8722,-1.54613848,4.45089959,18.9716317
8723,-1.45886232,4.42678624,18.921951
8724,-1.53297253,4.45864053,18.9695015
8725,5.11461913,-3.70726205,17.7430093
8726,7.15502782,-2.60596138,20.1014892
8727,6.37265128,-3.0321139,20.0906744
8728,-8.09589702,4.8289038,43.9103898
8729,0.713609304,11.916572,28.8351799
8730,15.6557311,-9.60816694,103.477012
8731,6.9219337,11.5143595,26.3208252
8732,8.15390354,12.1351544,26.022823
8733,9.54656454,7.33911645,27.9115715
8734,9.75204782,6.83582109,28.175531
8735,20.1356923,13.2951533,32.8476305
8736,5.64851814,5.54292079,48.2924275
8737,11.9779904,6.66389256,30.6545752
8738,20.2422961,-19.1116594,94.378437
8739,26.7106085,18.8701209,27.3220647
8740,-1.83616821,11.5495464,29.4517039
8741,8.97719709,-0.427350481,30.4449902
8742,25.4472781,-3.55781087,101.040356
8743,26.5160194,-12.7607252,94.4130122
8744,4.3917589,0.298030297,45.1960395
8745,-4.36505382,-2.50426615,37.7097966
8746,-12.1667149,9.54021457,41.702929
8747,4.2108621,-0.229853262,44.0860141
8748,6.84361624,18.3238266,32.7363228
8749,-4.66078771,-1.32882323,41.1123462
8750,6.57382415,-1.3831678,29.9340987
8751,0.102154288,36.0276165,68.1106267
8752,4.31304161,2.72712015,28.150912
8753,3.77481016,2.70365438,28.2853179
8754,12.2972738,5.85213036,29.8612226
8755,10.6354556,6.4413801,29.1828853
8756,6.34612164,7.38587154,29.9584721
8757,-1.11247931,-3.72726236,31.9822821
8758,-11.3397535,7.83740948,43.1940935
8759,-0.684615632,10.3767161,29.4906476
8760,-0.0820830092,11.1962013,29.4376206
8761,-0.307476491,12.6177128,29.3689482
8762,0.116945636,14.3806523,30.5220673
8763,-0.426584818,12.7676761,29.3634525
8764,5.81152308,5.62921251,48.4326169
8765,60.0385388,-18.3208852,0.305855237
8766,-1.46897211,-4.27303707,32.6128147
8767,2.88850058,-2.52713559,31.4028826
8768,3.69697979,2.55988082,28.3830592
8769,0.829572292,-4.45672706,32.102289
8770,0.111311253,-3.70745227,31.4443361
8771,0.390402869,-4.4872166,32.009825
8772,7.43901003,0.962005824,102.46872
8773,2.33623848,-1.49122883,95.0148639
8774,8.31284567,-2.74943817,103.080776
8775,1.33624181,23.0134213,52.4056546
8776,17.9574134,19.5774443,47.0925445
8777,78.7039469,-18.8076232,40.6579579
8778,11.3215832,18.9107121,46.767602
8779,9.08486322,19.3377643,47.4401964
8780,9.31015801,16.0868338,47.0868247
8781,5.83116605,5.69822092,48.5159496
8782,3.90811451,7.26465221,49.7917641
8783,28.5380733,18.6069101,47.9346656
8784,12.5633115,7.13652106,-11.9538852
8785,13.8077695,-8.52593471,56.5010129
8786,37.6980057,5.16092917,39.7594088
8787,72.2760441,-0.76061451,26.9834809
8788,15.4650684,-4.33224547,50.9421195
8789,15.7080515,-3.97582703,50.6990383
8790,10.5419769,-0.791955127,49.9492585
8791,10.2875222,-0.384855873,49.7746985
8792,33.1709208,7.41120236,1.48792661
8793,162.917454,-75.4001458,-84.8633938
8794,45.6679464,6.52403381,19.6701139
8795,37.704538,-3.47212389,6.56286011
8796,58.2864348,-7.64531758,45.0568109
8797,55.6754024,-6.57204982,44.2651137
8798,60.6315181,-12.835099,49.7518122
8799,59.3814644,-13.4834548,50.4684477
8800,32.6285107,25.4574566,52.7934855
8801,33.3937375,34.6375671,34.5997875
8802,30.3123117,19.3578675,48.5991897
8803,165.7841,-19.1513699,76.3643973
8804,589.703913,-227.597844,281.539443
8805,95.9247184,-10.6609843,-11.4325438
8806,43.3342806,-6.36652342,13.7015223
8807,114.3786,0.10608716,13.9260802
8808,20.9769448,28.2910937,1.87948837
8809,169.651141,52.5106666,-4.68184137
8810,3.66038316,-3.98268174,-0.987377726
8811,80.0755565,-5.2456044,19.8621253
8812,29.9830988,4.90848203,-1.51891266
8813,17.2673653,5.53391229,-4.64643792
8814,103.272267,-18.640725,42.0528988
8815,69.4756523,4.41255549,41.5598253
8816,93.5546817,7.61666418,70.0990499
8817,29.6339646,14.0436618,21.1444027
8818,34.506476,42.1191178,28.3083331
8819,26.7065198,34.0855164,3.72490687
8820,14.1738326,-7.43386952,-24.3328384
8821,91.801101,11.2802215,66.5365471
8822,51.4949884,-9.03488588,13.1185901
8823,44.2493979,3.18181714,9.52064953
8824,31.7158239,12.9136856,11.3371641
8825,40.7821914,-0.582414748,16.4168167
8826,3.51166034,11.9275306,-27.0591209
8827,51.8748831,-6.28841336,19.7549942
8828,28.3750721,15.2520974,19.407235
8829,28.3576713,15.1543869,19.5156295
8830,34.0306018,7.01833836,24.9271188
8831,53.4727754,-25.4552078,12.5398098
8832,41.6983639,-9.97055494,22.277303
8833,53.2691377,3.13511491,22.2442144
8834,41.5123429,-9.87109119,22.5451137
8835,36.2739918,-7.2300679,27.492997
8836,68.8850533,1.73484916,21.6773944
8837,43.8825234,2.54191784,38.9246769
8838,38.4932757,-0.588251049,31.9398409
8839,35.2912313,11.4866714,25.8582953
8840,41.8933166,3.74658173,16.4992291
8841,49.9905193,-5.44838232,-15.2912483
8842,28.4943802,39.9113563,15.5741412
8843,35.42452,8.01509973,26.0500937
8844,36.3984859,13.5911733,33.182329
8845,57.3166752,-5.59981416,19.7697725
8846,56.6755713,-5.63833534,19.8681579
8847,58.0200361,-5.1661874,19.9770112
8848,55.5772396,29.4210955,-41.2324879
8849,20.0687471,41.3998002,8.09696468
8850,24.1861891,-14.6737214,2.16971652
8851,17.4009,18.0551285,10.0381821
8852,56.8842547,-4.68727376,10.9106274
8853,35.8285492,1.61740217,0.50552016
8854,51.8589928,-8.05291495,3.94866768
8855,46.7294537,-0.5233069,2.2666818
8856,29.7857417,16.3411862,17.0250409
8857,29.8598003,16.3553988,16.4920134
8858,29.2471972,15.8373598,17.9171649
8859,29.0304357,10.6077812,17.578562
8860,28.5873657,14.9997827,19.4054868
8861,42.2071325,2.4787508,9.83946711
8862,22.0521497,18.7799907,11.1268026
8863,23.130987,5.58537194,-1.38714805
8864,57.7348202,15.087031,24.5216445
8865,53.2867221,16.5934069,24.8112602
8866,47.703541,16.0201534,20.1076394
8867,16.810626,8.30120799,-10.3263783
8868,34.2837313,14.209893,-12.763759
8869,50.3896307,6.66926006,-6.24725312
8870,74.1814906,26.9085713,56.7518706
8871,75.1015591,26.2220382,59.291201
8872,73.5938396,19.747447,26.4003702
8873,71.8509279,2.82114453,23.2329244
8874,43.193885,6.71039079,10.9516991
8875,22.6350402,26.4676162,10.0531934
8876,73.0399145,26.3016327,-30.1079947
8877,21.7291718,40.1034628,-2.96654027
8878,-3.71912495,26.5652084,-44.5985687
8879,19.8188368,16.5314734,2.86688399
8880,35.7917185,-19.4686996,-53.0338962
8881,66.1324472,40.7429869,39.9201056
8882,68.7446787,36.3983588,41.2546814
8883,68.5431025,37.2620552,42.2000916
8884,4.44702709,-40.6625365,-88.4446824
8885,-9.80782239,10.6296837,-57.3833889
8886,116.351317,-0.746897505,15.3724843
8887,84.7579841,44.2484487,-24.213016
8888,17.6553814,28.6717456,13.4821134
8889,17.5566703,28.6183027,13.4262218
8890,52.1831331,5.35442175,-18.928241
8891,120.897382,32.1550216,9.43838993
8892,121.772125,18.5789373,17.1331693
8893,130.399401,-22.2914613,13.3873755
8894,44.0375088,26.4979058,-11.7308049
8895,19.7748263,8.05540157,-18.9981577
8896,-4.75142573,79.4306217,-47.5975159
8897,20.3965582,25.3359126,9.10523615
8898,56.7115713,98.296261,16.1211135
8899,26.5973914,5.71488485,4.70787729
8900,54.1143078,10.1081597,14.1625032
8901,19.1663586,0.222053285,9.59573238
8902,27.1881673,2.50640737,-17.4874226
8903,56.8090374,5.11304654,10.5938609
8904,64.9479461,26.0292209,-27.4671723
8905,70.8677784,-3.10152587,44.8531957
8906,71.5433469,-5.08924331,46.5919785
8907,79.774788,66.3975944,-28.1062131
8908,1.22882253,-4.67984041,-14.4714934
8909,0.531962279,113.790174,-54.7368865
8910,46.2450807,81.6690443,-20.6620326
8911,54.2838843,-7.63022686,6.71377538
8912,-5.72189331,85.1701369,-53.6844745
8913,122.689831,31.1342316,13.4379685
8914,119.019853,31.7879855,18.3803577
8915,48.2410008,-0.9885133,-20.5056613
8916,42.6976898,19.781733,15.1655399
8917,29.2878215,39.4814391,17.8150643
8918,42.7085348,17.5190328,15.1983231
8919,30.5021602,22.8499127,1.16049907
8920,41.5985674,24.2804328,-8.68353118
8921,48.3755358,5.86379219,-8.63334132
8922,49.154506,11.138608,16.7039733
8923,23.0781338,5.03813397,0.185354789
8924,7.08142208,53.078712,-7.81611049
8925,18.1102949,9.40131842,10.8390142
8926,34.8386873,23.8557146,3.35317643
8927,39.9352259,8.57149388,8.97737023
8928,15.1380138,17.2606728,2.74403933
8929,12.3431721,21.1195308,4.80640258
8930,55.2304942,52.2310194,33.1028501
8931,12.418637,4.29516285,-18.9503497
8932,14.8723449,5.0390609,-8.12883422
8933,47.5924369,-11.2057809,-16.8805113
8934,20.3614785,8.19967052,8.40957463
8935,15.4478047,-7.50786489,11.8831689
8936,67.1652928,7.95086601,23.3522036
8937,43.2239006,6.90277271,11.1563633
8938,49.9150727,5.93901414,-11.7546529
8939,37.5930918,12.0653905,-36.4950129
8940,-2.94219061,5.35419463,-19.5988912
8941,22.2079981,8.22994993,-26.9604274
8942,37.0897771,30.3816604,19.9583036
8943,72.3910757,1.01835895,18.4178022
8944,69.7100785,2.29372991,21.5483885
8945,70.3590619,8.49805459,24.7693348
8946,70.4052967,8.55391394,24.7241814
8947,70.5021394,7.97187382,24.583039
8948,71.4397447,3.02520799,22.6825189
8949,69.8848237,2.46421768,21.8589563
8950,14.1794533,11.8665116,-30.0744043
8951,14.7901339,-1.13795619,-14.4301446
8952,2.91682556,-2.58395226,-8.54772554
8953,16.3528463,35.4103853,6.51052667
8954,19.1241702,16.9866134,-52.1886559
8955,0.602028939,45.0226303,5.0129894
8956,20.4898078,7.51637755,-35.5186273
8957,23.4764099,-1.4861995,-32.6803606
8958,8.35955655,16.3104938,-1.68684282
8959,17.156662,9.42023198,-5.85726908
8960,22.2716713,18.5388359,9.87978691
8961,24.6791302,25.0999067,11.6412323
8962,1.70020056,-37.187338,-89.3384534
8963,19.1789457,0.401400825,9.03142594
8964,17.0581965,5.72713224,-8.97127466
8965,26.0370958,-2.44180794,12.2560359
8966,38.5225928,-12.4508114,8.98102643
8967,11.7534393,-3.66156784,9.76311569
8968,17.1110591,6.59158926,5.79558241
8969,11.774024,-3.91082356,10.6126525
8970,51.402587,-8.95790441,14.0998412
8971,3.53712899,30.2155314,-3.51856332
8972,53.1788631,1.88955838,-19.6220053
8973,18.5317733,10.2012785,-34.1577474
8974,37.7223747,-20.4288831,-50.5363801
8975,26.5388705,0.76989962,-15.719229
8976,38.9208362,-178.556503,-19.4574786
8977,987.666923,-587.680966,-724.639314
8978,35.1431501,9.6181251,-105.484014
8979,-1.31377028,-20.126735,-72.1187163
8980,-2.68535051,12.3958283,-10.9965806
8981,-39.4378199,-375.001496,-2262.36338
8982,49.7592255,77.2996615,-76.1161631
8983,-45.6892128,-45.5195216,-143.007685
8984,34.3690293,2.73880544,-9.97758805
8985,18.1065338,-23.4767951,-20.6563585
8986,14.6115511,3.16756744,-27.9194297
8987,27.0753487,3.06412327,-12.5414753
8988,3.14991062,42.8010423,4.94728334
8989,21.2702647,-61.620863,-94.4459057
8990,20.5328522,57.1661513,7.15220518
8991,51.6004219,-54.8931862,4.66485135
8992,-5.15473181,-31.3790031,-3.08640475
8993,20.2520359,3.68448254,-6.30695699
8994,8.67078784,120.541814,-72.6421532
8995,25.1083099,0.631465588,-33.713019
8996,4.07187943,-5.79383875,-18.1628555
8997,20.8722463,-13.280396,-21.01757
8998,46.7579189,-4.44114275,-0.0232553691
8999,74.9992847,-43.672936,27.4459321
9000,24.4761628,-23.0990045,-37.3317272
9001,29.9612156,-22.1973071,-38.9429982
9002,25.1466964,9.07671983,-36.8196597
9003,0.702856294,-2.01716101,-3.63210889
9004,43.0316385,-15.7389247,-16.0093023
9005,-2.51458573,56.7598915,-2.97928362
9006,2.23713394,12.8416987,-24.6194044
9007,44.211642,25.1319373,11.2678544
9008,-1.64039966,-2.41350199,-27.9604061
9009,48.599384,20.9898874,-7.15059965
9010,4.53963844,-90.8549246,-47.1682779
9011,81.4123417,9.46709136,-47.4056454
9012,8.14481453,13.7891835,-12.4438631
9013,3.73321968,10.0089881,-23.378786
9014,4.33177293,57.3398578,-10.5320719
9015,13.6575223,-6.96693543,-33.6936116
9016,27.7861454,6.63203295,-40.1665308
9017,26.2115011,14.5636753,-39.3302378
9018,52.2000316,5.35792963,-18.9280828
9019,23.8366247,9.36593026,-36.7209969
9020,26.5863179,64.5651855,-64.4816051
9021,207.788949,-34.0268832,-345.770759
9022,26.0318785,9.29686477,-37.3311067
9023,40.8324138,29.5147133,-7.85183493
9024,84.6240778,41.6963415,-39.5669042
9025,18.793431,-12.7665468,5.02220627
9026,23.6177645,32.7443603,10.7997839
9027,-1.42307541,56.4952472,-3.99397966
9028,46.0974509,18.1749235,-59.4018659
9029,109.106651,-15.6057036,-52.8205256
9030,7.9031054,46.4996725,-0.648799945
9031,19.7667163,19.1690601,10.8816475
9032,24.2811076,21.4929586,-24.7398588
9033,-5.24651469,40.921858,-16.9117441
9034,19.7949981,13.838999,-2.13868389
9035,15.0703046,44.0935663,9.17199676
9036,-1.54338819,85.0413494,-67.6708576
9037,-10.2552882,17.5216707,-38.3857958
9038,21.0309541,6.70142279,-38.4178922
9039,-0.852501983,7.86162135,-3.33735201
9040,-10.4340483,16.3760753,-36.3930843
9041,-10.3232461,19.0895014,-33.799046
9042,-10.2029715,20.3521106,-34.1997269
9043,3.62978159,-0.106959623,-1.39408919
9044,9.00033391,32.6308043,-1.70660031
9045,0.287163027,5.52340471,-25.8007084
9046,30.47507,5.71751595,-20.5594055
9047,5.73269994,-1.45924557,-16.3736185
9048,-1.19941533,-13.4651772,-18.211751
9049,43.9332194,64.0849258,-5.81186607
9050,73.8141121,-3.79013783,-118.417133
9051,-5.32230428,29.1239138,-35.7384013
9052,29.1323735,21.9389452,-0.674534479
9053,-2.19123822,22.3672909,10.1631971
9054,26.8044801,20.1086951,-1.49490253
9055,-1.95685905,22.5361068,10.1183641
9056,26.772787,26.2261207,6.27565332
9057,18.9261283,18.9285391,-12.2575226
9058,-0.800785836,18.4640069,4.94583799
9059,23.4657665,33.6594714,11.0842378
9060,-4.6669149,-30.5376032,-79.6919431
9061,1.57580986,9.01322064,-20.0297817
9062,7.7931235,7.8265342,-27.3606175
9063,8.36420936,9.34096265,-28.5893697
9064,23.3639803,-5.95195906,-41.8690468
9065,-1.8781219,5.41560297,-25.5440578
9066,1.44717424,8.36427985,-10.9655184
9067,-1.14813729,-2.8761212,-26.4194565
9068,-3.22507397,4.38495044,-18.5031788
9069,2.82416719,31.58634,-0.994186905
9070,-0.770117874,33.076593,-1.44237875
9071,-5.41582039,19.5434633,-28.7419927
9072,4.29456091,8.28099786,-3.58752633
9073,0.959853981,9.28461902,-16.8932482
9074,23.5087048,-13.0554769,-32.8087484
9075,-0.598770498,-2.50667426,1.45460664
9076,10.0038147,12.7651339,-8.31248317
9077,17.9542012,8.32409097,2.71821944
9078,-1.06232179,-3.06092557,-27.80735
9079,-4.59600277,-30.4580693,-79.5231717
9080,5.699292,2.70144441,-12.8115539
9081,17.8478515,8.38426598,3.3119848
9082,16.6512313,-0.229179975,-14.9113413
9083,7.08865464,-8.32497726,0.339567084
9084,-0.678741996,13.5990985,6.14898835
9085,-1.4266838,12.1563996,-5.16461146
9086,-1.17663606,11.0459334,-5.5614507
9087,-1.0747784,-3.3088881,-26.4881704
9088,15.1736091,7.38336338,10.4172698
9089,3.55055842,-0.70894189,-13.6493828
9090,11.8121034,15.1060298,-1.60451997
9091,2.95238334,21.5735629,-1.17249893
9092,10.6372516,5.15162561,-7.69308094
9093,4.63879056,4.90305614,-24.6051838
9094,-1.6708994,12.5610337,-5.46119596
9095,24.4894064,-23.0935575,-37.3508929
9096,10.0873103,5.71852598,-18.4801446
9097,3.25367332,8.26834032,-16.6026052
9098,17.9657541,7.82777336,2.32663693
9099,0.76450196,12.7421356,-22.9200915
9100,14.4713445,-19.7368822,-0.495201598
9101,10.0857547,4.24088441,-16.3237693
9102,17.7986909,9.48730008,-28.4583187
9103,1.90010462,10.7233354,-11.9863972
9104,1.75725348,-25.5499402,-2.24497255
9105,-5.22735018,-34.3878217,0.295568109
9106,5.81514079,14.994355,-12.9755242
9107,10.1755012,0.969908291,-16.2087324
9108,24.7725045,3.9640962,-22.5309185
9109,10.078617,-0.0648420027,-17.0213657
9110,6.11038334,7.71826301,-7.83686426
9111,13.3005664,0.690190924,-5.29717774
9112,-2.53045131,5.24344829,-21.4613865
9113,-1.48541794,5.25655486,-20.4691418
9114,9.38891894,6.96237213,-17.4480648
9115,17.6579714,9.74145135,-20.2413543
9116,15.7115624,0.679359767,-25.1669213
9117,4.35134031,10.8020937,-14.0990924
9118,8.59918058,-11.1572586,-34.2844803
9119,24.1244885,3.42067103,-23.5937225
9120,11.2067511,-9.55723789,-29.4414806
9121,0.422837288,-5.03604891,-5.3244878
9122,12.9326025,-4.2547292,-3.19867765
9123,11.2018815,-13.4241076,-21.9061545
9124,14.0701711,-0.141788716,-19.9517461
9125,-0.632042816,-8.02887522,-14.0714444
9126,7.00163142,0.251223572,-8.80313958
9127,4.69404871,2.07280347,-17.3704866
9128,17.4386548,-2.30504924,-21.035842
9129,-3.46143475,6.01064386,-18.9328221
9130,19.5603667,1.24821924,-27.3196493
9131,16.0596149,30.6378226,12.1143399
9132,10.057408,8.4117909,-30.5881265
9133,5.84584086,4.63689247,-25.5875943
9134,16.2336048,7.82769169,-20.4743318
9135,13.2944236,5.6596418,-23.3818915
9136,14.6441822,12.0162499,-29.3516046
9137,52.6251051,4.19743683,-19.904563
9138,10.3850668,25.4890686,-8.78549371
9139,14.4702929,4.58936712,-14.3357862
9140,-1.8048257,16.9632574,-4.5494438
9141,16.2245634,0.456527332,-12.2352933
9142,7.19470758,7.6441765,-11.8459043
9143,11.8970124,-14.2167956,-17.461998
9144,10.99269,-4.69066078,-19.5729369
9145,13.7483683,0.702008882,-20.5250406
9146,26.0424622,-58.9644111,-39.389017
9147,8.85471896,0.702935485,-21.4407564
9148,7.54261375,-0.268465945,-22.8941845
9149,23.1556238,-3.35780143,-32.8456256
9150,11.8995308,4.75165881,-21.1152049
9151,9.53577085,5.29319072,-21.9493071
9152,7.69362682,8.64830171,-27.5656285
9153,9.55453592,8.74049965,-29.7001344
9154,3.67361753,4.84949484,-22.6192585
9155,6.05026143,5.1734584,-25.6984303
9156,-0.957373969,-8.12864852,-11.3288901
9157,10.6380094,8.88921634,-30.2099216
9158,10.414029,-51.5080105,16.589857
9159,57.2084299,-15.3573542,-28.9478408
9160,14.2839335,-20.6801471,-26.449762
9161,14.382176,13.060975,-29.3344453
9162,16.6351521,-0.130483188,-15.2839584
9163,14.1770548,11.8692662,-30.0768082
9164,5.02866869,4.95352209,-25.1355664
9165,22.7347657,16.3533278,0.350104732
9166,16.951175,17.1864367,-7.25977298
9167,6.23537402,9.29501915,-14.9446067
9168,17.0655463,19.4362106,-34.944452
9169,11.5351879,48.9556269,-39.8095828
9170,15.1917258,16.4027751,-28.6684132
9171,9.80380204,5.05870487,-17.2084206
9172,0.579380485,10.2070075,-16.527713
9173,3.27561835,10.9424855,-14.7257042
9174,1.25419164,15.720526,-24.7664293
9175,-2.46491651,16.6928084,-13.1178566
9176,-1.5401957,30.8933818,-29.3558038
9177,-0.0150082251,20.1026104,-13.8158033
9178,-1.50983767,19.0475743,-13.2732384
9179,3.4828359,11.1290499,-27.7974414
9180,1.68029602,10.5204518,1.49707403
9181,13.7478474,16.2066349,8.06382518
9182,7.77793344,-7.88005401,-7.05003706
9183,-3.41621067,9.16283278,-8.55377331
9184,-2.76711383,12.2048878,-10.8816677
9185,-1.55638463,6.46555142,-8.8805199
9186,-2.03047358,6.53430477,-10.6860727
9187,-1.86684246,6.31622515,-10.6561159
9188,-2.02249762,8.74098973,-6.38067238
9189,-2.01997374,8.74204643,-6.3787626
9190,-3.57638466,9.06413177,-9.53596602
9191,-2.42091578,8.27767596,-7.02447421
9192,-1.95536879,7.3019006,-8.0238038
9193,13.8196591,14.3036899,-1.60691949
9194,17.9918404,8.26719306,-10.4096573
9195,8.99779458,10.3901476,-18.1478008
9196,-2.75983361,13.6403851,-11.8748122
9197,-4.19684376,14.7651511,-12.9599078
9198,4.88829647,17.8622722,-15.7879982
9199,12.9755268,2.35465612,-19.1449657
9200,3.60388842,21.1299058,2.26885397
9201,-0.759572907,6.86064751,8.71059499
9202,2.27690551,9.65863606,-7.41742658
9203,2.41364628,10.2271898,-2.95140798
9204,-4.3327623,13.1484936,-15.8198696
9205,86.7435091,46.1409766,-30.6938966
9206,-1.53808817,12.241853,-5.22474329
9207,-1.66879508,12.2665632,-5.33902854
9208,-1.41992696,11.9508796,-12.2087912
9209,-0.332274512,11.4502908,-12.2586312
9210,-1.42646628,12.0467172,-12.2754297
9211,1.87979052,10.0563672,-15.4072485
9212,-2.92420972,3.67281096,6.58811992
9213,22.8763586,21.8639972,-25.3447966
9214,1.74121931,10.6499111,-12.0665721
9215,1.65845847,10.4853364,-11.9407128
9216,1.49511729,10.5881755,-12.1655012
9217,2.48523417,10.8105197,-12.6910084
9218,3.75617107,11.0739091,-14.1466911
9219,-2.08536857,20.6336855,6.43912066
9220,9.79930138,8.55076802,-15.0649735
9221,2.78014608,9.6875852,-9.62841123
9222,3.18177978,9.37634638,-8.58555057
9223,3.114515,9.34167644,-8.87198242
9224,9.47737154,-1.62464136,-13.7294426
9225,14.2711779,18.3433483,-4.4191083
9226,6.55424477,7.34604775,-3.91044547
9227,13.0019754,9.45776667,-10.0875562
9228,5.26225025,12.1395247,-2.48815412
9229,19.2180339,19.4701744,-10.98439
9230,10.5880671,-0.944397084,-10.7820072
9231,4.59840592,-6.23692411,-8.71504651
9232,9.61718464,6.7613296,2.79033187
9233,0.947546665,1.62966419,0.477602101
9234,6.55931358,9.58887131,-12.2408611
9235,9.14578325,9.29208581,-15.6455646
9236,6.99074029,9.56231887,-14.3044572
9237,0.724723996,14.5730416,-5.46824989
9238,7.20414007,60.7392629,21.3406115
9239,11.5295342,10.8717401,-8.64005604
9240,11.7518869,-1.09016631,-2.25452873
9241,9.37490417,9.38389454,-16.2367197
9242,9.21797713,9.21458157,-15.900415
9243,-4.48501778,18.8880371,-10.4146211
9244,34.1290611,8.75813381,4.20866679
9245,10.5377098,7.02764379,-13.38254
9246,9.40212127,9.00952233,-16.0147926
9247,21.1945392,16.8971664,2.45669675
9248,3.20713481,5.71982311,-11.2799512
9249,0.405523722,-4.43808938,-13.2909144
9250,17.6539518,0.277939085,-12.9409272
9251,19.4549393,9.03616273,-17.2947729
9252,3.22164053,1.33930783,-17.9691533
9253,8.36844057,2.64726719,-17.2036829
9254,14.2822976,0.0527004283,-15.6157823
9255,1.10078113,-3.61605777,-13.5237656
9256,-1.69185276,11.224298,-2.78788207
9257,0.645098948,3.05004045,-9.5910633
9258,3.62970714,12.4700714,-1.80227587
9259,14.0624357,15.5709157,-27.3427982
9260,11.5576499,4.04948404,-1.70916038
9261,4.14392128,5.44899056,-18.1806658
9262,16.992694,11.4442127,-7.64835214
9263,1.37391237,7.31737036,-15.4754653
9264,2.64223215,0.334472844,-18.1847582
9265,10.1609518,1.21197064,-15.6493627
9266,26.2155207,-2.15030518,-6.05357414
9267,9.692812,6.58314335,-12.032559
9268,9.56301464,6.50140054,-11.8702754
9269,9.85004425,6.55761987,-11.9543804
9270,13.4446385,4.46740118,-18.3968215
9271,14.8042805,2.72206988,-18.1436479
9272,15.1968787,3.04952178,-17.868183
9273,18.9778423,-18.190796,1.43476547
9274,14.3202587,1.57275098,-12.5692944
9275,10.4269045,3.90616671,-16.2082132
9276,15.1870953,3.59082298,-17.7413128
9277,10.0869941,1.51938439,-15.9223865
9278,26.6152401,5.68516909,-9.96835977
9279,18.0052699,7.78483012,2.28198566
9280,15.1081511,2.64466752,-17.5271475
9281,16.9112485,0.458106083,-12.7262871
9282,16.2073197,-1.90528073,9.41069744
9283,19.7788003,9.00526762,9.42533887
9284,16.324907,-0.0815328303,-15.3109864
9285,16.3164421,-0.0941249399,-15.2773567
9286,18.3371411,4.07937148,-4.02945755
9287,12.6403307,4.25984026,-13.7635467
9288,21.0510021,3.71409187,-6.60707832
9289,14.717097,1.98519742,-15.8527116
9290,11.1318824,0.623826548,-3.25607857
9291,17.0334373,4.0367568,7.25952137
9292,10.9944278,4.35589676,-9.7878363
9293,14.3516679,4.46161931,-13.8168369
9294,14.3542819,4.56151898,-13.8134817
9295,14.6714064,4.91171961,-13.7033043
9296,13.1791358,17.0731055,-9.08318376
9297,15.0844228,6.49318578,-12.9091245
9298,9.60272751,4.24332363,3.57568081
9299,14.3841983,0.949195641,0.714016227
9300,12.5838868,2.02217923,-18.5343086
9301,0.770052913,2.23528542,-16.6388786
9302,11.7980991,-0.470836809,-18.5097679
9303,12.6169627,0.33884186,-9.87718893
9304,6.18759702,2.94268836,-12.4534651
9305,12.0738326,6.45745015,-12.0534734
9306,12.5177287,6.8300617,-11.9672384
9307,19.464079,-0.00402849319,9.81421812
9308,27.3285442,2.81240856,-18.110504
9309,20.511709,-1.463905,-2.37303623
9310,13.3274431,-1.05339063,-8.90439456
9311,11.4002177,2.70095757,-14.8563319
9312,24.0181107,-2.77134517,-4.98556456
9313,14.5357865,4.65452937,-8.95234086
9314,9.24018884,8.21692682,-0.407436635
9315,13.1325244,-1.08510989,6.39412019
9316,28.4828141,0.0363546513,8.37186125
9317,26.5666267,0.47363602,-15.733616
9318,15.4154781,-6.71559284,6.88472563
9319,18.8569107,23.8864709,8.62329748
9320,16.6665528,5.25702683,10.4785312
9321,29.4627702,-8.70319897,3.88629866
9322,10.486261,16.0672561,-6.70477265
9323,23.372516,-0.870122116,-5.30165856
9324,9.09725259,6.153911,-11.4695073
9325,18.2516662,-1.85598901,-20.0926486
9326,11.8613101,-0.953704078,-18.9611355
9327,13.4005014,3.06645918,-28.6786603
9328,15.0896208,-0.493924784,-15.4336786
9329,4.24291193,-4.17465427,-20.5007984
9330,11.5809369,2.67367749,-14.8186587
9331,16.4560166,-0.166726231,-15.1403909
9332,8.84959839,6.52487586,-11.5053412
9333,12.2563312,8.66956002,-3.80084991
9334,5.26154116,6.93136106,-16.2889076
9335,3.39740838,14.1090885,-9.03556709
9336,4.89466451,5.76738813,-12.5745038
9337,-2.36618719,-2.03231664,-18.3600763
9338,8.34454275,10.0576823,-1.27528621
9339,4.77143654,-0.770431992,-17.7225593
9340,-0.706656792,-0.198984733,-14.1278324
9341,1.70912914,-3.63173465,-7.34194023
9342,3.5781202,7.74673426,-0.837800259
9343,7.22419761,-1.21202174,5.21618164
9344,-1.51690426,1.81286971,-1.76984404
9345,-3.23588669,-3.74281924,-12.4601217
9346,5.40543652,-1.66298858,-4.76071945
9347,-4.08536874,-1.93943321,-13.1979083
9348,0.769225995,-4.00264628,-13.7589268
9349,-0.74970909,3.85952709,-9.86241689
9350,2.10981578,-3.01352072,-3.38351311
9351,9.6539337,-0.614992026,-13.7504778
9352,9.98808943,-1.45703597,-13.1154061
9353,10.4585347,-1.15316283,-11.3435845
9354,-1.56870362,17.4470118,-0.712311512
9355,4.69155122,0.565874304,-7.62992006
9356,3.6173575,5.58182722,-11.5371498
9357,-1.95829491,6.53021861,4.38188704
9358,16.5229053,-7.7514759,-13.9388461
9359,-3.43056706,-2.32317591,-18.7724966
9360,17.4984211,-0.183468374,-22.3120358
9361,-3.95873203,-4.01050871,-18.9398435
9362,5.92081922,-1.98014111,-17.7411867
9363,8.93555792,-8.12555351,-18.122763
9364,5.09731568,-5.22464978,-15.2158336
9365,5.23322659,2.88527378,-13.7157548
9366,4.43215031,2.04445607,-17.3118965
9367,4.36985062,4.9995149,-12.766011
9368,-1.9269479,-1.67515318,-14.5261816
9369,5.40504998,-1.67065948,-4.76773781
9370,-1.52801702,-1.55561995,-3.5431977
9371,-0.291501332,-6.01355332,1.02251471
9372,3.41263094,1.07311505,-12.7990675
9373,5.25916699,-1.67423485,-5.04035966
9374,3.89239306,-2.17602295,-12.6058084
9375,20.8972211,25.055562,0.120049375
9376,4.94369351,7.68253232,-15.9224779
9377,4.87638673,5.72401035,-17.477991
9378,3.76519923,-5.96956832,-18.67349
9379,3.42849581,0.591734488,-17.9727586
9380,0.711445939,5.77452018,-13.6587032
9381,4.41837828,2.0445074,-17.3834741
9382,10.8640336,-3.77646717,-19.2857213
9383,2.39075812,4.82651598,-12.5527989
9384,4.92886753,1.05569371,-10.3788536
9385,3.51070348,1.22492252,-12.7281614
9386,-2.81780753,8.03068899,4.53912732
9387,4.38399841,1.00723247,-12.1361031
9388,1.14012793,-12.9680966,-7.90455563
9389,4.38731764,2.02351185,-17.4118508
9390,3.40940411,1.82583401,-18.3757913
9391,3.24858844,2.07397316,-18.5770276
9392,-1.17457976,-2.87367214,-25.7701404
9393,1.09776576,-1.19568312,-19.1525663
9394,6.2871195,2.70912648,-13.5709115
9395,6.06483938,2.66631442,-12.9672636
9396,0.528608437,1.51057641,-18.2859562
9397,4.83994668,-7.81366582,-8.46168611
9398,6.8650652,-4.79894928,-10.2582016
9399,0.858446424,-4.14481061,-15.0339389
9400,9.19941558,-7.99343292,-17.7134533
9401,0.95297674,1.96340061,-16.8649498
9402,2.63033192,1.35236732,-15.2698022
9403,2.7626344,0.871007885,-14.2969312
9404,1.97881511,1.48730671,-15.8993421
9405,1.38167288,0.603679228,-14.6012664
9406,0.348837557,-1.43088334,-8.19615786
9407,3.71758422,7.65893571,-0.878400582
9408,-2.10163181,4.69504969,-14.8335108
9409,-2.7750665,4.94566222,-12.5773584
9410,-3.23017488,3.55639112,-12.8673724
9411,-3.05652746,2.52763555,-12.451267
9412,-2.43308832,0.979087505,-11.3776392
9413,6.86893356,-5.03400633,-10.2654129
9414,10.2790363,1.85577617,-10.1780234
9415,-2.50936804,0.744016953,-12.010376
9416,-0.814362559,0.259205074,-13.6532188
9417,-3.10062126,-0.835134002,-10.3469654
9418,0.627506325,-2.81604027,-13.8719656
9419,0.529960564,-3.65524492,-13.9344318
9420,3.86691241,-5.35871707,-9.81810612
9421,4.65837746,-7.08321621,-9.47436913
9422,-0.139955307,-1.4138306,-9.19192307
9423,-2.39638781,0.79907768,-11.4193677
9424,-0.24173378,0.526155444,-10.7549165
9425,-0.286553407,0.538910149,-10.7119954
9426,3.76304845,-0.223789681,-1.44581162
9427,5.23261237,-8.05791729,-2.08831663
9428,3.6619213,-0.110970496,-1.389651
9429,4.65835459,-1.75285508,0.813687857
9430,-0.393877937,9.02700926,9.15332966
9431,15.2655359,5.51343121,4.40129474
9432,-1.49518931,8.73648297,9.78437162
9433,0.0102769692,-3.06631123,5.04269002
9434,1.32288253,-4.50652832,-6.86781781
9435,5.49367005,-5.58426747,-8.34368768
9436,4.14917267,1.94262006,-5.40282058
9437,3.74088157,-1.41911839,-2.5486306
9438,1.17744016,4.13325503,-1.54830695
9439,1.72061997,2.94029755,-0.515051819
9440,1.1900842,1.07507002,-1.40911034
9441,0.812128928,3.60396833,8.8825841
9442,4.11980171,-1.19857601,0.954183544
9443,4.1196704,1.71204062,-7.50356677
9444,-0.975389384,3.29950488,-4.63840171
9445,4.21653473,-1.20214777,0.911760497
9446,4.60215452,2.60335261,-3.12168917
9447,-3.55890446,-5.19705939,2.78914124
9448,1.61905429,3.34401709,3.53641432
9449,-1.01359357,4.00005339,-3.90556043
9450,5.79928641,-2.38956012,-0.0122543229
9451,11.8215156,-2.49256108,2.12933731
9452,3.71346733,-0.399747669,-1.58013469
9453,-1.31007751,3.88494819,-3.81056444
9454,13.2391824,16.2578577,-0.149576831
9455,7.08245706,-0.658354458,1.23502455
9456,-0.806673573,-6.21685743,-8.60986441
9457,1.48751807,-1.75393023,1.03351172
9458,-1.36617675,6.55995543,-0.54919312
9459,3.78320447,-7.19845871,-1.9832212
9460,3.46897159,-1.56532685,-2.05194995
9461,9.44193916,1.00746686,-5.10188005
9462,6.07129812,-2.718928,-0.0625857744
9463,8.51623382,-1.95048841,-5.3250786
9464,7.8256951,-1.98574731,-6.94360687
9465,0.117165206,-6.03480143,9.37784442
9466,0.426539251,-11.8976484,0.560115526
9467,0.197369825,-1.40099418,-3.08955064
9468,0.377466602,-10.0540622,-6.6235592
9469,3.91940311,-1.53377624,-2.76368577
9470,3.29297092,-1.20205352,-2.87962768
9471,1.71925951,-6.17210071,7.64445498
9472,5.32373207,-1.06104736,-3.17169624
9473,-1.15093007,1.89817269,-1.37042749
9474,3.33879751,3.93657427,6.07594444
9475,-1.64469205,3.34068026,-4.12073351
9476,11.6691888,3.31284537,-0.362459706
9477,14.6301333,2.14724864,0.666585732
9478,4.91560572,1.31267614,-8.47738672
9479,4.63488455,3.15571816,-5.01329852
9480,6.48697015,7.12530966,8.51445865
9481,9.45868583,16.6262979,3.43883403
9482,15.2156734,5.31601753,8.36368897
9483,12.1223322,8.23516382,-6.49467493
9484,2.24477732,14.4311633,-0.128943111
9485,0.662433572,0.0651768977,-3.8103289
9486,5.84820186,2.62534568,8.09230394
9487,1.41489547,3.35150784,-6.6342481
9488,-0.859699593,6.77133775,-0.878058402
9489,1.01663947,3.18319654,-6.33828228
9490,1.29735968,2.00262837,-6.19027719
9491,0.744596965,0.167898162,-4.34908476
9492,-0.760744441,8.25259409,1.45990665
9493,-1.32860242,11.9077394,-4.68527839
9494,1.46971473,0.288371522,-0.190216294
9495,1.44650159,0.329573059,0.264092661
9496,1.31592283,0.199264719,-3.90505343
9497,2.03665465,2.81093249,-6.87579878
9498,4.95152144,8.8435138,9.53848381
9499,18.577985,5.19813392,9.98784574
9500,10.8829295,2.9862062,-9.74594583
9501,1.48017409,8.28047432,-6.54795885
9502,82.0302755,-47.9106526,38.2560909
9503,7.56768573,3.05943303,9.84692572
9504,1.50889792,5.07038107,-4.70692378
9505,-1.26263484,4.88170473,0.721079054
9506,4.60693725,2.61545409,-3.11698956
9507,12.0014489,7.2299622,2.0902993
9508,11.4889369,3.89451304,-1.37805246
9509,8.85904326,3.25243346,-9.497829
9510,15.4882565,2.36875581,6.12987879
9511,1.24084828,-18.7634307,0.947821356
9512,10.8217483,3.37888039,-9.53221214
9513,0.588912025,-3.25131139,4.84976743
9514,6.80489807,-6.31317085,11.4849456
9515,-1.71668324,2.07851548,-1.77782414
9516,2.94306567,-4.91069402,2.66941297
9517,12.2622566,7.19949533,-2.12891761
9518,20.8873771,1.35830895,-6.8674071
9519,7.28218061,2.10919451,-0.875309384
9520,8.82219474,0.550106693,-7.24590356
9521,4.1877013,1.86833199,-5.39001229
9522,4.6004393,1.04041834,-5.48631135
9523,5.16657776,-1.28310363,-4.89009828
9524,4.90156882,-0.89360015,-4.74115793
9525,3.81971967,7.36428108,-1.08427352
9526,2.68660571,11.7027681,2.5499343
9527,-1.93472603,3.92580432,5.4829224
9528,-2.0534166,6.49988888,-1.76419815
9529,18.2869847,-0.563018471,8.24486101
9530,-2.01830079,6.3709214,-1.42807691
9531,-0.762002703,9.26928671,-5.42682597
9532,-2.77257554,3.96334654,6.73341772
9533,-2.80277878,15.8026025,-11.2448912
9534,4.14438174,9.30681643,9.5269985
9535,3.05130616,12.9883404,-0.304953966
9536,-0.973155384,10.4862683,-3.48197895
9537,2.41002155,10.2121186,-2.95414483
9538,5.94752568,8.335807,-8.38233607
9539,1.28688145,4.89289154,-4.6414376
9540,-1.753682,11.4278735,-2.93323999
9541,-3.53339727,17.4895404,-11.7630699
9542,-3.17273474,24.1926496,-6.39838781
9543,9.10991559,1.47879408,-0.371148649
9544,6.14942565,2.7564131,-1.74429427
9545,4.69959721,2.61054671,-2.98674182
9546,-1.64690708,3.34193215,-4.11789655
9547,5.47636657,3.37933835,-4.78866665
9548,2.437213,10.0015584,4.99735995
9549,2.81523807,-0.717145176,2.83061503
9550,2.7542878,3.28360259,1.31099936
9551,16.9443966,4.27556881,11.0142161
9552,3.1387606,5.83137491,1.88124423
9553,2.1887575,10.3883219,-2.77983094
9554,18.9749722,-5.35111048,8.98799552
9555,16.3815966,-0.863432606,-14.3437451
9556,4.7865406,13.1292847,3.76465406
9557,0.70908686,3.19515427,-5.940904
9558,0.972209216,4.03985376,-1.42402896
9559,4.44401634,9.47704338,3.88014462
9560,11.3090627,26.6612845,3.92074047
9561,3.46296014,7.64926294,0.6988987
9562,-1.21084479,3.51072576,-2.08231749
9563,0.909119686,2.42842378,1.67553806
9564,7.65277679,0.40528301,1.52205829
9565,-1.53462737,2.81721064,-1.85187454
9566,3.79816997,8.49336825,0.21652624
9567,-0.304452475,1.8935728,-0.829175424
9568,-1.35789251,5.46861655,-0.822336437
9569,0.785628373,1.59776776,0.617702254
9570,4.08291828,3.57352807,6.04356826
9571,-0.57144033,13.7448495,0.836488909
9572,6.08148305,11.240303,5.568362
9573,-3.01417428,-5.83073757,1.80488007
9574,1.595996,10.0311539,-0.672655433
9575,12.4630482,10.7166019,0.925398719
9576,20.4527855,26.1297432,-0.361289672
9577,16.1086446,12.9572808,-6.82445929
9578,3.6969533,9.1870428,-3.96754865
9579,5.72406828,11.3248213,-3.16315891
9580,1.99572385,3.29380157,-0.488957986
9581,1.69480615,3.52919823,-0.840309525
9582,1.77012542,3.46411741,-0.773143265
9583,5.5999997,8.60481056,-8.62204649
9584,5.61088884,8.57011758,-8.61380958
9585,0.380917705,8.73297576,-5.96004439
9586,4.00768231,7.56483047,-1.19116379
9587,-0.917346949,8.39656822,-4.23731326
9588,3.29598458,9.38097119,-8.30820663
9589,3.8586906,12.037224,-7.48447073
9590,4.69239956,8.15625267,-8.33988326
9591,3.89126308,8.99346136,-8.44844944
9592,2.7576632,9.09144381,-7.57868934
9593,3.1425129,9.34168658,-8.14096495
9594,2.84543395,9.43026938,-7.72306818
9595,22.2119859,14.1884263,-12.9796662
9596,5.87443644,19.0366546,-17.9128636
9597,9.7746535,10.3085574,-16.775495
9598,-1.87461775,11.3675102,-2.62203045
9599,7.68069044,-0.580751252,-8.78282974
9600,16.8833052,11.8206655,-7.75740713
9601,12.567338,8.54766379,-4.75825993
9602,2.28190007,5.48718651,3.69319408
9603,2.36131697,18.5531079,5.77095668
9604,1.91803722,9.41494149,6.38324913
9605,0.0737493761,8.70998028,-5.84452268
9606,11.6451044,5.0454433,3.65705483
9607,9.0890778,6.86382889,8.79152551
9608,-3.60297438,12.0354364,2.46658137
9609,-0.551029423,4.02883232,2.21004661
9610,-2.21686467,13.1532153,4.57649929
9611,7.30547951,8.46314858,-2.11436931
9612,7.27224266,8.43450116,-2.07428719
9613,7.25500534,8.4306753,-2.13632868
9614,3.73425543,9.28246632,-3.95796283
9615,2.0311937,8.63699222,-5.44781766
9616,0.982127755,7.97145373,-6.44931581
9617,3.19061303,8.56946639,-5.08747476
9618,7.54561598,10.203291,-7.36584575
9619,11.7363953,3.36743117,-0.349864494
9620,4.63141337,3.49698697,0.238486882
9621,11.1229498,13.2157987,10.5060703
9622,5.83848618,6.16214081,2.61888515
9623,-0.0709770395,0.53543227,3.05930861
9624,14.4849858,5.95143195,6.13077189
9625,16.9372036,8.61663941,4.1558357
9626,5.83689907,13.7857284,2.86982261
9627,-1.28221172,11.8491418,5.05039028
9628,-3.66765954,11.7779336,2.23650157
9629,3.07988664,14.5673693,-3.49928236
9630,-2.74662654,2.28768776,7.12933511
9631,-0.141505056,12.1040097,10.5852481
9632,3.07126227,5.84757686,2.04901337
9633,-3.31024767,10.480233,0.921641855
9634,0.576889108,2.33514072,3.77559671
9635,3.31399667,4.09213987,6.06775571
9636,7.66776044,-8.0117999,7.22735458
9637,1.14338679,-8.29928887,4.58217173
9638,2.19524212,5.12194735,4.50838856
9639,10.1601352,11.6447135,3.25609166
9640,26.9750639,-2.24610129,-6.59502497
9641,2.70830883,-1.94114311,1.36017679
9642,1.82239091,3.43433829,3.58509356
9643,5.51571335,4.77110473,10.1577531
9644,2.76445764,2.62495183,4.90966901
9645,24.4301893,-0.547533446,1.05889001
9646,14.0657186,10.3411916,4.36422951
9647,10.8080843,-0.197456816,2.07490223
9648,4.41795987,3.51295962,0.458236464
9649,-0.75275816,9.40681171,-5.4075552
9650,-1.0421164,9.28975656,-3.71910609
9651,-0.972516963,8.67048067,-4.47953649
9652,9.88186104,0.387351524,11.0659387
9653,-0.931666818,8.34511527,1.10675529
9654,0.458270289,9.9033354,-0.879756827
9655,0.354502056,10.0195225,-0.736290758
9656,0.088702769,1.03567656,3.0786428
9657,4.76550001,1.99867015,1.6954958
9658,-3.50187839,12.2782142,2.55530574
9659,-0.242853197,7.5135809,0.155682388
9660,5.99896895,6.26429292,2.6037747
9661,2.59051228,10.3890634,2.77895321
9662,4.04599976,4.4543109,9.77561215
9663,5.80702067,2.98102852,-0.30877817
9664,3.14632915,9.83907379,7.96304322
9665,-1.43137787,10.4281264,5.39772593
9666,1.39149186,10.7055337,0.265458633
9667,1.74165527,5.50446873,4.66911896
9668,-1.37694705,6.95081996,5.46042108
9669,12.9651552,-5.11989499,-0.994880403
9670,0.170914421,8.91807751,2.78606778
9671,1.11602124,7.76517585,3.26093452
9672,-2.83112722,12.1304833,0.160848143
9673,-2.38774744,12.569798,4.49645808
9674,-2.03205509,11.6716352,-0.707215548
9675,3.67519655,8.85002026,9.44130003
9676,1.59355594,9.55284155,6.80955259
9677,0.99943746,10.4679846,7.0123839
9678,2.15650544,10.1773378,2.24303224
9679,3.80439053,8.86340856,0.393068049
9680,-3.57747042,11.0098416,0.645254361
9681,-3.63279057,11.9233697,2.45676571
9682,2.38607973,19.140599,5.26023479
9683,2.816952,11.5438702,2.77194937
9684,6.0960553,1.22638925,9.058548
9685,1.13220447,-18.7162035,0.880336737
9686,5.51380769,3.00741747,-0.187059118
9687,-1.19796329,-5.71937774,3.04748231
9688,17.1529658,-19.7378665,2.04819716
9689,12.6700229,4.60384547,3.70681719
9690,5.84755407,9.43926814,4.8909773
9691,5.38727029,1.40517582,4.82220498
9692,2.93966942,3.54929074,1.02950471
9693,10.106316,8.42566828,11.0990308
9694,3.35165912,6.08341144,3.65874388
9695,4.96414983,2.02100863,1.71432367
9696,5.92114444,2.66507799,0.033247509
9697,6.86486064,7.38235136,7.53959456
9698,6.85586976,3.55591294,3.68067293
9699,5.86314679,6.16864653,2.65213634
9700,5.69296106,11.9793632,10.6101364
9701,5.69117782,13.3787784,1.86855548
9702,5.67956085,1.45971297,9.11526858
9703,-2.82763664,11.8113961,-0.391605595
9704,2.81506141,13.6377563,0.224446397
9705,-1.68931338,12.277202,4.8011837
9706,4.41783601,17.7322128,3.62630266
9707,3.94274112,18.0153527,-0.0810790886
9708,-0.0462366209,14.6083113,0.964686595
9709,4.88691669,12.2747099,7.11536397
9710,-0.903869242,11.9804759,5.44380892
9711,-2.06283037,13.7793471,4.91179315
9712,-2.18901773,13.5037333,4.70968923
9713,-0.64482832,9.30124383,9.40440181
9714,5.33293574,12.986023,1.57212242
9715,1.37141605,10.8437814,0.348656196
9716,7.213711,12.2711049,7.30090989
9717,3.77305124,12.2590639,3.7843364
9718,-0.918443432,13.2191258,0.857543887
9719,7.20940563,17.8050209,8.45700218
9720,1.64713603,18.375545,6.06135789
9721,-1.83333121,13.8741302,5.15506018
9722,1.49081996,10.6474681,0.878372912
9723,6.65438773,11.0291825,5.22343636
9724,2.98124428,10.3936054,2.92011873
9725,3.60519864,10.1121406,4.22736262
9726,3.48608188,10.0639162,4.01425607
9727,3.5593338,14.6343238,4.39193798
9728,-1.30200079,13.3926779,2.66504541
9729,-1.20299491,13.3479881,2.19765077
9730,0.0790261739,17.4147537,3.16404765
9731,0.884061652,23.1920395,9.49112513
9732,3.05591968,11.8521907,9.04980758
9733,10.1450356,11.148616,9.30707197
9734,-0.335466099,13.909895,6.1913381
9735,10.5068763,13.8087654,9.35507415
9736,-1.26814742,14.0972783,5.7510085
9737,-0.530027898,9.69154277,10.5815997
9738,3.11845409,10.7134628,8.44201326
9739,2.2983119,23.1394603,11.1463982
9740,3.187699,25.2247044,10.4059643
9741,7.84063872,25.3920282,7.7738683
9742,2.20314485,7.371144,9.79978015
9743,1.0669795,8.39420311,10.1057528
9744,10.5964454,21.3679982,-1.15644179
9745,1.35934606,5.74872746,4.39611758
9746,1.91221631,7.67670204,9.96407211
9747,0.0152424118,-5.58445371,3.84256304
9748,4.04012719,9.19718695,9.36073715
9749,6.2632068,22.2835408,1.76658515
9750,1.74700361,12.3054916,6.61986895
9751,0.675380789,12.1480078,7.29873193
9752,-0.8299766,16.3827319,3.39043114
9753,18.0297499,16.8497766,-6.98576397
9754,3.11697666,14.5502748,-3.48880185
9755,4.60833095,16.7488198,6.46409221
9756,6.06820395,16.1442346,-2.05094717
9757,12.5678462,12.3219773,-9.97291119
9758,4.53496231,15.9624852,5.46869853
9759,8.59835644,17.8616326,3.56661306
9760,4.74717407,15.5749746,3.3434833
9761,2.75327614,16.3134625,7.20081571
9762,19.2241369,12.4119984,-8.55904536
9763,9.10943337,16.9593276,6.26955721
9764,4.3754233,18.7126796,3.47254151
9765,6.09710893,22.5087739,4.25599505
9766,-0.142030314,12.1110668,10.5816767
9767,0.664648183,10.6838569,7.0872471
9768,-0.00397396614,-0.525248733,2.16634758
9769,0.751695717,10.4393551,7.05362278
9770,0.240113468,13.0040429,10.3494267
9771,0.210739224,12.6199951,10.5154036
9772,3.2753053,12.1014532,9.66128931
9773,3.3043035,12.0353012,9.6780491
9774,-1.6280232,8.67648557,9.74842423
9775,-1.54167271,8.66080078,9.79102102
9776,-1.4407757,7.20720843,9.26675685
9777,10.6152553,11.6978812,3.49684874
9778,-2.23038164,6.87212339,8.68586262
9779,0.944424675,2.94201149,2.92233499
9780,-2.34323687,6.94158601,6.38938122
9781,-2.02485786,7.45828941,5.32711113
9782,-1.2368959,8.82478298,5.17548749
9783,-1.87846742,8.55412991,5.16577008
9784,-2.82854378,8.28554585,8.91263425
9785,-2.84479436,7.31965854,8.51712901
9786,-2.12044541,9.3935778,6.44271407
9787,-1.83105661,9.78701803,5.44812377
9788,-1.95977933,9.63945302,5.90098428
9789,-1.63948169,9.93820613,5.4673656
9790,0.0527029887,-1.42734099,1.40710621
9791,1.48395334,3.29040353,8.56204483
9792,1.4957236,5.5691788,4.40447501
9793,-0.81456296,5.20384491,5.60489608
9794,4.74916642,2.01364929,1.66731312
9795,-0.160804443,-1.66453714,1.36148473
9796,0.396306679,1.43038034,6.6805237
9797,3.31661344,3.78211755,6.01026874
9798,7.91664184,4.01056132,3.42496539
9799,14.9153554,0.503362721,-0.427887025
9800,9.29279367,5.4132395,3.18939211
9801,0.834706544,7.92741081,6.18403957
9802,1.04192011,7.25470802,5.42483864
9803,13.485485,4.09323223,1.0767521
9804,6.70464375,-7.28218626,2.22077155
9805,3.59583489,3.83847383,0.538851519
9806,1.25314873,-2.34417153,4.85188493
9807,13.7923484,2.79444753,0.404043441
9808,6.46881485,2.3134669,7.29016957
9809,5.33954949,-11.2344183,8.71023337
9810,6.39225735,2.18878669,8.02851748
9811,4.24023375,1.75353597,4.79782926
9812,6.14736832,1.11301491,9.29017156
9813,0.430676491,-0.0284409049,1.16767815
9814,2.89973502,1.28605645,8.83223558
9815,4.93904528,0.874576257,12.0355833
9816,5.90340883,13.9298434,10.7185923
9817,2.3860734,-4.32678969,4.9843118
9818,-2.7663871,-1.55016151,4.17383912
9819,0.981910998,-2.82209738,5.00506655
9820,2.6645946,-0.171594032,5.54383564
9821,0.316105732,-0.39398888,1.58706489
9822,23.0160675,-2.4141236,5.10974871
9823,0.552363805,-6.18530048,9.48424099
9824,8.41782689,2.91256022,7.75175455
9825,3.03428531,3.03374213,5.41636951
9826,5.97098385,2.48513956,8.03295255
9827,4.54943397,1.19389238,11.8037226
9828,1.10263109,-1.06853161,0.768530172
9829,3.11114655,0.130429316,0.596630356
9830,5.89414849,2.56500192,7.92713461
9831,0.839601905,-1.19516822,1.00775607
9832,7.29536705,10.8209393,8.89649621
9833,8.62051797,3.58694152,4.42313585
9834,3.32944697,2.27594902,4.95171955
9835,1.5107468,6.1026976,3.81433766
9836,1.30380956,6.81259148,3.01077452
9837,5.50414288,-1.1050447,-3.02907035
9838,2.99650745,1.27102983,8.74577549
9839,11.9071105,-0.402606631,7.99616827
9840,3.03444104,6.27731964,1.44031282
9841,3.09159372,6.0527491,1.70600178
9842,-0.335310556,7.35374173,1.49277654
9843,-0.00969490202,7.34978278,0.349811263
9844,-1.21867953,5.32432776,2.15788777
9845,-1.04298711,6.67708705,0.989486028
9846,0.770674204,2.9645635,2.00751702
9847,-0.495477196,4.3319794,1.38602663
9848,1.61644637,3.74288273,0.613300912
9849,-1.17874803,4.67611524,1.97375685
9850,-1.10611155,4.80323215,1.52752484
9851,1.22787062,7.00880551,0.552822168
9852,2.81302196,6.53331146,1.35344083
9853,-0.516268985,7.46969587,0.540983522
9854,-0.668452924,7.49453778,0.754417472
9855,-0.793509829,7.34593201,0.697170154
9856,2.24200915,3.25873872,0.715596454
9857,2.11879013,2.98563987,1.08952884
9858,2.47174566,3.38824,0.753481733
9859,8.31777064,2.89674471,7.61632198
9860,5.6335305,-1.43996043,6.23912722
9861,6.06449132,4.14468382,-0.244227806
9862,5.92470107,7.8953344,5.61851946
9863,5.86756061,7.79042854,5.73049459
9864,14.7955107,2.80664795,7.62863012
9865,13.5593232,14.4909,-1.29548984
9866,7.3693177,11.8291708,8.74240921
9867,9.50720598,6.34042947,7.49471846
9868,2.76697993,16.1676557,12.0702687
9869,5.50324022,2.94744657,-0.106905942
9870,5.90765911,2.69301352,-0.00362614175
9871,5.98071372,7.58547448,6.05376914
9872,9.4371567,4.26574922,3.69686886
9873,2.91419422,4.39273506,7.03785271
9874,11.2633985,6.89279597,-1.55368673
9875,9.35398648,6.26797365,3.1900504
9876,10.2780605,7.88355436,-1.59112204
9877,4.99841701,2.22786304,1.39603911
9878,5.05561447,2.4130154,1.18125889
9879,6.02459406,2.55578497,0.0109796187
9880,5.95088402,2.65916448,0.00581767218
9881,10.1802375,7.69331226,-1.64181444
9882,9.05980348,5.6951061,3.01578639
9883,2.07309796,-7.5692509,11.2999169
9884,-3.05428322,-6.41517242,4.16622492
9885,2.89039954,0.136021483,3.855037
9886,2.97775358,1.13021596,5.05119369
9887,4.47122623,0.474408186,2.97359313
9888,5.18559964,-1.40837859,-4.01049797
9889,0.289125086,-10.5557865,-1.44618472
9890,6.12799964,2.56548046,7.24310839
9891,4.87347941,1.52027534,3.97408882
9892,5.86320665,6.38260608,9.96148496
9893,5.9473432,7.28959835,7.01570508
9894,17.2047987,8.37820762,-10.571644
9895,3.89018286,4.18570889,9.50702703
9896,2.67370996,4.68695344,7.78210087
9897,6.36771591,-1.68058354,5.59163968
9898,5.17592953,7.49310398,8.3539166
9899,3.11073508,5.66034892,8.56690924
9900,8.39153807,6.73417387,8.74044635
9901,7.92168743,6.62334818,9.07284776
9902,8.1912231,6.75218887,8.7853581
9903,6.15042652,5.31284287,10.4602573
9904,15.6170312,1.47956042,7.80269557
9905,6.10040621,4.75497342,10.5778022
9906,9.15850127,-1.86724526,11.3065342
9907,15.7278281,-2.33840346,3.33314747
9908,10.2987124,9.20907172,9.92934012
9909,4.01002821,4.58295027,9.74089831
9910,5.62328517,6.56006652,9.85630593
9911,5.44950329,7.53891274,8.55503241
9912,5.45860527,7.52383607,8.58105141
9913,9.94659572,11.2462872,7.06069289
9914,18.8105171,2.55442969,9.95648691
9915,13.595835,1.79753303,8.61732922
9916,13.6789589,7.45923676,-6.07541066
9917,14.908165,4.4305646,3.46140321
9918,14.9006221,1.48108591,11.8793894
9919,17.4381429,2.9501228,11.8790208
9920,17.6550771,8.33323636,11.0188428
9921,17.2300497,1.82396815,12.2496296
9922,7.23985796,-1.1384641,5.19974323
9923,6.30299929,1.07621893,5.20870517
9924,14.4821672,2.45429561,7.59988054
9925,16.3508794,4.74221285,7.7535973
9926,23.0280137,3.91473938,8.65446093
9927,23.2164347,18.3015166,6.80710059
9928,-29.8504841,-53.8122306,-89.196463
9929,9.29565645,-0.174455267,7.2613575
9930,8.95128124,2.79684187,8.14060729
9931,8.85085279,-1.08602239,10.0886877
9932,24.7796458,12.0259443,5.10679929
9933,8.66562763,2.97679977,8.07364465
9934,13.8901765,-2.67264597,11.0118637
9935,37.5016118,-24.6053496,11.8643421
9936,21.0300035,6.75257461,8.7735145
9937,12.121561,0.123876623,4.76682945
9938,10.6789366,-0.256844287,10.8658784
9939,10.1709615,-0.189487606,8.49472861
9940,7.36847215,-1.2960105,5.09813771
9941,7.8550507,2.6480413,8.30302837
9942,6.98058244,2.31168204,8.60122463
9943,6.69822625,0.15389177,9.64213425
9944,6.16701824,0.481026236,9.57828693
9945,8.94309341,-2.29053354,10.7563656
9946,8.62511801,2.60728557,7.59121809
9947,13.8522255,2.15391831,10.9149249
9948,11.5761031,2.63159276,8.18018092
9949,9.71772053,1.6011412,8.67644162
9950,10.1024675,-0.50278898,8.25351068
9951,15.3454777,9.73510099,7.07709598
9952,7.9549928,2.10257992,6.16377941
9953,-3.1987989,-7.69503964,1.06999677
9954,2.99434553,-8.86844157,1.95515856
9955,19.2268462,2.40174581,9.37954711
9956,13.0722567,3.53107669,10.215743
9957,17.5354048,1.70687917,12.1053695
9958,28.7084572,-10.1218501,5.7361467
9959,14.4709701,5.5440057,11.5633881
9960,10.2721204,7.95059085,0.68312682
9961,7.30377129,6.62317338,1.86074434
9962,7.16647438,6.02392346,1.20065108
9963,11.2962754,7.32330058,-1.47698373
9964,27.3089894,1.79409929,-16.9424416
9965,8.60078924,12.4211554,2.19051452
9966,10.0491003,15.8673556,6.36764656
9967,11.3148599,2.13336476,4.10203583
9968,13.859087,10.4970625,3.14807689
9969,12.5668751,0.262878005,0.129909278
9970,8.52721421,8.37473827,-2.10053892
9971,8.39622654,-0.294682924,1.8752979
9972,8.14491231,-6.06218783,-1.72733733
9973,8.51673878,8.37377957,-2.10398482
9974,6.89590513,2.47788251,-1.17275377
9975,6.40933311,2.88125694,-0.862895229
9976,12.1783943,1.23020653,4.09413743
9977,9.30555419,-0.0359115611,1.18512475
9978,7.69883788,-7.75079055,7.18231366
9979,17.1750484,4.03497864,7.0798707
9980,19.0306107,2.60543098,8.83905173
9981,17.6836282,2.12355481,11.8358086
9982,16.8034052,1.66709582,12.2732539
9983,13.0725658,2.97967534,8.80654272
9984,23.8010741,4.22767748,-4.68719658
9985,11.9711712,0.59965705,5.02346842
9986,11.9677183,0.637683183,5.01722876
9987,9.50193692,4.09883973,-9.38688486
9988,11.8342018,0.876225534,3.333315
9989,12.2407933,1.05618185,3.97718688
9990,9.98807294,2.94397334,3.49669751
9991,9.93845767,2.54720645,3.01707013
9992,9.32374363,6.30106342,7.905892
9993,8.02051427,9.91170771,4.48654663
9994,14.0863504,3.11911408,3.30003575
9995,13.6755935,2.94189326,3.70334718
9996,19.0028117,10.0998752,10.3808405
9997,22.2516565,12.1983403,-1.08354203
9998,14.2720255,3.99002742,8.13388345
9999,21.0835546,-4.40249311,7.28312798
10000,8.34070154,4.21653926,0.322376001
10001,9.02875302,1.57540239,-0.309792202
10002,17.8256022,7.52903809,2.48916317
10003,13.2043199,-2.79992147,10.7642994
10004,19.4032153,5.66455422,-0.210111312
10005,18.4107799,4.71981696,5.79043912
10006,7.3089012,10.5440883,4.04060075
10007,22.1653318,4.11676761,-5.81691663
10008,8.06479499,11.8621416,-1.37273081
10009,15.3585989,11.9527862,-1.09994589
10010,6.25772621,-10.9288287,9.37431169
10011,7.49402347,3.2507802,-4.88496748
10012,32.2488417,27.7588782,-9.43178997
10013,7.01822384,-6.59120773,2.45775065
10014,14.1705346,1.40730704,7.81371891
10015,12.4023969,2.18830276,-8.75161899
10016,12.4023688,2.18832932,-8.75166095
10017,17.4805387,-18.5492382,-4.95377178
10018,7.38855427,2.11439653,-0.611840542
10019,7.74652116,-8.4309259,-5.79040264
10020,16.4541318,-1.15180921,-6.21233798
10021,7.29160979,6.84342287,-1.32398502
10022,6.35744164,2.91061116,-0.676617857
10023,11.963223,-0.396884251,7.9804295
10024,16.5487359,-2.27517998,8.1696388
10025,13.801154,3.45162251,3.3510364
10026,13.9970828,2.92959887,3.46359935
10027,20.0030985,6.73678917,9.58515749
10028,15.9286376,1.93949089,12.8485039
10029,8.391975,-7.16070522,2.19923632
10030,6.67574816,-3.34789984,6.14525464
10031,5.45908939,-7.32066059,4.89425822
10032,11.9573385,-0.40880389,7.98723953
10033,12.2924172,-0.446933707,9.10120983
10034,12.1717268,-0.439648448,8.7134833
10035,8.44890556,-6.15186488,7.81008646
10036,9.90484547,-12.5676294,7.43853399
10037,14.2870676,1.05596336,9.22211134
10038,12.860892,1.02682881,7.76823352
10039,12.9497737,0.716600612,7.33762535
10040,12.7878537,4.39705855,3.65086964
10041,19.4220488,7.65675791,7.47552678
10042,13.4739725,5.83820948,6.51699591
10043,14.8272731,2.59068839,7.55296334
10044,10.2672615,3.78780738,9.10337966
10045,10.7522301,3.9177717,10.2006521
10046,17.2429038,9.01794784,2.68736606
10047,10.3041376,10.4339845,6.06194152
10048,6.63336925,9.47383805,4.79595095
10049,20.3704778,22.0707071,-0.4266727
10050,6.66298547,7.77605913,6.11928284
10051,6.80832026,7.40893973,7.50646443
10052,5.75115788,8.96853594,0.58153702
10053,9.50015977,8.11237565,10.0856682
10054,17.2051511,11.0947583,11.2206804
10055,6.99411029,8.80440257,8.08408075
10056,34.3436826,8.74837453,4.35297803
10057,12.1089987,7.91349929,7.0034883
10058,8.68342677,9.29877954,9.06264288
10059,12.9133153,5.85734619,11.8823209
10060,21.3908939,15.8279842,-6.86654147
10061,9.18517496,13.6136128,11.2754063
10062,9.56558706,5.16636418,8.18739584
10063,9.48990745,5.49014247,7.90384666
10064,9.69183393,16.3968875,-2.47509842
10065,8.26085444,10.4250991,3.94645936
10066,17.9522179,2.67296711,11.5227509
10067,5.90497778,13.930765,10.7201567
10068,15.188734,5.73317322,8.10492182
10069,19.411594,11.7877603,4.01211721
10070,11.3230212,11.3943088,-8.47839662
10071,16.5120557,6.57552416,5.18395817
10072,37.5104565,10.9463512,6.45632803
10073,20.2626156,2.50604627,4.19754368
10074,12.4166061,12.077274,9.57327688
10075,10.4854948,13.9075971,9.21093463
10076,20.3660528,8.20903598,8.40345507
10077,16.2880663,2.31327652,8.20151054
10078,-0.840932084,13.8602356,7.98127079
10079,13.1236306,9.77607413,7.80136895
10080,19.9419578,8.37316145,9.09285421
10081,12.3070838,11.4657737,6.99583975
10082,12.5635128,10.6298948,9.13319885
10083,13.2306142,11.1358613,10.3005621
10084,14.0973478,10.2425475,3.35353608
10085,6.81257273,7.41438108,7.5366764
10086,16.6257242,17.7364109,2.05975363
10087,6.86169538,7.38753201,7.55149424
10088,7.1858805,8.37504826,4.97544215
10089,49.0806322,-29.9512688,2.46450066
10090,9.6231956,11.722689,2.70609311
10091,20.2241865,-4.28404667,12.6431318
10092,6.26600328,13.251099,8.90947283
10093,16.0219256,11.3519189,11.1122873
10094,6.00393656,13.4430255,10.1582921
10095,14.8959885,2.59721477,7.51862348
10096,18.4179556,9.99074524,11.0709135
10097,0.93491117,19.647771,7.56898048
10098,3.2125536,15.3702212,11.1884385
10099,9.2099753,13.5604426,11.2181668
10100,9.09280481,11.0795431,8.77813268
10101,9.26811516,13.5867226,11.2221326
10102,5.62149692,22.5485514,2.84855862
10103,11.9025699,13.3444863,10.7921361
10104,8.28923938,13.108068,6.59910112
10105,13.1005937,16.6019364,0.912980721
10106,11.3348161,7.84958233,1.51011509
10107,6.6907366,11.0859478,5.32131965
10108,10.5320841,13.7147097,8.7477517
10109,25.3375631,16.3256581,10.470688
10110,6.55272942,13.4878181,2.95568256
10111,17.2839025,13.8622358,8.47655856
10112,12.2850703,11.4727504,6.82146195
10113,12.2599494,11.7565472,9.20884172
10114,12.9209018,10.391134,6.39418007
10115,14.0772641,10.4381714,10.3477889
10116,12.1995712,11.3554515,8.94428235
10117,10.1770353,12.7836211,4.03736001
10118,13.7426079,14.0462894,8.18546041
10119,13.7989326,9.47542486,8.43432825
10120,13.7448556,10.903056,10.4941931
10121,7.40939683,32.5176876,-1.26775193
10122,16.002659,5.52145758,10.529963
10123,15.1424962,7.64921709,9.74364142
10124,20.4161117,3.42424127,-19.2575192
10125,14.8496267,8.6269574,10.0799741
10126,17.7465463,8.59563307,10.8551965
10127,21.6160628,20.9439918,-25.7884637
10128,23.7240454,-3.63177457,5.81963666
10129,9.51367362,5.55964229,5.19445016
10130,15.554955,2.51774803,0.761981635
10131,20.1800974,9.79961013,-6.68673502
10132,19.0236539,-7.03902353,-4.57896805
10133,20.2416699,26.5407384,0.338538
10134,14.8025104,10.9307618,10.7875859
10135,14.5375417,9.55840278,10.3194535
10136,10.2368018,11.8714262,3.32101382
10137,18.1141365,2.31739434,10.9511175
10138,12.6817828,13.3387293,-3.82993129
10139,6.98035866,11.5484158,6.09348981
10140,13.8141145,15.2668731,6.08787133
10141,15.7221934,12.5064106,-2.5265778
10142,16.8309419,16.8859632,4.91000167
10143,12.7387119,-5.06014406,-1.41404276
10144,8.58381308,8.26855582,-2.0932932
10145,20.9311533,24.5542305,0.158814484
10146,6.39213435,12.6376624,-1.19346108
10147,12.8415505,10.535166,9.48305953
10148,13.8018987,9.86655144,9.64267352
10149,6.94351927,8.46256456,4.98907099
10150,14.8703582,2.5741271,7.52579236
10151,13.6443132,14.2017955,-0.966934908
10152,14.9599411,16.092867,-1.67563032
10153,17.7862571,0.900907667,11.4978642
10154,6.82700988,10.9721338,5.36984665
10155,19.7210344,0.123915489,7.76093327
10156,14.9095211,1.53266199,7.45911716
10157,20.1172678,2.89795427,4.79221338
10158,19.0397006,2.719111,8.87707127
10159,11.2347303,-2.29116808,0.682817096
10160,13.6928301,16.114117,1.57695115
10161,8.30224609,10.3599742,4.64748647
10162,19.1037553,2.70934934,9.05948019
10163,10.5076535,13.8728575,6.31521137
10164,4.10183325,-11.0590585,8.80765807
10165,12.7159707,7.56322822,-6.94382594
10166,16.5515233,13.9330198,1.62297291
10167,1.29465113,14.6652772,11.6306806
10168,26.7653619,9.88280526,-16.1979571
10169,-0.935186578,13.8822096,6.87064252
10170,7.23308868,10.2754434,4.51173514
10171,12.3249365,11.4630809,6.8020122
10172,6.91522144,6.7239119,2.35498258
10173,10.9445769,13.009865,6.63209578
10174,11.7658653,13.3444577,5.85996379
10175,6.9506122,2.37647402,-0.578991378
10176,7.16042098,12.4554243,2.45611464
10177,20.1280506,3.29544941,5.07785214
10178,15.4657382,12.4771846,-2.36307076
10179,15.2159347,11.9815658,-3.20088492
10180,5.93019992,9.68049082,2.06261055
10181,12.3497583,10.0914674,2.0499873
10182,20.9951747,-1.75992835,2.30513268
10183,9.45388136,13.2974553,2.63989265
10184,15.6423931,12.5785392,-2.39991302
10185,10.8766694,16.1384851,-6.86969298
10186,36.9914155,36.7364951,-25.2902097
10187,8.57143376,12.5914495,2.1776862
10188,10.1707462,3.87346857,-9.2153255
10189,18.1733483,3.2254822,-4.23362616
10190,10.7636202,-0.98391022,-0.179034003
10191,9.72849906,6.02304456,7.15838146
10192,14.0872336,12.8828677,5.21826772
10193,6.79711068,9.77819678,-1.458883
10194,12.2995788,8.92352493,6.31894009
10195,12.0005824,7.80589843,6.80268315
10196,10.0104506,5.30524688,3.90342775
10197,6.73666029,6.84704256,2.45341739
10198,26.6111006,11.1746924,-9.94141884
10199,12.5518469,11.1037257,6.3455794
10200,14.1772126,10.4286928,3.97420269
10201,7.88954327,8.97902476,-3.01622665
10202,7.12112662,14.2978301,-0.444361736
10203,5.94302621,11.3247847,0.961406142
10204,17.9408157,8.49224344,2.90018883
10205,13.5451736,10.7213953,5.56873663
10206,13.6922235,11.4486339,4.57613102
10207,13.6072648,11.4191764,4.25851209
10208,13.4608112,11.5517404,5.16312262
10209,13.0469493,11.6490823,5.52340614
10210,25.7944214,1.8714297,1.29819449
10211,6.16453163,13.0929719,1.73848423
10212,27.5954435,-4.81186756,-1.26794422
10213,17.9220923,7.64371431,2.43099166
10214,19.5159163,11.3602735,1.91105412
10215,11.0041183,7.79601129,-0.805150476
10216,-2.05309275,-15.6386391,3.91926366
10217,15.5862042,0.183206236,-6.25899658
10218,16.2181665,4.69029107,-4.12840092
10219,-1.37427273,-4.18022305,-4.62285632
10220,11.3553866,3.77178178,-1.83189249
10221,14.8355744,4.84482443,-2.55729985
10222,20.5993599,13.6870137,-1.78904076
10223,22.5242723,1.2998312,-0.180524938
10224,18.7272149,12.5485208,8.29820266
10225,9.68039076,11.1365393,-17.995599
10226,11.870737,7.26930131,2.2069034
10227,15.5272347,11.796666,-0.457340482
10228,8.5914113,10.4246099,-1.22021585
10229,11.3661132,10.9989113,-8.44012945
10230,8.70084967,8.58645058,-2.27600474
10231,9.79558269,11.4737695,2.89548307
10232,9.59156964,11.3529056,2.89044459
10233,5.82356044,12.2423834,1.14723758
10234,5.50060703,11.1539395,-0.332309454
10235,5.70351081,10.5863243,-0.0976952675
10236,9.58116147,8.66252593,-2.29948991
10237,14.9167751,12.1451173,-0.33479385
10238,6.30627364,28.3655478,11.3612006
10239,12.6714578,9.39167504,-4.11676622
10240,15.7239138,4.69475497,-3.85448759
10241,14.3940031,2.12722072,0.810806085
10242,12.850557,8.35377107,-2.37268527
10243,5.47048735,3.65300917,-5.03123622
10244,23.3916495,19.0182625,-0.994331776
10245,12.0549708,19.623815,9.84949506
10246,14.1888295,12.0448324,0.426399522
10247,7.69041821,-0.529806652,-8.81358283
10248,9.42785527,13.5943348,-2.29158647
10249,11.973604,7.3764809,2.0398619
10250,12.2221835,7.69162356,-2.40473981
10251,7.95155505,8.42194484,-2.89239766
10252,15.6223706,6.6509613,-0.253845045
10253,27.6546617,-11.4322037,6.64724418
10254,9.57623701,8.71093256,-2.30229587
10255,7.58397111,8.53778866,-2.23553434
10256,10.6258934,18.3576503,-5.91852507
10257,17.7956462,13.4430163,-1.85476313
10258,7.32519965,8.75284524,-2.13155331
10259,7.08546954,9.22570119,-2.29417363
10260,7.14674666,9.16852406,-1.90256913
10261,16.0209987,22.8935838,-2.24912894
10262,10.73627,2.70969801,-0.90369354
10263,15.4264837,6.932688,-0.122470132
10264,13.0506557,5.74195727,-2.96958263
10265,13.7972533,15.782204,-5.83340518
10266,-1.06801473,26.2735586,4.15000149
10267,-1.16633573,17.4552467,-4.01500146
10268,-1.43708367,17.5509281,-3.98742068
10269,12.7634036,29.7445301,2.21782395
10270,11.1220756,-0.466062586,-0.706686389
10271,8.83813537,8.77788252,-2.33129541
10272,8.80727936,8.68540418,-2.28424307
10273,10.9110716,14.4429714,1.97837216
10274,20.3727608,22.0753588,-0.427542744
10275,16.1032512,17.9519864,-0.444630506
10276,9.31294045,15.9875877,-3.81541778
10277,18.4105264,3.8700754,6.23308455
10278,26.4975188,1.62670115,-13.32907
10279,8.79406099,0.745245612,-4.51181771
10280,7.27573006,2.11345186,-0.858975771
10281,8.39443337,8.46292626,-2.20903185
10282,9.89931323,3.11598728,2.15514269
10283,8.45911258,8.47870223,-2.19412251
10284,8.8952505,-6.10228982,-1.70083226
10285,17.8873125,-2.73129174,-2.23472617
10286,10.4247195,1.14039729,-1.09515002
10287,11.2650023,4.49877915,-2.54947543
10288,10.278903,7.88538562,-1.58509668
10289,11.3641754,7.33423547,-0.936540251
10290,14.8671621,0.906268078,0.411713956
10291,11.2035617,7.43628653,-1.47728945
10292,14.5269721,2.58599101,0.247226791
10293,7.55324517,8.06530471,-0.980436085
10294,15.4677974,0.81677334,-6.556292
10295,8.82257267,3.43333987,0.497465152
10296,10.3607759,3.30454604,-5.94147315
10297,9.22772967,4.41775946,-4.35648035
10298,8.85539211,8.02833875,-5.92586203
10299,10.284677,3.07778353,-6.1453097
10300,7.78200394,8.47443643,-6.11873497
10301,18.7940606,0.731169523,-1.29942422
10302,10.4799867,2.91498619,-5.96767121
10303,15.9806328,5.19648848,-4.64401026
10304,15.9912062,5.04553317,-4.50447988
10305,13.3460052,5.91798977,-3.83472159
10306,13.3283845,5.75218583,-3.66476613
10307,15.011485,5.03646079,-3.9360572
10308,7.02371323,2.45627851,-1.25233364
10309,11.0596842,7.85426285,1.55593594
10310,12.135444,4.66353413,1.95720766
10311,9.94881524,4.76097845,-3.01356022
10312,7.09307635,2.92330106,-4.55213274
10313,20.3398718,1.95424238,-7.41040593
10314,12.1041357,7.35537065,2.02640372
10315,10.8207512,7.59897572,1.95265066
10316,6.56009661,4.5556199,-0.481638601
10317,10.8725173,2.89722585,-0.823870899
10318,10.7329539,-2.34767669,0.0698332873
10319,10.2717187,7.88723751,-1.59277277
10320,7.90838924,8.2243508,-4.12801983
10321,7.0318313,6.19230861,-1.17715435
10322,11.6127243,4.85372455,-2.24311511
10323,5.26910162,4.07169587,-7.29266237
10324,8.87289987,3.14106631,0.502816072
10325,11.2663213,6.68044596,-1.60388023
10326,7.86946162,6.36015705,2.44741943
10327,7.7721659,6.47891389,2.40391463
10328,9.08712079,1.80133968,-0.288903097
10329,10.8205014,-1.36175226,-4.46689546
10330,8.20539083,1.8826309,-0.508537988
10331,7.28630893,2.06599659,-0.925155849
10332,6.93759137,5.05781979,-0.275901794
10333,6.73031325,2.566802,-0.525017568
10334,9.36722711,2.51131698,0.251948032
10335,10.0082316,3.71820043,3.35543546
10336,8.51161818,1.12930296,-4.65154916
10337,9.5890035,4.46370951,3.65312254
10338,16.9086689,0.834990768,-6.54226226
10339,11.005145,0.468944279,-4.17911161
10340,10.0754625,2.98407721,-6.16059724
10341,7.1854337,2.20449197,-0.982950435
10342,28.4356287,0.0184878486,8.3917129
10343,8.12265075,-6.13729834,-1.59450776
10344,16.237376,2.46955257,-4.61060936
10345,11.0479474,-0.618363784,-10.4372292
10346,19.6828541,1.76326978,-9.31276498
10347,7.76115447,1.51697688,-1.26436253
10348,9.43123223,-0.25740916,-4.92816202
10349,10.898875,3.45580696,-5.17381547
10350,10.8897695,3.35238759,-5.23359513
10351,4.81109699,6.79857872,-7.16200367
10352,4.54009954,4.92256959,-6.96205294
10353,4.14065896,4.07546057,-6.06557997
10354,4.08707616,4.10087216,-6.15703986
10355,4.30424693,6.25586277,-5.78471289
10356,4.16346112,6.21405196,-6.06189519
10357,4.09194798,5.91399735,-5.97800737
10358,4.03401499,4.22781212,-6.14037476
10359,4.03996914,4.20084439,-6.15565064
10360,7.7085567,-0.574985469,-8.8394443
10361,9.11189624,-3.75311775,-7.22014888
10362,14.1502809,1.29491357,0.888801157
10363,30.4138895,-12.3149572,-2.75637155
10364,13.6048392,1.1237962,0.733571825
10365,8.03555753,0.228737142,-8.79115788
10366,10.4923818,-1.07606924,0.0580028465
10367,13.8103277,-7.09689933,-6.92701873
10368,7.5941225,-1.05024867,-4.40814165
10369,9.50614785,0.581528017,-4.80038529
10370,11.5179981,-0.0385087249,-3.56262248
10371,21.2049516,16.9532997,2.39171277
10372,11.9028395,-5.73222397,-1.97051047
10373,8.86539553,-1.51090237,-4.95441391
10374,14.6455316,1.37434915,-2.97159549
10375,11.3927765,-0.0175650079,-3.9962503
10376,27.1582344,-3.54376683,-11.6448367
10377,2.46121674,-7.25186594,6.6550773
10378,15.1527199,1.14638315,-4.78189427
10379,11.9001883,-1.05005023,-2.23912982
10380,15.5854966,-3.54160869,11.2744057
10381,17.899403,7.54237037,2.4905844
10382,33.7264657,0.44068015,-18.4848047
10383,21.6700619,4.43888979,-7.0709893
10384,15.0519278,-4.73135839,-14.5004861
10385,15.3758255,0.57874988,-6.32412869
10386,16.0363315,-1.07601417,-5.93777439
10387,15.5859388,0.747468451,-6.33340048
10388,22.1984704,8.51032946,-1.55380325
10389,19.0986585,3.42922763,-19.2695581
10390,20.6558818,0.91582762,0.35381509
10391,11.7072295,-4.59394085,4.90214978
10392,16.619204,0.422326417,-2.27853064
10393,17.5170934,4.83634195,-3.95422535
10394,13.1930065,-10.1343692,-31.6436298
10395,22.8818881,5.70557222,8.45823045
10396,27.1234114,-2.04260855,-6.13281217
10397,51.8069255,6.59241108,-18.0993524
10398,14.9669573,0.515556699,-6.67445755
10399,13.6472209,0.390650826,-7.29205486
10400,13.5799883,-0.673886282,-8.12509438
10401,13.7072311,16.4290671,-27.0111365
10402,12.6091165,0.649467456,-5.46032103
10403,11.3529467,0.00702735921,-4.08487312
10404,13.2435831,16.2625751,-0.0633515202
10405,16.4781814,-2.31369458,-5.62174754
10406,16.3432193,-1.63834963,-6.13173857
10407,17.4427293,7.10561494,4.56685905
10408,19.7823633,-9.92830165,4.90766973
10409,17.3951269,7.6744662,-8.86628815
10410,15.673364,-0.359200353,-4.05881008
10411,14.8255358,4.99432851,-13.6519651
10412,9.87299704,-2.20518576,-4.70890438
10413,32.2345189,20.0088699,13.6654725
10414,17.0517919,6.59768951,5.94094404
10415,17.624589,0.112941403,-13.1426064
10416,17.6387542,7.56099432,0.862850988
10417,16.1435962,-1.15776101,-6.16522939
10418,15.2710756,11.819034,-3.17627627
10419,15.7592511,6.00478365,-12.7859143
10420,18.6320542,2.60215443,-5.01684112
10421,28.112604,5.92400141,-5.30924077
10422,21.2633881,0.553357222,-0.0132382095
10423,21.5527259,-4.33331767,-0.065155918
10424,18.9512211,-2.12694648,-7.38204519
10425,15.8089715,-16.3832202,2.87991179
10426,17.21631,5.78131642,-4.94840547
10427,32.5951195,17.4156897,15.1592846
10428,23.86995,0.300843167,0.751577804
10429,27.1150266,-0.530483089,12.0057821
10430,22.846503,1.88241162,-0.172799418
10431,20.3287258,2.29037362,-8.20080268
10432,23.7215889,-2.06997067,-5.39077272
10433,22.9852443,4.7235831,8.10137431
10434,20.3378863,7.60091496,-19.018932
10435,22.3352445,-1.32144318,-5.45588437
10436,22.2873593,-0.0382389618,8.05811787
10437,3.9634037,-25.9236988,-0.529659345
10438,20.1019564,-10.2029873,5.45525804
10439,29.8829903,-0.878668861,-2.32445611
10440,20.1443401,-16.2906794,0.426322354
10441,30.318895,3.81948606,-2.01478197
10442,17.7564964,0.216077743,7.82493117
10443,19.7303295,3.78713043,6.80836348
10444,22.7317472,-4.15974878,11.7174118
10445,24.8362219,0.713735537,1.12453871
10446,18.8724583,0.55020487,-1.25287906
10447,19.3156759,0.353440025,-2.99141871
10448,19.6303528,-0.679353887,-2.06228947
10449,18.7517883,0.900845821,-1.4991786
10450,17.564516,-0.479232171,0.0578359501
10451,18.7762253,11.0044409,8.25288878
10452,21.8840666,9.10976428,-1.73102175
10453,11.2269885,12.4582125,-8.50791891
10454,18.3558397,7.4612883,1.93079678
10455,27.8190842,10.2563257,-16.8121656
10456,21.0312625,7.31689232,-8.05060377
10457,18.3710124,7.31442425,-7.63276797
10458,18.2144744,9.38704041,-4.03374161
10459,-4.52730303,40.6380561,-17.8009934
10460,20.3929447,2.13487527,-7.15798553
10461,19.8463565,8.99271126,-18.0465408
10462,17.9245373,0.311666389,-12.9050663
10463,15.5704545,0.826851432,-22.7597639
10464,19.5392512,5.20420199,-12.2403819
10465,12.1884898,8.35473569,-29.2598967
10466,18.1779714,4.49020211,9.96916431
10467,16.2195075,-0.031664441,-0.28081011
10468,23.4382362,-0.712824758,-5.24666578
10469,16.6818424,4.1018527,-18.0080361
10470,19.2017363,5.01956069,-11.9668344
10471,17.1323919,2.41346975,-12.9798575
10472,23.2188117,5.18760587,-24.2605586
10473,40.7543124,-52.2230189,6.64428608
10474,15.0639924,16.492513,-1.56454403
10475,18.7418953,-4.33760502,9.39457668
10476,29.5371336,15.207331,11.7589492
10477,30.3454836,5.56627787,-20.5261252
10478,29.5279022,3.11783429,-5.08509145
10479,28.889082,3.98244636,-5.70781493
10480,29.4203519,21.0586226,0.995469198
10481,23.3628697,12.7558005,-1.25895004
10482,15.4034649,11.8534866,-0.276241738
10483,35.7283411,18.2834772,-3.89945703
10484,17.4987146,0.707193818,11.2067832
10485,22.428902,0.692196451,-13.7393763
10486,26.0471398,6.78128344,-17.2404804
10487,15.285447,0.721226365,0.38113489
10488,24.744317,7.63534706,-9.32859541
10489,25.9854123,8.03373732,5.92215482
10490,22.9450273,-1.13693172,6.08460376
10491,15.9433215,10.4753818,-1.63217606
10492,18.4377001,9.28321301,-3.2913277
10493,18.4889313,8.90490837,-2.91147076
10494,13.9109717,18.7225284,-1.4910495
10495,16.4176995,17.1696849,-6.5970532
10496,19.4301025,6.55842629,10.1236414
10497,19.0174398,10.1276556,10.3394542
10498,19.0268872,10.1058011,10.3642527
10499,25.5796815,7.95563821,6.31187381
10500,18.4646678,-0.45431111,8.80851641
10501,25.2570203,26.09011,10.8188228
10502,17.6490876,7.7689405,1.54364534
10503,17.6431088,8.00202564,2.19188022
10504,17.6488199,24.9283547,-5.86815678
10505,17.2650957,9.00642586,2.68128979
10506,18.0797052,9.73852277,-3.38570169
10507,18.139984,9.82117864,2.91878924
10508,17.262511,9.01193941,2.68064287
10509,15.8351442,11.3331394,0.189698217
10510,15.5062597,11.2993529,-2.06104604
10511,15.5457352,11.8092095,-2.70585827
10512,22.8391298,16.2431899,-3.39671087
10513,18.0391616,14.5313735,-1.55854173
10514,21.6247989,-0.570588732,0.766325974
10515,20.900221,-0.742400208,1.86785326
10516,14.70127,2.30502229,7.42042815
10517,15.2451309,5.99652633,10.6194659
10518,17.6559063,8.33188703,11.0185974
10519,15.2462717,7.80868361,10.1100379
10520,14.9447839,8.32828456,9.55048138
10521,15.1403739,8.2167904,9.99890659
10522,22.9001787,13.4069431,2.57403479
10523,15.1238912,7.68371551,9.75573186
10524,27.7014242,1.58110943,-17.5002539
10525,17.9076364,8.53412223,2.84831652
10526,19.3647707,11.7421378,3.92810643
10527,24.5236603,15.6782386,-13.0156256
10528,19.3341711,11.7008086,3.93364074
10529,26.4537467,4.31855294,1.81543496
10530,23.402202,5.4730977,-1.55024174
10531,38.4289039,11.8168918,3.98616438
10532,21.8830488,-8.11154252,-3.20168173
10533,18.4896171,5.93984143,-19.1314001
10534,20.366988,2.31371761,-8.11732027
10535,16.4618034,17.185106,-1.17953642
10536,11.8311023,23.2002985,10.4074848
10537,14.411424,14.3459941,5.56125759
10538,16.5918484,17.9413282,3.14035595
10539,7.52943381,13.3224596,2.29386863
10540,14.8243072,-0.0634011743,1.41935208
10541,14.9041401,13.902034,5.57285849
10542,18.5396657,15.400594,2.24945398
10543,7.90767164,117.478312,-10.2296591
10544,17.4394684,22.9365962,8.61804625
10545,17.504027,19.0364011,9.42524003
10546,18.5370234,14.4355978,2.28746819
10547,19.5889323,6.27591201,0.0295965109
10548,19.3906961,6.31335853,0.281223362
10549,16.5366554,-2.57373042,-5.53753548
10550,30.3799989,13.2341131,9.97606972
10551,18.4744782,11.4415717,3.66547771
10552,15.3509169,2.33634529,6.51474441
10553,17.9557103,0.576617936,11.2787982
10554,17.8319594,0.440694694,11.1067054
10555,12.730654,-11.9619751,4.64365496
10556,45.1578182,-17.8516418,7.31634879
10557,15.0576138,0.124341175,7.2089448
10558,17.3515343,6.97546394,2.76915489
10559,20.2777531,-5.83364482,3.08626532
10560,17.8673448,4.45485128,0.945671411
10561,20.7288293,1.01095601,0.157407569
10562,16.618129,3.3830267,0.497596524
10563,18.4174116,7.38666466,1.87448168
10564,18.0187361,0.0956016269,-1.10791494
10565,19.3022449,0.456482628,9.39033591
10566,23.2650129,-1.06532792,6.12493257
10567,20.7068501,-5.96830103,9.98585106
10568,37.6361545,-8.64408607,14.0871025
10569,38.0599289,-13.7093929,10.2698912
10570,15.3686272,0.798056392,7.13729484
10571,13.070291,-3.31419906,10.0458291
10572,18.0651963,-1.08383245,8.30530996
10573,21.7146124,-1.0723947,0.922327047
10574,27.5309967,-10.4469208,6.96560053
10575,18.2806045,-19.7224796,2.05302343
10576,25.7369145,-8.74106597,3.35148718
10577,19.9339035,-0.544261285,10.9943287
10578,17.170223,0.311782153,7.73902838
10579,20.9036263,-4.91421959,12.7028104
10580,19.1143382,3.19075133,8.57423659
10581,19.1239115,3.19423253,8.59622733
10582,22.2688931,-11.7812679,-0.0470660403
10583,7.67606986,-4.01260023,2.23133924
10584,9.6164602,-12.8937377,-20.272563
10585,18.0734697,-3.413472,6.85427587
10586,21.2954871,-6.2079359,10.7062993
10587,20.2462626,2.96237076,5.74144559
10588,119.374512,-34.6335182,-68.9482838
10589,18.3600143,-0.459294584,8.35939573
10590,18.1034652,-0.309512794,8.13631111
10591,20.6913638,3.39048133,4.02076123
10592,22.017683,0.00606516525,5.01507064
10593,17.0355064,-0.543537111,-0.563093697
10594,16.6596781,-1.16556157,-0.341271738
10595,1.59222391,-39.4277858,14.804008
10596,16.6057091,6.19834476,3.15427758
10597,19.5023567,5.73763382,-0.0920942623
10598,14.9003507,-0.976801167,3.65004762
10599,15.7509752,-0.630267539,4.27046337
10600,15.9543885,0.0371546625,-0.178661465
10601,18.9510194,3.90697215,6.10038061
10602,15.241391,3.47000703,3.1663553
10603,26.4966382,-4.55386326,6.74915929
10604,12.9864929,-4.1325199,-3.01019537
10605,21.9426558,0.285051434,9.67090941
10606,34.0422277,8.67061226,7.01130593
10607,21.7425619,-0.0660501882,9.97869168
10608,27.9117421,-3.55746219,0.761273679
10609,18.940323,-7.03046988,-4.57077393
10610,11.4799629,-5.82258826,5.37202144
10611,7.11388656,-6.16211477,-3.22927636
10612,25.5725802,-1.48830908,0.901616009
10613,-12.3676026,-31.7880076,-71.0808598
10614,27.3311703,-10.8240671,6.98246092
10615,1.75542132,-7.18062798,-5.06896899
10616,21.4867136,-12.8777019,1.48464727
10617,24.2604819,1.05913598,10.5718158
10618,34.890416,6.8935208,1.98780213
10619,19.6231538,5.36186387,-0.382247025
10620,19.4176367,5.6592745,-0.199188055
10621,25.2686563,-14.3567856,-1.31711966
10622,23.9678049,1.38439818,9.88434296
10623,19.6019967,6.10658692,0.0981409503
10624,19.4298081,6.2648842,0.252538834
10625,19.510151,5.8648307,-0.0351532401
10626,20.2244451,5.58977247,0.0796625239
10627,20.3299938,5.61962471,0.126781118
10628,21.1018156,5.22791191,0.622745164
10629,21.1073466,5.23089271,0.647933405
10630,17.427481,1.71350654,5.23935331
10631,19.6225121,1.42357488,3.95488199
10632,19.6737283,1.4523588,3.91537654
10633,18.4307286,1.021273,4.24265106
10634,17.9982123,1.18495324,3.83714182
10635,17.9788092,1.0217966,4.18058921
10636,16.0948351,2.02869717,4.79962552
10637,16.4667271,1.65714865,5.01306774
10638,16.4482348,1.79405812,5.23524665
10639,16.4280544,1.82713988,5.24905974
10640,18.2334858,1.11466103,3.91260961
10641,18.1931675,0.996567224,4.16901753
10642,9.73204161,-49.1670307,13.7777174
10643,20.4747778,-20.7447393,0.335994382
10644,14.4228361,-6.89757054,-6.53581566
10645,10.5574828,-1.90076958,-0.126110617
10646,18.6170865,-10.1222105,9.54279868
10647,34.8950769,0.255981102,-0.420943317
10648,41.4177278,-10.3485145,19.9039304
10649,17.7497039,-12.7252304,-8.81103205
10650,19.7129938,12.385879,4.53936715
10651,26.3620595,2.61543031,1.63877871
10652,17.5642248,-2.45900212,-6.68510351
10653,39.9561226,-12.7930162,-11.8605641
10654,18.3163751,-13.7538379,1.55371954
10655,13.8820506,-3.58046726,9.76801107
10656,49.2553702,-24.3488481,-7.38708226
10657,29.0566968,-2.9281643,-4.60786327
10658,27.3834483,2.52164928,6.43402403
10659,26.6703913,3.69526916,4.58449163
10660,37.9372556,-3.4694041,6.84474796
10661,44.6399359,-0.832327533,-20.726555
10662,31.1402301,60.0498073,-65.9532392
10663,17.7869247,0.199036484,-12.943323
10664,26.9419418,5.4717742,4.62831145
10665,-1.4720671,19.530256,6.17153266
10666,21.249147,26.7709958,3.90123544
10667,34.1764009,32.6447895,3.64692041
10668,32.4958306,19.7271919,13.9612384
10669,26.0559289,5.43802774,4.07982426
10670,26.7049394,5.22007134,4.20423068
10671,24.9508503,3.86007569,-20.2045089
10672,4.40860308,-19.5008972,-23.8008343
10673,28.4561537,4.18430639,-7.85001152
10674,33.8925245,-7.03487057,-17.6915858
10675,17.3473422,3.48010681,-18.3218954
10676,10.3250775,-17.119109,-0.340220801
10677,18.4787944,-19.4826835,-10.6538821
10678,37.939334,-3.321497,6.71990062
10679,33.2582451,-10.1769018,2.2335388
10680,21.7099247,-19.3656651,7.58883565
10681,47.0625403,-6.93391644,13.928951
10682,-0.818480572,-9.63585881,-16.110032
10683,12.1513413,-7.54064579,10.9061966
10684,19.8245833,-18.9491602,-7.61443846
10685,4.93070784,-2.74211567,-19.2224879
10686,-0.627270749,-8.57057036,-8.81360266
10687,13.0870114,-1.13209745,-17.9953142
10688,1.62040477,-2.92724586,-9.99800497
10689,26.5235024,1.96389868,-27.7174734
10690,26.291558,7.62081162,-12.8183807
10691,19.0914706,4.77096421,-11.8514174
10692,7.73233811,-6.31699304,-24.0467989
10693,33.3784509,-18.6840507,-53.9554157
10694,1.49022143,-27.8138908,-29.9857364
10695,25.5738405,3.76332625,-20.016674
10696,30.7830918,3.92220577,-7.59549912
10697,22.999916,12.0722591,-9.0845642
10698,25.1566575,3.69056126,-20.4102913
10699,19.7024976,3.15680336,-19.2795189
10700,20.5633915,2.92093005,-6.99160365
10701,16.7579383,5.04838825,-8.93006747
10702,2.05626854,-10.8486289,-13.3116444
10703,20.8566295,11.5264933,-10.656708
10704,17.4960796,-0.857768849,-21.5275823
10705,17.3687239,-0.960305599,-24.2972628
10706,14.5232444,-13.2473217,-13.7266266
10707,18.1342511,0.251392501,-12.7855967
10708,18.0817797,-2.58672292,-11.9890314
10709,21.8230069,4.58220672,-7.30623078
10710,18.1948475,5.63928237,-6.20373954
10711,17.7217163,0.756804815,-12.8333131
10712,21.6367488,-9.49138991,-12.0863004
10713,12.3928105,43.7850876,-5.74687472
10714,20.3775107,2.32099512,-8.142219
10715,19.4212415,5.65782967,-11.0576317
10716,45.3815422,9.15962398,-16.1976268
10717,19.1546272,9.71478235,-6.20596135
10718,19.2681447,1.25688949,-11.4950313
10719,22.5954334,11.807617,-8.92747867
10720,14.2495914,15.5006572,-27.5000313
10721,18.431503,2.07150656,-17.1969865
10722,19.3890757,1.88530181,-9.7094631
10723,18.6816266,7.35331787,-6.94568259
10724,17.6179124,9.10315808,-5.68609167
10725,17.0361231,5.54817875,-12.7287436
10726,6.36884939,-3.36367866,-24.2779521
10727,19.2388136,2.12966199,-9.8575083
10728,17.2195148,3.70946022,-10.2411206
10729,17.9655005,6.98271916,-8.22069364
10730,20.9692843,9.2384855,-17.3500517
10731,18.2581171,3.02610264,-11.354385
10732,18.6342518,2.7268765,-11.2326425
10733,39.5058172,33.7701434,0.824886833
10734,21.8825253,6.14202728,-8.24663922
10735,19.3089374,5.05694652,-11.6896216
10736,15.0930827,6.49071236,-12.9096748
10737,52.7305006,4.25332317,-19.8768742
10738,6.00088578,19.1475067,-7.16786004
10739,20.881107,8.0820243,-8.05937319
10740,29.1685746,26.5867563,10.3625105
10741,17.7283036,3.95253297,-11.6866674
10742,16.8667084,4.92599165,-12.4169472
10743,17.2096718,25.9408458,-8.15052061
10744,16.4078802,8.00188928,-11.0991285
10745,16.421689,4.57576309,-9.97609506
10746,16.515484,4.66130331,-9.80118216
10747,16.5327611,4.4921985,-10.0204652
10748,15.302398,6.32456086,-12.9743254
10749,27.9206758,25.7292849,10.341296
10750,20.5673279,7.47275465,-7.67035739
10751,17.7944835,7.48179082,-8.44847944
10752,10.6220067,43.4278797,15.4327614
10753,17.1654931,9.44908364,-5.91452312
10754,15.9562616,9.60054322,-8.0083148
10755,13.0808018,9.40924897,-10.4049514
10756,3.987408,19.9756023,-7.39847844
10757,15.8442662,9.72134058,-8.27985167
10758,14.7383653,7.56894226,-12.8288125
10759,19.5041674,29.2623893,-0.510555278
10760,26.0060731,15.379939,-14.5665975
10761,24.8619781,16.5732794,11.0794175
10762,13.0563366,9.99104275,-10.2156685
10763,22.642875,12.2331974,-9.20817828
10764,29.7904881,22.2342314,-2.65456234
10765,7.54551032,21.7533401,-0.404971633
10766,15.4143913,6.27707578,-12.6905651
10767,14.7014588,7.4391891,-12.9130965
10768,15.096639,7.7294276,-13.5385576
10769,15.0854481,6.50485905,-12.9114056
10770,-3.3338285,13.7005088,-17.0082825
10771,28.1102333,16.4367211,15.0378276
10772,10.7797746,14.1680165,-6.56613527
10773,19.0698396,6.56846102,-11.3380484
10774,19.4083951,8.54083739,-10.2262371
10775,20.5577841,10.6667824,-10.5122407
10776,18.9933546,5.40474012,-12.2272715
10777,19.1141576,5.51198001,-12.3605739
10778,13.0656015,9.54338717,-10.1688172
10779,30.0059731,13.1216786,-1.53585091
10780,28.8619286,4.51251168,-6.47014801
10781,26.1948527,8.11123639,-9.70826819
10782,50.4307734,6.86487614,-17.7592257
10783,34.5601769,42.1678922,28.3995055
10784,43.8720342,35.4715588,-16.9604303
10785,17.0069278,13.6463262,-13.7669785
10786,38.4265981,13.9295765,1.96328693
10787,23.0224367,21.7037998,-25.1836504
10788,2.19197518,31.1040876,-1.55212175
10789,32.4854424,17.9849494,15.1506083
10790,-1.22522533,35.1693654,-14.1836456
10791,33.4411013,23.1214081,8.5358642
10792,28.4590963,9.88707952,-6.45558277
10793,41.8010084,38.220364,-3.62916905
10794,28.1473305,6.14302275,-5.84078599
10795,26.4253391,6.76026705,-8.91203991
10796,31.824663,17.290947,15.3660245
10797,28.4426186,7.5864479,-5.78457355
10798,29.3721372,9.77057259,-5.96010919
10799,30.7204277,12.6830911,-1.69041134
10800,27.3820305,45.4940268,1.01165895
10801,41.1354413,28.7917132,-10.0946332
10802,8.96718032,15.8543014,-4.81703577
10803,28.4342788,25.8651059,10.2982281
10804,16.762733,10.8898716,-18.3282007
10805,17.642447,10.671368,-19.4110598
10806,17.9798724,11.7866851,-15.4054451
10807,-3.70175536,35.6141119,-10.1629306
10808,24.7944689,18.5551833,-20.3356063
10809,32.8563719,35.5026849,15.1952127
10810,18.0245488,10.6537286,-17.0967673
10811,19.1005682,10.4054954,-17.7354861
10812,21.9710588,13.9339139,-13.2250153
10813,21.6520436,11.6607896,-16.5156532
10814,25.2243726,13.7192314,-3.43711834
10815,-3.9081861,25.017454,-3.56574301
10816,17.9971085,15.4629445,1.86397991
10817,29.2766669,9.89010144,-24.1568082
10818,47.5998906,2.46150084,-21.8804136
10819,39.3416827,11.6141834,-33.6032099
10820,25.0768982,54.8875952,-51.4761445
10821,27.6520084,16.1590384,13.985856
10822,24.423483,12.9502063,-9.47461429
10823,43.9371367,36.7795914,-15.4598335
10824,32.6977242,22.8739069,9.23811743
10825,17.5640328,12.8831007,-0.661898121
10826,29.5131125,25.2301408,10.7021368
10827,25.6824365,12.1816524,-5.11393946
10828,28.542689,9.80174303,6.42900951
10829,39.4911581,3.48253138,-21.7121821
10830,34.865184,5.27782621,-23.3942858
10831,25.9533989,14.6485424,-14.5190682
10832,21.1634909,26.8076433,2.53048682
10833,29.3347296,9.85909542,-6.00513844
10834,34.6192991,5.07335449,-22.9883927
10835,30.8126894,5.57196439,-20.6568957
10836,38.8003514,3.58279527,-21.6861886
10837,10.3134398,15.6199736,-2.39123049
10838,20.0223273,12.1426892,4.70744722
10839,19.122696,23.9844056,8.57987294
10840,25.9270192,26.0858166,5.91313255
10841,19.9260295,12.2047141,4.57061515
10842,20.3254858,28.2546514,-0.434932365
10843,17.380289,23.5479761,-7.95050702
10844,19.1431812,24.5739198,-1.7569451
10845,37.03127,10.7797623,7.46916358
10846,34.0266156,8.87176944,6.89648232
10847,26.6598432,29.8642097,11.5131928
10848,28.577697,47.0000908,-7.97135518
10849,33.0311737,8.91995268,6.30097336
10850,30.555632,11.9995594,8.94083063
10851,31.5339533,9.84720779,6.5953726
10852,31.3195221,12.6050839,10.2923501
10853,23.3274377,17.6632368,10.9138165
10854,30.0403818,11.5841686,8.46086406
10855,24.1206541,15.850777,-3.47830327
10856,30.4700797,22.8569993,1.0834697
10857,6.11841803,55.6662224,-8.62571247
10858,35.5967922,9.90781899,7.50822347
10859,35.4900374,12.0724029,8.97252271
10860,35.8701939,14.0961898,6.35411192
10861,30.3878317,12.367233,9.14081176
10862,30.4079112,13.2077848,9.99467629
10863,17.2939105,13.9401982,8.41973761
10864,34.002427,9.72329669,8.06593775
10865,32.3656908,12.1475632,10.3517159
10866,20.6207746,18.7564972,-2.77840267
10867,50.7705968,17.1375422,-56.6900005
10868,4.68658747,27.5545672,10.5068195
10869,41.374144,30.5235452,-12.2572522
10870,18.3152031,16.2760247,4.13944993
10871,10.6733324,18.3574617,-5.89903189
10872,19.0123495,16.3199607,3.12374984
10873,17.0255343,18.2667697,9.6338191
10874,17.2964766,31.5550564,-0.534902055
10875,18.4937496,42.8339452,8.61043189
10876,20.9570065,28.1145611,1.25265241
10877,19.0336464,16.2798984,3.11807913
10878,10.943386,19.7569039,10.695466
10879,17.8504077,14.8397331,1.78620373
10880,3.90771552,16.089709,-15.9045366
10881,-1.36026737,14.5542175,4.75196251
10882,73.9284276,38.0931498,-17.1339341
10883,23.3501511,66.6595988,-5.87195627
10884,22.1776888,40.414186,0.490299016
10885,31.210964,16.9823607,15.3359499
10886,30.63171,15.8214018,14.4980309
10887,29.7320048,15.2337538,12.3072492
10888,17.2252203,14.3401893,8.56333947
10889,21.6562003,19.1125458,10.8422887
10890,27.4756877,18.6743591,2.627198
10891,28.5847473,17.3430359,5.86751675
10892,4.4524846,30.4049591,11.7075476
10893,12.8506034,16.4505853,1.21423586
10894,17.2478341,26.129019,-8.27876961
10895,18.7585938,12.7224041,8.20031905
10896,23.2355512,15.7587496,10.1574128
10897,19.9685971,12.2132601,4.85323313
10898,17.2893763,13.6750751,7.87136427
10899,17.3254559,13.8918974,8.40643002
10900,18.4501023,12.915535,8.22189826
10901,15.9584286,14.6381611,6.25892107
10902,19.6838272,12.4151682,4.56279755
10903,18.0324795,23.2150928,8.92746099
10904,15.6691494,15.3540661,6.93307901
10905,4.0462433,40.6626671,9.23341952
10906,17.8349849,48.3566436,8.83915795
10907,12.8683375,32.2417418,0.668990752
10908,11.3352373,18.5729073,7.98927395
10909,10.2017671,21.3818705,-1.33754487
10910,15.6139597,15.1237025,6.31950328
10911,14.1952589,14.8769985,5.72215758
10912,7.25880355,18.1108226,9.07952299
10913,21.00465,29.9144718,-3.47366913
10914,15.5022366,12.2758583,-2.57807431
10915,31.6745193,32.0587069,2.98503489
10916,8.07612185,14.5754735,2.92527953
10917,23.5538877,16.1098362,-3.08749069
10918,9.34997069,13.7702311,2.82065371
10919,19.4713488,13.6085827,-2.14561869
10920,18.8670342,13.2361987,-2.48157945
10921,1.54785046,15.3122767,-6.23141842
10922,25.6203654,32.0182706,0.47577626
10923,4.03901414,42.1660795,5.42875307
10924,25.3410689,20.6764162,-0.556539369
10925,9.77455356,18.4599642,-5.46274663
10926,27.7988793,21.5855355,-1.9808809
10927,26.6181989,20.517845,-1.13995873
10928,27.4937912,21.4779277,-1.69882922
10929,6.72635992,18.7999713,-17.8131125
10930,14.3717745,16.7620747,1.84475884
10931,5.39391519,14.9067858,-10.8010365
10932,8.76899272,22.577414,-6.23886254
10933,4.43347383,18.1986862,-7.42177687
10934,24.1703333,15.1692648,-12.6518844
10935,23.8459972,22.7033787,-0.147282096
10936,24.0935019,21.4163373,-0.0735909714
10937,22.9140916,21.4744266,0.111207934
10938,22.5350344,20.8693897,-0.0936633869
10939,13.253809,16.5907711,0.00342829644
10940,13.7690347,16.2024442,8.08183594
10941,10.7258246,18.7002991,-0.78923594
10942,12.6009082,13.0786271,-4.22399861
10943,29.2122627,47.5905974,-7.13233971
10944,12.5884624,21.1403531,4.40275171
10945,0.362947154,18.9264868,0.0925625937
10946,14.4163138,14.7491441,5.7212053
10947,17.0119618,17.9842364,2.49576426
10948,14.4138157,14.749586,5.72332083
10949,4.57006363,17.3662384,-15.5337786
10950,14.917893,17.1223349,-4.73278394
10951,10.9546484,24.8258443,-8.23487526
10952,16.1467555,21.0041958,-7.7775387
10953,0.61401086,17.9482988,-13.7014379
10954,12.0068504,22.7292268,-18.2522563
10955,10.4497308,20.4865218,-1.04867132
10956,9.44758681,13.248059,-0.474560177
10957,9.35161824,13.3971489,-0.628159684
10958,10.22138,15.4161324,-2.86932918
10959,12.3194758,28.7164262,3.89817297
10960,1.50394315,43.3926488,4.99461196
10961,12.4487556,13.178729,-4.39024808
10962,12.2256055,13.2061281,-4.59707584
10963,11.0058184,28.4857964,-10.8260852
10964,11.854284,21.6879085,-17.8697594
10965,21.784549,15.3737738,-8.27577968
10966,12.4210937,14.1360906,-7.1838205
10967,11.2399983,25.9489778,15.0242522
10968,-2.09253377,21.1760931,4.93250425
10969,1.42335662,17.6967742,-3.63825725
10970,-0.492470888,24.7668281,-5.4906937
10971,26.5308324,40.0497742,7.54485521
10972,12.6882154,16.4201724,7.16719077
10973,6.61873845,16.7698114,9.47613808
10974,7.1851673,17.8246561,8.38117183
10975,44.4432637,-19.9839468,-60.6947728
10976,4.28218682,15.4811157,0.90754293
10977,-3.13330053,18.1776561,8.59810677
10978,13.7381504,23.671058,5.64053351
10979,132.001488,50.5999422,-34.9635759
10980,3.62093849,17.039136,2.51476202
10981,4.75758931,16.7463503,6.55359305
10982,9.16967934,22.703637,-4.49394953
10983,2.37602792,18.5880308,5.63989947
10984,10.3803193,18.9201701,-0.335900361
10985,13.6679219,16.1674091,1.54131049
10986,13.4454856,16.491166,1.03628725
10987,13.706272,14.9900892,5.72834594
10988,9.04581928,16.9221862,3.48022758
10989,13.2712734,16.5311468,0.378610712
10990,14.5755763,15.2273551,6.97881502
10991,14.3755636,26.2637637,14.7760478
10992,-1.6069983,26.3303211,3.35085846
10993,3.74198918,21.9483455,1.11787662
10994,17.8513632,-68.9434314,-43.2504878
10995,7.08345369,12.4060975,7.51897094
10996,7.65740495,29.1307544,-9.05462672
10997,12.3760294,21.1224179,4.75227196
10998,13.9149905,16.2317759,1.76326436
10999,13.7033678,16.1426075,1.60036718
11000,13.9955895,15.6652794,3.06512066
11001,12.3826317,27.9863956,3.13963761
11002,127.801333,-48.1967376,33.3114306
11003,-0.657849798,26.5256926,3.53134994
11004,13.0840269,22.4127123,5.02050174
11005,13.2061722,22.7258627,5.17255097
11006,0.57268837,20.7309919,0.581175293
11007,13.5413917,23.8588933,5.43290317
11008,17.0558807,23.7466505,5.85938459
11009,17.1265485,23.8206675,5.79076095
11010,4.30759894,23.5332825,2.09592216
11011,4.12615412,29.8433427,11.3577128
11012,4.02144873,17.011245,0.931727003
11013,9.93644238,25.849215,5.92227057
11014,2.66785551,16.5783227,12.6663343
11015,13.4904226,24.1641241,5.1194321
11016,7.6344556,25.1363914,5.09632404
11017,13.9610042,25.9945233,3.30872209
11018,13.222126,25.7849418,3.45506743
11019,-2.23300621,20.8052123,5.18002035
11020,11.2981261,26.6556795,3.93565985
11021,1.01441224,21.0628601,0.407113078
11022,7.87995279,29.8801396,12.9873025
11023,7.15387248,35.9994492,12.4849413
11024,6.12633305,37.799123,12.1891177
11025,5.25206758,35.5866773,12.6923862
11026,2.29130006,14.5983137,11.0496721
11027,14.0537382,15.5353795,-13.0307891
11028,0.321101933,13.4440928,10.26127
11029,7.74350017,28.8086486,12.2901414
11030,-3.07291215,21.1115381,9.06157981
11031,-0.0586227592,23.8695401,8.59288925
11032,2.127482,22.7218462,5.26204759
11033,6.60094692,31.5961816,13.4090348
11034,5.31854255,32.4518518,13.320228
11035,-2.44844368,21.763884,10.36692
11036,3.78762816,20.0971964,7.08085306
11037,0.251703742,16.3427082,12.5724697
11038,2.27700598,14.1548972,4.66345387
11039,-0.27496469,23.3186844,8.91904215
11040,6.0089571,16.1065289,9.76034749
11041,7.31112755,12.1826872,6.89453279
11042,8.58464451,17.2651515,3.94738081
11043,6.27024084,13.3032465,8.90014523
11044,4.34359136,20.2910866,-2.66966011
11045,4.98381178,44.3467234,-11.4374061
11046,7.43575461,12.2762315,7.01481845
11047,2.44925102,18.5457573,5.75506588
11048,2.94822902,16.8900449,12.5721358
11049,2.92490809,16.6114657,12.4977207
11050,2.86217493,16.6851421,12.6414117
11051,3.51951177,14.4924822,-3.33070419
11052,0.263472067,15.2454619,11.9960067
11053,-3.4939914,20.4411318,8.39083254
11054,-3.3859858,20.3543326,8.03333967
11055,-3.62671701,19.6744494,8.68398185
11056,-3.61454496,19.5232427,8.62002387
11057,-0.542258947,13.9087197,6.08123548
11058,4.69541973,16.7161466,6.35875572
11059,-3.33112653,23.6105264,2.07735462
11060,4.87989157,15.7478026,3.46259125
11061,9.41376662,17.9775051,2.34110388
11062,2.31884614,14.1619195,4.59968932
11063,-0.476840537,14.9718967,3.39088146
11064,-3.23202493,23.7008883,1.68147272
11065,2.10139603,17.2326443,-3.00688716
11066,11.2886572,26.6551404,3.93116226
11067,2.85351062,14.1921349,-1.04551918
11068,3.31710561,20.455808,-3.42047232
11069,3.36223025,14.3871702,-3.15663851
11070,-0.697030491,14.7872906,3.75790678
11071,8.27284477,17.8208433,4.07204565
11072,8.27309514,17.8193943,4.06791215
11073,0.170447134,13.5021613,10.2891631
11074,0.50062877,13.3716424,9.97236555
11075,0.570941338,13.3996857,10.0740404
11076,0.453784215,13.3914421,10.1180773
11077,1.22991933,14.9552431,11.899917
11078,1.61865103,15.4191142,12.0704512
11079,5.61975974,22.388595,3.0588666
11080,52.7687118,22.0228631,-14.5539155
11081,9.0951798,15.8942443,-4.82155824
11082,-0.662264308,13.7696054,6.23791041
11083,-0.472555005,13.6996563,6.45208772
11084,-0.693501952,13.7873224,6.19276647
11085,2.82998197,29.895027,-2.88132071
11086,0.0836031681,18.3477862,-0.178006686
11087,10.5242315,26.4258077,4.32072835
11088,0.0341018715,14.8596422,11.5120748
11089,-0.114362979,15.0516562,11.3366878
11090,0.101178033,14.9313098,11.5878594
11091,0.7596815,15.0497508,11.8870729
11092,0.827015838,15.0162997,11.8830352
11093,1.5716739,15.0866398,2.6209932
11094,2.45269044,18.5824286,5.62318263
11095,-1.59062417,20.8378541,4.67012171
11096,-1.23239261,14.2074165,5.63324297
11097,-1.26331385,16.4297584,3.97113012
11098,-0.893872272,17.9265644,4.82410668
11099,-0.507398341,23.9396267,5.98705856
11100,4.94872782,20.5356772,-1.41580449
11101,14.6656442,29.7885781,-16.4678262
11102,11.7923065,27.0708203,3.40428123
11103,9.11387802,22.2008689,-1.24687861
11104,0.1146404,21.2152755,0.43614363
11105,5.58679613,19.461774,-7.58932618
11106,10.4240767,14.2645014,-6.12356454
11107,4.10864448,17.5602965,3.26199489
11108,4.59205024,22.158026,3.20713408
11109,4.07526493,21.4053626,2.82300132
11110,4.26527056,21.2635448,3.07252575
11111,4.54508553,21.8847368,3.01068548
11112,-2.42645643,15.4679106,-10.7214748
11113,0.748048915,19.9930841,1.84641066
11114,6.88611789,15.831399,-1.8788484
11115,-0.062179245,14.5693911,0.930770389
11116,4.80400237,18.1368381,-0.969157631
11117,9.33720591,17.8856829,2.47136185
11118,-0.375670833,15.0010056,-5.91232257
11119,5.00080679,18.1389294,-1.40888733
11120,5.0130821,18.1447942,-1.3834149
11121,3.59924313,17.2768883,2.66166976
11122,7.39271302,12.3532466,-6.14672778
11123,2.15761527,28.3904822,2.25550352
11124,0.787466353,14.3996583,-5.14194616
11125,14.1722666,12.7178789,-18.7841065
11126,1.52408028,17.3157359,-0.893843905
11127,8.82274021,17.8941219,3.22926536
11128,5.06448204,18.4063535,-1.26685556
11129,2.5795631,14.3562319,-1.32157034
11130,5.55595062,16.2088025,-1.83338843
11131,17.5146703,19.0681586,-8.69562929
11132,21.4209442,13.1144663,-9.2374357
11133,3.00422438,14.5655465,-3.60744731
11134,2.95026121,13.9968979,-10.1020631
11135,7.76816023,19.000068,2.66486618
11136,8.22818848,17.8385998,4.07093012
11137,6.83984588,15.9063505,-2.03038704
11138,8.2828058,20.1928915,-0.0272785659
11139,8.47130513,16.5557739,-1.5084047
11140,10.233103,18.8954245,-0.26441381
11141,7.5348821,18.4619057,3.87713048
11142,7.53169199,16.0977305,-1.84391994
11143,8.20420362,17.8511596,4.07960448
11144,7.78828559,18.1188016,4.14488486
11145,7.80473189,18.0186317,4.20235927
11146,5.2093231,16.5317424,3.65923283
11147,5.36749803,16.9622982,3.86932452
11148,5.34105982,16.9885667,3.84629337
11149,23.9340738,15.1562965,-12.5300337
11150,1.81769995,14.4971595,-4.72530461
11151,4.20108587,15.8611838,2.57519715
11152,18.0092032,14.9529021,-6.71585607
11153,-1.32565739,24.6055657,-5.20668796
11154,-0.759668187,16.9326756,0.415703419
11155,0.612241403,14.4426855,0.69532537
11156,2.87157649,17.7576076,0.0395723415
11157,0.346514523,18.5550573,0.14200804
11158,0.274581893,17.2414145,2.76856508
11159,6.97079644,15.4072812,-4.29617215
11160,3.04004738,17.217994,2.56222515
11161,-0.0914233778,15.2942879,2.74966805
11162,4.07477628,15.8949717,2.45388268
11163,0.0567590837,18.1081347,-0.459559317
11164,4.15400599,15.4915502,1.15661623
11165,-0.152408793,18.1102867,-0.354215207
11166,0.650333044,18.0952432,2.02189853
11167,3.84101664,17.3020891,0.77694577
11168,2.45820311,14.1492775,0.387722212
11169,5.14735401,14.241699,-4.07665777
11170,4.10400244,15.7037899,2.09548621
11171,2.68234634,14.1775956,0.207962639
11172,2.68093483,14.1559477,0.256908895
11173,4.13100157,15.3868533,1.14895127
11174,4.08443675,15.2632046,1.32522182
11175,5.05024307,18.0374135,-1.42225654
11176,1.37768913,14.9087067,-5.66377688
11177,1.948773,14.7050233,-5.00030846
11178,-2.82853243,24.30805,-4.91249943
11179,-2.98961915,24.5024402,-4.45684617
11180,0.974379883,17.5473764,-4.37757572
11181,10.5806614,18.4846103,-12.532764
11182,6.11426299,15.1281328,-3.28010014
11183,6.46910093,15.6511397,-2.75107671
11184,6.8695363,15.439564,-3.95396035
11185,7.54195037,21.7543032,-0.406482638
11186,-3.20275666,24.2163974,-5.41668387
11187,-4.44347069,19.4069104,-7.69105456
11188,23.8890068,38.7593285,12.7450454
11189,-3.86985349,17.9007396,-11.685759
11190,3.93511289,12.5078892,-7.39525179
11191,6.61852648,12.8648248,-5.43974246
11192,7.90165318,15.5295215,-4.47097896
11193,7.67538786,15.4935854,-4.42357472
11194,7.83127441,15.4616334,-4.47641916
11195,7.39105435,11.6756335,-7.50984724
11196,7.09547315,11.6389518,-7.70638992
11197,4.03757569,12.442208,-7.36163879
11198,4.32218925,12.7355634,-6.65357598
11199,2.53697595,14.6612065,-6.23009425
11200,3.22514318,13.6013085,-6.80351073
11201,3.31796488,13.9872514,-6.19758265
11202,2.86084706,14.5574701,-5.98956903
11203,5.76749544,13.229953,-5.05913649
11204,5.28036644,14.2171683,-4.46536805
11205,3.95886883,21.3776973,-0.517875855
11206,2.40432496,29.6112505,0.653625182
11207,2.75686919,27.9884379,2.08757496
11208,-2.64234982,28.9868362,-0.890028815
11209,-2.50027728,26.5501898,2.61202385
11210,-34.9640637,219.355448,-31.9607964
11211,3.57900136,15.1970062,-17.0439281
11212,-2.98174899,24.513148,2.18001034
11213,4.83404346,22.6360829,0.654329237
11214,4.64081019,22.7618534,1.66135035
11215,-3.40072667,22.7414508,-1.13335955
11216,-3.8145115,23.0819708,-0.89132156
11217,12.9077791,14.5099036,-21.7747696
11218,4.0079566,42.7936785,-33.3728145
11219,3.5187527,14.3542908,-10.5111658
11220,10.310888,12.672863,-8.37936426
11221,-3.40603191,16.6010597,-11.958161
11222,12.3840446,14.1343593,-7.19993716
11223,11.5654651,13.8478457,-6.83569725
11224,3.9646707,14.5004179,-9.72904975
11225,14.1083741,15.7199254,-13.0816671
11226,14.5962563,15.893214,-13.5323999
11227,6.91400059,29.9024621,-5.35586158
11228,12.5780454,14.1509427,-7.3598524
11229,12.8679985,20.1611625,-7.80065913
11230,12.8257704,12.4748075,-9.99797783
11231,13.461069,12.0195576,-10.1217012
11232,22.5648874,13.4596114,-9.92730989
11233,22.2833478,13.3501813,-10.1566414
11234,23.5984909,14.2397167,-10.2933971
11235,23.5381897,14.4112316,-10.1528106
11236,23.8182116,14.7338461,-11.4194003
11237,0.172815626,14.4964871,-23.017916
11238,-2.2936963,15.1557482,-22.4390043
11239,14.147484,24.2025662,-17.6094911
11240,13.1483596,28.0485732,-15.723478
11241,11.9208454,27.5545389,-15.922901
11242,8.45606353,12.308166,-7.86049483
11243,9.86203696,12.8128557,-8.5662548
11244,7.68253588,12.4700387,-8.92050938
11245,7.93529734,12.7647006,-9.71935036
11246,7.42955596,14.7310202,-12.6840677
11247,7.31948924,14.8325034,-12.7464654
11248,1.26863563,16.2714249,-25.317844
11249,-0.0719297145,13.1580003,-18.75942
11250,1.21305335,22.0525548,-11.0135252
11251,-3.27188239,18.0410383,-11.9227306
11252,11.2088391,28.2360782,-40.2711508
11253,25.0637114,23.9328709,-26.5407807
11254,-1.39853504,33.3891816,-32.9226629
11255,7.06728903,15.6020603,-12.9731362
11256,6.92124811,15.6185589,-12.9529967
11257,-1.82291192,57.2502794,-5.19425024
11258,82.0708872,86.9187956,8.58302886
11259,7.19558456,15.6393948,-12.9246591
11260,8.3135589,17.5932797,-10.4230493
11261,7.86085111,28.6875233,-9.48954604
11262,8.95347427,24.6132155,-7.61087728
11263,7.34899264,21.9242754,-7.15398746
11264,4.32883246,28.0408831,-12.6998608
11265,6.01693789,28.554634,-10.0610825
11266,3.481006,25.9906285,-9.96412303
11267,2.70863921,23.795906,-10.3420763
11268,3.0268542,24.7600098,-9.66070005
11269,4.01410325,22.3857323,-8.44790026
11270,-1.16163096,32.6181965,-27.110511
11271,28.2163901,28.8322649,-27.7283895
11272,3.32051656,34.2477718,-39.4764732
11273,26.5214867,25.620959,-28.6257218
11274,6.74516289,19.8951627,-7.49415103
11275,5.08764893,20.9500647,-7.5540936
11276,5.2724618,20.9297903,-7.48435234
11277,5.80103845,19.8240654,-7.59089664
11278,5.75283875,19.8043344,-7.61639246
11279,0.293066841,26.6073466,-25.5988455
11280,6.22458668,22.3703469,-20.6600748
11281,4.52077073,21.8572065,-23.9396543
11282,11.4442675,19.4349815,-22.0282597
11283,8.55897017,21.483556,-20.1931299
11284,11.5128282,22.1111848,-18.7455657
11285,3.84440589,25.8754287,-19.8627387
11286,4.15924982,26.818995,-19.2792145
11287,1.71338895,24.710635,-24.6309159
11288,0.590319364,29.1516329,-23.1658215
11289,0.820453935,27.7592163,-23.1752582
11290,2.14528115,26.378608,-21.8402775
11291,-3.6724601,35.6704816,-10.6236068
11292,29.7613866,32.0956951,2.79125845
11293,7.30779904,45.4186224,19.1133195
11294,24.0872235,39.1678785,12.2433225
11295,-4.43789636,39.0043372,-16.6062271
11296,-4.07298964,38.9133197,-17.1006664
11297,1.51900054,43.9287864,5.02476092
11298,40.0076864,34.5104641,-16.6058099
11299,18.1589024,31.8058553,-1.74506662
11300,25.7970517,43.2942955,-31.1802718
11301,39.6654419,59.0182215,27.5789836
11302,45.9747008,-21.9248243,-8.61867172
11303,41.3693685,29.0169786,-10.3613875
11304,75.5460058,30.8768991,-24.04667
11305,62.3296845,27.6935473,-23.9282568
11306,23.6741848,37.7076029,12.8952537
11307,23.6701113,41.7488998,3.91589539
11308,23.989192,38.4436483,13.3984224
11309,47.3167983,46.104896,25.4381511
11310,30.282936,30.9479064,4.10937433
11311,22.1710801,35.3832967,12.2197692
11312,16.6675944,33.5045145,4.97139557
11313,37.1578045,55.8771388,23.9923802
11314,41.2135857,35.1004646,18.3478353
11315,37.51652,35.5945639,20.7311663
11316,43.2786249,34.62423,14.6237301
11317,11.2086677,-2.56820972,-38.0845736
11318,56.5534252,93.6054157,22.8973896
11319,21.1655963,41.6578459,5.94520267
11320,12.8367939,43.5758975,-5.84716497
11321,18.3900181,31.7194251,13.6914956
11322,27.8714149,67.2788969,-64.9936079
11323,16.0553612,30.9798172,12.328702
11324,39.3316752,30.7728453,-13.0439793
11325,38.5535354,30.579194,-12.5295128
11326,6.1667718,41.2267075,8.79884061
11327,29.8753036,35.4112296,-27.2345084
11328,25.7675508,43.2124556,-31.1527994
11329,16.5288677,30.9697376,-17.649091
11330,16.3909042,33.5237213,3.82801925
11331,16.5800993,35.0103084,6.87035624
11332,62.9833035,42.0934227,15.500452
11333,39.7102854,59.0661539,27.631096
11334,78.6825957,35.8372567,-21.4493691
11335,25.6248861,48.6260685,-37.5157943
11336,29.4757517,41.9096263,6.66281347
11337,41.1537563,53.4429101,35.4872101
11338,47.9702809,18.4206174,-56.7010128
11339,-0.744108268,52.8827264,19.6345573
11340,7.24815588,42.201149,14.1107822
11341,0.460236928,46.6498214,11.7298327
11342,4.29529668,41.4716524,8.99872653
11343,15.6014545,44.501556,8.71567204
11344,45.3392538,36.6168957,-16.6759594
11345,37.4783096,58.0808986,24.5118591
11346,63.8125991,57.5090857,16.6612027
11347,-6.31219169,85.4101812,-52.8746035
11348,21.4911807,37.2818563,-2.82291048
11349,14.7404327,29.9402197,-14.544359
11350,13.2097107,34.4033129,-5.04272707
11351,12.6381702,42.5683105,-5.82932677
11352,18.8374294,32.2091992,-3.21993027
11353,12.3473122,32.8401174,-7.79936423
11354,12.22141,34.4331375,-7.99588883
11355,13.7524574,29.4129075,-11.099649
11356,14.0967799,29.271083,-12.1755427
11357,14.8507248,29.0353932,-10.6778332
11358,18.9239104,28.9197843,-7.43813882
11359,20.9988057,30.2866681,-3.92827042
11360,23.0509355,31.713942,-4.04650898
11361,21.3013099,30.3310024,-3.97399914
11362,29.9078872,31.100144,-9.14569291
11363,27.1104035,30.3438885,-7.8686866
11364,146.065405,46.6816187,-16.6188688
11365,51.2119269,68.6924847,31.2552954
11366,41.9895331,59.7152806,33.5565864
11367,39.3886817,32.4762626,-0.416363577
11368,44.5699879,35.5116216,-17.4225311
11369,75.9378285,34.9229457,-19.4978665
11370,72.1257737,28.2345342,-1.06844315
11371,40.2183572,41.9875999,-10.5472071
11372,53.3852333,20.4299572,-3.09111008
11373,43.8184962,26.3666471,-11.1948308
11374,51.5063879,20.8421515,-10.6544497
11375,8.44058895,53.1429348,-36.6562795
11376,72.6269031,29.3064124,0.540262525
11377,-341.035247,1927.91379,-162.636114
11378,75.7572357,107.54839,6.52261011
11379,289.756769,212.542223,32.0446842
11380,74.8321357,32.6530943,-21.0560978
11381,137.389497,43.1163856,-5.74772549
11382,48.5718276,20.7437264,0.564776667
11383,42.1112805,58.7308254,33.6805173
11384,28.8589063,39.3970182,16.8498038
11385,48.4782067,66.2841372,18.4531732
11386,36.7388625,60.5305285,-1.1221859
11387,29.2648044,38.9740104,16.9289231
11388,39.7907169,59.0618454,27.8461766
11389,34.99038,34.4723955,4.91615435
11390,28.7343844,40.5021289,8.08671304
11391,34.5548337,42.109433,28.3477583
11392,45.048616,75.8544798,-18.4031063
11393,39.0839187,61.6661114,10.8880542
11394,45.137242,75.835758,-18.5441384
11395,42.7527212,38.1659484,-8.09132819
11396,41.6599129,39.7203474,-7.15830583
11397,41.9007715,38.2981997,-3.98190869
11398,28.3853644,60.9194906,-0.452868647
11399,26.4081942,62.0728363,-1.41681425
11400,45.6506924,86.0590945,38.5183632
11401,44.2524691,86.1766625,38.9700314
11402,42.1448854,65.1219112,32.7825609
11403,39.1358145,63.1256184,25.2099696
11404,26.3425559,79.2982662,37.9904959
11405,25.6498643,80.4812743,37.3135636
11406,27.26162,61.5482955,1.56908099
11407,28.1105869,61.0646714,0.866464377
11408,28.7609818,79.4164852,41.3660425
11409,29.3332243,80.279764,41.4760163
11410,28.4376192,63.6288383,12.1494159
11411,36.2035871,62.7835431,20.7548083
11412,27.2985333,79.55195,39.7022619
11413,25.7922674,80.4506527,37.5403511
11414,11.4072548,91.3022258,-7.7497578
11415,5.70112362,93.2589769,-9.88877609
11416,22.2752713,47.4772555,-35.1493079
11417,43.9319582,-59.2009992,-28.6363875
11418,74.1276583,27.2168829,-34.450111
11419,-4.52033359,83.3663056,-15.4152053
11420,-4.53212864,83.0270708,-15.4630506
11421,-4.76055046,83.2969324,-17.1205403
11422,6.50673096,60.0908153,-13.7475042
11423,14.696263,49.4937241,-40.058537
11424,14.702411,49.4920478,-40.0590854
11425,14.7149833,49.487972,-40.0493082
11426,10.7407215,58.6573087,-12.1580075
11427,18.1915563,60.7912467,-8.77182267
11428,15.8322949,56.1341723,-13.2483637
11429,-6.18306753,85.5755784,-53.1952478
11430,11.239645,105.498382,-16.3466919
11431,9.72347638,97.9132926,-15.0674529
11432,19.210233,95.595167,-12.547474
11433,54.9371166,105.728879,-7.04549737
11434,34.9492039,21.8837499,-70.2189108
11435,69.9721773,85.29173,-33.2104857
11436,20.4725116,-31.2050754,-89.6308458
11437,58.1509441,-9.46951485,-0.269877801
11438,41.0061392,-10.4344602,-3.00836878
11439,32.6500461,-18.6418759,-54.5719175
11440,441.454668,240.568641,-49.4590287
11441,-11.0782457,40.9338765,-112.877855
11442,636.678113,339.603342,-27.0975505
11443,529.804775,315.89025,22.3038435
11444,14.2882092,-44.4395647,-36.2677843
11445,58.6166958,-14.4360854,-97.2015765
11446,51.2942862,-9.61718891,13.8205926
11447,71.2000185,-91.1173395,-35.810964
11448,48.5827528,-23.0533107,-8.43419051
11449,65.8480116,78.9362722,-88.9450699
11450,75.3812332,80.4102128,-101.419256
11451,80.247005,104.52898,4.54810614
11452,56.7748299,124.438558,-2.26079746
11453,63.087059,109.788471,0.723803476
11454,71.3293955,88.3843878,-31.6164611
11455,78.2566672,88.5624383,-25.906365
11456,169.967769,167.556373,39.5858308
11457,160.046459,175.167991,44.5163015
11458,119.710452,128.951461,17.9666599
11459,54.893694,112.93204,-8.57769326
11460,57.5204639,107.93604,-6.9593815
11461,7.51726869,-21.9746065,2.87610341
11462,39.4402328,-3.13232988,6.71210075
11463,67.1471677,-4.06035808,4.09596596
11464,59.0685016,75.8521472,-66.6292095
11465,28.1826492,4.97100467,-69.0541379
11466,25.9700086,2.38099803,-67.4314392
11467,78.7006037,-19.9550597,5.99326231
11468,59.2526007,74.9444899,-88.6694429
11469,32.8837881,11.1210886,-74.298013
11470,33.6280093,13.1260609,-72.2954715
11471,-13.2210367,38.7604597,-91.7808376
11472,81.3047238,12.7689127,-47.4598423
11473,32.135422,11.4039707,-76.9655896
11474,1.71954558,60.9793464,-71.9328929
11475,10.7077199,70.2895493,-64.8449099
11476,8.05604666,74.4228235,-65.447042
11477,3.33995228,78.6492118,-67.1942173
11478,2.42233803,80.0928294,-67.9373332
11479,88.8767965,-15.4436312,-39.1753671
11480,79.2552763,-41.8331208,-27.7162784
11481,32.1166004,25.0838361,-80.9214505
11482,74.5442633,-45.7430385,33.2139057
11483,29.4403018,32.0344368,-82.5048629
11484,15.4279124,-19.1143687,-23.2136344
11485,22.1042859,-4.9127715,-34.5730222
11486,-27.0744958,60.6812921,-194.843264
11487,-0.28769234,70.0538131,-129.475136
11488,-7.0970067,47.8572806,-137.84501
11489,200.614337,228.249001,-234.108105
11490,19.2247002,4.12945872,-58.4115576
11491,18.9262731,16.5499318,-52.7996253
11492,33.906436,25.7952418,-68.222572
11493,34.2364981,24.9227859,-68.0604196
11494,26.0637352,20.7280637,-59.797988
11495,-12.7164172,18.0376089,-69.0662634
11496,-9.7505455,10.7087372,-53.9987671
11497,-9.50999697,22.9230305,-93.3032071
11498,-9.49825681,20.5477842,-91.4807193
11499,10.4910217,14.4737764,-48.9439123
11500,10.5142146,6.22979872,-52.5699784
11501,-11.5862572,15.7764179,-55.8705527
11502,-9.27185806,10.6201545,-53.3303804
11503,-13.1237602,30.4624282,-92.0716866
11504,-11.2736261,32.6198656,-93.2836113
11505,-7.85593767,39.350404,-85.9056545
11506,6.14847531,13.9851296,-47.8540834
11507,-15.9075028,26.7148482,-83.6987413
11508,-16.3576513,27.996266,-83.811276
11509,-14.0408922,27.3617227,-66.9304449
11510,-15.4131276,25.7731712,-67.7348269
11511,-15.4122896,25.77166,-67.7227218
11512,-7.15430594,16.1059061,-50.0970898
11513,-7.49579115,15.4198349,-50.1005254
11514,-7.29476574,14.2592423,-49.9841161
11515,-14.6247879,31.5327129,-89.9585588
11516,-12.1930369,34.9434667,-91.3210998
11517,0.267431497,8.73334535,-48.3931591
11518,0.283794308,8.62236468,-48.4467943
11519,53.0586438,1.0877382,-19.6146982
11520,77.9251381,11.3051538,-23.4243985
11521,86.1567276,-31.511678,-7.50212001
11522,27.3566547,-93.6070673,-47.8987828
11523,3.80271087,-6.34572038,-19.2370357
11524,14.2787865,-5.57627457,-25.21083
11525,0.0411255631,-11.7832853,-15.6119267
11526,72.3538739,-46.7970123,30.2793574
11527,62.7788557,-47.2760756,30.7466465
11528,54.3559826,-20.5482177,13.0380814
11529,15.2155634,-10.0003167,10.2331268
11530,22.0956591,-15.7414876,3.92830646
11531,1.66599236,-41.1695927,1.81282439
11532,21.5382879,-6.37675657,10.2454288
11533,49.0942607,-7.07003222,-16.5194707
11534,65.6171829,-55.6848706,16.3735496
11535,57.557353,-53.5927119,20.9210232
11536,68.7566151,-18.114536,4.36511393
11537,77.2452227,-5.87658923,8.72772402
11538,80.0667804,-8.30948868,8.77838561
11539,-5.03126747,-34.6325897,0.616297428
11540,6.71472351,-5.33632029,-14.2981089
11541,44.0505542,-14.9710081,-16.1493098
11542,12.892232,-4.9258037,-1.09534664
11543,43.3943531,-13.6433268,-14.6726315
11544,34.9931909,1.74696493,7.44737237
11545,-1.05121937,-9.45992778,-4.90469905
11546,36.7756284,-9.97354442,-1.71930191
11547,45.9972698,-19.7295304,12.5673635
11548,50.2557977,-26.9633362,4.56011261
11549,19.9958343,-5.53335298,9.43325423
11550,18.2191432,-13.7272476,-1.23249449
11551,41.3986371,-10.4207304,19.8780786
11552,39.593797,-13.9289525,16.78715
11553,48.339643,-7.50470554,14.6996662
11554,50.5272421,-8.52077259,14.9056356
11555,49.2200199,-8.26162952,15.8998783
11556,36.7897043,17.2895164,-123.893794
11557,47.516432,-7.40986046,6.26673173
11558,47.429695,-4.90200083,0.838641045
11559,39.4402556,-3.13783443,6.71294688
11560,21.915678,-15.5664152,3.97642669
11561,19.9147625,-1.09226332,-7.90967422
11562,20.989593,-4.46280277,7.54962056
11563,15.7229312,-16.6715504,5.03557686
11564,37.5044913,-2.17159517,6.53705001
11565,11.4662937,-12.4808693,8.94358261
11566,20.7866265,-1.4887761,2.44288133
11567,19.6640357,-14.4122982,1.63134356
11568,5.88366776,-6.16755534,-14.7072083
11569,40.8000236,-12.2739976,6.19991338
11570,12.2625512,-51.8281066,-38.2767965
11571,20.9268167,-15.7363886,1.17379255
11572,32.0709203,-7.96195978,10.3568321
11573,15.2973702,-10.7499356,-4.58161997
11574,36.7020287,-5.80309793,10.9149157
11575,32.4044204,-7.60993026,11.724988
11576,1.70622024,-19.5420525,0.358760507
11577,39.855659,-18.4458257,16.212674
11578,36.1224156,-18.0752328,12.5145135
11579,38.4745105,-17.5397505,15.0870369
11580,39.3467597,-17.0335374,15.3506041
11581,9.07728242,-45.3636143,-15.4144156
11582,23.5380983,-25.5195577,10.1008226
11583,22.3648181,-1.54095016,6.02768716
11584,26.7474681,-15.9058889,10.0678576
11585,26.3024751,-18.021964,10.6669085
11586,20.181468,-20.6817975,6.58832131
11587,22.0501612,-12.5319916,4.01808748
11588,22.4534859,-21.7483621,8.64485768
11589,14.634306,-45.1359793,-9.36431422
11590,7.35018962,-25.9875403,-24.1737073
11591,13.1185468,-27.337315,2.28730464
11592,11.9246634,-28.4493491,7.10249017
11593,7.14086522,-48.7575131,-4.2680958
11594,11.8773783,-15.6933857,-2.54260851
11595,13.2162769,-19.3921219,-0.777181201
11596,17.6307516,-11.5247252,-8.09634021
11597,20.9605297,-9.85568202,0.114509537
11598,21.19606,-7.74616612,-3.94103882
11599,26.4560651,-16.890128,10.9848466
11600,9.42811537,-8.77589844,0.564406223
11601,30.5639069,-28.4592235,3.42846584
11602,26.3525699,-20.2977642,10.4145928
11603,24.621911,-23.2684364,9.09766859
11604,23.9239478,-22.4444022,8.81522264
11605,-2.04919833,-10.9392078,-18.3551584
11606,13.3343267,-10.6943334,0.465985465
11607,18.4159488,-13.0399355,4.73841336
11608,30.5880835,-28.3682085,3.61252763
11609,29.6730661,-1.6781461,-4.08622564
11610,29.4171614,-7.22758661,-10.9294389
11611,22.8760912,-1.55170296,-5.01378637
11612,12.954869,-46.8499614,-13.3270488
11613,27.6744107,-18.1794182,12.1248564
11614,38.5615613,-9.3907149,14.4235697
11615,-2.10284951,-18.6946636,-18.4503387
11616,22.0786272,-15.7434954,3.90109428
11617,22.2177094,-9.61463204,7.72903847
11618,25.2010772,-7.32859571,8.60910516
11619,23.1837113,-9.51043986,8.93833917
11620,19.5365371,-11.1394173,5.00857893
11621,22.083777,-7.4978458,-6.3649902
11622,18.6388272,-12.7790893,5.20846504
11623,18.1732094,-1.89272448,-12.8600856
11624,19.814115,-13.4382376,4.5403645
11625,27.6542422,0.533128064,-17.3374893
11626,22.9849702,-1.48850722,-5.19672098
11627,24.0136305,-2.77787825,-4.97396965
11628,26.9794495,-11.347061,-10.6951137
11629,21.6388178,-7.71640199,-3.77171421
11630,20.2179915,-6.30644521,-10.0595773
11631,9.66154147,-3.03957343,5.33076938
11632,22.3973794,-11.9212845,0.0256492491
11633,34.8010031,-6.2170851,3.47633588
11634,28.7697991,-10.3999696,5.54519697
11635,15.1735764,-11.2694296,5.42204426
11636,24.9737831,-14.4991132,-0.760934927
11637,19.1112658,-10.1673174,9.68909423
11638,13.4815526,-7.03478587,6.99924811
11639,-5.65184377,-32.3075716,-1.63197355
11640,14.5542805,-11.9504614,-2.10483765
11641,37.4537618,-4.61846886,-7.14957669
11642,19.0044717,-2.14606469,-7.64510469
11643,9.70926835,-7.29982298,2.46648551
11644,10.7710162,-2.40390032,0.0244037135
11645,28.9391127,-10.6551179,5.32915565
11646,13.8181826,-10.8630647,2.28152792
11647,16.0325765,-2.46087871,9.53249145
11648,28.7356746,-10.3251806,5.58213575
11649,23.1440661,-9.55983194,8.99627706
11650,30.327417,-10.5747867,2.94372274
11651,22.998125,-8.53472211,8.95400936
11652,27.368345,-10.8457773,6.92459952
11653,10.543087,-12.9582749,9.83409725
11654,10.714343,-1.83261609,-4.44945674
11655,32.0021249,-12.2954807,6.54407509
11656,21.75305,-9.73561754,2.33835444
11657,21.5341968,-3.672423,-2.89596532
11658,40.0653662,-6.92277323,9.97482017
11659,21.8060584,-8.70559895,10.4178348
11660,28.7202379,-10.3374847,5.59346358
11661,20.5270985,-0.723439915,3.51189823
11662,20.7784779,-0.534277875,4.42826454
11663,20.2488079,-0.354207247,4.17915428
11664,19.4288464,-1.21648665,5.87689243
11665,19.3969643,-0.601860805,4.75946889
11666,13.7135217,-5.87707981,4.41061729
11667,23.6280442,-9.61562297,8.87310206
11668,2.93069962,-13.119729,8.2074057
11669,24.7362815,-10.4833996,6.25288534
11670,21.8450417,-9.6973857,7.0897635
11671,11.8197714,-4.56350963,4.4204752
11672,28.9012996,-10.6709023,5.41782278
11673,21.0544645,-4.45901461,1.6482147
11674,10.5669119,-7.5628848,1.93468902
11675,39.2043049,-13.2659608,-11.9547516
11676,7.3098437,-6.5583139,-11.9503849
11677,10.0660101,-5.83810155,1.81163864
11678,18.0832912,-3.41119452,6.83877927
11679,23.7884599,-3.88776664,5.84417269
11680,23.1018184,-6.7983458,8.91690516
11681,10.8168113,-6.51294484,-8.22036455
11682,20.0346646,-6.0101345,3.47114402
11683,21.6328658,-1.99265426,-3.97644795
11684,16.2679794,-3.31794404,10.9789477
11685,32.1522632,2.63632469,9.1050391
11686,19.724985,-8.94731654,1.8728598
11687,31.9724321,2.42570245,9.61565686
11688,13.1778977,-4.74526003,-4.30775428
11689,22.0315927,-6.3727741,9.73468318
11690,13.8074796,-10.3640873,2.1326594
11691,3.39051825,-21.36458,5.04350246
11692,9.97670982,-12.6186669,7.85804994
11693,22.0872412,-5.0058486,6.92331726
11694,23.9689284,-3.89699177,5.86677392
11695,24.9836759,-6.40740913,8.63021758
11696,26.3591132,-4.76325261,4.13564924
11697,25.9896019,-9.84974028,4.62674854
11698,22.4025389,-4.57274876,3.60808627
11699,29.1013437,-5.54323145,4.38792945
11700,22.0015189,-1.72879678,-4.36482459
11701,17.4360849,-14.4316299,-9.19169693
11702,12.936356,-4.5136348,-1.38476202
11703,15.1277809,-6.25068379,10.7548227
11704,22.2662856,-15.2433038,-3.97387231
11705,19.6465457,-1.70098891,-12.4070754
11706,21.227101,-9.36123528,1.68198187
11707,17.8875249,-2.73161877,-2.23573763
11708,33.4698847,-7.78126489,11.6569402
11709,11.3197992,-10.8842584,-0.249518019
11710,18.9067026,-5.79179731,2.0949002
11711,29.4674877,0.371693782,10.3024254
11712,34.3139029,0.702154077,9.75493989
11713,36.4499168,-8.48586067,13.4819495
11714,35.5911006,-0.765456347,5.45634197
11715,29.537558,-8.65476576,3.74533032
11716,27.961068,-3.67323272,0.724742304
11717,27.7564274,-4.11261259,0.448296582
11718,27.5710377,-4.71291637,0.334627835
11719,30.5127216,-0.515236769,-3.65390495
11720,30.6561799,-0.125040473,-2.95752744
11721,31.8533214,-12.2562418,-0.563653657
11722,31.8586869,-12.2633647,-0.578891339
11723,-5.44613392,-29.6088123,7.7462037
11724,30.9471132,-11.2456287,1.39638492
11725,30.4373322,-10.5857469,2.69056601
11726,30.4334547,-10.5536075,2.75727359
11727,34.2757315,-4.32942439,4.37099452
11728,34.0963072,-3.09483537,4.35299415
11729,28.0081675,-3.77809464,0.927662803
11730,28.1587214,-4.78559029,2.03092817
11731,31.8111388,-10.8921086,2.2891677
11732,31.9700553,-10.908485,2.2444037
11733,29.7785824,-6.69877615,4.4841224
11734,29.3588725,-5.36262602,4.46830178
11735,29.1093002,-5.54408145,4.38210791
11736,29.1894013,-5.40843548,4.4158623
11737,29.1201177,-5.59826625,4.38096202
11738,29.4784322,-7.18099692,4.35969053
11739,29.4975945,-8.03140125,4.00877307
11740,27.3701874,-2.18790385,-5.96404793
11741,21.4186098,-3.45076467,-11.7056556
11742,18.6907687,-12.6630648,-3.67035916
11743,9.4624747,-3.46606717,-5.51209325
11744,18.2216072,-7.06146983,-5.89695158
11745,22.1076955,-14.6468217,-4.78335115
11746,25.9444786,-10.3634275,-10.4371719
11747,16.4352743,-8.02586377,-6.99212807
11748,7.91131089,-29.9843261,-17.6555644
11749,31.0671641,-22.0727147,-38.9181005
11750,20.1706933,-2.16247085,-6.28369105
11751,19.0040098,-2.83090632,-7.06885146
11752,16.5610138,-2.57071016,-5.3842961
11753,18.803601,-2.31121096,-2.41859055
11754,17.889546,-2.73085414,-2.23541875
11755,20.6012777,-2.71315931,-2.34443083
11756,20.4872646,-2.12031573,-2.54995505
11757,23.4275721,-8.37947466,1.79467476
11758,16.5119847,-2.72858064,-6.28736723
11759,16.7415817,-3.02551932,-3.0358642
11760,16.5789501,-3.11732861,-3.18308267
11761,16.6197466,-3.03025893,-3.23848742
11762,9.49537438,-5.99058433,-15.4489643
11763,96322.8373,-21705.9658,-136981.584
11764,20.6094648,-4.82450324,1.71971402
11765,17.2638829,-17.2968311,-9.78494183
11766,17.3246626,-8.01083589,-7.09104014
11767,10.8842063,-12.8601583,-20.9930816
11768,47.1049974,-19.0727421,-16.5297451
11769,-0.790856202,-8.67014405,-9.73170925
11770,20.9282517,-9.33460786,-14.1313872
11771,10.2992672,-3.04365245,-9.63491171
11772,25.3447873,-14.3774075,-1.54083642
11773,21.6964703,-4.23938633,0.336627231
11774,14.5146934,-19.0956578,-30.5099643
11775,5.73760048,-10.6121538,-23.4085135
11776,19.8613786,-5.87820177,2.62297648
11777,18.4777309,-19.525174,-10.6548526
11778,21.2777686,-4.45604008,1.17754977
11779,30.2109209,-12.3241722,-2.71242891
11780,19.1756843,-6.12220985,2.60315628
11781,19.7430101,-2.3879145,-11.4553392
11782,15.3233687,-8.74839154,3.62476279
11783,14.8299052,-9.7777536,11.1085438
11784,21.6685378,-8.45976654,-3.00873241
11785,22.5172785,-8.80768342,-2.99840522
11786,23.5072254,-9.41148228,-2.61859562
11787,17.4234322,-0.490315528,-24.3169119
11788,22.8665123,-5.33518817,-2.38712723
11789,22.7000764,-5.05311053,-2.77992742
11790,27.0905903,-7.39325833,-0.699364158
11791,27.8368912,-7.40603352,-0.5274507
11792,26.0305128,-5.56744317,-0.95336365
11793,27.3852661,-5.40941319,-0.642273806
11794,4.23805336,-1.34271132,-12.6076205
11795,19.6791289,-15.833264,-10.115141
11796,30.174136,-12.1047069,-2.43937554
11797,30.2897851,-12.2088893,-2.59105397
11798,26.3513643,-2.12860202,-6.08975695
11799,27.1073568,-2.0874425,-6.14875253
11800,26.9737707,-2.22709144,-6.56466787
11801,17.1251024,-19.7608147,2.01104899
11802,11.5101313,-9.08118929,-19.7601641
11803,25.2644592,-14.6326693,-1.69166906
11804,14.4147889,-12.9120948,1.32856427
11805,18.7276103,-8.71737459,-1.54445538
11806,16.0923336,-15.5807545,-23.310189
11807,16.5759918,-6.259048,6.97220645
11808,13.5846693,-3.9440979,-17.7320082
11809,7.06426599,-3.19309855,-12.1445105
11810,19.1302934,-8.8803461,-1.37011123
11811,21.2627583,-8.46163493,-2.70124247
11812,19.2286534,-10.7396334,0.533586241
11813,18.4689304,-11.6168808,0.0102223469
11814,15.0819082,-6.89116152,6.44385605
11815,15.5486046,-7.45296413,2.93032553
11816,7.29765312,-13.1515951,12.0702438
11817,16.69774,-5.27289262,5.76095063
11818,34.3752673,-11.3103115,-9.98611058
11819,36.2606396,-22.0732734,-5.39497793
11820,32.7695424,-15.1717909,-3.18950705
11821,22.4031092,15.9148464,-131.09195
11822,36.7759851,4.0516996,-100.961446
11823,29.0827145,-26.1540734,-2.11083686
11824,2.93789871,-20.443275,-16.5801963
11825,24.0407042,-21.5906908,-2.48639158
11826,29.829785,-12.3394864,-2.64528562
11827,32.6405961,-23.5779079,-2.94373814
11828,32.6161,-24.0838966,-2.92534131
11829,32.675222,-24.0507092,-2.95794187
11830,49.6664062,-14.6683611,-38.8033794
11831,7.29622429,-0.563900383,-25.392914
11832,10.8433847,0.682581998,-27.878003
11833,26.0609095,-18.3846624,-1.66166658
11834,20.3476368,0.540236684,-26.7126797
11835,26.8159538,-23.7234624,-1.6857882
11836,24.7589772,-22.7465973,-2.30988894
11837,26.1288862,-12.292347,-3.5063301
11838,26.0870321,-12.2871149,-3.55237026
11839,25.5780525,-14.3251725,-1.79783829
11840,23.5626791,-15.5957386,-2.33817135
11841,25.2784932,-14.6502995,-1.72808435
11842,10.8966733,-12.9119064,-21.4612196
11843,9.27819659,-13.1370121,-22.1547131
11844,0.768356746,-5.74813161,-17.0349779
11845,9.72115668,-6.22922379,-2.09731835
11846,27.2288533,0.0873464111,-17.664771
11847,8.34077086,-18.8492176,-14.5404664
11848,11.8590287,-3.95817417,-12.8138702
11849,16.5998431,-4.22611404,-14.4782559
11850,9.14878012,-5.20467238,-6.4221859
11851,11.6234913,-3.30423021,-4.3550211
11852,25.053397,3.56679681,-20.486636
11853,19.1178284,-3.67460151,-6.91521792
11854,19.956807,-7.60516546,-7.7008606
11855,20.6628549,-6.61678038,-10.1279253
11856,20.6719503,-7.77932988,-8.52248337
11857,21.992815,-8.24158035,-10.9065691
11858,22.5171221,-9.2386137,-10.7148287
11859,17.1415815,-18.3220548,-15.1479802
11860,10.8404847,-6.46955399,-8.28108438
11861,11.3399237,-6.62424365,-12.835832
11862,17.0025544,-2.50771635,-13.7214477
11863,9.68832467,-9.86378566,-5.23806818
11864,8.35948544,-12.9910955,-20.1253257
11865,4.12891329,-18.8940976,-16.2411009
11866,9.76343464,-2.0556009,-17.3068593
11867,4.87427676,-9.64052356,-19.5822681
11868,19.0728551,0.695638555,-21.2127196
11869,18.0820736,-0.87864962,-20.7118515
11870,4.2180142,-1.34632262,-12.6521223
11871,-0.813993281,-7.40577906,-17.618477
11872,3.89105072,-3.65748831,-40.0223162
11873,-1.96586915,-14.61329,-21.1158596
11874,-1.25274166,-18.0847918,-18.4414197
11875,-2.19647548,-30.7332655,-41.508832
11876,9.37963081,4.13500343,-31.1528881
11877,11.3802116,-5.89707401,6.1162455
11878,14.1435947,-11.653542,-12.3469869
11879,3.57535671,-19.5317083,-21.5708377
11880,17.994735,-30.6266808,9.01908885
11881,23.6878627,-28.6009972,9.83057883
11882,34.3930745,-2.98352354,-47.02278
11883,1.06535619,-39.2056344,4.85651176
11884,44.7674255,-3.2389848,-20.4873529
11885,20.7261504,-20.0937304,-16.3647813
11886,14.8030343,-10.2191708,-10.4275388
11887,13.9139947,-17.2816127,-15.7300851
11888,25.4246408,-27.3289054,-5.61382159
11889,26.5041715,-27.9607504,-5.38421897
11890,-6.17334566,-19.3684027,-26.8966605
11891,26.6869969,-7.54468664,-20.6626959
11892,-2.99069643,-52.290673,-38.5433637
11893,0.742222838,-29.5658156,-15.2561531
11894,0.70993074,-29.867344,-15.5447875
11895,5.3376431,-12.5032524,-28.1601498
11896,0.800266096,-4.00946846,-10.9907934
11897,8.60265133,1.08615972,-28.2241119
11898,11.8204027,-5.54818643,-11.9100615
11899,-3.72911739,-11.2116245,-26.8276441
11900,12.7595059,-16.3198376,-33.3406712
11901,5.86909089,-12.1111971,-29.2458479
11902,4.90984625,-8.68061102,-20.2261921
11903,3.50513753,-6.19213244,-18.4702145
11904,0.934904285,-4.20649167,-2.26017984
11905,11.0776601,-19.2502031,-43.3568081
11906,15.7159657,-0.675642347,-48.7366739
11907,20.7649881,-0.464272001,-57.6486825
11908,11.7256443,3.3033741,-52.2619748
11909,7.77853233,-9.42880347,-17.9338842
11910,3.49029152,0.433241707,-17.9962825
11911,17.6101513,-2.62534741,-20.6731816
11912,15.7418201,-18.0661688,-22.312601
11913,82.8030887,-6.83420422,-41.1601235
11914,-1.96889019,-11.9866139,-18.8853294
11915,15.9705908,-5.89326017,-14.3595137
11916,12.6915115,-7.27108837,-14.5814436
11917,13.7311881,-6.95494506,-19.2102799
11918,29.7142796,-4.98301394,-31.645239
11919,45.7330594,-0.707203041,-20.861499
11920,14.2431213,-5.8082564,-25.5887391
11921,10.2648102,-10.4998697,-33.258834
11922,9.92750221,-0.866874986,-20.853294
11923,10.1112213,-1.07152067,-20.5174705
11924,12.0849852,-1.69220717,-18.668427
11925,12.6059699,-15.6071058,-21.422725
11926,19.9164045,-44.7243122,-25.1417696
11927,9.25076037,-26.3245727,-13.706384
11928,10.830654,-3.40174541,-18.9818137
11929,4.34338507,-5.22961608,-16.7435515
11930,0.80415922,-0.673628818,6.83026878
11931,16.8632601,-11.6618383,-16.4359825
11932,-0.8081586,-8.6505183,-9.7352743
11933,7.65711559,-16.2169772,-21.9212947
11934,-5.23463107,-18.4468001,-25.7751941
11935,34.6106559,-19.5538431,-54.3003777
11936,-3.98552005,-32.0991005,-42.5069122
11937,6.46782295,-4.7640831,-3.70342231
11938,9.07061211,-8.82349572,-35.5433998
11939,14.2014511,-7.10539048,-23.3203516
11940,1.93077798,-18.7000167,-10.7562024
11941,16.3738318,-6.77986866,-12.0685972
11942,6.71044229,-11.5102018,-14.3071284
11943,-2.05317121,-12.1608185,-13.8252661
11944,4.57706651,-18.2861565,-17.6836847
11945,18.7202792,-18.1843384,-11.6193641
11946,4.5729425,-18.2296498,-21.5678461
11947,7.50173335,-2.6008694,-12.0244781
11948,9.21681615,-15.1457479,-7.27726798
11949,9.6925477,-8.70501184,-16.0763967
11950,-1.78998874,-4.486942,-5.34715326
11951,-2.0943591,-8.14238725,-18.2994814
11952,4.40405469,-1.09926134,-18.4318099
11953,22.8194514,-19.7976431,-30.7056766
11954,-6.06478629,-16.8024007,-26.9945468
11955,11.4267453,-13.4508786,-22.1280279
11956,16.63533,-0.130482714,-15.2839667
11957,17.0997555,-7.12533241,-8.42562114
11958,6.76083281,-12.775616,-23.9995236
11959,20.9965913,-1.03537934,-28.9981516
11960,14.1896527,-10.9396906,-12.053622
11961,9.27846719,-13.1550729,-22.1733828
11962,5.6018231,-10.7491974,-23.7419357
11963,19.9119444,-5.07023983,-17.6231092
11964,2.63981365,-4.17124963,-14.4437973
11965,3.84011025,-1.28316628,-11.8718399
11966,4.48332444,-4.92281291,-14.1663153
11967,-0.807398993,-11.7244519,-16.1917532
11968,6.33080727,-11.7034151,-23.2567574
11969,5.57450764,-11.5105747,-22.1595151
11970,5.76329456,-10.8538626,-23.4189076
11971,-1.30747325,-7.34758558,-14.2939406
11972,2.4513288,-2.99233688,-8.63832309
11973,9.50196013,-1.68466081,-13.6831874
11974,-0.00209283327,-0.554231998,-19.474482
11975,5.57144564,-10.7727804,-18.365845
11976,7.54274618,-7.38894376,-22.3756825
11977,1.19000518,-4.98480093,-14.9187111
11978,16.2340505,-15.76941,2.32756766
11979,5.89901946,-6.36226648,-14.8990027
11980,1.64444304,-6.02481763,-17.4242494
11981,10.4327264,-1.72095262,-19.6576674
11982,15.8793996,0.616635578,-22.5637696
11983,16.3610046,0.4284862,-22.2233208
11984,13.7484073,0.559525745,-20.5398454
11985,12.2225838,-0.0931396116,-20.2484683
11986,12.775858,0.223954395,-20.1232648
11987,10.786726,-1.7178192,-18.8937365
11988,10.5391202,-1.52509948,-19.6508063
11989,14.0345433,0.610354708,-20.7998918
11990,14.8638496,0.666140196,-21.8162977
11991,12.3291919,-2.159783,-18.680902
11992,18.3970329,-5.93020739,-19.8777779
11993,18.3988744,-4.86424662,-19.3677446
11994,19.8617027,-6.5723684,-18.2299364
11995,19.6253474,-6.90881964,-17.6477941
11996,19.6824026,-5.24685862,-17.2915949
11997,19.8133314,-5.30459338,-17.6907806
11998,-1.84339846,-8.83509237,-20.2396294
11999,9.50136966,-2.39283233,-15.2845796
12000,11.466428,-9.01613224,-19.9138725
12001,5.28049849,-2.45545251,-19.2696259
12002,1.93799213,-10.6156363,-13.225059
12003,8.32024254,-1.16026477,-13.6996
12004,11.6694356,-8.40918451,-20.8353822
12005,11.5944247,-8.47308503,-20.7833751
12006,12.0806536,-7.45523021,-21.1695858
12007,-0.00911999957,-3.85464342,-17.3871439
12008,6.47617131,-7.4768318,1.85021254
12009,3.75683221,-6.40928134,-19.2329695
12010,-2.47199186,-8.56809839,-23.070057
12011,-1.41480066,-0.827408683,-19.1942933
12012,4.08657949,-5.80192024,-17.9168152
12013,11.8923476,-7.66489817,-21.2418085
12014,10.8903719,-7.5336688,-20.994532
12015,1.17247381,-4.9196481,-14.4159954
12016,5.44652435,-8.71278101,-11.5974066
12017,1.7504379,-5.98712858,-13.4621112
12018,-3.84241686,-6.00157274,-18.8458699
12019,-2.28803464,-7.87237417,-18.1880886
12020,-2.30313242,-8.4118365,-23.7111234
12021,-2.79083345,-1.30887217,-19.5932502
12022,2.68327364,-12.2616979,-18.5520923
12023,4.18118644,-2.4744248,-12.6812604
12024,10.521156,-7.43578669,-21.1397133
12025,10.7804179,-7.45844451,-20.9365878
12026,5.60157285,-7.91266023,-20.3313463
12027,-1.78259893,-13.7223794,3.24126901
12028,2.8353031,-4.54743027,-14.6095278
12029,7.26159486,-2.07084404,-10.9147066
12030,10.7394693,-11.3579198,0.539079263
12031,3.5323082,-6.14754235,-18.4635315
12032,4.28993471,-0.263312179,-17.7132941
12033,1.87484362,-6.49471046,-17.7634554
12034,19.145083,-7.48661634,2.78909382
12035,7.20041627,-3.52929901,-11.6227387
12036,4.52503567,-11.9200985,-1.19132996
12037,7.30657477,-6.57063833,-11.9370855
12038,10.1471256,-1.80261067,-12.4339286
12039,-0.694337928,-11.9904136,-16.1255342
12040,9.9938192,-1.70101765,-13.0482427
12041,-0.591700596,-8.59696529,-8.6930635
12042,1.25362229,-4.79351624,-14.5175572
12043,5.20987326,-11.7650251,-18.8910806
12044,0.723596529,-9.29019319,7.77683813
12045,0.541953342,-10.6018482,-15.2176798
12046,5.30519883,-1.26762713,-12.3901786
12047,0.110156195,-3.75876889,-10.2692984
12048,4.37628957,-1.14100707,-18.5752586
12049,3.77160251,0.0980336273,-17.8880292
12050,3.53399795,0.396661159,-17.9519639
12051,3.64415074,0.135380273,-17.6998514
12052,5.0652974,-2.35264322,-18.9997343
12053,5.06118634,-2.36054669,-19.0240274
12054,10.6356855,-6.72453428,-14.3008195
12055,4.57784176,-7.05959638,-8.65299852
12056,-0.919134242,-8.32853976,-9.11479987
12057,-0.833128599,-9.59583855,-16.0870079
12058,-1.53295049,-7.68424946,-14.9895356
12059,-1.53265452,-8.06290052,-17.2998092
12060,-0.692667903,-8.58211709,-9.99410456
12061,3.73379731,-8.29440714,-16.6112338
12062,3.00947625,-8.60545122,-16.1359831
12063,5.95167608,-5.22862884,-9.42572388
12064,9.09923553,-22.1493584,8.01285469
12065,5.40354499,-1.67710813,-4.7650256
12066,4.98433945,-11.6353568,-19.1813708
12067,4.98843606,-11.6308218,-19.1828062
12068,7.81791625,-11.2898153,11.3427297
12069,-3.2296626,-16.1522,-15.5636284
12070,-3.95708628,-15.6555191,-12.0224744
12071,17.0147249,-14.5448603,-8.8452538
12072,16.8523038,-3.75249634,-14.2894883
12073,4.29120039,-3.02803269,-2.54978532
12074,16.4196341,-16.882548,-9.22417745
12075,3.21151843,-20.0937405,-16.1026147
12076,2.53788755,-2.64169555,-10.582652
12077,6.19525582,-19.8196261,-1.80631306
12078,2.60938945,-15.0127431,-15.9953911
12079,9.53628559,-11.037549,-11.3323764
12080,14.2781793,-8.09878096,-17.2623241
12081,11.8288681,-5.58281798,-11.9505474
12082,16.5946601,-7.72520707,-12.754505
12083,8.8978756,-14.2809103,-7.06202475
12084,11.5193972,-6.22776806,-13.7969449
12085,16.4919146,-12.6318429,-5.07981878
12086,10.2292756,-1.99633454,-11.5036816
12087,15.5479486,-0.477215374,-15.3622978
12088,14.9986903,-0.92072882,-14.5444467
12089,14.1032658,-11.0773539,-11.6442099
12090,3.79750597,-7.48679486,-12.1948507
12091,5.03489623,-10.3266651,-12.9139667
12092,13.2349806,-11.5583724,-2.60412756
12093,4.75154876,-5.01764199,-14.3471334
12094,2.21201788,-3.04060601,-9.83918019
12095,3.75165834,-9.87533318,-13.2741901
12096,12.2310342,-8.86026829,-19.5526323
12097,10.5629391,-13.580943,-14.4467001
12098,-0.632152208,-8.63951999,-9.99756539
12099,14.8533943,-7.59769406,-9.6764937
12100,5.52546317,-5.55354566,-14.7278085
12101,0.931519243,-9.633164,0.527433952
12102,-2.73874718,-16.3004229,-15.9913386
12103,10.1869185,-6.05976431,1.93748371
12104,10.8415944,-13.6837447,-14.5867437
12105,14.0995495,-11.0814806,-11.6576735
12106,1.63621052,-3.03855726,-10.156055
12107,1.77025977,-2.96387607,-10.0533684
12108,3.8772357,-5.30176647,-9.79049895
12109,9.50940069,-3.0079451,-5.45816793
12110,-0.0891124628,-4.17651083,-1.85475197
12111,15.142091,-4.88304416,-6.06675098
12112,4.83864448,-4.05868494,-4.73289289
12113,13.1731687,-11.0215196,0.577246949
12114,10.7772405,-8.15074429,-1.03995448
12115,6.70876636,-4.7876874,-3.88840113
12116,4.83248554,-3.00961204,-4.15097797
12117,3.58715882,-10.4598833,10.4843081
12118,-0.458097899,-6.31311424,0.0569399029
12119,12.361111,-8.51758475,-15.6751829
12120,2.83932848,-12.0529678,7.97202564
12121,8.72215637,-6.95256892,-12.0142284
12122,10.8679628,-2.6400838,-13.3311676
12123,10.1039234,-4.59511779,-15.4834788
12124,8.64372211,-2.75874782,1.32289094
12125,15.6188938,-9.08629688,-11.4853257
12126,10.7782681,-6.55634532,-8.22306795
12127,14.6918912,-2.59560053,-9.83851736
12128,7.00618419,-4.09697064,-10.8381401
12129,10.3222181,-1.94296034,-10.9310038
12130,10.0708095,-2.00175054,-10.7903473
12131,16.8389063,-6.18604939,-11.3834586
12132,12.8166235,-4.63583078,-17.872621
12133,8.22774051,-2.52242949,-11.5299539
12134,7.71336064,-2.62505725,-11.6772777
12135,7.60770256,-2.92150008,-11.5635016
12136,12.6473107,-14.7568089,-3.54298504
12137,9.58352625,-2.57657911,-15.0921583
12138,9.60784658,-2.59337858,-14.9504169
12139,9.59065768,-2.66568658,-15.0155549
12140,9.11830543,-4.02708024,-7.07269919
12141,14.5279547,-3.27937007,-13.7399195
12142,18.0578719,-2.02159786,-12.7454499
12143,10.0977474,-2.42263658,-18.344874
12144,9.91559055,-2.16542111,-17.6084954
12145,10.7268923,-1.86630536,-18.853779
12146,10.4122514,-2.38708391,-18.9408325
12147,11.6739898,-7.59684876,-12.0384818
12148,4.22344514,-3.62103936,-1.81042871
12149,-1.55874564,-11.7763943,-10.9650469
12150,7.93228485,-12.0419844,-13.8129161
12151,4.70097457,-2.51855425,-5.3677748
12152,5.15991284,-4.0385854,-4.170598
12153,15.6643134,-3.09546061,-7.0771101
12154,12.9372132,-3.24005495,9.6547425
12155,8.99717449,-6.28772261,-9.95731919
12156,17.8118639,-8.30950306,-16.1581918
12157,14.4545108,-7.88859117,-17.2084326
12158,17.9612898,-20.6525524,-16.0964994
12159,18.7384819,-2.71983726,-11.4989802
12160,17.8314522,-2.84088653,-10.1255772
12161,9.60520473,-13.0163588,-5.11890424
12162,8.61277107,-10.1401811,11.7040364
12163,0.590083333,-5.17742691,9.7379249
12164,10.183741,-8.75690533,-2.89385095
12165,0.17714297,-11.5530304,-10.0147493
12166,11.9982808,-15.1439366,-3.41680734
12167,5.088695,-9.46342385,-13.8094354
12168,17.7041041,-2.24638857,-13.4538125
12169,17.7783724,-2.20857385,-13.3629086
12170,17.7204495,-2.27187509,-13.4611418
12171,12.9893821,-7.04748495,-4.19929299
12172,12.601429,-5.32852731,-2.18333595
12173,11.0525691,-7.99119528,-3.43781799
12174,17.6116751,-7.94110545,-16.2226886
12175,15.4540033,-7.04500609,-10.5483907
12176,-3.37910863,-16.3947873,-11.336656
12177,4.8010439,-14.6976392,-16.3333321
12178,6.16628762,-12.9427982,-4.03774375
12179,16.9920747,-17.7187146,1.22253741
12180,4.84072985,-9.83564482,-13.0865619
12181,14.0503433,-6.39827986,-15.0358232
12182,7.52182043,-19.0004651,-14.4875138
12183,4.90730384,-8.63431998,-12.5369189
12184,14.9733295,-11.4175678,2.0454073
12185,8.09641814,-14.7361643,-14.8979772
12186,11.8294887,-5.56107068,-13.7984611
12187,12.0148903,-5.1677079,-13.3240125
12188,13.8051712,-5.81002551,-14.7908613
12189,14.3982813,-5.4286557,-14.4675694
12190,10.4142055,-9.1247627,-16.3694089
12191,9.69328583,-8.70968329,-8.04395246
12192,7.81548705,-29.1568551,7.97693909
12193,15.167623,-10.1778155,-4.44285532
12194,-1.43588396,-14.7225584,-3.23669253
12195,9.79691596,-10.9367392,-11.2269352
12196,10.9884279,-8.01306013,5.55172758
12197,8.25964803,-7.08424442,-11.7342138
12198,18.6992743,-17.8539669,-11.2109067
12199,9.45017602,-6.16340245,-1.97857299
12200,14.0314053,-17.4709828,-15.7893072
12201,11.2898024,-14.9002113,-15.1359673
12202,16.9704837,-12.8951043,-6.61982951
12203,11.4071897,-14.3969113,-3.66875543
12204,19.2995299,-20.1818084,-14.66126
12205,10.5811546,-19.946699,8.38646761
12206,14.3781853,-6.98470319,-9.86269137
12207,-3.50830231,-16.1458589,-11.2008019
12208,7.46548767,-22.0166404,2.7313426
12209,17.3099074,-14.2548463,-0.432253013
12210,15.8230915,-9.7909668,4.54358249
12211,7.37167407,-19.6145414,-14.2565143
12212,-1.20741397,-1.39347993,-3.16574756
12213,12.251206,-14.4842481,-3.63574002
12214,-0.0437066078,-13.5117085,-8.15015611
12215,10.9820395,-20.7374052,-4.40285722
12216,12.9392552,-21.8522602,-2.88426004
12217,5.40540579,-1.66296882,-4.76046985
12218,18.9116755,-20.2172446,-15.5315627
12219,2.18130094,-17.1195297,-8.04622274
12220,6.31908075,-14.5124682,-6.7364698
12221,17.6437175,-15.4228628,0.0168274727
12222,11.8361705,-18.556756,-1.28786966
12223,9.05023381,-10.9735151,-11.6804892
12224,9.48661866,-14.6580223,-14.9718316
12225,15.0254347,-7.92671799,-8.54747618
12226,-2.25607408,-11.9197545,-11.7774623
12227,12.7190592,-5.45509171,-9.51018452
12228,17.1999025,-14.0583419,-0.0432977336
12229,4.29010332,-3.24454191,-7.34819911
12230,15.4664935,-8.09336133,3.07602047
12231,11.4060555,-16.2222486,-14.9236836
12232,18.6384425,-18.0742208,-11.2140445
12233,11.5396543,-4.53273596,5.19851409
12234,8.49269509,-11.9702696,-13.7906181
12235,8.19011492,-12.0179186,-13.8228017
12236,0.842821159,-13.3362159,-7.7280109
12237,-1.94792769,-11.8562332,-11.4185472
12238,0.569132611,-11.603617,-10.616358
12239,-1.15185695,-17.1569117,-17.7003365
12240,-1.21715523,-14.422606,-4.7401394
12241,-1.56102757,-12.2198833,-14.5469381
12242,5.57069865,-14.2645556,-16.1951418
12243,5.73238807,-14.4079136,-16.1617841
12244,-1.29749666,-14.7485403,-17.8121115
12245,-2.72861255,-15.9130705,-16.0475454
12246,2.42375498,-11.4215731,-13.0845391
12247,7.96494382,-2.22976784,-1.25981069
12248,-1.12060292,-15.4497095,-3.22561154
12249,17.6335983,-15.3483582,-0.108209729
12250,5.31647885,-23.0540255,9.16471224
12251,0.841842818,-20.9600574,12.555961
12252,11.5492677,-17.8807906,-6.12128936
12253,-1.03098011,-15.7643227,-3.12208415
12254,-0.845054471,-13.793695,-1.86077497
12255,10.3785472,-19.8047284,8.39090488
12256,16.7294162,-14.6777258,1.45309999
12257,-1.51462037,-14.6742888,-3.62537508
12258,1.81015515,-14.7597393,-8.34859867
12259,-0.618167001,-13.6374159,-1.60282877
12260,-1.8094052,-14.6330357,-2.53176029
12261,5.28364699,-22.8346768,9.58994676
12262,-0.0472029942,-15.0185737,9.4087173
12263,1.83356721,-13.3421892,-8.11483563
12264,0.982183534,-13.4399045,-7.7560398
12265,1.56629385,-14.3167454,-8.19150492
12266,1.62364522,-13.2574501,-8.01574736
12267,1.73087739,-13.3092278,-8.0748591
12268,12.9769792,-5.06944689,-0.986584068
12269,0.318021259,-4.61017198,-0.473122397
12270,6.6692006,-0.908963721,-2.24945982
12271,0.351587886,-18.5378953,2.63555972
12272,0.400131789,-11.9798093,0.561820296
12273,2.33349975,-14.379103,6.67515074
12274,4.23519083,-21.0454711,5.80336026
12275,2.0427198,-16.4900641,2.66343037
12276,0.377088607,-5.82103853,-0.684095446
12277,5.30584232,-24.746409,8.22917772
12278,0.736898503,-20.4366048,8.27344365
12279,9.1069972,-16.3720657,7.80693555
12280,16.7335646,-18.5078059,1.54204267
12281,13.72828,-2.26508383,6.64354051
12282,8.3671877,-22.8610106,7.49866158
12283,1.55317598,-19.8074684,-0.242075324
12284,17.2190264,-14.0698825,-0.175383713
12285,4.72694836,-14.6448971,5.80135327
12286,17.2953468,-14.5469969,0.525961628
12287,10.9493391,-9.80956976,-7.26708858
12288,15.7281761,-14.9272241,-6.41248635
12289,15.5995289,-11.0109527,-4.79508001
12290,-0.78143079,-18.5615114,3.84553904
12291,10.3559705,-14.529236,-8.31796211
12292,-3.67124579,-5.4321576,3.54828516
12293,13.4257471,-2.90868379,2.49543248
12294,10.2098717,-2.59106381,-4.94858114
12295,14.5452919,-6.19140725,7.83282458
12296,9.13718821,-8.39459323,-7.97116028
12297,19.6416416,-10.4677693,5.35817489
12298,16.6379502,-1.52031004,-0.482938458
12299,15.5487791,-13.3677752,1.13857097
12300,9.28919239,-7.68707792,-8.00169237
12301,1.54743508,-3.54996174,-2.34084111
12302,16.2569303,-7.92718774,-7.12775967
12303,15.9617004,-3.81798872,-4.69139187
12304,13.2740778,-5.68148305,-9.09582748
12305,17.7881194,-13.9043845,-8.91117484
12306,17.6050975,-13.1021461,-7.63903264
12307,14.7872579,-3.48174545,-1.97201313
12308,16.9821666,-2.06579133,1.1178624
12309,14.1831105,-9.08582737,0.242738681
12310,2.47811787,-7.2749393,6.64413166
12311,6.61345793,-12.6203162,-3.61643386
12312,10.6219585,-8.53953724,-3.81483215
12313,10.4203626,-10.2030158,-5.51707936
12314,15.78729,-6.40667541,6.96052055
12315,19.834492,-9.99805228,5.07561554
12316,19.8130007,-10.3080318,5.42708493
12317,15.9362015,-3.35700639,-1.97000576
12318,18.8015498,-5.93553191,2.45863901
12319,16.8213471,-16.5479519,-9.19487219
12320,16.8763294,-14.4247953,-8.52429653
12321,15.000781,-13.2330898,-1.62816307
12322,16.4175404,-3.34218888,-3.41906447
12323,9.42049385,-3.8752358,-5.56020924
12324,9.41840197,-12.858434,-4.79969439
12325,11.8043219,-9.14398913,-4.32273423
12326,14.8313594,-13.2902508,-3.05558329
12327,14.9178563,-13.9614338,-2.98827015
12328,14.9107882,-13.9402486,-3.03216535
12329,14.9874458,-13.7939823,-3.01582529
12330,15.0196189,-13.8407225,-2.87677224
12331,13.311037,-5.37596041,-9.10374022
12332,13.7387019,-7.92399207,11.3406765
12333,3.99364152,-9.2877457,10.6523295
12334,1.31293629,-4.49911129,-6.85891767
12335,-1.3171235,-9.50188062,-5.29276167
12336,13.4477748,-7.93853648,-4.65321557
12337,4.70363465,-14.5852783,-7.67331308
12338,7.50801137,-12.6020604,-9.16044201
12339,6.38535484,-14.677545,-7.0622026
12340,10.8283927,-3.46475405,3.26319563
12341,6.40806074,-14.6838611,-7.05125708
12342,11.6032494,-8.70450039,-3.89541317
12343,10.5660424,-7.69309038,-1.87701695
12344,9.93692494,-13.2253341,-8.04746147
12345,11.6988588,-11.3375442,-2.64392037
12346,6.03341441,-13.6792701,-5.24704866
12347,5.93028549,-12.9335027,-4.39702224
12348,9.47059204,-11.0274395,-10.5584041
12349,9.5061147,-11.0129448,-10.5270198
12350,3.34919136,-5.56882525,2.51690091
12351,6.39634134,-12.6397675,-3.58894948
12352,-0.126735801,-8.35741779,8.4883795
12353,3.24351293,-12.5029966,-8.76499337
12354,2.47460191,-13.091457,-7.90766985
12355,2.48135568,-13.1169537,-7.93363947
12356,5.86869975,-2.6255077,-0.0937519996
12357,10.9929107,-11.1881168,-8.52627992
12358,11.0129885,-11.8857345,-7.88821406
12359,10.9902083,-11.1954134,-6.6358684
12360,11.0088356,-11.7762669,-7.33997693
12361,10.5423476,-12.1125345,-6.23857767
12362,-0.316033255,-8.97174668,-8.03911146
12363,7.94480413,-5.82415769,-4.92248384
12364,9.26111189,-2.65261917,-5.22288798
12365,-2.64016866,-6.38010115,3.50294219
12366,16.4895376,-5.66440236,6.52068707
12367,5.93270288,-1.846119,-7.1526176
12368,-0.72922872,-9.83842892,-5.11696349
12369,14.1438765,-6.97447785,-7.0599803
12370,11.380739,-9.46946829,-0.988867829
12371,13.6262475,-3.46631993,2.53609684
12372,13.3852235,-11.129161,0.117579994
12373,12.0699629,-5.19036117,-9.99484196
12374,10.7830875,-2.27680668,-4.73302005
12375,3.07390019,-9.29315152,-6.56773215
12376,9.60485888,-6.19245879,-2.16963233
12377,9.14564677,-5.20917545,-6.43664616
12378,13.0496002,-9.49952266,-0.294929709
12379,12.527901,-8.51304168,-4.32257828
12380,13.053314,-8.73382285,-4.88150452
12381,12.570591,-8.86915918,-4.59598319
12382,11.2257874,-9.13714693,-2.33849758
12383,10.8657178,-8.35318417,-2.97386573
12384,14.3746799,-7.08924931,6.98627868
12385,10.7565631,-7.06561724,-2.27661736
12386,-2.26652569,-16.5478371,4.83824185
12387,13.6448753,-8.12159171,-4.93046239
12388,18.1572386,-5.97948845,9.2409286
12389,16.9913717,-2.80120182,-1.59575731
12390,17.768109,-4.48817861,0.272467815
12391,15.1952922,-8.99613467,-4.63994386
12392,-0.132569734,-0.814285208,-6.37362333
12393,15.7386277,-7.45500943,-6.48382965
12394,12.8294297,-4.8072962,-1.16394886
12395,16.2616987,-3.26350514,-2.99054206
12396,11.6782339,-1.53678642,-2.28378507
12397,14.4101187,-3.51329448,-2.13763573
12398,15.7577797,-4.42517767,-5.67660233
12399,12.8383845,-4.8176244,-1.17646981
12400,17.2682577,-3.68686517,6.15874612
12401,13.1805517,-5.80810165,3.94247181
12402,15.801737,-8.73671527,-1.89711683
12403,13.8149288,-4.81989313,1.74990441
12404,13.1869202,-5.81526449,3.95281509
12405,16.9764499,-8.51791367,-2.57393106
12406,15.6249476,-9.0495823,-3.73370261
12407,16.0290256,-7.64119891,-6.40584132
12408,14.1694974,-6.99473739,-6.33047342
12409,17.6053652,-6.95198887,-5.22007231
12410,17.3597535,-6.96038732,-5.64400734
12411,13.2667621,-6.16893301,-5.05549242
12412,9.92722315,-2.08099786,-4.62785993
12413,11.4069074,-4.42827456,-0.50527768
12414,15.378062,-1.50330916,4.27603717
12415,13.9112321,-1.61550972,6.18060467
12416,14.6413653,-1.65471565,6.22442421
12417,13.5522295,-2.85093988,2.59911657
12418,10.7059364,-2.31155937,0.0383733838
12419,14.9992347,-1.91531601,3.17002259
12420,-0.379333705,-9.83470046,3.62936986
12421,10.029999,-3.21099432,-8.92186326
12422,10.4432701,-3.09742432,-9.61302833
12423,13.6206093,-2.81994866,-9.17017354
12424,11.2039648,-5.20170453,-9.5581977
12425,11.9554908,-5.00938388,-10.0952129
12426,11.7972951,-3.58007653,-10.3647462
12427,11.1997119,-2.79656215,-10.1814812
12428,13.7232232,-2.62845113,-9.02016601
12429,14.0840586,-2.77186187,-8.27839437
12430,12.5886163,-1.96457841,-9.13071922
12431,12.0737342,-1.92286755,-6.89707668
12432,13.2666858,-1.79769244,-8.75092525
12433,13.2919498,-1.78628693,-8.65909868
12434,11.85626,-5.4126705,-9.69691829
12435,11.1899348,-5.25068795,-9.50884607
12436,10.4437388,-3.39502005,-4.82180904
12437,10.4248117,-3.32993013,-4.83208245
12438,3.3713954,-3.92264354,-7.59091775
12439,-2.82786785,-5.40738293,-3.35431625
12440,3.89558971,-7.22592094,-8.11794369
12441,8.06652867,-6.81087072,-4.91238009
12442,-2.18644882,-8.09942062,-3.2670947
12443,-2.35497445,-4.98795185,-4.26346507
12444,0.701996168,-8.6700069,3.16261113
12445,0.654672915,-7.9437103,5.45553496
12446,-1.28636873,-8.7560518,-4.408405
12447,0.887270839,-2.74164199,-2.83081013
12448,-2.59267627,-5.28966221,-2.65779383
12449,5.84002701,-3.00874619,0.0596868883
12450,2.0867987,-7.52394103,11.2559576
12451,1.44860026,-7.43890972,1.20370243
12452,-0.303553881,-8.62711794,-8.28826034
12453,1.57646978,-8.29386273,1.14079683
12454,-1.00810431,-10.0040363,-5.71719685
12455,-0.865590637,-6.1378188,-8.51832351
12456,0.184174019,-0.424140805,-5.06077003
12457,4.88844386,-6.88398809,0.691314123
12458,5.99652669,-13.8980912,-5.56077195
12459,6.01647569,-11.8838898,-3.93322777
12460,1.11235947,-15.0034924,8.74263536
12461,2.60228529,-8.08351754,7.22156089
12462,4.35843914,-7.88384566,6.31220926
12463,-2.93919057,-8.53376621,11.0843116
12464,1.24274942,-0.369246671,5.57884363
12465,-1.07589491,-12.0624862,4.50487524
12466,-1.63444733,-4.36032301,-5.36757483
12467,4.32666705,-2.91678697,-2.75509453
12468,6.11509976,-1.12586237,-1.81854131
12469,8.782845,-5.30652341,-1.55435785
12470,1.65553145,-9.67919258,-1.891507
12471,5.67960545,-2.91674052,-0.0197293083
12472,10.208561,-2.01149297,-0.0606982859
12473,-2.8601397,-6.21889866,3.29638046
12474,-2.02790389,-8.51533161,-0.825473106
12475,-0.408087165,-4.25545582,1.67598843
12476,-1.82641333,-8.54312613,-1.65878446
12477,-1.95535498,-3.92340465,-5.99481306
12478,-1.49087049,-1.56215815,-3.76367392
12479,-0.0677590335,-1.4637525,-7.30102008
12480,0.415545875,-0.431531587,-4.58126445
12481,-0.518998398,-4.17715326,-6.37435919
12482,0.193173428,-0.75609672,-3.71476642
12483,0.74550471,-2.07435582,-3.47820516
12484,-1.71475055,-3.60957529,-2.56915214
12485,-1.70217524,-3.45566893,-2.63374504
12486,-1.67988254,-3.54414317,-2.54614716
12487,7.5373959,-8.3653926,-6.27976272
12488,5.84905205,-9.87385634,-11.2908539
12489,7.13712753,-11.1310758,-11.5597375
12490,7.74471178,-10.3124245,-11.0237249
12491,7.76507779,-8.03877438,-6.76919891
12492,8.0654535,-6.2917314,-6.43258761
12493,7.89617693,-7.96951941,-7.13440191
12494,8.32096245,-9.65699565,-9.65954309
12495,-0.794530351,-4.63636537,-5.35044946
12496,2.7019259,-4.87953158,2.61271642
12497,0.274627539,-4.83251166,-4.89649187
12498,0.195265955,-4.55922414,-4.54657837
12499,0.454851541,-1.55956175,-3.51135336
12500,0.183212051,-1.16303017,-3.41404458
12501,0.222277844,-1.00299352,-3.52960246
12502,12.267218,-7.51044797,6.86525071
12503,-0.0301930489,-5.93754486,0.353671391
12504,8.43660872,-10.8904953,-10.8902851
12505,8.13932857,-10.8514639,-11.1783517
12506,6.10782631,-13.1699048,-9.43913844
12507,5.30191052,-14.7672103,-7.77900167
12508,7.18923667,-8.86591164,-5.52859007
12509,5.11475995,-10.108791,-4.19577525
12510,4.86183121,-9.6394872,-3.44232257
12511,2.02767857,-8.92366678,-6.05025427
12512,2.11867359,-8.40619662,-6.36192395
12513,5.76129082,-5.45594391,-8.07809285
12514,8.11928914,-6.13677395,-5.54587399
12515,8.12882646,-6.14727661,-5.57330371
12516,8.11898969,-6.23139104,-5.4897151
12517,5.26831075,-5.57736694,-8.45212672
12518,7.91604157,-7.56645751,-5.17314267
12519,7.42147172,-7.64327574,-4.64646476
12520,8.00783945,-7.05200418,-5.00182844
12521,1.98681613,-8.71389545,-5.60268899
12522,3.01252114,-8.69704218,-3.987689
12523,4.60829303,-6.17952582,-8.71533112
12524,4.74529045,-5.9332285,-8.67129923
12525,4.60889681,-5.9528245,-8.67369501
12526,3.77189226,-4.42868239,-7.45833886
12527,2.26984545,-6.54454841,-6.18263126
12528,5.06783482,-5.10274131,-8.0790684
12529,2.30926045,-7.29417779,-4.81498995
12530,2.06605945,-7.28857927,-5.19601709
12531,4.15691751,-4.33165619,-6.58726579
12532,3.8614399,-4.34976221,-7.40735505
12533,2.14963016,-6.91101445,-5.55021774
12534,2.73859395,-6.32573522,-5.39302232
12535,6.44267092,-0.881721727,-2.19994219
12536,-0.45426606,-4.69394128,-1.7484677
12537,6.31903456,-4.57331259,-3.88511064
12538,4.52912207,-7.49121815,5.72961891
12539,4.6776333,-9.50765621,9.53700142
12540,6.42085253,-9.81547767,11.9314421
12541,11.8945533,-8.31323025,11.2001674
12542,5.64368921,-11.2805129,7.88928214
12543,-1.71081813,-4.33548894,-2.63915653
12544,-1.21606095,-6.4661246,-2.52532591
12545,-2.0664408,-4.82273165,-2.58952832
12546,5.68696795,-2.91241066,-0.0237220763
12547,5.1064241,-4.54881451,-3.54852301
12548,-0.168085084,-4.57708638,-4.59950044
12549,8.41408727,-3.57531292,-2.00775063
12550,8.72310478,-2.38403841,1.04937297
12551,-1.60634358,-4.42321098,-3.26370677
12552,4.99253987,-2.89243331,-4.49459674
12553,8.97201021,-2.39707664,-1.42035287
12554,8.3708795,-2.15828845,-1.2505955
12555,-1.46038866,-15.3588691,3.68120771
12556,0.940766056,-8.00151761,5.09138412
12557,0.605432205,-4.92958451,-1.22523507
12558,0.60924245,-5.19506947,-1.24807256
12559,3.43067474,-3.78409433,-0.823286811
12560,3.58930366,-3.94080306,-0.985477759
12561,2.55776951,-3.99330959,-1.18556742
12562,2.79036424,-3.55885349,-0.64556727
12563,1.54700341,-5.27260799,-1.8049962
12564,1.39432366,-4.83613748,-1.68143536
12565,4.34718042,-2.82118665,-2.74520688
12566,3.80805312,-7.19871236,-2.19414689
12567,6.6332532,-4.86301593,-3.69148936
12568,7.51866156,-4.26475322,-2.31106516
12569,7.57280558,-7.92303943,7.19684973
12570,13.079328,-11.4708706,1.46052337
12571,7.69278678,-5.5315433,10.5600455
12572,5.15759908,-8.1145607,-2.05083058
12573,0.812917261,-8.52055915,2.6177163
12574,2.84734875,-4.67197419,5.62825782
12575,3.33797716,-9.72300805,4.29695448
12576,12.5206226,-3.40990674,5.75538643
12577,-3.11311222,-7.89156844,1.30568305
12578,-0.731717456,-4.97571833,1.80094136
12579,-3.22634308,-6.23629368,4.19442796
12580,16.5638409,-6.49726316,9.93197542
12581,-2.56324558,-4.46829048,4.45657572
12582,3.60065112,-3.59256892,-0.0994256774
12583,4.40111177,-2.0764187,2.09760721
12584,3.89189435,-1.93660435,1.26466488
12585,4.34872158,-11.1069135,5.37207116
12586,14.1046369,-3.5563065,8.3004078
12587,-3.16157196,-5.49661574,2.48504815
12588,0.912305565,-1.74769599,3.32901798
12589,0.0809171558,-1.52596198,1.38158256
12590,4.05428313,-1.97013174,1.12150881
12591,4.21178445,-2.0046769,1.0575798
12592,0.125028223,-1.53256658,1.35714066
12593,19.093643,-6.25395166,2.57545266
12594,7.05042926,-4.64202766,10.4296468
12595,-2.94192625,-8.53100449,11.0807613
12596,-1.72017254,-3.37967153,7.49402888
12597,-0.0747568799,-5.76980512,3.87271048
12598,-2.44447329,-6.76007459,4.4218999
12599,16.6672302,-10.9491023,5.07957841
12600,2.01031408,-4.49957312,6.08884041
12601,11.9309264,-8.28426738,11.1701709
12602,-1.05704742,-1.75359317,5.89986175
12603,1.04048623,-5.91954939,9.73358454
12604,0.750325492,-8.13889955,3.0520902
12605,3.04095539,-13.5697803,6.46443829
12606,2.19628552,-8.23610089,10.3975438
12607,2.18653792,-10.8014707,10.1948485
12608,0.0284638941,-12.7384303,4.95359034
12609,-0.542134264,-4.7526562,1.73026349
12610,-3.2508479,-6.1934739,1.72126853
12611,15.3522234,-16.1085622,2.90056362
12612,18.6801998,-5.79637189,2.83314257
12613,-0.472379673,-5.30749124,1.52316209
12614,0.501614033,-8.8308839,1.37125555
12615,11.2919984,-10.2482156,4.56923562
12616,0.891053757,-9.03281458,4.12265719
12617,1.0141874,-5.68911793,9.85409386
12618,0.325205994,-6.57929707,1.23211778
12619,-0.726154837,-6.36221449,0.903106008
12620,3.36952013,-5.54944202,2.64263521
12621,-0.00921115961,-11.1730978,8.69427709
12622,9.66623417,-7.35616495,2.74106572
12623,6.52387755,-3.46711268,5.93585021
12624,5.62957768,-16.0682623,0.811662794
12625,13.1442823,-5.0699649,3.36106283
12626,5.48502943,-3.6814043,9.82792133
12627,2.35504719,-7.31514656,6.55240401
12628,9.75493199,-3.52692637,1.79164133
12629,-0.594487526,-1.3612064,8.77032015
12630,3.01027387,-4.93065777,2.87088344
12631,5.33494298,-8.73539501,8.64568173
12632,2.42110004,-4.38808631,4.89547826
12633,1.43841078,-4.80935088,3.84715174
12634,2.71825547,-4.90810833,3.05225323
12635,1.0955793,-4.00029855,5.06242197
12636,5.28130244,-8.40218419,7.99335943
12637,0.617514485,-4.31975172,5.52883585
12638,-0.190894467,-14.9422435,9.46843035
12639,-2.83676657,-13.1900468,8.89358807
12640,2.19259151,-8.51197649,1.49945875
12641,-1.61997502,-15.2677397,3.86940072
12642,1.92699361,-16.2895242,3.10930125
12643,4.43901425,-12.3225107,0.362810647
12644,0.271168558,-11.2726099,9.79230041
12645,-0.288660783,-5.67837419,3.54466711
12646,1.08929259,-7.85741433,4.07932256
12647,1.08243052,-7.81634106,4.04194123
12648,4.64127726,-12.1667193,-1.1269214
12649,-0.00265180345,-9.17963077,12.4747844
12650,-0.243711747,-9.18862146,5.16867082
12651,1.78327663,-6.65123579,7.42856844
12652,-0.547210994,-8.96695854,5.35399472
12653,-1.68715559,-6.86827299,5.13326002
12654,-2.85334799,-5.27339946,2.12601136
12655,2.4372644,-12.9260812,3.11008562
12656,4.2676955,-7.79170901,1.620213
12657,5.47696038,-7.27897755,1.92757943
12658,5.07897807,-7.13587568,1.38775708
12659,6.8634799,-8.50778455,0.303226913
12660,0.892805982,-9.67011596,0.522720107
12661,6.2507885,-7.36727214,1.29139666
12662,5.53401422,-7.18555459,0.993770283
12663,6.24113009,-8.75605687,-0.561275573
12664,3.09148973,-10.2948354,4.36382572
12665,3.10590568,-18.5527824,0.768708832
12666,9.0389429,-16.2575254,6.86609675
12667,-0.446276536,-18.0999419,-0.206647457
12668,6.82222225,-8.18591148,0.421435897
12669,6.75754241,-8.07236999,0.403878381
12670,6.78922722,-8.07376833,0.547882933
12671,6.2771466,-8.12287719,-0.190218223
12672,6.72400776,-8.04356194,0.379180818
12673,4.07972964,-10.5200828,4.0721555
12674,7.60889445,-18.8023759,-2.28203398
12675,11.290002,-3.26102307,9.31482051
12676,0.75479243,-0.601837154,6.68987868
12677,14.9549602,-6.46447592,0.851912242
12678,3.9411715,-11.3865684,8.86438642
12679,4.63977569,-7.81647287,5.17561585
12680,14.0862899,-3.54925666,8.2919128
12681,6.65522852,-3.49183696,6.24708575
12682,12.3149358,-1.91180119,8.36696926
12683,1.97812633,-10.9402689,7.52375827
12684,2.47979118,-5.6346217,11.421638
12685,2.48206189,-5.67339175,11.4306929
12686,3.51301391,-23.423363,12.6663061
12687,-2.77884286,-11.8898353,7.99987095
12688,1.48658068,-3.64872249,6.32592665
12689,1.15643649,-1.01837245,8.83067967
12690,2.89021565,-1.22191477,8.6275942
12691,-0.287011492,-11.762846,10.0427116
12692,-0.309788536,-10.2728414,11.7093481
12693,3.51173043,-8.16207651,5.19270907
12694,16.2455585,-7.24373283,7.13705836
12695,14.2080885,-6.10945239,9.94841986
12696,6.74261685,-5.73691384,11.4879717
12697,6.59731061,-5.79299157,11.5762137
12698,4.2803525,-5.37958273,11.0689746
12699,6.16602523,-5.59777765,11.515259
12700,6.35936621,-3.8838388,9.93435923
12701,9.6354367,-9.09607695,11.862975
12702,7.01025764,-5.82854518,11.3367367
12703,0.195589648,-0.487258214,7.46538188
12704,0.699657451,-0.930734612,6.02861463
12705,1.32598527,-3.99368644,5.15581022
12706,0.222067336,-6.08725714,9.46758661
12707,17.1203183,-6.5727972,8.96176616
12708,0.323212492,-1.17857366,8.58309553
12709,0.44929429,-0.798179661,7.99037229
12710,13.5588726,-1.98830362,6.4409866
12711,15.2284912,-7.36284076,11.8916888
12712,14.6642556,-3.12264807,10.4784512
12713,3.34872715,-4.97953933,11.1221636
12714,3.9542329,-0.464480843,5.96625053
12715,1.50234731,-1.90501455,4.71117329
12716,0.84484055,-6.24804178,9.40360641
12717,2.48879733,-4.35906962,4.96769976
12718,3.08618511,-11.9158201,4.63706516
12719,2.59677686,-11.1776133,4.71376946
12720,-2.77652724,-9.19108634,10.8293451
12721,-1.24291254,-13.0096003,4.64824057
12722,1.29058248,-13.5819489,5.16102386
12723,1.05967664,-15.7896249,8.26390061
12724,2.98730194,-6.03329582,6.62453617
12725,4.42424126,-4.4756631,10.971158
12726,0.95640863,-6.63377014,9.10809973
12727,-0.149907306,-7.44667196,8.64459125
12728,1.46113913,-4.15980946,5.5776822
12729,6.1559373,-2.97449082,5.74967389
12730,1.37264663,-0.153033219,5.6842488
12731,-1.67144068,-6.38898286,9.00701368
12732,-1.6723201,-6.37492534,8.99361721
12733,-0.685741282,-8.16781574,7.35881722
12734,-0.689037708,-8.71166199,5.53348537
12735,-0.632190504,-8.69917905,5.53183635
12736,2.37859228,-2.04898916,4.54397793
12737,13.8896144,-7.98277052,6.73869712
12738,-0.838569477,-6.48986996,9.42650055
12739,-1.59432449,-8.35942739,6.51131782
12740,-1.40336903,-8.6629547,6.24510969
12741,-1.39551552,-8.67721767,6.19114807
12742,-1.59827966,-8.3713252,6.07732289
12743,-0.639150447,-6.42862292,9.44764373
12744,3.95828105,-3.61817384,4.49668836
12745,12.9637883,-1.50536573,6.58341325
12746,13.4656523,-2.96619891,2.55671546
12747,-0.720586434,-4.40663494,6.3312644
12748,4.86612393,-4.12964546,10.54615
12749,1.40778742,-5.72957586,10.1452541
12750,4.07400085,-4.10546693,11.197313
12751,0.717437009,-5.56296157,9.85996576
12752,-1.25769176,-5.33889366,8.16832356
12753,-0.0378561494,-5.22159761,6.33063696
12754,12.0533856,-1.33348613,7.79073905
12755,16.9032789,-3.47987844,6.36950451
12756,5.23733238,-5.23845271,5.461035
12757,1.41258014,-6.12440945,8.27478686
12758,4.41711424,-4.55831242,5.15048424
12759,2.78199768,-2.08944508,9.33442728
12760,13.5388259,-6.99996307,10.3112917
12761,5.61854358,-7.68558885,4.58121292
12762,13.2245993,-5.85905302,3.8965776
12763,13.2394692,-15.1672388,4.93623444
12764,17.1654651,-3.87689319,6.1636386
12765,-0.331876487,-2.24418065,8.80097028
12766,-0.578155099,-5.14941116,6.65278981
12767,17.3922993,-3.66366598,5.83682349
12768,0.880984829,-0.968850009,8.74729665
12769,-0.292710309,-4.2192842,5.93882493
12770,-1.70852812,-3.34052932,7.48906594
12771,-0.271051675,-4.18616533,5.92292925
12772,6.24309089,-3.26470411,8.50115351
12773,6.31506747,-2.95013495,8.13121775
12774,4.80875692,-1.67986089,7.54885489
12775,4.74277929,-1.66618745,7.65700683
12776,5.45077072,-1.8265541,7.66321672
12777,5.48158805,-1.82776998,7.17038605
12778,6.35472186,-2.83447619,5.95954145
12779,6.24741464,-3.0255811,5.83025619
12780,12.4424185,-6.6479577,-0.113320105
12781,16.6804747,-2.49178605,4.19246975
12782,5.14270287,-13.2712761,8.4570032
12783,16.6137097,-13.585514,8.73644749
12784,6.57449609,-3.21466673,5.95373983
12785,7.26418947,-2.70956227,5.53363268
12786,17.0231233,-4.34822703,5.85120145
12787,15.514852,-11.3518317,5.56112262
12788,16.2947393,-6.48844452,7.09832254
12789,19.0030832,-6.08625073,2.48379643
12790,19.0378961,-6.10775552,2.52460942
12791,6.67980238,-3.25660457,6.12934389
12792,6.60902092,-3.15718707,5.99393094
12793,7.21587388,-3.06188211,6.10393778
12794,7.04213027,-2.81807402,5.77179826
12795,16.7518265,-2.76583268,3.14548131
12796,16.8485598,-2.55698315,4.18267504
12797,17.3401771,-2.87618583,4.38174885
12798,14.2362929,-6.73755269,7.50865653
12799,11.7712903,-12.6886184,4.75437077
12800,15.1246144,-8.2687742,5.27471041
12801,15.3197117,-6.33870219,5.18961122
12802,18.2450237,-5.4641264,1.64842621
12803,17.024659,-6.58704044,8.81664937
12804,10.254438,-18.4869419,1.84740495
12805,17.6727593,-3.58024118,2.72318177
12806,17.9112551,-3.70243763,2.93973252
12807,5.94836765,-14.974886,9.55295361
12808,19.1915238,-4.96088227,8.98378858
12809,17.0462298,-6.58805808,9.01895769
12810,14.421132,-1.44490776,4.14538633
12811,17.8026545,-2.8442524,7.67136555
12812,18.2157576,-3.27240914,7.94875474
12813,18.6093452,-3.83401333,7.68100677
12814,15.7884661,-2.73876799,7.18633319
12815,15.3500506,-2.42111029,6.79042191
12816,7.72241008,-5.54063491,10.5656898
12817,9.25052472,-11.0005255,7.25572468
12818,2.80237907,-13.1357186,8.09461876
12819,11.6678696,-8.74259802,8.92470029
12820,15.7467051,-10.7228793,4.69891111
12821,16.662183,-8.47001542,-1.65586233
12822,5.54554511,-6.68593396,4.22471263
12823,14.0532925,-8.18056369,1.68363843
12824,18.1685406,-13.6147323,8.54150677
12825,9.12416777,-16.003611,7.60306603
12826,13.4578289,-11.0189568,2.20013733
12827,18.684991,-8.70938639,-1.28395172
12828,15.7216059,-6.3041385,0.10736283
12829,9.37993928,-14.1897451,1.12090526
12830,9.86773075,-9.38020229,12.2256319
12831,10.2434773,-7.77867662,2.05724675
12832,14.3768988,-7.80683719,2.08714842
12833,14.5173197,-7.02330256,7.09736695
12834,13.8997792,-10.1675908,2.04013553
12835,14.7666094,-6.53734782,0.197739042
12836,11.4844745,-10.1077356,4.20358727
12837,11.9593827,-5.32377007,4.48923831
12838,13.9093123,-9.55823976,2.20405232
12839,11.9611027,-5.32165032,4.48049526
12840,2.03508466,-12.9688443,3.38314459
12841,6.34567826,-7.51820443,2.45681923
12842,6.08721291,-13.462894,10.9559676
12843,11.7127107,-11.6662837,1.45229212
12844,17.1487553,-19.850411,2.56504718
12845,14.688428,-7.34860196,2.19019281
12846,14.2509708,-7.46539343,0.518766083
12847,14.2035127,-9.05314079,0.256273313
12848,14.276024,-9.01075762,0.154606371
12849,15.5484055,-8.45829051,-1.3521816
12850,15.1843772,-8.1689995,-1.05342468
12851,9.9915862,-6.06782874,7.52599176
12852,17.8106636,-5.74014923,1.25590077
12853,18.0308801,-5.67535901,1.51043131
12854,14.3956446,-9.20044998,2.56611694
12855,8.86382158,-6.28565787,7.84104973
12856,13.8939183,-10.0044714,2.14524313
12857,12.3790452,-8.86002969,4.57231414
12858,18.8999098,-5.79774498,2.09885026
12859,19.1027394,-8.87783644,-1.12171893
12860,19.4499669,-8.78898633,-0.735030932
12861,18.6329726,-10.6374661,0.0948281354
12862,18.6408204,-10.6354303,0.0941432368
12863,16.7770691,-10.6799737,1.18624722
12864,9.97540663,-7.04706465,2.38425681
12865,19.623361,-8.66841093,1.94775392
12866,11.6412132,-5.59104707,3.9981978
12867,12.8956068,-5.79046096,4.34143694
12868,12.3431884,-10.5802488,2.78917661
12869,18.7966047,-5.75292153,2.14305409
12870,18.8947825,-5.79411788,2.0985753
12871,18.665643,-5.71581622,1.99407865
12872,19.7104313,-9.4817202,0.356512847
12873,19.6890209,-8.98931511,1.73105988
12874,19.2644173,-9.91789112,1.21661953
12875,19.220827,-10.2661334,0.506937628
12876,6.29016161,-7.7801403,2.76856622
12877,11.3053895,-5.50673582,5.66770476
12878,6.34983428,-7.693537,6.03588438
12879,9.93269013,-7.99847378,3.56396865
12880,9.51066214,-12.7912466,9.93597675
12881,6.11095101,-7.79510324,10.8786439
12882,-0.672489762,-14.4904782,2.00791384
12883,13.3952667,-11.1172283,2.1524359
12884,6.80420947,-11.457819,4.75743876
12885,8.05561463,-7.30277537,7.38383991
12886,5.62735101,-8.82312643,3.93845285
12887,0.793902547,-17.820385,9.91570274
12888,11.1484898,-24.4146126,4.30097284
12889,10.9135845,-8.85189331,5.68441544
12890,7.09410899,-20.0404911,9.55241668
12891,9.22296257,-7.87229742,6.42709505
12892,11.4466623,-11.847271,10.5875328
12893,10.5697707,-15.4207969,9.67223265
12894,10.7474507,-13.1702447,9.43493871
12895,11.6190225,-6.49618235,6.08863162
12896,11.618404,-6.4267804,5.93561379
12897,16.9860473,-9.25163576,7.56718547
12898,8.79333069,-9.40846451,12.5811878
12899,-2.77852097,-11.8892295,8.00166003
12900,10.0107775,-6.5167537,8.9608482
12901,11.6429692,-7.74110845,10.4951228
12902,7.02480916,-6.06324553,11.3418298
12903,7.45967891,-8.61602042,12.4188697
12904,7.18173231,-9.0765912,12.1630261
12905,11.5049671,-7.79835073,9.62974385
12906,11.9445759,-8.33287728,11.1631549
12907,9.98552927,-27.8576794,-2.27095051
12908,9.91229194,-9.35675155,12.2030269
12909,9.28791801,-16.4769814,7.35214511
12910,18.6074087,-12.4702398,5.42153351
12911,8.71029912,-9.27882086,8.54266182
12912,9.42560047,-8.63498265,9.01843352
12913,9.09395845,-8.93405515,8.79800586
12914,11.8572843,-18.259673,9.09297478
12915,4.99634659,-13.9414017,5.74229105
12916,11.8778491,-11.8308962,10.3153578
12917,-0.970847901,-13.6396091,1.97562689
12918,4.81605401,-19.543106,12.169361
12919,7.33844698,-15.4038943,8.13209344
12920,17.6252914,-29.8958673,9.04663651
12921,13.7445815,-10.3754367,7.07813757
12922,9.1832662,-10.9731105,6.79595619
12923,12.2725179,-7.63038935,6.83217862
12924,12.6482125,-8.16767693,6.68483867
12925,15.4483449,-18.03701,5.6118314
12926,12.7197171,-11.6446446,9.82403477
12927,11.9254043,-11.7367143,4.65487396
12928,11.8661139,-11.6851851,4.75574124
12929,-2.28239639,-16.6371012,4.68303405
12930,11.3285893,-9.7297611,4.76775677
12931,11.187039,-8.51720464,5.50849656
12932,11.6998845,-8.66445022,5.49861071
12933,11.5447341,-8.18764554,5.77381548
12934,10.8212175,-11.0861036,4.74941791
12935,9.32970791,-11.4593689,6.38975817
12936,15.7164143,-15.0775541,6.17260511
12937,11.4682165,-11.2376322,4.45871827
12938,12.6873016,-21.3473533,3.28585735
12939,9.02388835,-19.5148927,9.23089148
12940,8.80939884,-15.5364005,7.87370482
12941,15.03909,-14.7292794,7.99664565
12942,3.2992352,-11.9880744,4.93133808
12943,2.75628816,-9.57964586,1.69584819
12944,2.9381474,-10.0733431,2.09199247
12945,11.6147268,-11.366875,4.22776129
12946,1.4756916,-13.8158273,5.18197319
12947,15.0601241,-11.1986049,5.55290617
12948,6.51857969,-14.6054327,11.0827738
12949,9.53188547,-16.8986476,7.13185638
12950,3.37980559,-24.7982573,-5.41292267
12951,13.8719732,-12.0002928,10.34397
12952,14.6336477,-10.4843483,7.87168903
12953,14.8152826,-11.0579403,9.47111732
12954,15.3748766,-10.3405659,9.54957989
12955,12.7249421,-11.6521828,9.82204749
12956,-0.0770668827,-15.8376807,9.01261832
12957,9.29237811,-16.4028189,7.13994495
12958,-2.79374853,-13.2821606,6.88922068
12959,17.7546822,-9.41049919,6.53960993
12960,20.304736,-11.0557586,8.27833097
12961,19.3200669,-10.7213927,8.9923213
12962,12.6432623,-11.8019623,9.83291195
12963,12.7154737,-11.6640789,9.82180287
12964,2.53580339,-22.4512636,3.97424105
12965,-0.522063933,-15.0457206,9.45843669
12966,14.2814296,-13.0152031,10.2711579
12967,15.446884,-9.66356599,8.41851454
12968,12.2037028,-12.3137676,9.50076533
12969,12.1929902,-12.3064486,9.46851116
12970,19.1897355,-12.3559209,8.67441852
12971,19.8773874,-10.3245628,5.8900909
12972,19.4723238,-10.1076299,5.81834565
12973,19.7569645,-10.3402842,5.55749901
12974,17.3079689,-10.4776313,5.22088807
12975,19.6189593,-10.4858908,5.37218706
12976,19.4835566,-10.710653,5.31608192
12977,8.99406783,-15.5278449,7.97709438
12978,9.01532359,-15.4813745,7.98687761
12979,9.13451534,-15.7142307,7.76008982
12980,4.79703477,-11.3693897,4.06622409
12981,16.269641,-18.1227248,5.05903743
12982,11.1778571,-14.222197,9.99012804
12983,10.8966288,-13.4628438,9.46138007
12984,12.7986716,-13.1630093,9.55523566
12985,13.4658545,-13.7527454,8.96452074
12986,14.3569349,-13.6963294,10.1311596
12987,14.2822177,-13.9142194,10.2595155
12988,14.7145797,-13.8690012,10.1468802
12989,14.8955138,-14.0028633,10.0470825
12990,14.8873936,-14.0916892,9.83184276
12991,11.9028818,-13.2528418,9.47811847
12992,12.2986703,-13.8726346,8.86123584
12993,14.8861843,-14.0718023,10.2165985
12994,14.8794487,-14.1288377,10.2475519
12995,14.8736757,-14.1808211,10.2350763
12996,10.6732541,-16.0325601,5.49343968
12997,-31.3039648,-93.2066328,-15.186273
12998,11.9676189,-18.9257834,6.49873955
12999,-2.37948042,-28.0815939,-2.89012154
13000,10.0200243,-15.7237438,-0.199907467
13001,10.1547561,-15.4954352,0.0857019413
13002,8.58869585,-15.3765394,7.70622136
13003,-1.39465414,-15.0665332,4.4376847
13004,10.0615428,-22.0482811,8.23672305
13005,9.69058069,-18.4870143,8.73734513
13006,9.68173825,-18.3572651,8.67909237
13007,10.3599194,-20.0932341,8.58047962
13008,9.03442438,-14.8508057,-0.12874133
13009,9.01556383,-15.4709942,7.98908923
13010,9.27815523,-14.2442651,7.91738409
13011,8.28015875,-11.284305,9.7650902
13012,8.30280508,-11.3467265,10.8923548
13013,9.91956033,-13.2566702,8.84765161
13014,9.95592802,-13.3044419,8.95749977
13015,0.528551562,-23.7477918,12.6847641
13016,4.07838904,-20.2320347,5.58548414
13017,5.59050523,-16.2067473,0.857995913
13018,5.29495721,-15.7755438,1.08423922
13019,-1.30446917,-17.9919055,3.510225
13020,7.49004524,-14.445028,2.69508803
13021,9.09378744,-12.7303853,-0.504188894
13022,7.09985349,-11.657386,-1.80158027
13023,6.41669921,-12.791741,-2.7888754
13024,6.77556906,-11.4539765,4.70251756
13025,6.95208492,-11.5984425,4.70823971
13026,6.86647676,-11.7266945,4.71698837
13027,6.82874648,-11.5129628,4.71650451
13028,5.86582742,-9.72384079,3.89147034
13029,6.25871021,-9.18372063,3.22090856
13030,6.13688704,-15.1443139,-1.18338483
13031,5.8126459,-15.6736511,-0.592030277
13032,6.22851029,-13.1722827,-2.59183643
13033,4.43104947,-13.8543064,-0.847815139
13034,0.852898441,-10.5529176,-1.06445401
13035,6.72465892,-8.97798071,-0.172370068
13036,6.81254008,-8.64721714,0.170674172
13037,6.63997321,-8.95475984,-0.192870751
13038,6.38254758,-12.6413061,-2.763374
13039,7.01970562,-14.3087243,7.14286945
13040,6.84250882,-12.9245145,5.37271199
13041,7.38479156,-15.0670047,7.62141348
13042,1.21247085,-15.6089869,3.75569947
13043,-2.75158308,-12.1228497,8.44155023
13044,6.53353208,-13.8524891,6.68625202
13045,5.5735465,-11.0810014,-2.06567703
13046,6.00808201,-10.0451433,-1.18942488
13047,4.91620411,-11.7685951,-1.40740324
13048,2.55313675,-19.6456486,-1.87603175
13049,4.45155745,-18.9568072,5.06354078
13050,14.9355289,-22.0179751,1.26566485
13051,3.80992067,-27.3307505,15.4406236
13052,0.268232272,-19.0810568,-0.784476155
13053,0.0740037218,-22.1109004,10.2951341
13054,6.78941608,-18.4697129,4.22444109
13055,0.555764028,-18.6523372,10.4726665
13056,-20.4208229,-87.0198111,-3.1532087
13057,29.6414556,20.9219769,-88.2943803
13058,-3.47037472,-21.6473823,5.07207403
13059,10.4276022,-17.2054641,-0.229920548
13060,0.0386979859,-15.8702453,8.87909408
13061,1.0420674,-10.6393501,6.75727599
13062,0.161639111,-10.0072066,4.28037286
13063,-10.779335,-93.9623907,-46.9735328
13064,5.11816914,-17.6400153,-0.443333545
13065,6.00272675,-23.2465201,8.00057133
13066,1.34503852,-22.8371276,2.60173172
13067,2.37517144,-22.5220856,3.88598804
13068,3.95681124,-10.5315105,3.87031309
13069,-0.0693471096,-12.0179763,1.38142388
13070,0.715431896,-10.4523715,0.844671275
13071,4.11865426,-10.6301623,4.0813994
13072,3.16265767,-11.8707666,4.66232449
13073,-0.40349865,-11.2012068,3.60914527
13074,0.501566413,-13.0721786,5.98760401
13075,1.32922158,-21.7087885,2.08173716
13076,-0.671911712,-12.1688134,8.92659805
13077,1.20798728,-15.1604337,5.24525311
13078,-1.86571375,-12.5150363,9.49083477
13079,-0.742007637,-13.8025476,1.72397761
13080,-0.357914095,-9.89010816,3.07888481
13081,4.00841005,-11.5916294,4.31603889
13082,3.82638032,-11.7090057,4.40230669
13083,3.96906071,-11.6915136,4.3102862
13084,0.514843458,-29.8480391,-9.68047162
13085,3.76506594,-18.7577561,6.2450841
13086,-0.530996277,-23.6417097,10.8493991
13087,0.108516179,-9.79328968,4.19728441
13088,0.113507187,-9.78950312,4.19575501
13089,-0.547596506,-10.0359741,3.33764813
13090,-0.498031974,-9.99554312,3.41071582
13091,-0.554503991,-10.0541696,3.33992267
13092,-0.27738541,-9.81774977,3.60274278
13093,-0.330672674,-9.85959364,3.62283374
13094,0.0785708761,-12.1000314,1.07099112
13095,-0.885563012,-11.8742819,8.67406397
13096,2.41563659,-25.1799667,4.78503365
13097,4.1425777,-13.542305,-0.587613312
13098,4.19545258,-13.6585384,-0.632547465
13099,0.411797179,-11.982689,0.492256
13100,-0.147487708,-13.2226971,-1.0577902
13101,4.04039557,-13.4988471,-0.582618971
13102,0.758731528,-13.41257,-1.0137478
13103,0.214656826,-12.2507321,-0.566826282
13104,0.427874577,-12.1098171,-0.472623943
13105,35.2145578,-65.9966935,-37.1257161
13106,4.17457223,-20.8305975,6.44067773
13107,3.79430543,-18.861093,5.93544372
13108,-0.485832567,-18.297575,6.81359048
13109,-2.09905299,-13.7581649,9.88825285
13110,-2.03599291,-13.8084208,9.9140886
13111,-1.82938536,-12.599937,9.56830335
13112,-1.7021658,-12.6646427,9.60892668
13113,-0.603258893,-14.6960241,9.69753648
13114,2.41196075,-25.8208057,5.26662497
13115,-11.7767147,-93.5102132,-46.8216149
13116,-0.878086953,-14.6640305,9.76515119
13117,-0.899331523,-14.7330306,9.72434773
13118,-1.54272565,-14.2089312,9.85743452
13119,-0.730277423,-18.8164254,6.18586012
13120,-22.7329575,-81.5953578,-43.6747343
13121,4.31133979,-20.0711175,12.3405044
13122,5.98333644,-23.207536,8.05233255
13123,12.3245788,-23.6751873,-6.84733237
13124,3.70152245,-31.9247128,-17.1427922
13125,-0.567121443,-18.9492957,5.7713745
13126,1.94869817,-16.7300465,8.11538395
13127,-0.493007337,-20.1143106,5.1091418
13128,6.48968105,-18.0333578,3.91649764
13129,8.65950368,-48.7104904,-9.22105988
13130,29.3011805,-3.17566393,-33.938694
13131,-3.44044297,-24.1663014,3.44636416
13132,1.08949083,-18.6866277,-2.86594296
13133,11.3955641,-18.1691216,-1.50408653
13134,10.6391672,-20.0819453,8.43437669
13135,1.47012697,-16.3869662,7.93847103
13136,2.15560095,-16.8110845,7.84505498
13137,-3.22502265,-20.9676038,-2.03086966
13138,-0.258064728,-20.898857,7.12709151
13139,-5.19437927,-29.9138827,6.76113921
13140,1.74167089,-21.6653057,4.49769673
13141,-0.760461801,-21.030016,7.26417271
13142,-3.56634426,-21.5462761,6.50230471
13143,-3.54294827,-21.3569785,6.25509859
13144,4.2025366,-20.1504438,12.5147073
13145,1.84156651,-17.1787923,8.44282684
13146,-19.8623489,-104.547106,-21.0732885
13147,1.65817151,-19.1491813,-3.40010523
13148,10.7752497,-27.6313095,-1.46194348
13149,2.4714796,-23.9032193,3.6419358
13150,-6.71713448,-50.9103851,-12.0893325
13151,19.1695666,-23.6252858,-76.3048387
13152,5.03414103,-22.2065764,5.94676061
13153,6.8911324,-21.7469371,5.2566856
13154,-4.17891071,-26.0224312,-1.14182389
13155,-7.52216017,-30.0687146,3.43654599
13156,11.100593,-20.2764579,-5.92525315
13157,-5.92329768,-33.4981855,-0.443629722
13158,3.62214598,-42.2552615,10.3296022
13159,-6.62736516,-32.4621812,1.40666782
13160,2.75765217,-42.2801326,11.7880041
13161,2.19256104,-25.8125674,5.33713657
13162,-5.68134248,-30.9844378,-1.93671571
13163,-7.05334829,-27.1566267,1.12857892
13164,-6.46086453,-27.9429608,-0.454008745
13165,-3.82041538,-24.1323384,2.84245459
13166,-5.53840317,-25.2200185,1.39484104
13167,-3.87119106,-23.7535194,0.96153207
13168,-3.2576491,-24.0107059,-0.0686054475
13169,-3.2184377,-21.3932945,-2.41178247
13170,-3.26728002,-23.5099655,0.490277152
13171,-5.64074334,-32.2246563,-1.69079214
13172,4.26518912,-16.7213133,1.77748838
13173,4.22819626,-16.7764882,1.74126354
13174,4.31410094,-16.6879997,1.75394439
13175,5.03507274,-16.3288097,1.36151466
13176,4.34372252,-16.6695339,1.74264531
13177,4.83935954,-16.559218,1.89754981
13178,-3.26006028,-21.5587226,0.0374678917
13179,-3.2338273,-21.5423211,0.038702656
13180,-1.4423538,-20.6410044,-4.33034612
13181,-1.51614006,-19.5382875,-3.26280304
13182,-1.69959193,-19.6916535,-3.13082125
13183,-2.18194152,-20.9536535,-3.53197238
13184,12.3787072,-25.7105201,-8.16433674
13185,11.1641237,-26.0691707,-9.77553389
13186,6.10777369,-19.4542382,-10.9936137
13187,5.46648119,-16.8539728,-8.71491616
13188,5.76285044,-22.6526924,-13.5476706
13189,0.996389321,-39.8161518,14.3146285
13190,3.21273961,-21.0218285,-2.73762744
13191,5.11420365,-23.0065972,-13.696275
13192,5.11448646,-23.0113948,-13.6966644
13193,2.63605862,-18.1923105,-9.19402813
13194,2.54994344,-18.3149247,-9.04073828
13195,2.14709254,-20.5826821,-4.85099976
13196,2.36489252,-19.7724709,-9.9907222
13197,2.01607298,-21.6640736,-5.86523378
13198,2.0140816,-21.6845162,-5.90834386
13199,2.52374874,-19.5828667,-10.3126906
13200,2.42443706,-19.7695373,-10.1844116
13201,10.9630503,-17.6983517,6.01175914
13202,7.56889764,-21.5030469,2.69652426
13203,7.75349371,-19.1127409,2.0784585
13204,8.77996561,-18.8802354,1.81517848
13205,13.2004825,-22.0104929,11.4955506
13206,12.6684849,-21.5234025,10.9043726
13207,15.3939277,-21.1129234,11.6119314
13208,21.3654236,-22.4771774,9.02671524
13209,21.0559003,-24.5943753,9.91522833
13210,14.7579354,-22.2753306,12.6331414
13211,14.5227913,-22.5306996,12.6122556
13212,15.6878679,-21.8154969,12.5189
13213,15.7682915,-21.7052728,12.4306571
13214,-1.08440942,-35.9134719,4.17201365
13215,-26.3684276,-62.9207589,-29.9397892
13216,47.8719509,1.21148826,-21.535957
13217,3.06582557,-32.0250242,-17.3110759
13218,-8.11786938,18.6123624,-91.1524964
13219,8.24198624,-30.2694005,-18.5212046
13220,2.61397056,-32.6079729,-17.4197595
13221,1.9536809,-40.7146646,7.10710022
13222,1.81331737,-41.0126126,13.852125
13223,12.6644687,-27.4212293,-3.37870624
13224,12.4318283,-27.5292217,-4.09709042
13225,-1.0385229,-39.6126226,2.4351615
13226,9.11874565,-28.4560119,-1.72144163
13227,-31.1164987,-93.9677813,-15.8804052
13228,3.5591363,-24.6150319,-4.34329216
13229,3.949096,-24.5365782,-3.41102697
13230,6.49877061,-25.7321533,-2.23199708
13231,9.1505405,-27.5243701,-2.4646394
13232,8.35430127,-26.2824868,-4.34423687
13233,6.2793597,-25.2707904,-3.08000035
13234,3.58842325,-26.9329981,15.4513823
13235,-3.85717264,-27.0972718,8.05865347
13236,-4.96250397,-28.6762644,8.08870854
13237,3.89732792,-24.054098,10.7857348
13238,-1.19127477,-24.6491491,9.83456299
13239,-3.20725799,-26.3644786,8.70654858
13240,-3.26240203,-26.6476546,9.40347239
13241,0.335587684,-23.8847577,12.0475577
13242,0.435419109,-23.8847772,12.4093646
13243,3.15898142,-25.7931032,14.9728195
13244,0.755058189,-23.8952712,12.6912922
13245,3.09711102,-23.9967248,12.693211
13246,0.110641171,-23.9587378,11.8486447
13247,0.248123925,-23.9471547,12.2502408
13248,-5.72127673,-52.7317509,-38.4846487
13249,32.5836098,-29.1633107,-52.7964525
13250,37.5308932,-52.5498323,-62.2495547
13251,63.340571,-117.428345,6.86612861
13252,16.8054659,-92.9530316,-42.6761378
13253,-6.90794083,21.7605008,-94.602165
13254,96.0164307,-107.465186,28.3728085
13255,47.4763388,-30.7660389,-72.7596493
13256,29.6240896,-49.892214,-23.835384
13257,-3.94843876,-33.9282944,-27.4160885
13258,-3.75122118,-29.1831097,-32.6586957
13259,24.7202444,-4.12265636,-61.1657821
13260,5.70242805,-2.08064196,-40.2018835
13261,25.4232572,-12.9358355,-53.873859
13262,25.4939478,-19.4512195,-35.376213
13263,39.5407064,-21.9387987,-44.977621
13264,11.3920243,-21.2385491,-35.9110207
13265,8.31787264,-29.4263611,-20.7852804
13266,49.0992179,-8.84079659,-19.7996027
13267,33.7502809,-37.3285079,-372.284484
13268,17.2212719,-4.80739675,-22.8720364
13269,33.7613348,-20.2364998,-46.2483537
13270,0.16417594,-5.10860815,-31.8159676
13271,-3.94487147,-27.3272626,-46.7944252
13272,9.19744704,-30.1722506,-19.5964021
13273,20.2686233,-25.1362434,-47.4171624
13274,23.3174536,-10.8886842,-21.0445453
13275,24.85558,-16.6390347,-17.5971223
13276,25.5864058,-50.4147151,-24.4199757
13277,49.4023228,-31.5485968,-24.5912894
13278,24.4078828,-33.5819105,-24.6167103
13279,20.9180877,-0.189146195,-27.2320092
13280,18.3810743,-43.4511527,-27.3711953
13281,188.832989,-78.543069,-170.360273
13282,19.8108294,-24.7650604,-47.1153235
13283,14.0060215,-5.16699179,-25.3668357
13284,22.270458,-9.76922549,-31.9236958
13285,33.1505064,-10.082376,-32.3328838
13286,81.4012242,0.560434068,-49.9330174
13287,23.4994989,-11.7907322,-20.7766513
13288,47.2782781,-12.1292563,-17.3357511
13289,28.4949871,-12.6140913,-31.915428
13290,22.6183887,-9.84283521,-31.9301137
13291,29.9252974,-12.2688872,-34.1694792
13292,27.7667939,-19.6921378,-52.2737503
13293,22.364191,-28.6508134,-50.814081
13294,24.2260653,-11.2367214,-21.3526473
13295,33.9116452,-20.8423832,-43.2416526
13296,34.5405972,-53.3697837,-26.3140024
13297,13.4007898,-8.32602594,-32.9906124
13298,21.702387,-0.618799759,-27.4110401
13299,20.3252516,-24.7710312,-47.3225814
13300,15.323052,-14.22144,-31.5037365
13301,33.3383751,-3.11728703,-46.7824439
13302,49.0434639,-7.64178754,-19.3426177
13303,30.1633281,-17.4573961,-18.9643597
13304,17.3020609,-2.17149273,-24.3089811
13305,3.9550994,-25.1726207,-29.6209102
13306,15.3414509,-28.2845583,-36.8860564
13307,17.6347049,-6.25767198,-22.3187072
13308,45.4284174,-18.5638333,-16.1304501
13309,28.9739311,-0.454235883,-38.3213879
13310,87.606536,8.5672973,-160.167417
13311,13.0799321,-10.074202,-31.6883394
13312,13.9001882,-11.3802608,-23.8539509
13313,45.7502296,-9.47789509,-33.1419845
13314,22.7304884,-12.5211435,-34.2322422
13315,-1.63948129,-10.9038258,-28.0405296
13316,14.2581704,-7.51884446,-24.000917
13317,46.8749573,-13.8150923,-45.0219978
13318,46.5595232,-37.8432641,-26.5748528
13319,10.207958,-5.48489047,-28.9761375
13320,22.9975138,-12.1503054,-33.0612094
13321,2.24246616,-2.5184599,-28.7129133
13322,35.4228311,4.86001374,-39.6545388
13323,-1.71370908,-114.092559,-21.6407172
13324,44.259579,-30.3720243,-31.9201978
13325,22.0661869,-19.2902624,-17.1318142
13326,35.1939994,-41.7187868,-25.053638
13327,23.2245942,-47.4590112,-43.4208249
13328,37.1360126,-13.1443696,-15.7689415
13329,42.6351588,-15.0218889,-15.7373777
13330,21.0059936,-47.815457,-25.03389
13331,31.6325912,-40.2826485,-23.4003103
13332,16.5285682,-51.1497991,-36.2847915
13333,25.4350995,-17.8733125,-33.5900842
13334,43.9149703,-14.646334,-16.0393092
13335,46.0597297,-13.0828162,-16.9008769
13336,34.5366285,-2.86814622,-46.9597074
13337,26.398374,-21.918632,-18.4088603
13338,37.1037612,-17.9639252,-18.046266
13339,28.0527442,-6.5281626,-50.1595457
13340,29.0217317,-5.66759752,-50.0412887
13341,28.1958546,-6.7289993,-51.7411998
13342,28.3695134,-6.5454202,-51.5768783
13343,16.3660803,-3.19305102,-24.5258935
13344,30.8530781,0.505223608,-42.3345847
13345,14.5243257,-6.1004556,-24.4400626
13346,1.18059651,-37.4727449,-89.2985049
13347,49.1189636,-0.427322347,-20.6799486
13348,45.0635879,-1.41681644,-20.7542069
13349,34.6345638,-3.03011862,-46.917532
13350,22.6844376,-11.4068992,-37.1326518
13351,31.359375,2.60578354,-40.4426606
13352,43.6665422,-18.4115699,-15.9548896
13353,40.4486678,-20.4417894,-17.1068945
13354,6.4342664,1.50140607,-27.653378
13355,21.5376863,-20.1630881,-17.0741009
13356,23.7124046,-6.26997811,-25.4617014
13357,-3.72550198,-11.2165275,-26.8889062
13358,14.5153326,-7.18295293,-23.8292602
13359,47.5139873,-11.5400284,-17.6687797
13360,14.2132498,-5.75474043,-26.0734197
13361,15.2167369,-21.2556989,-24.3736029
13362,12.826588,-20.5726492,-33.4461747
13363,14.5032143,-17.0720322,-22.1460358
13364,3.30674069,-19.3920179,-24.675936
13365,6.59548403,-3.85456429,-24.2396973
13366,23.2231322,-3.56256046,-32.9623241
13367,-0.236155515,-11.0330182,-28.8313844
13368,23.6147774,-4.04477144,-31.4712478
13369,22.3231178,-24.8391776,-21.6547199
13370,23.6377595,-4.29196055,-32.0562596
13371,14.1901883,-9.42789245,-23.5397424
13372,23.3957618,-9.3165061,-23.6852086
13373,14.3466914,-7.44228424,-23.9993887
13374,13.1107009,-9.97091831,-31.2636879
13375,21.113525,-0.702613485,-28.5782695
13376,49.9458432,-60.6300563,-10.3997922
13377,23.6553623,-3.91780061,-31.1529186
13378,23.2685116,-3.03576867,-30.9994175
13379,13.9181329,-6.28797853,-28.4245212
13380,-2.05079511,-28.5655513,-30.3929525
13381,22.9719498,-2.25192517,-30.8420971
13382,22.969595,-2.25326388,-30.864083
13383,22.7924928,-2.08868713,-30.4550277
13384,22.3581581,-1.76672448,-30.0867597
13385,24.1784799,-11.0941954,-21.3857378
13386,21.0260506,-24.7290634,-21.6546499
13387,23.8500513,-15.4295108,-18.2293588
13388,22.817484,-16.2704386,-18.1090196
13389,23.266963,-14.7261951,-18.5973806
13390,23.182599,-14.7977598,-18.5864908
13391,27.2269304,-14.9886072,-30.5222886
13392,27.6550151,-14.9579117,-29.6247466
13393,27.2635419,-14.5567296,-30.4562077
13394,24.194588,-11.3478989,-32.1875351
13395,11.1797646,-6.67466743,-25.3453071
13396,22.7724651,-9.84147187,-31.5269196
13397,12.9921196,-24.5314461,-41.5996077
13398,51.3178612,-18.6261654,-63.9863151
13399,27.1202751,-22.5180373,-39.0064896
13400,25.9988609,-23.21237,-38.642783
13401,23.1213775,-8.64848523,-48.5795888
13402,9.20516372,-21.7323612,-42.7122715
13403,13.8316699,-7.20752975,-25.114506
13404,-2.16647505,-17.6985227,-23.4929919
13405,16.0742991,-3.95364912,-35.2102726
13406,16.6545894,-3.09783168,-33.5442352
13407,8.30242477,1.88718341,-35.8787758
13408,-4.39054091,-27.5908547,-30.8601247
13409,14.5415543,-19.2263473,-30.4711897
13410,10.442641,-20.9879563,-37.5066136
13411,22.7454815,-9.81883001,-31.9604092
13412,22.7879796,-9.41528936,-32.187759
13413,22.7964103,-9.32012502,-32.2586419
13414,24.0790272,-7.09291237,-45.1022515
13415,23.3492894,-10.362008,-34.4953778
13416,3.92793717,-25.5092879,-28.5710385
13417,48.9188834,-50.6257202,-85.470565
13418,30.4175528,14.9268011,-111.856006
13419,23.0971103,-10.1928104,-32.2368781
13420,22.8046026,-9.34908209,-32.237083
13421,23.156969,-11.6892485,-32.9107059
13422,23.4048917,-10.9718984,-32.6764854
13423,23.3700294,-10.5892148,-33.8180774
13424,15.9134744,-2.62065787,-39.2066507
13425,9.42314055,-12.9921048,-34.2907277
13426,27.8962315,-23.6687276,-54.0061705
13427,9.46420703,-0.792042862,-26.2083526
13428,4.17913618,-19.7827122,-23.764156
13429,-4.03223757,-11.2356159,-27.1352249
13430,8.15808245,-25.7363446,-24.2957019
13431,288.701367,-106.073578,67.8696288
13432,14.6144529,-19.9481954,-29.1970389
13433,10.6144648,-18.0184354,-37.0624715
13434,14.5915191,-20.1141125,-28.3466855
13435,-3.11400188,-12.308948,-26.0294534
13436,9.11297573,3.48835838,-32.2468359
13437,5.70191701,-2.06610902,-40.190611
13438,7.84836006,2.34875337,-29.489185
13439,13.9085236,-7.49785683,-25.7640863
13440,13.8524285,-7.46133712,-25.4683083
13441,13.3741702,-8.93220268,-28.9450586
13442,-0.661454857,-28.0056376,-42.0668848
13443,-2.56809852,-28.0976166,-30.0857282
13444,12.7997592,-9.33480158,-28.5300012
13445,12.8588945,-9.45682621,-29.1229346
13446,11.2234071,-9.55974069,-29.4388288
13447,13.7271983,-4.43678083,-25.5550788
13448,13.1117473,-0.276990521,-26.205687
13449,11.8306597,-0.721386159,-26.3857424
13450,-0.919659139,-28.2034356,-37.8562643
13451,-0.825372763,-24.0125818,-45.9024677
13452,6.30184814,-11.1717851,-30.606871
13453,6.52723131,-9.30651779,-37.4852093
13454,8.48492686,-37.0186206,-86.5717398
13455,0.0968182138,-7.68846493,-32.9915338
13456,-2.45282556,-11.2307244,-41.5323567
13457,-1.62922064,-17.2270201,-23.2043167
13458,-3.59120445,-29.0506894,-32.5330115
13459,-1.36982157,-28.9586653,-36.9879331
13460,7.8589692,-3.09752026,-40.0264598
13461,26.6028649,-6.9239114,-53.9058312
13462,23.0487508,-3.19364546,-54.4786783
13463,37.5846573,-19.8215102,-58.2804578
13464,26.2751311,-112.871723,12.5651938
13465,23.4617882,-7.87784946,-48.7284183
13466,1.7369656,-21.9255521,-48.3136537
13467,4.34515743,-11.1998414,-28.8120596
13468,4.47237423,-10.6696331,-29.4746097
13469,83.3779263,-0.204622691,-47.604655
13470,1.4108536,4.69070338,-47.7960108
13471,2.61471704,-15.5248718,-59.8924867
13472,2.88437918,-7.11566287,-39.3952656
13473,5.69410292,-2.07612548,-40.2034624
13474,6.13057915,-10.0835831,-39.4148953
13475,1.48661673,-21.8513632,-46.7025939
13476,16.25945,-13.947717,-45.0996158
13477,-1.19269817,0.933536304,-49.0395725
13478,5.40018949,-8.38216092,-38.9382612
13479,9.28816763,-19.7857272,-42.5475095
13480,9.08495834,-21.1990279,-43.2768198
13481,-4.71967755,-10.4438974,-29.3926621
13482,-4.72087484,-10.4444345,-29.3949044
13483,-3.75110159,-9.66723384,-31.3052798
13484,-3.20302138,-9.83448201,-32.4133254
13485,-3.13551928,-9.40035889,-30.0516648
13486,-2.53040969,-9.10330006,-31.1299199
13487,-2.81503623,-9.12673001,-30.8657889
13488,11.5143835,-21.1525629,-45.1022248
13489,10.7275686,-21.1554378,-44.2916968
13490,26.7885433,-7.47430071,-53.400547
13491,26.9927313,-11.6295277,-55.5742834
13492,25.842716,-9.66135614,-59.8114942
13493,22.9458286,-8.62527795,-63.134249
13494,24.7641177,-5.3487896,-61.8891124
13495,6.749737,-5.03894176,-39.5147849
13496,6.67565131,-4.83015556,-39.5632721
13497,25.5492788,-60.8316319,-40.8044498
13498,0.193654908,-112.437593,-26.1328555
13499,30.6529889,-18.8594475,-54.6546044
13500,46.4775178,-39.2700977,-89.1735275
13501,31.0454457,-17.7254432,-55.4636157
13502,52.2398248,-57.6271231,-27.3681123
13503,247.517694,-58.0829108,5.47355539
13504,69.2303635,-7.72325082,-50.7636354
13505,73.530822,-1.83005008,-53.5530792
13506,35.8717427,-64.6854887,-35.374014
13507,43.434189,-59.3173814,-28.5634716
13508,32.9489232,-62.8102288,-39.3188567
13509,30.6429028,-62.616915,-38.9028244
13510,33.8301795,-64.5284275,-37.6814617
13511,6.1378428,-98.6059782,-1.5084622
13512,256.548497,-184.51839,-132.313996
13513,29.6765019,-115.204055,12.712952
13514,5.63786047,-32.2520296,-98.6194942
13515,-3.03406989,-26.0548421,-133.447344
13516,12.0191862,-39.9004836,-262.262927
13517,101.583445,-40.4718437,-129.475695
13518,75.1522036,-13.730315,-109.258839
13519,12.2749347,-37.3083005,-91.1623655
13520,12.5057119,-37.2496887,-91.0488524
13521,19.4533191,-42.9500224,-93.7042388
13522,29.1373563,-42.7932694,-90.8142317
13523,13.2159924,-165.503273,-527.837705
13524,33.6571256,-77.7816864,-86.0225216
13525,-4.28965342,-79.8831079,-85.6137119
13526,41.660377,-180.07592,-20.2660931
13527,13.7837667,-153.975252,-16.3534204
13528,36.403011,-63.3750403,-32.8426366
13529,13.0401537,-152.816914,-16.0152679
13530,51.3580342,-60.3265045,-67.9834707
13531,130.370481,-50.9669321,-80.9045637
13532,223.168367,-53.1601953,10.4625649
13533,134.559235,-45.6559569,24.3676106
13534,133.224869,-50.5501373,31.7331765
13535,84.2297866,-67.036924,-32.8231573
13536,74.0518967,-74.4263725,-10.3103683
13537,212.311297,-51.1834658,10.6553134
13538,84.4687344,-53.4995069,-40.1701596
13539,50.6056731,-176.555272,-18.617507
13540,18.1355235,-105.127445,11.4537033
13541,14.8009145,-103.921391,10.0672817
13542,61.2260148,-56.2475031,-23.8198962
13543,58.0622008,-58.5644477,-12.7211674
13544,65.9639064,-57.0760818,-24.7956695
13545,63.4776529,-59.627418,-13.4146406
13546,97.7408661,-92.0907354,22.2845606
13547,96.4439652,-81.8931794,22.1988327
13548,90.4254309,-84.1307847,14.704664
13549,41.0801902,-82.1535382,-57.9946622
13550,71.709892,-61.0152701,-31.3471746
13551,76.460895,-67.5466045,-30.1890439
13552,45.5432349,-70.1730907,-44.0835544
13553,41.1866723,-80.4658405,-47.4393045
