ID,X,Y,Z
0,43.04329,0.00285,-15.24144
1,50.05006,0.04641,-3.54701
2,22.3741,0.05279,-34.23726
3,10.24875,0.0301,-27.67017
4,30.07406,0.10531,9.18828
5,33.50702,0.12975,24.1242
6,46.76553,0.20552,24.74704
7,94.93783,0.64656,93.87049
8,15.15471,0.10563,-65.98685
9,25.05232,0.1984,57.08882
10,46.41547,0.36875,18.24869
11,39.21116,0.3276,19.12995
12,106.15825,0.89004,-80.66852
13,112.23823,0.98041,-87.38404
14,32.99341,0.33963,6.41739
15,29.98851,0.39973,45.71488
16,134.57626,1.83821,-60.33177
17,84.89861,1.60395,-25.19918
18,30.23988,0.58202,-32.51172
19,37.66745,0.77213,89.47919
20,6.03769,0.13959,-14.82196
21,39.19512,0.91269,-3.91866
22,8.18796,0.20265,8.42611
23,36.87725,0.95375,12.04043
24,87.85805,2.42944,76.13068
25,74.9949,2.13672,7.65426
26,11.97684,0.34546,6.64763
27,95.50192,3.07411,47.53794
28,105.44224,3.41551,-90.03842
29,29.72468,0.97814,-13.12899
30,51.98815,1.74323,-116.46225
31,83.1425,2.92469,-55.12613
32,94.63623,3.44982,-88.13438
33,115.96252,4.48919,55.26038
34,118.52001,4.64992,-46.02125
35,24.73005,1.0015,53.24893
36,29.95017,1.23028,-30.7674
37,35.57829,1.5108,-22.10082
38,48.61411,2.08756,-32.56038
39,23.64033,1.02591,-117.25341
40,10.04987,0.44044,-73.66576
41,72.27821,3.18344,57.37317
42,54.71941,2.46425,-5.03167
43,63.51319,2.97088,-14.18887
44,14.68444,0.7277,23.85172
45,29.33612,1.45679,17.26673
46,121.82153,6.16498,-41.05154
47,45.31395,2.29414,5.66867
48,19.55637,0.99018,-30.70402
49,90.93429,4.62021,-107.19692
50,26.53896,1.35425,-21.69571
51,92.86418,4.84057,-84.23575
52,133.1388,6.99032,57.89196
53,22.86487,1.20469,11.71635
54,101.01201,5.34418,110.35525
55,39.14252,2.13734,10.18453
56,60.40248,3.2983,-24.52296
57,58.07091,3.20748,-29.44643
58,62.55911,3.48406,5.45507
59,10.78441,0.60481,-17.22732
60,25.5922,1.45812,-25.79198
61,133.2116,7.65676,40.59466
62,33.33902,1.95239,11.54594
63,25.35615,1.49686,-21.58555
64,40.59444,2.48285,-7.8714
65,78.05661,4.90138,-43.23581
66,48.97501,3.26202,65.31148
67,107.59875,7.1804,-11.59708
68,30.0946,2.03191,62.60528
69,111.38911,7.8606,-68.28529
70,35.93445,2.54286,21.24746
71,31.3387,2.24706,-33.36436
72,38.96273,2.84736,14.88425
73,4.81967,0.35553,32.98113
74,127.78894,9.44937,55.06886
75,40.4977,3.07551,13.87337
76,96.82558,7.39168,-101.7435
77,27.96341,2.13956,-30.53439
78,19.77739,1.52243,-41.36105
79,30.94424,2.40606,-70.90365
80,100.76384,7.8392,2.97969
81,134.31491,10.74051,26.69531
82,84.8268,6.94001,-80.0233
83,20.37576,1.70142,-3.59209
84,27.67836,2.3343,-10.05954
85,87.44371,7.43048,-13.62316
86,38.5278,3.40201,-57.32911
87,72.24696,6.48738,43.54136
88,119.34693,10.75522,17.24702
89,55.20472,5.00976,-15.54688
90,67.69263,6.15829,-37.5195
91,80.0719,7.3824,-4.08699
92,50.85428,4.7026,19.18375
93,22.69308,2.10736,-3.31715
94,82.94518,7.81127,-46.14514
95,109.44226,10.3379,86.46605
96,34.14189,3.2368,-37.00633
97,55.48531,5.42904,-68.82769
98,19.89024,1.94948,-10.19703
99,26.4006,2.65188,-34.6106
100,137.31181,13.82689,-15.6335
101,18.51816,1.88642,-12.16574
102,58.55402,5.97326,0.16812
103,28.9265,2.95557,52.92492
104,4.34956,0.44789,19.22909
105,55.30741,5.80859,18.19915
106,43.359,4.62685,-20.19302
107,15.95063,1.70638,-8.18314
108,29.21237,3.20795,30.10344
109,127.68146,14.41189,-67.48884
110,56.57206,6.41526,6.51853
111,89.57034,10.29386,-74.71725
112,73.84219,8.4928,-127.64634
113,17.43506,2.00814,-15.97244
114,38.46012,4.49622,22.53662
115,12.4491,1.46509,-104.18039
116,44.06424,5.23248,-32.91464
117,136.25862,16.18178,-12.01388
118,115.68699,14.32538,-64.72309
119,35.76254,4.48225,-10.48886
120,73.50263,9.25828,-89.97542
121,55.5682,7.08238,-29.02671
122,8.91008,1.14488,56.16898
123,65.43383,8.49867,124.43278
124,57.59918,7.55776,97.66492
125,19.2484,2.53658,73.70535
126,140.64106,18.62512,-55.77501
127,23.01088,3.04754,32.49775
128,48.80899,6.49106,6.20208
129,106.34285,14.23062,-88.50144
130,31.14889,4.17205,13.19098
131,115.5294,15.56878,20.38825
132,63.76076,8.60429,22.23814
133,8.77338,1.19023,38.4094
134,45.50498,6.23415,-41.18405
135,118.23465,16.31532,79.2443
136,93.17376,12.93959,1.00821
137,72.16945,10.04221,96.13355
138,78.67993,10.94989,18.21404
139,43.08501,6.00535,-58.74641
140,46.08149,6.50402,-4.21781
141,18.86664,2.69147,-47.18747
142,73.16435,10.47472,27.33211
143,107.63893,15.44221,-51.54004
144,73.85164,10.71472,73.92533
145,65.56015,9.55602,94.25119
146,131.17022,19.41886,-75.19931
147,32.91186,5.03395,16.28633
148,21.36513,3.27424,-40.50773
149,117.98998,18.12006,28.37546
150,44.45198,6.83341,3.44627
151,21.04322,3.24042,19.64353
152,12.86726,1.98204,-26.33486
153,47.33553,7.31703,35.87702
154,50.14502,7.83985,-1.83107
155,44.19277,6.91156,-63.4599
156,8.8604,1.38881,47.28008
157,135.7211,21.52844,-36.75135
158,27.8452,4.41868,-32.57954
159,92.46042,15.10784,41.73987
160,83.87091,13.77306,-118.69165
161,13.91734,2.28714,-6.50718
162,136.96061,22.72171,53.57041
163,136.5724,22.70462,-58.69753
164,40.12151,6.81357,-8.77842
165,98.65861,16.87831,-47.95715
166,46.31651,7.92827,30.56064
167,26.2754,4.5535,15.93539
168,10.19974,1.76951,4.02599
169,31.71869,5.54971,6.05774
170,65.01465,11.42442,-65.54314
171,51.58923,9.14913,7.16641
172,38.03802,6.79383,58.46152
173,12.98513,2.33736,11.14522
174,139.81195,25.27383,54.59689
175,45.80384,8.30907,16.26068
176,26.20536,4.7686,-34.48397
177,31.85377,5.81806,-7.57833
178,48.74803,8.99376,16.41945
179,30.9037,5.70674,-43.19678
180,29.30659,5.46768,-45.68934
181,38.26136,7.1705,-38.13733
182,18.69041,3.51322,-26.28875
183,35.50199,6.69116,-63.2417
184,135.82837,25.71384,41.3761
185,103.02492,19.69555,-105.55674
186,64.57397,12.34827,-45.80667
187,61.07029,11.69973,-10.2002
188,16.93507,3.25735,11.56466
189,16.46534,3.16958,142.69639
190,27.43768,5.28206,-9.07156
191,51.18711,9.91148,-11.093
192,46.45976,9.0414,136.09669
193,62.07792,12.12016,-11.84751
194,87.77751,17.14116,-70.94159
195,51.81162,10.31187,-7.32565
196,21.57689,4.29994,0.68638
197,46.60598,9.34689,14.51845
198,18.46742,3.73345,-46.34131
199,11.68715,2.3672,-10.7026
200,59.58571,12.23281,36.46681
201,73.36173,15.06616,-119.51735
202,44.11784,9.08927,11.5031
203,101.86905,21.01333,-60.51541
204,45.09717,9.36883,43.93479
205,49.62504,10.39881,22.85847
206,114.69665,24.23311,-38.22889
207,139.38709,29.54323,-14.95722
208,19.88073,4.23919,65.16233
209,7.26388,1.55643,0.68697
210,15.95282,3.43348,-60.57583
211,90.64277,19.54864,12.34802
212,87.62204,19.07005,-72.96351
213,50.37283,10.99033,-23.10239
214,94.77062,20.76121,-23.40127
215,22.09922,4.85562,55.86946
216,145.06419,31.87938,-28.76657
217,7.03223,1.55141,20.27854
218,15.73711,3.4747,-22.67206
219,72.66844,16.21648,-51.15268
220,145.33989,32.95664,-34.20781
221,133.88531,30.48262,8.12215
222,20.19919,4.60416,7.02849
223,11.33951,2.58679,-57.91031
224,33.88259,7.73608,-33.08548
225,57.73277,13.18854,6.00607
226,13.64395,3.12241,-5.91513
227,35.4956,8.12544,-9.68215
228,13.33685,3.07456,97.46894
229,92.02196,21.22445,63.4358
230,64.55989,14.94314,-15.57968
231,26.61964,6.16467,3.25968
232,41.01664,9.61704,7.27965
233,11.82808,2.78579,-7.11711
234,88.61267,21.05751,69.68231
235,116.30976,27.71763,67.61852
236,63.93253,15.39352,-21.40709
237,41.63602,10.04366,53.14988
238,34.64148,8.47143,15.60155
239,12.87628,3.15032,-47.16826
240,62.42789,15.27693,106.84821
241,45.89158,11.27157,-14.42139
242,42.1992,10.36548,0.70762
243,147.19199,36.49909,-19.55335
244,104.47884,25.9379,77.46644
245,25.73071,6.39351,-15.10834
246,78.36989,19.61808,129.27082
247,19.73927,4.95088,-44.54286
248,54.83361,13.8249,-25.22244
249,26.07523,6.61294,-34.27762
250,8.36248,2.1259,22.52968
251,8.73393,2.23062,-17.13035
252,46.3783,11.85173,-1.51735
253,107.17911,27.46733,43.55266
254,90.93516,23.37381,96.68325
255,106.11495,27.39165,62.05925
256,126.76466,32.90589,-63.52757
257,46.70611,12.13047,32.48892
258,87.23621,22.87069,-9.292
259,60.43705,16.00223,-101.64327
260,44.97572,11.96952,-11.58588
261,30.36585,8.13644,-39.30054
262,28.65044,7.71755,-14.22559
263,84.68455,22.83087,27.19452
264,39.16655,10.56366,-9.81337
265,79.96071,21.65651,-41.55196
266,64.93928,17.67285,50.08523
267,41.19316,11.27322,-43.15698
268,57.04191,15.70398,-46.58193
269,78.6955,21.69236,-23.81685
270,29.61263,8.20571,-5.35434
271,76.97134,21.39198,119.91814
272,20.49596,5.71794,-3.91435
273,20.58357,5.74763,1.89261
274,28.56127,7.98246,-11.74784
275,4.49441,1.25977,8.90745
276,39.49374,11.07517,-19.39607
277,55.62481,15.67321,8.00892
278,120.62606,34.04473,-10.60503
279,69.4198,19.79158,-74.19909
280,22.2218,6.41429,-11.08367
281,25.0802,7.25532,12.80182
282,124.30048,36.06956,5.22961
283,88.9889,26.06615,-8.42487
284,139.94416,41.04881,36.65445
285,24.60193,7.2289,7.05842
286,76.95087,22.62607,30.98326
287,89.29885,26.28843,-16.37914
288,137.64294,40.57469,10.53447
289,39.69975,11.76563,-17.11127
290,94.07425,27.92359,-43.67507
291,46.40695,13.8422,-12.34055
292,122.74321,36.73239,73.06782
293,17.74359,5.32189,-22.86728
294,50.91981,15.32542,81.68171
295,51.66894,15.56909,-0.55761
296,6.32873,1.90781,13.51698
297,15.66994,4.74636,44.69161
298,18.27805,5.55592,8.09184
299,44.39082,13.57015,1.61618
300,100.11779,30.68426,-13.62164
301,68.58755,21.06409,124.95846
302,56.61543,17.41786,-37.62847
303,89.56108,27.56448,-32.57163
304,44.25945,13.62234,92.94475
305,33.91645,10.46448,-6.37483
306,25.35413,7.83305,8.23678
307,5.9794,1.8491,95.67277
308,30.34435,9.3875,-15.39684
309,23.75893,7.40063,141.29743
310,130.51165,40.80875,13.03257
311,105.36463,33.3221,-17.31706
312,95.00292,30.1021,47.44481
313,2.97581,0.94358,-7.51685
314,18.68227,5.95333,18.2414
315,13.80104,4.40343,-32.82648
316,126.61848,40.54781,-45.27336
317,45.98076,14.80103,-45.75389
318,119.72599,38.58579,48.3737
319,40.9393,13.23482,24.93066
320,133.33103,43.13341,-50.06614
321,128.47182,41.5731,-5.30779
322,50.52406,16.48605,4.11597
323,30.53367,9.99823,0.5505
324,61.51953,20.21517,12.09794
325,18.92838,6.22036,-9.39078
326,45.47551,15.04886,-97.17806
327,38.67313,12.8033,-117.51756
328,65.84254,21.82237,-2.09351
329,41.64899,13.82891,-76.75771
330,32.03746,10.68042,-4.93615
331,99.84693,33.28672,48.15082
332,27.8762,9.32467,8.70404
333,25.34041,8.56132,-56.7475
334,7.22416,2.45245,-19.68843
335,4.7024,1.62398,99.77614
336,76.40632,26.42634,52.73344
337,24.5018,8.48473,-5.55733
338,19.39048,6.73838,9.71742
339,41.98558,14.60283,20.26039
340,73.64471,25.7862,13.05908
341,68.11217,23.92009,44.66332
342,27.39476,9.64242,-8.05529
343,67.35948,23.77197,108.46125
344,25.59709,9.0627,-30.31748
345,24.43353,8.69442,25.28256
346,91.66327,32.70141,-53.35495
347,26.0381,9.30771,-0.41843
348,21.89639,7.88824,-22.18614
349,113.43183,40.95151,39.50575
350,126.02126,45.68933,0.24732
351,100.76761,36.82588,101.84659
352,107.97086,39.54589,-22.84863
353,34.39825,12.61334,28.96931
354,9.61365,3.53163,15.96971
355,86.66664,32.02568,50.66502
356,61.52444,22.75359,16.19853
357,23.02157,8.54616,14.95515
358,3.86907,1.43695,23.77569
359,11.81213,4.39057,-11.21011
360,71.36159,26.6708,17.03468
361,3.62127,1.35369,16.36765
362,25.99449,9.73543,-14.07777
363,62.95359,23.57813,-15.61174
364,115.12005,43.15099,75.94813
365,39.31788,14.76685,42.7819
366,116.36721,43.72326,37.59253
367,38.28298,14.42891,9.2581
368,65.88842,24.86986,-52.29608
369,84.82477,32.09192,18.23183
370,27.53802,10.43863,-6.78068
371,51.49002,19.6054,14.01367
372,32.44516,12.45846,-4.99757
373,30.72882,11.83767,7.54668
374,47.373,18.28429,7.53223
375,69.61446,26.95366,70.0264
376,103.32303,40.00947,-75.12955
377,52.83606,20.46182,-50.11508
378,23.0528,8.93135,52.06543
379,46.97478,18.24117,-61.80505
380,29.23289,11.3524,10.49309
381,87.62147,34.09574,-96.05014
382,74.02553,28.83281,-65.20409
383,33.85157,13.19137,-0.67156
384,41.28684,16.15394,9.54999
385,79.66094,31.22686,-22.28543
386,61.80551,24.24956,65.89971
387,93.9713,36.95573,-6.93229
388,20.52242,8.07693,54.94559
389,24.04096,9.46216,-28.59187
390,53.24659,20.96246,13.47279
391,41.0465,16.19129,53.06444
392,23.1564,9.13963,-61.13198
393,42.50073,16.79053,11.23824
394,81.54257,32.28198,32.0432
395,82.53955,32.80231,31.00048
396,118.52798,47.1259,65.68475
397,110.31234,43.87524,-80.56283
398,133.72694,53.59644,17.59344
399,101.8419,40.83105,-45.08542
400,34.5732,13.87273,-18.11829
401,75.40394,30.35448,14.15845
402,89.94055,36.20704,60.50596
403,99.54248,40.1036,-20.6692
404,74.52695,30.09137,17.72784
405,20.89568,8.45753,-29.52537
406,48.36058,19.62876,-49.21402
407,103.22042,41.9034,15.57991
408,32.63993,13.30995,21.69497
409,19.91869,8.15674,8.57575
410,123.90355,50.93756,63.25462
411,58.89134,24.27486,21.84547
412,62.62377,25.85415,10.05667
413,55.93973,23.20008,64.95928
414,101.46628,42.12334,11.82612
415,100.59145,41.78504,-60.044
416,112.698,46.90085,-60.08555
417,28.10185,11.70002,-17.05389
418,93.78734,39.24852,-62.20632
419,44.5382,18.65435,13.45029
420,23.88215,10.01235,-29.65465
421,134.12483,56.24029,-12.62124
422,105.41055,44.29879,-14.10567
423,27.26201,11.46685,-34.11041
424,135.83863,57.14795,-6.00432
425,74.05107,31.32642,-46.95254
426,45.81853,19.50149,-63.51769
427,50.29282,21.45287,138.16266
428,91.12989,38.90624,25.23101
429,53.88071,23.01411,-114.21908
430,102.69148,43.92479,-32.34026
431,97.60103,41.82141,-93.13739
432,110.71058,47.44787,87.00793
433,59.81846,25.6797,-48.81482
434,29.0363,12.49794,-14.68297
435,16.34065,7.04251,-7.98841
436,23.43147,10.12054,-24.56321
437,107.45887,46.54057,-97.95524
438,37.70481,16.3727,21.15862
439,23.2201,10.0868,-36.86739
440,29.39806,12.77228,53.8375
441,3.56543,1.5626,31.02628
442,73.01916,32.02525,-56.5507
443,118.05841,51.83428,47.36994
444,87.64002,38.49281,-59.5629
445,18.76027,8.25627,-11.79114
446,25.45461,11.24223,5.04618
447,53.71484,23.7303,-65.05983
448,29.78659,13.16044,-12.63148
449,86.78838,38.35045,19.19134
450,50.06682,22.13559,107.81803
451,73.00462,32.39635,-106.76412
452,102.16145,45.40042,74.94113
453,25.87496,11.49887,43.10491
454,81.90599,36.41312,78.12901
455,84.9227,37.82624,10.39445
456,37.49726,16.72796,-23.12853
457,77.49496,34.68691,96.72161
458,26.72186,12.05704,-16.51408
459,34.64362,15.68234,17.86883
460,9.28864,4.20682,-111.39107
461,49.5098,22.44021,23.11051
462,32.05963,14.60901,40.00211
463,42.89121,19.5776,-18.2478
464,30.06983,13.76653,18.76225
465,72.33135,33.13811,-58.93216
466,17.16726,7.8683,0.21463
467,22.56189,10.3488,24.46953
468,19.72135,9.06841,43.95172
469,31.27039,14.40944,-17.73463
470,77.62929,35.84114,8.35139
471,119.67438,55.3331,33.57223
472,110.22934,51.02589,-80.59465
473,121.16623,56.29456,39.33704
474,4.10948,1.91164,-6.76944
475,14.26548,6.64703,4.29347
476,35.66181,16.61855,-49.62763
477,30.26688,14.1616,1.08286
478,137.6209,64.46089,18.89287
479,55.16434,25.91223,5.95141
480,36.00304,16.92551,35.7349
481,17.57153,8.26225,-22.52038
482,36.04342,16.94814,11.13514
483,92.55546,43.56756,102.36501
484,40.7155,19.17232,53.39694
485,103.69691,48.94754,28.10939
486,124.20174,58.67639,-24.14318
487,101.52464,48.11616,10.79349
488,56.31607,26.7608,23.59668
489,50.13274,23.85819,-99.29811
490,40.32552,19.22373,13.70754
491,50.76337,24.25207,-35.60243
492,6.31622,3.02959,2.58716
493,6.96001,3.35461,-66.44191
494,53.01956,25.62459,10.8604
495,19.62881,9.48758,-34.90277
496,27.36799,13.23584,-12.04856
497,16.5453,8.00366,9.7077
498,35.08474,16.97444,39.4167
499,69.04337,33.43496,130.92624
500,59.33604,28.76621,5.63096
501,39.23703,19.06304,23.24934
502,23.56756,11.45271,13.96328
503,5.3289,2.59008,12.05439
504,41.82836,20.34443,7.8411
505,109.87997,53.48686,-70.02057
506,10.33608,5.06135,-69.32526
507,53.85898,26.55541,-1.10941
508,124.07993,61.24523,6.04916
509,70.04679,34.69276,12.60105
510,58.01643,28.87539,-59.34686
511,35.84292,17.84015,-8.02167
512,57.03545,28.39279,23.5784
513,5.03382,2.50668,-32.90071
514,48.15873,24.06803,-57.62856
515,20.12422,10.10438,4.95593
516,106.4195,53.46091,-53.05908
517,58.05181,29.26225,1.11501
518,30.87589,15.67111,-17.45205
519,28.24899,14.35015,-7.1818
520,3.91934,1.99128,8.95517
521,66.37266,34.05505,58.18486
522,46.50073,23.86007,13.0904
523,103.52436,53.50312,-70.22056
524,106.701,55.26733,65.76978
525,72.69553,37.88469,-114.77561
526,20.68182,10.78138,13.17673
527,89.50084,46.75743,-111.42828
528,96.82843,50.67564,29.69611
529,85.71057,45.06633,10.18976
530,93.63866,49.49497,-88.35732
531,69.07926,36.52164,-14.24958
532,67.25057,35.56355,3.62801
533,96.29787,51.08756,36.03116
534,4.25695,2.26251,-30.50467
535,92.91265,49.49236,47.12874
536,24.4234,13.02159,27.58635
537,34.71175,18.57391,28.96468
538,9.03383,4.84444,-4.23236
539,41.79244,22.42159,4.00988
540,105.16614,56.68851,0.77819
541,79.79851,43.05002,-72.36744
542,10.54109,5.69144,41.67766
543,33.99562,18.36679,-15.02788
544,60.92714,32.91807,-92.73727
545,51.33721,27.74507,3.24975
546,59.43711,32.17777,14.41544
547,16.76128,9.10386,32.44502
548,31.24567,17.02982,-10.01839
549,128.07057,69.8331,29.42006
550,70.35136,38.55448,69.0082
551,37.75525,20.79196,2.22629
552,20.52548,11.35598,-30.94995
553,37.38041,20.80194,-74.67296
554,8.54498,4.76256,-17.10008
555,28.53023,15.919,31.45421
556,98.6034,55.03381,-46.83546
557,64.45128,36.06904,15.24613
558,109.52529,61.42318,-75.70366
559,86.86974,49.02175,61.33508
560,48.65263,27.50788,3.84026
561,59.46448,33.69498,16.55341
562,47.17746,26.7498,-131.50318
563,77.34469,43.95783,-57.92097
564,42.85841,24.38614,57.13536
565,62.9564,35.92576,-111.06523
566,99.02244,56.93654,43.98074
567,51.30248,29.51441,-53.34847
568,46.14219,26.55562,-119.94979
569,60.68624,34.94912,-35.5888
570,74.54563,43.04056,-33.17664
571,74.61982,43.20366,-123.20003
572,23.89299,13.90437,-28.46923
573,5.84573,3.40198,-40.55833
574,107.20696,62.45465,8.71761
575,69.95033,41.08341,-80.31515
576,33.82601,19.88474,9.07642
577,34.21446,20.16516,2.7361
578,96.02961,56.6398,60.28234
579,69.39679,41.0269,-98.63425
580,110.48669,65.35172,28.89395
581,20.43127,12.12499,-20.61685
582,83.65036,49.75482,-26.63705
583,50.94805,30.41576,-1.12445
584,36.01397,21.5262,7.31274
585,24.50935,14.65445,-2.45367
586,38.5975,23.08794,10.04078
587,45.75642,27.55531,-6.12874
588,28.72724,17.3589,15.94824
589,79.30151,47.97701,-60.38329
590,124.6277,75.51429,19.79456
591,40.43853,24.53254,19.88535
592,21.01967,12.75361,-6.90068
593,34.75893,21.155,-53.76993
594,16.98366,10.34557,-10.60539
595,87.91367,53.55772,-87.26399
596,27.52825,16.77221,-5.56329
597,39.94888,24.36764,10.09065
598,38.74295,23.66891,-136.53434
599,34.84006,21.28471,-18.49938
600,6.9808,4.2701,-4.75834
601,21.07102,12.89002,14.71548
602,108.63518,66.55879,-50.84374
603,117.1313,72.12532,32.92774
604,66.91435,41.35377,-27.2987
605,115.15349,71.21171,66.98433
606,68.63093,42.53143,6.10585
607,15.75753,9.76736,8.04675
608,37.45804,23.33897,6.17031
609,51.1384,31.95976,-5.25767
610,48.90578,30.65841,3.0865
611,24.25761,15.33153,-8.41307
612,46.31138,29.34378,-22.72191
613,28.65778,18.21342,-43.0434
614,32.42644,20.68403,-23.17362
615,5.80777,3.71422,-8.46036
616,41.76317,26.78406,-26.62425
617,54.51506,34.98764,10.73275
618,105.1539,67.57758,-78.29431
619,14.16785,9.11646,-12.09289
620,31.03424,20.11105,38.19356
621,40.69673,26.42062,3.70093
622,24.71296,16.08798,13.10346
623,14.15427,9.25499,-23.05926
624,94.3529,61.71,93.41379
625,54.33256,35.62248,-54.52561
626,95.55736,62.65961,-43.86435
627,18.12241,11.90406,-8.40858
628,8.53275,5.62468,-52.69498
629,90.74037,59.98098,38.76314
630,50.15982,33.25558,1.63201
631,49.06709,32.53295,9.47625
632,19.01816,12.61486,-1.44967
633,40.29253,26.74094,112.44088
634,17.55136,11.65061,-24.98355
635,43.41042,28.90499,28.54293
636,75.67757,50.43181,28.88742
637,45.11426,30.28009,-132.78569
638,7.42405,4.99327,21.78594
639,17.52502,11.79514,-6.96091
640,24.38291,16.42449,-78.34786
641,31.23863,21.04915,4.37603
642,26.9709,18.17908,34.22406
643,34.75056,23.51766,-37.78418
644,45.2155,30.69266,6.25485
645,12.173,8.26923,130.40588
646,47.80643,32.63373,28.58829
647,64.5617,44.0944,-56.76774
648,18.48975,12.7007,-16.06984
649,50.86477,34.95741,98.38793
650,28.20609,19.42792,-25.19261
651,123.90289,85.70857,21.65836
652,5.0944,3.52464,42.92037
653,23.88216,16.69128,-20.74139
654,45.57011,31.89925,-72.00911
655,65.52691,46.04522,-122.31172
656,45.98361,32.33619,-29.51474
657,80.87247,56.96314,12.4544
658,43.17154,30.41266,12.8442
659,16.15544,11.3872,-16.02485
660,52.85103,37.25401,-124.45745
661,17.26098,12.18968,-63.65321
662,36.63393,25.90496,41.51043
663,13.89349,9.83806,23.05787
664,104.10586,73.73114,-46.21864
665,21.52713,15.26938,-15.81689
666,28.1914,20.03983,-24.07265
667,21.66346,15.41498,-3.20793
668,54.68713,38.92958,8.45844
669,84.18727,60.11492,-75.45323
670,80.25778,57.35043,-92.6314
671,26.11935,18.7499,10.7022
672,22.2815,16.02188,-93.52236
673,9.72698,7.00211,35.16053
674,110.02294,79.21152,9.00131
675,80.79015,58.36894,-50.77366
676,30.20167,21.94371,3.18193
677,55.82612,40.6223,58.12764
678,101.87109,74.13095,22.83358
679,116.90639,85.33413,24.77522
680,46.2391,33.94766,60.44787
681,22.11967,16.24867,32.47147
682,53.80539,39.55189,15.22954
683,40.98867,30.20432,-28.20829
684,54.36915,40.09294,81.30672
685,73.69476,54.36332,32.5269
686,25.10347,18.51933,17.12594
687,65.1389,48.14547,11.64416
688,51.4375,38.13405,-125.22599
689,46.32336,34.45296,98.63246
690,65.71412,48.88644,-29.87995
691,101.50229,75.87881,64.60683
692,59.69629,44.76552,46.26653
693,29.36006,22.01887,-19.21427
694,28.99016,21.74401,21.75165
695,27.20792,20.41997,4.60703
696,13.23258,9.95008,1.2831
697,95.84989,72.12938,-68.46685
698,50.2665,37.92259,-138.57173
699,52.8757,39.97689,12.36655
700,77.55648,58.75714,-58.70104
701,71.23505,54.01554,28.71378
702,57.01555,43.2849,84.01395
703,14.14063,10.75491,-6.45908
704,47.33,36.02985,25.08838
705,11.47978,8.74625,73.38873
706,73.38779,56.06677,3.53154
707,37.28713,28.49869,-20.99717
708,68.71903,52.53458,14.57694
709,74.90262,57.61824,63.34315
710,27.74417,21.49171,5.17118
711,115.14313,89.55692,5.77516
712,25.50158,19.83661,-11.7773
713,19.86771,15.48172,-6.87784
714,103.94495,81.19353,-58.52853
715,76.36252,59.71583,70.81179
716,63.23544,49.48564,12.73857
717,81.74337,64.00595,-76.61972
718,36.18628,28.36985,2.71778
719,51.60627,40.63844,45.21664
720,5.27442,4.15718,-21.54588
721,35.04066,27.64609,-8.15278
722,75.26495,59.3966,-66.26582
723,19.25875,15.21278,-31.34359
724,82.44598,65.38733,-38.30329
725,25.98452,20.66394,98.05165
726,6.4943,5.18318,-7.96694
727,10.35853,8.27256,-57.63162
728,90.87679,72.59224,17.68064
729,74.09496,59.19089,41.23764
730,31.35104,25.06727,3.82811
731,28.85248,23.07679,-33.46734
732,31.60892,25.30824,-13.776
733,28.8649,23.28733,-3.09266
734,81.8966,66.10618,-28.09271
735,37.50261,30.31292,5.58306
736,15.14761,12.26761,-8.48407
737,21.54294,17.44703,-14.23358
738,5.56062,4.50547,0.86396
739,26.93677,21.83855,-18.60836
740,92.18067,75.02427,-31.0843
741,68.73786,55.95397,12.03098
742,11.37333,9.25822,-51.5151
743,18.83825,15.34944,-1.33997
744,91.56455,74.62336,72.69068
745,92.55883,75.80595,61.2535
746,99.20883,81.70844,9.36904
747,34.54992,28.53164,-40.21011
748,67.61792,56.07783,10.70324
749,90.03223,74.93939,-61.81727
750,88.14067,73.96738,-33.20571
751,14.72217,12.3591,-35.18831
752,49.0305,41.22802,5.15289
753,65.25304,55.03118,-7.50673
754,26.16549,22.08525,-28.5839
755,29.49355,24.96295,31.37884
756,82.87794,70.78558,20.28886
757,82.14175,70.16267,64.74542
758,42.5067,36.33376,-33.75382
759,28.30581,24.24235,-1.53064
760,42.91373,36.77448,140.33346
761,17.38177,14.97013,26.35554
762,57.00678,49.11634,101.78842
763,13.2399,11.44292,6.17263
764,109.96408,95.15459,-6.42919
765,14.29198,12.37674,-19.89067
766,86.09413,74.71054,24.29124
767,62.00123,53.86163,-11.41439
768,90.98325,79.31256,38.66885
769,44.04805,38.56996,27.10087
770,90.60068,79.63436,20.7703
771,26.27424,23.09851,3.40616
772,42.87262,37.73858,-50.64487
773,60.58849,53.39208,-74.88265
774,12.46222,10.99231,16.58788
775,38.4821,33.98243,-15.16986
776,17.31692,15.35454,11.11365
777,11.65661,10.33879,3.24815
778,72.82939,65.00851,13.28118
779,48.68683,43.52093,17.87347
780,104.1371,93.15572,59.19493
781,47.89012,42.94484,7.5511
782,13.45245,12.08631,105.41183
783,22.91633,20.60176,63.98935
784,35.91601,32.31264,27.05326
785,17.88591,16.09509,13.17999
786,74.71933,67.25461,-46.4502
787,57.09723,51.39953,-37.62489
788,14.79202,13.33628,10.17808
789,27.91056,25.2914,22.735
790,71.3964,64.84343,-96.75084
791,12.6282,11.50441,22.68908
792,109.28665,99.58944,14.72704
793,35.69054,32.5403,6.67307
794,7.34554,6.70661,37.18376
795,92.51475,84.50077,2.01433
796,47.5716,43.46753,-19.23565
797,74.71888,68.37727,-46.28573
798,67.74374,62.00108,10.41026
799,19.57495,17.98435,-85.99421
800,38.29793,35.19351,52.89562
801,19.11575,17.58948,-97.40194
802,15.87077,14.62097,6.07001
803,40.30058,37.21112,-132.5723
804,81.15206,74.93726,78.48163
805,38.39903,35.50785,-20.08026
806,38.05953,35.3296,-2.16712
807,75.26146,69.88456,72.07433
808,21.94829,20.42071,-4.35704
809,56.00398,52.12853,101.65009
810,14.88931,13.86992,-37.66267
811,8.59447,8.02199,8.04741
812,94.45188,88.2648,70.55643
813,15.84941,14.82165,-14.33598
814,35.48208,33.19403,-116.19473
815,7.38836,6.92186,-2.29445
816,31.77507,29.80357,4.36219
817,42.99414,40.41332,-129.20982
818,32.0298,30.13607,31.52898
819,79.21516,74.64491,13.26742
820,104.12139,98.12933,-13.14468
821,12.83243,12.10387,31.63263
822,34.82158,33.00146,-47.31975
823,17.36488,16.48445,-17.33469
824,76.22549,72.49582,24.92774
825,61.70239,58.74867,105.83924
826,75.26646,71.82997,-9.70797
827,45.6648,43.63452,-129.51185
828,104.5314,100.03643,-8.35992
829,104.28284,100.03314,1.10191
830,36.35008,34.87986,16.2636
831,92.30958,88.74865,-60.54233
832,39.30868,37.80627,18.53908
833,14.70156,14.15357,10.34145
834,23.03999,22.18825,17.10109
835,35.94705,34.75028,6.9579
836,30.27971,29.29204,10.43626
837,28.9671,28.07762,-6.3156
838,14.86281,14.48501,-30.99249
839,16.68935,16.28925,-10.86244
840,14.58024,14.23384,-9.48829
841,13.51912,13.20653,-48.04256
842,17.5495,17.16651,31.96757
843,95.29685,93.22123,38.96707
844,39.5262,38.74509,24.59965
845,89.36199,87.97615,-26.66803
846,42.41411,41.77684,-32.14775
847,85.12813,83.88372,76.02286
848,22.9007,22.64325,23.0233
849,14.04363,13.89936,-28.01473
850,70.01364,69.29781,93.04042
851,18.12552,17.94828,12.87054
852,62.32972,61.8215,61.88952
853,64.6627,64.16143,-50.30078
854,23.00726,22.89034,-45.0901
855,105.91404,105.38968,4.30735
856,74.4356,74.16563,10.46164
857,45.54887,45.45039,0.70182
858,22.72183,22.84008,3.37846
859,93.66552,94.26814,25.51953
860,65.09967,65.76553,-12.45036
861,105.47891,107.21562,14.04803
862,84.63104,86.22256,86.49723
863,32.80743,33.5439,-12.81196
864,39.53727,40.43814,-6.94886
865,54.73814,56.04543,-10.57191
866,101.04495,104.22986,37.46423
867,36.96196,38.20241,-20.79046
868,23.78818,24.76606,-42.89199
869,71.7408,74.70236,3.36998
870,89.14329,93.27309,-18.76302
871,88.22714,92.33609,-44.17602
872,65.62531,68.7633,81.41904
873,23.74071,24.91723,52.40504
874,54.01899,56.72726,-34.00927
875,87.86399,92.70775,-70.24841
876,29.49999,31.13593,53.16027
877,52.96881,55.93353,-34.27981
878,65.52247,69.28491,22.34444
879,30.729,32.58643,-138.05381
880,14.2316,15.11021,17.64056
881,39.52132,42.22073,-4.01406
882,22.25289,23.82507,-86.11672
883,19.28318,20.69819,-13.04726
884,97.61001,104.92907,-32.01569
885,7.27606,7.82791,-18.64052
886,27.89142,30.12092,-47.70029
887,16.52498,17.95408,24.28057
888,30.58352,33.37473,12.44681
889,17.85482,19.52788,5.64881
890,74.87127,82.03096,56.33543
891,52.86855,57.92582,-89.37654
892,51.91013,56.94318,-33.88593
893,4.19463,4.6023,-65.19115
894,93.96697,103.14639,56.07094
895,35.11258,38.5994,-82.54656
896,34.66716,38.2224,8.3545
897,48.38717,53.40576,59.64261
898,69.04508,76.25668,23.8399
899,32.45867,35.9315,17.36285
900,11.76401,13.05921,32.39895
901,37.54802,41.68685,-46.02829
902,85.0022,95.23695,-46.53049
903,55.46613,62.23513,-91.88869
904,32.60768,36.59114,-21.38931
905,41.76666,46.88786,4.19452
906,26.50658,29.85765,5.40486
907,79.89142,90.00938,-68.93708
908,11.08539,12.59277,21.74537
909,10.84994,12.34386,-8.17477
910,14.50096,16.50365,3.47242
911,33.55637,38.24432,46.62779
912,36.78657,42.03908,38.57893
913,16.81783,19.4215,20.14547
914,22.94986,26.62001,21.14453
915,76.39371,88.62,49.97066
916,23.38655,27.20013,-13.54437
917,63.55488,74.04827,-107.43664
918,12.43702,14.52919,9.02115
919,46.70342,54.74425,10.16992
920,46.82047,54.99843,-29.93457
921,44.15053,51.86354,-1.10581
922,6.45756,7.6092,40.01124
923,91.08641,107.42914,-39.19619
924,37.44121,44.37327,67.51718
925,27.56823,32.75222,-28.90165
926,24.86503,29.54373,25.65561
927,20.21661,24.10287,-17.28298
928,13.32842,15.912,-26.59749
929,51.20428,61.25382,38.3593
930,18.5547,22.20778,4.30143
931,23.70315,28.42623,-24.71227
932,80.99388,97.26163,47.34627
933,21.22083,25.51276,21.73085
934,59.59113,72.00587,-102.99451
935,44.88872,54.30818,13.47881
936,16.67376,20.20907,35.39103
937,8.83184,10.70603,17.97789
938,65.99913,80.04902,-28.69149
939,88.3117,107.21105,10.22593
940,39.94157,48.5203,-66.83749
941,25.65349,31.27069,12.92805
942,16.61387,20.26006,-15.24268
943,57.91507,70.72976,34.61995
944,48.01066,58.86921,-37.24181
945,8.09752,9.93395,-15.27084
946,8.02021,9.84099,-15.12561
947,11.61372,14.28514,17.75273
948,8.24563,10.14509,-10.99965
949,71.41323,87.87798,1.79923
950,86.90301,107.47782,30.96998
951,40.24564,49.83591,29.4958
952,36.71966,45.5037,-35.30992
953,25.22437,31.28245,4.92352
954,9.42089,11.73795,-1.41263
955,34.19648,42.69002,49.46393
956,44.35686,55.41806,116.72253
957,87.86398,109.87166,45.01694
958,29.00793,36.31122,-5.45589
959,71.73415,89.86578,-59.2785
960,26.04332,32.76086,42.5263
961,73.3976,92.58425,-61.02694
962,55.78683,70.56207,-109.67467
963,65.71459,83.28043,101.22057
964,4.52406,5.73768,-14.65404
965,19.74363,25.11484,-23.43394
966,71.41372,91.04137,-83.08784
967,6.37861,8.14825,-111.88202
968,7.31355,9.3498,-4.27483
969,63.01689,80.6694,-20.42952
970,70.27768,90.23884,56.45581
971,77.15382,99.08677,50.88923
972,39.2059,50.3816,26.84102
973,50.17298,64.50986,68.99167
974,12.42159,16.02421,15.49294
975,17.67524,22.90602,-12.94288
976,54.46149,70.82243,-22.98611
977,56.12988,73.0295,-38.16275
978,31.62142,41.18718,-18.51119
979,27.96098,36.58187,-18.64842
980,43.99202,57.63017,80.50795
981,20.84147,27.31745,29.15946
982,65.23326,85.68733,24.73747
983,35.98264,48.00224,-72.46264
984,86.72838,115.83636,-11.1861
985,41.70598,55.70903,-127.60641
986,38.17885,51.06154,-115.10044
987,1.8999,2.5429,-0.52881
988,34.09904,45.70004,-60.67656
989,19.92267,26.73363,4.36158
990,13.95302,18.72348,24.39912
991,9.75656,13.11855,27.6638
992,78.88641,106.42191,43.62562
993,24.00417,32.48086,12.99335
994,8.06835,10.92425,46.07075
995,42.47507,57.63408,7.57301
996,11.14944,15.1717,-36.10196
997,5.24191,7.1497,-9.99236
998,36.47445,49.89084,6.1963
999,33.60946,46.11068,12.17049
1000,25.24578,34.7442,-18.69028
1001,25.32299,34.85585,6.63898
1002,61.76458,85.07506,54.94554
1003,29.93958,41.62494,-43.44424
1004,9.87074,13.75072,55.65631
1005,41.72482,58.1755,-76.71591
1006,25.22731,35.33654,-1.90454
1007,28.1627,39.51935,-36.85888
1008,62.88635,88.49391,-82.62016
1009,21.07155,29.78938,33.31134
1010,20.19334,28.57789,-3.44688
1011,68.20855,96.89701,35.183
1012,77.07263,109.67545,-41.91834
1013,23.91367,34.09413,27.5362
1014,9.61801,13.79843,-18.63134
1015,21.75622,31.23677,-1.47565
1016,80.01625,114.98831,-49.53384
1017,63.96864,92.05696,11.9891
1018,73.68182,106.03553,-68.56787
1019,15.41099,22.17867,16.76252
1020,6.67355,9.64008,45.00959
1021,13.33899,19.36148,-29.47967
1022,36.41879,52.90244,-71.93146
1023,10.14678,14.74189,-34.77327
1024,29.33093,42.64429,0.49067
1025,57.69835,83.94489,6.04013
1026,25.25606,36.92689,31.95018
1027,13.3068,19.49687,-10.74024
1028,24.43233,35.82834,-33.05199
1029,35.28697,51.78323,94.33426
1030,16.63857,24.46125,-6.77253
1031,67.14165,98.7172,-58.16627
1032,5.00781,7.37218,-1.53383
1033,81.20002,119.67659,-5.22596
1034,15.0966,22.36382,47.51848
1035,7.42797,11.00405,-4.6003
1036,39.35992,58.41173,-60.49861
1037,7.11537,10.56391,-10.05255
1038,7.26791,10.79468,-27.6637
1039,25.39605,37.85195,-63.37396
1040,10.27563,15.35099,19.15319
1041,11.86237,17.72799,4.50273
1042,59.88972,89.58141,-0.55804
1043,42.07063,63.12082,-82.37602
1044,10.66121,16.01588,-10.17097
1045,60.9273,91.71905,88.14085
1046,7.20022,10.91261,6.43771
1047,16.7155,25.47162,53.77367
1048,10.06646,15.35793,16.20642
1049,57.99979,88.77768,-59.92027
1050,18.21764,27.92602,45.80715
1051,15.29983,23.53835,36.54447
1052,26.69109,41.0896,-32.54899
1053,3.44285,5.30224,16.19182
1054,18.43166,28.53138,9.23007
1055,33.94094,52.58871,24.09775
1056,82.41019,127.69026,0.60442
1057,17.9791,28.11073,0.78622
1058,14.59542,22.8312,-102.40772
1059,34.57989,54.30927,120.0667
1060,75.4518,118.63245,-42.38157
1061,14.53478,22.88666,-11.97396
1062,23.94397,37.73505,13.87385
1063,29.85124,47.11178,-32.92607
1064,10.5238,16.6131,-18.06281
1065,19.72796,31.28214,16.39165
1066,64.05083,102.0505,-37.21899
1067,57.00925,90.88952,43.4161
1068,13.792,22.0728,21.68203
1069,54.90935,88.44029,66.08549
1070,25.5392,41.19294,-37.06012
1071,7.2138,11.64705,-112.03225
1072,10.61076,17.20266,-15.26605
1073,39.53451,64.23422,-80.58342
1074,45.65459,74.24277,99.0362
1075,5.32652,8.7826,18.65883
1076,20.51854,33.84908,12.10046
1077,7.45268,12.31862,-31.28092
1078,55.18477,91.23169,46.0527
1079,41.78422,69.26995,-39.83239
1080,58.64949,97.60182,-65.24091
1081,26.16508,43.57398,-101.78073
1082,17.32962,28.96079,-44.67609
1083,6.79075,11.36965,-11.65242
1084,19.13002,32.08992,-38.02224
1085,59.37994,99.99546,45.39758
1086,8.03323,13.56725,-0.31901
1087,18.41937,31.18606,-13.375
1088,16.89003,28.61262,14.05179
1089,14.69764,24.93292,-21.22946
1090,50.30613,85.81813,80.0961
1091,27.86151,47.73845,16.79755
1092,61.02415,104.70006,53.01565
1093,28.60723,49.10269,26.85367
1094,18.10193,31.49674,-25.29576
1095,12.54446,21.97044,23.97564
1096,24.30655,42.65767,-88.8617
1097,1.89244,3.32163,15.51814
1098,43.04275,75.64158,94.81241
1099,67.8616,119.85141,66.94851
1100,16.96428,30.01559,-25.62102
1101,38.56395,68.54308,9.14308
1102,55.5132,98.90732,-47.19934
1103,7.35471,13.16367,10.66723
1104,59.88752,107.22511,-48.17428
1105,18.111,32.43953,-15.62909
1106,65.02808,116.84789,-49.09135
1107,19.8695,35.71656,14.43727
1108,14.89899,26.83551,17.15294
1109,64.45891,116.45968,-39.6524
1110,30.47779,55.10503,-104.60869
1111,19.88959,36.00681,-3.3498
1112,58.05013,105.13426,-27.26823
1113,49.08447,89.15554,32.12362
1114,62.09022,112.80353,-47.83994
1115,24.76661,45.00113,20.83892
1116,68.53558,125.13488,-18.62781
1117,22.97854,42.17186,15.54689
1118,14.44317,26.65317,19.65134
1119,10.43319,19.3321,-8.36724
1120,27.32929,50.6552,79.24663
1121,19.36344,36.04435,11.22034
1122,17.99961,33.52059,-32.78774
1123,16.34518,30.47683,120.61031
1124,19.39947,36.18008,62.58776
1125,19.22643,35.91208,-21.13759
1126,46.18284,86.33014,-91.03419
1127,9.99448,18.69529,-27.69814
1128,22.90016,42.94172,14.43303
1129,47.37544,89.09105,31.50528
1130,47.80192,89.93042,95.57066
1131,14.257,26.84534,-41.49906
1132,16.35177,30.83681,27.00411
1133,14.67526,27.74993,6.86666
1134,12.91602,24.42598,-43.13942
1135,6.07021,11.48849,-22.08209
1136,20.40366,38.61835,-55.05232
1137,59.28679,112.52117,56.28392
1138,39.07314,74.39577,29.93794
1139,55.50206,105.82281,70.78966
1140,13.28915,25.38802,19.15952
1141,40.14444,76.88668,62.96552
1142,15.32423,29.38152,5.42977
1143,61.53013,118.17622,-62.24723
1144,14.72035,28.34697,9.99066
1145,18.87479,36.39775,8.77286
1146,33.5556,64.82188,-74.3158
1147,26.60238,51.69376,8.72974
1148,30.60225,59.82318,38.53097
1149,17.5686,34.39686,45.61792
1150,15.29341,29.99415,14.73473
1151,45.63116,89.56038,-31.25806
1152,13.08411,25.74193,148.97222
1153,37.79037,74.58733,26.007
1154,43.99783,86.86501,-4.273
1155,19.59035,38.80948,110.37067
1156,48.80557,96.76247,-12.1332
1157,15.38686,30.77607,106.69675
1158,39.7822,79.61657,-112.26691
1159,47.9466,95.98815,24.28615
1160,11.85098,23.76975,-24.16277
1161,26.55078,53.33077,9.86967
1162,39.72487,79.86358,47.83443
1163,27.69307,55.78421,-11.26865
1164,14.77719,29.80239,1.75579
1165,16.92712,34.25287,-72.44195
1166,19.0284,38.52831,9.9641
1167,8.99607,18.27398,-1.57372
1168,26.04262,52.9091,33.91326
1169,13.39207,27.208,7.78536
1170,2.20549,4.48679,-0.67104
1171,6.41853,13.0927,23.81591
1172,3.42749,7.0224,-10.48767
1173,37.76126,77.62996,4.23006
1174,16.31181,33.55947,5.72326
1175,4.06318,8.37566,-15.67957
1176,8.97285,18.50856,15.22149
1177,20.77452,42.85807,19.1535
1178,22.84492,47.22373,-26.45957
1179,51.39911,106.33806,34.34602
1180,32.53849,67.31921,7.35591
1181,16.90952,35.04742,111.02511
1182,13.10402,27.20182,12.6138
1183,18.64588,38.71498,68.39702
1184,13.83694,28.83497,13.88617
1185,26.41272,55.18008,-44.39298
1186,13.16185,27.58591,-24.2506
1187,9.14765,19.1755,-123.18124
1188,20.61164,43.36894,13.84907
1189,15.80886,33.27316,13.67094
1190,20.9192,44.03855,15.29907
1191,51.53317,108.67344,65.1794
1192,19.58834,41.65744,25.62963
1193,21.60816,45.95998,-49.50449
1194,20.56106,43.89959,10.85734
1195,12.46188,26.77784,-7.78232
1196,12.91295,27.76715,-4.87047
1197,33.36552,71.74889,70.76842
1198,39.25811,84.52985,48.2098
1199,9.04597,19.57294,-36.47644
1200,46.16754,100.19364,72.66572
1201,35.70802,77.60242,9.1346
1202,59.72376,130.22401,-0.24471
1203,14.17711,30.92199,-13.00033
1204,8.49373,18.55161,22.93023
1205,33.14344,72.91169,6.07495
1206,21.12586,46.58631,10.22661
1207,16.17614,35.81762,-25.64195
1208,46.78226,103.72336,88.74353
1209,51.84169,115.21092,-58.6227
1210,24.35877,54.31466,21.26532
1211,18.67475,41.66016,12.88718
1212,18.61789,41.59052,11.92935
1213,17.49799,39.25765,10.75786
1214,18.69167,41.94233,24.23344
1215,28.20194,63.36946,-46.81495
1216,60.19241,135.31289,34.11601
1217,55.83024,125.64516,-39.53319
1218,18.0397,40.61188,-47.92812
1219,19.93574,44.92468,15.97243
1220,11.79576,26.92917,59.2929
1221,16.3811,37.45673,20.19849
1222,52.46809,120.099,-11.67677
1223,18.27747,41.93096,14.87759
1224,19.55075,44.98223,-5.31118
1225,25.32446,58.31482,38.86688
1226,51.49151,119.03852,-49.68477
1227,13.50989,31.31052,-18.86492
1228,16.86645,39.16497,8.18933
1229,17.62636,40.97945,10.41231
1230,47.75304,111.16282,4.39312
1231,43.71271,102.40658,30.59747
1232,18.21796,42.79801,-89.43364
1233,21.93578,51.54167,14.40085
1234,14.80882,34.83592,17.20631
1235,17.80448,41.98183,11.25813
1236,22.24179,52.67897,16.78578
1237,17.42892,41.36853,15.61528
1238,11.04597,26.22165,69.9027
1239,36.26853,86.12186,-33.01542
1240,24.66229,58.68504,-27.75549
1241,4.11538,9.8144,4.28299
1242,31.87425,76.32321,-87.20659
1243,15.12989,36.31402,12.70131
1244,48.60326,116.68006,31.2681
1245,14.84197,35.81447,11.61099
1246,49.24571,119.13446,-31.16879
1247,10.73758,26.01204,0.4814
1248,23.35589,56.6745,51.20617
1249,23.84969,57.97819,-53.01346
1250,34.61308,84.2615,-65.34563
1251,36.18423,88.31564,94.12748
1252,51.2989,125.62339,6.90829
1253,24.73388,60.74919,39.84613
1254,15.30662,37.70383,12.99431
1255,23.92298,59.11748,17.68568
1256,33.31822,82.58243,-48.9682
1257,20.6927,51.49193,12.92746
1258,12.30632,30.72197,22.43736
1259,43.11396,108.21092,-25.91615
1260,7.40407,18.5952,-15.05294
1261,31.15663,78.51546,-66.71972
1262,12.19946,30.77721,-18.93426
1263,52.54057,132.57954,-17.48044
1264,7.73655,19.5324,-40.92018
1265,13.74119,34.71449,14.44461
1266,27.84163,70.50967,-65.67724
1267,9.79176,24.8073,2.51432
1268,38.79388,98.49453,64.11697
1269,5.96777,15.15385,-15.46866
1270,28.19111,71.96532,17.46769
1271,44.07856,112.81639,-54.02957
1272,25.49874,65.34692,-117.44587
1273,10.5258,27.02734,23.60671
1274,43.01494,110.57977,36.2638
1275,34.48467,88.68954,-34.48711
1276,14.3975,37.16096,16.95363
1277,29.5209,76.43173,-93.37135
1278,6.39614,16.59912,103.97447
1279,6.86574,17.86724,5.67336
1280,5.93667,15.48457,24.05098
1281,2.00081,5.24163,-43.09568
1282,32.75615,86.04135,69.25791
1283,18.37887,48.31069,10.9042
1284,5.64125,14.85101,8.14085
1285,10.29568,27.33793,-19.19206
1286,2.16132,5.75599,8.12809
1287,41.2944,110.0277,-5.43209
1288,11.32704,30.18536,28.63653
1289,43.04562,115.16839,-63.35365
1290,11.3483,30.42572,-8.27947
1291,20.86849,56.21743,-50.64826
1292,24.74415,66.68101,129.45948
1293,36.39424,98.50376,95.35292
1294,20.83369,56.65904,58.86486
1295,20.34144,55.38133,-15.10321
1296,31.99505,87.33202,63.04048
1297,10.86358,29.65666,-31.72016
1298,18.97166,51.84676,12.8713
1299,27.41729,74.93845,-31.02731
1300,9.60309,26.28086,4.86976
1301,13.95493,38.26216,9.19965
1302,31.25704,85.7749,121.50008
1303,8.75778,24.0688,-15.43571
1304,19.65867,54.08267,24.78821
1305,5.72774,15.78024,40.70777
1306,13.79478,38.11992,12.01882
1307,4.24205,11.86663,4.81279
1308,46.49455,131.28563,54.88721
1309,26.07413,73.62582,-110.72486
1310,8.4696,23.94658,-17.08055
1311,9.21861,26.15314,-51.33169
1312,22.14559,63.21513,-81.20192
1313,8.13996,23.29051,-23.9885
1314,14.79504,42.38005,15.20422
1315,14.95875,43.15448,9.01598
1316,6.47708,18.70207,10.38572
1317,15.41754,44.52662,-13.33778
1318,26.35633,76.93317,90.87755
1319,7.82792,22.96034,-18.36021
1320,20.25814,59.64884,-124.86985
1321,33.20274,98.46415,36.48944
1322,6.81975,20.27903,-20.58688
1323,4.18359,12.44023,-15.68235
1324,10.00716,29.86448,-35.02394
1325,23.70509,70.76999,-61.21087
1326,27.69619,83.11219,29.71223
1327,23.42316,70.68085,47.67805
1328,12.39966,37.50589,12.64362
1329,43.99494,133.32819,-54.48966
1330,18.20191,55.55387,24.87615
1331,12.61985,38.66502,19.96961
1332,8.94363,27.46149,-24.61972
1333,11.8945,36.60637,-34.52587
1334,7.91993,24.38165,-4.95215
1335,20.04651,62.28894,106.32137
1336,33.72619,105.42318,-97.81045
1337,18.65857,58.4773,37.52302
1338,14.55322,45.61195,22.12548
1339,7.51896,23.68408,-6.56021
1340,5.22562,16.4771,-23.68931
1341,4.43306,14.03266,-10.34557
1342,21.49019,68.35903,-20.84184
1343,14.40944,45.85061,-23.57735
1344,33.02512,105.21836,-49.95258
1345,3.15059,10.05561,20.98223
1346,41.69424,133.91148,-0.23218
1347,6.49172,21.01807,-29.62659
1348,7.56165,24.64185,-18.61768
1349,6.09617,20.00939,20.89845
1350,1.25365,4.12206,-32.62227
1351,33.25612,109.35405,85.01625
1352,14.52209,47.79139,17.1959
1353,22.40485,74.09085,28.17388
1354,38.82367,128.93669,67.95297
1355,7.1843,23.90004,10.20259
1356,37.17848,124.64986,56.06181
1357,38.11388,127.89927,-65.32703
1358,26.04587,87.70272,101.45289
1359,6.00365,20.2903,-15.04026
1360,37.63166,128.6831,18.316
1361,30.7362,105.14982,-62.13564
1362,11.56476,39.72496,42.44909
1363,9.26711,32.15547,12.18191
1364,4.36873,15.15976,-8.58865
1365,10.3189,35.95328,-22.34919
1366,35.98974,125.73924,54.37955
1367,13.83632,48.55029,12.13358
1368,4.37019,15.35016,33.31562
1369,37.31853,133.14943,42.6825
1370,31.38043,112.72192,-81.60278
1371,12.7544,46.44124,-24.60768
1372,10.67159,39.2065,-81.23068
1373,30.40384,112.13649,-73.27691
1374,11.59522,42.9824,21.65187
1375,21.24688,78.7875,-33.63253
1376,8.99022,33.33885,-6.70182
1377,18.07873,67.13445,62.32341
1378,4.16485,15.63764,104.46219
1379,37.01894,140.07818,11.5752
1380,2.23966,8.47849,-0.88317
1381,15.17683,57.45629,4.92033
1382,5.5983,21.21358,39.78544
1383,29.35813,112.93142,93.78093
1384,38.32662,147.77019,1.92425
1385,16.64642,64.55603,-32.91282
1386,21.36324,83.17443,-53.1852
1387,23.52264,92.20932,-7.00519
1388,18.53942,72.89867,6.83066
1389,12.9391,51.0664,12.87195
1390,2.16543,8.57929,-2.76823
1391,5.92552,23.48728,-10.40743
1392,20.56957,81.73019,-110.63854
1393,30.77907,122.89978,14.7497
1394,7.92689,31.78563,18.06742
1395,11.0372,44.34196,-41.67153
1396,11.09456,44.8354,-32.92453
1397,30.98751,125.39022,17.76266
1398,21.46649,87.44352,-33.2103
1399,3.52573,14.37899,-38.9106
1400,15.63522,64.22331,-32.45638
1401,15.14877,62.45161,-26.44892
1402,9.24693,38.12328,-26.27364
1403,6.51519,26.88568,36.45947
1404,16.93339,70.09096,8.1712
1405,1.44907,6.01157,-9.72681
1406,17.2936,71.78809,17.43681
1407,10.68391,44.43311,-11.32123
1408,11.77002,49.30914,16.29229
1409,5.35212,22.59736,5.98276
1410,30.09067,129.28764,-33.06352
1411,16.39393,71.12797,10.12698
1412,25.4717,110.54134,32.21796
1413,8.90636,39.85318,110.03784
1414,20.84837,94.14655,-0.95124
1415,15.65066,71.89202,8.08959
1416,10.01196,46.71524,-1.54793
1417,19.81006,92.58836,27.23184
1418,6.10715,28.67337,-4.70194
1419,20.41688,95.97142,-52.66278
1420,21.19044,99.82623,-90.82143
1421,4.39728,20.81701,18.78878
1422,26.2007,124.78537,66.67079
1423,18.66347,88.95175,-24.27055
1424,6.11745,29.33812,10.74455
1425,21.30081,103.06456,5.26001
1426,8.01369,39.6808,110.16869
1427,24.59928,122.70998,76.3988
1428,5.13721,25.7092,0.30341
1429,7.49926,37.55513,0.47411
1430,5.6658,28.46749,28.5542
1431,10.7747,54.30971,-41.19672
1432,9.31943,47.05542,81.13033
1433,17.58004,90.98638,-115.58673
1434,7.48474,38.91651,33.08701
1435,5.10588,27.2067,-19.30697
1436,14.45962,77.13365,34.95651
1437,26.02646,140.25873,20.3145
1438,8.46686,45.69085,-24.18022
1439,10.00562,54.18178,-15.99399
1440,10.88778,58.99778,39.51672
1441,24.62748,134.26532,-13.53049
1442,6.82292,37.46136,-9.50677
1443,3.37515,18.56673,-7.39306
1444,6.03082,33.34449,108.06202
1445,2.98215,16.57585,-0.9045
1446,21.52432,120.15517,6.65956
1447,4.06645,23.05683,-6.64284
1448,5.13692,29.18976,-17.92659
1449,19.04244,109.07436,-73.00564
1450,9.21762,52.8462,11.02115
1451,1.72776,10.01526,-47.49198
1452,22.29696,132.96258,-42.77659
1453,21.63204,129.18568,55.47492
1454,3.22835,19.62008,0.90415
1455,14.37314,88.40765,73.3036
1456,11.33903,69.87493,-43.70668
1457,3.12665,19.37561,27.82264
1458,6.97742,43.46604,-46.31352
1459,2.16213,13.51268,4.26859
1460,5.85893,36.68911,45.47096
1461,1.83387,11.4999,29.84988
1462,8.15313,52.18676,-0.82207
1463,2.12813,13.62976,-11.15874
1464,18.54637,121.6832,-27.40981
1465,2.43585,15.98422,34.96317
1466,3.13183,20.90263,39.39042
1467,2.21971,14.96084,-9.63713
1468,2.95519,20.05927,-40.11033
1469,12.71192,87.2826,57.85575
1470,18.5483,128.94201,5.32599
1471,15.27076,107.32532,-42.43112
1472,14.24846,100.26581,69.54063
1473,1.77885,12.83509,-0.79199
1474,13.29336,95.92296,67.04868
1475,4.18095,30.19513,-25.01339
1476,8.63068,62.44218,81.30753
1477,0.84409,6.15132,-13.59221
1478,7.40522,54.47339,9.94047
1479,19.0404,141.73416,-8.61235
1480,18.41358,138.61706,-2.66586
1481,14.84216,115.23066,96.89704
1482,13.72992,106.74989,106.64328
1483,14.25378,110.96858,46.25611
1484,11.26465,87.96738,78.35789
1485,8.66865,68.64898,-49.30185
1486,12.35302,99.17534,-103.22338
1487,0.89122,7.22652,-29.96364
1488,8.75452,71.11186,-21.46276
1489,4.88667,41.06668,-32.91209
1490,6.52704,55.14031,-25.01832
1491,3.75469,31.77693,18.02208
1492,3.54026,29.99729,-15.20821
1493,8.15031,69.17698,-49.02609
1494,3.27836,28.33701,-35.30946
1495,2.71458,24.59527,-10.7428
1496,8.78252,81.03413,-53.09432
1497,1.56727,14.74924,-28.85786
1498,1.141,11.09642,2.23464
1499,1.60473,15.89985,-17.7263
1500,2.32714,23.1771,30.38313
1501,5.44622,54.60073,-50.66151
1502,12.34351,126.81898,84.52563
1503,1.21466,12.73487,16.05122
1504,2.11504,22.66381,-18.01328
1505,5.22649,57.27819,50.63394
1506,3.71124,42.48011,4.52788
1507,3.97625,45.96282,126.62859
1508,9.66366,112.16971,51.3974
1509,8.24931,100.61466,67.8856
1510,0.59248,7.26036,9.83808
1511,10.38956,129.02996,-35.50397
1512,2.73521,34.40961,-41.14362
1513,7.94858,100.37042,76.18955
1514,7.94446,101.31948,42.4304
1515,3.97965,51.20055,6.67246
1516,2.69236,35.0721,77.8963
1517,2.48567,32.40793,-39.39479
1518,7.06995,92.29152,2.38286
1519,1.66039,21.73634,39.83891
1520,2.3531,31.22512,1.46593
1521,7.16345,95.22039,75.13744
1522,8.01606,107.66829,27.2766
1523,1.84524,24.79911,34.55307
1524,2.50609,33.77868,51.33269
1525,1.73982,24.03678,-26.60014
1526,9.74759,138.11005,27.93144
1527,4.16959,59.42241,137.82836
1528,9.48843,136.2875,-45.15028
1529,0.58574,8.67048,-24.06767
1530,2.90064,45.44915,32.62622
1531,0.99759,16.34041,12.46486
1532,7.80138,127.95285,11.44237
1533,6.91025,113.36891,-8.47691
1534,5.72395,96.74517,-102.47409
1535,5.4535,100.22942,28.24282
1536,6.021,112.33122,-83.76272
1537,1.87187,35.13791,-112.99086
1538,5.15317,98.22041,-14.39676
1539,3.24878,65.08384,-88.63384
1540,1.6903,33.99283,-28.49003
1541,3.20563,66.36796,-89.67257
1542,2.35653,50.30752,-38.66318
1543,1.41454,31.64233,16.22374
1544,1.52362,34.1103,22.15082
1545,1.31566,29.61837,-44.23104
1546,0.63022,14.19813,-44.83821
1547,5.69999,139.48694,4.14252
1548,2.1173,53.51353,67.36384
1549,0.8434,21.36916,-15.4065
1550,2.20399,56.43701,11.48982
1551,4.6526,125.04975,-52.92873
1552,1.89782,51.08621,41.61715
1553,2.53749,78.06128,-60.21436
1554,0.16578,6.4077,-11.11262
1555,0.31777,12.33772,-24.3176
1556,0.56508,22.24289,-26.86122
1557,0.71865,29.03293,120.62258
1558,0.64109,26.59062,0.99567
1559,1.68118,76.17208,-129.90794
1560,3.07554,139.62384,1.40734
1561,1.5772,80.28329,-60.7749
1562,1.82621,93.04984,-7.51502
1563,1.35355,82.42108,-34.71913
1564,2.1039,140.72386,-60.36579
1565,0.12676,8.8238,-58.26299
1566,0.54669,39.20349,7.25232
1567,1.2789,92.25581,18.807
1568,0.78571,62.6996,92.78
1569,0.84806,71.24065,15.37731
1570,0.36298,33.00958,-25.6511
1571,0.55944,53.03413,119.66316
1572,0.96498,122.52677,-2.12587
1573,0.74438,117.92423,95.13234
1574,0.42494,69.05109,-27.26173
1575,0.58959,120.87009,58.37189
1576,0.04508,10.17496,-49.05607
1577,0.05201,25.14008,34.96686
1578,0.05311,60.60952,85.1194
1579,0.02149,28.65807,-32.09722
1580,-0.03126,128.51493,-6.9018
1581,-0.05921,134.67245,69.42742
1582,-0.10962,79.65571,78.52963
1583,-0.01846,12.82379,-7.71482
1584,-0.06116,39.3393,24.04187
1585,-0.04425,22.41746,-39.61334
1586,-0.11613,29.57656,11.36642
1587,-0.1553,19.35464,-59.42746
1588,-1.43998,128.73661,-33.28889
1589,-1.15344,91.41833,86.39164
1590,-0.87888,64.28656,71.37417
1591,-1.51613,106.60091,-52.65547
1592,-0.84512,58.72701,54.60086
1593,-0.31437,16.64656,-24.05738
1594,-1.64903,73.55689,124.37612
1595,-0.96392,37.30501,18.65116
1596,-0.36704,13.87184,-23.59691
1597,-2.54036,95.00922,-76.88762
1598,-0.77122,28.15123,-14.91462
1599,-0.38528,13.58615,-43.13787
1600,-1.66056,58.54866,4.6235
1601,-1.64835,56.76374,113.66892
1602,-0.43362,14.88214,4.14079
1603,-0.37083,12.62633,-24.45586
1604,-2.47181,80.55285,-80.84892
1605,-1.73652,56.38514,-106.78859
1606,-1.17514,34.20269,4.94395
1607,-0.323,9.3408,23.10653
1608,-2.08981,57.78688,-83.32046
1609,-4.51684,109.64168,32.8548
1610,-2.63343,62.9923,-16.40461
1611,-2.48614,58.71525,20.34248
1612,-1.4356,33.0772,22.44632
1613,-4.17214,90.32864,-46.38078
1614,-0.59869,12.47118,-27.02608
1615,-1.98535,41.13666,-10.11639
1616,-1.44827,28.83489,-25.61319
1617,-3.38085,67.11881,64.44441
1618,-3.90757,73.13467,-19.14615
1619,-7.29513,131.71826,-69.33547
1620,-4.67272,82.7174,-95.49126
1621,-6.70049,117.57432,-10.16882
1622,-4.65457,77.45632,96.41565
1623,-3.74055,61.69351,3.03312
1624,-2.27141,37.10866,29.93656
1625,-1.85429,29.45959,2.67011
1626,-4.03898,60.43036,-20.23781
1627,-3.67089,53.65595,127.63606
1628,-5.2251,76.27607,132.41849
1629,-5.67991,81.52511,14.82473
1630,-3.65356,52.42497,94.20859
1631,-2.02821,28.08689,-24.07844
1632,-2.208,30.32208,14.31085
1633,-2.43448,33.32032,35.90416
1634,-5.44314,73.15785,-56.77614
1635,-4.67785,60.67273,-99.40255
1636,-11.58218,146.01905,-17.27318
1637,-5.83129,72.95027,76.74436
1638,-9.32062,116.18428,59.92896
1639,-0.95487,11.82258,-36.6025
1640,-1.46507,17.98788,44.06657
1641,-8.53203,104.48863,16.69315
1642,-5.90746,71.92929,130.64438
1643,-2.01681,23.99886,-38.62317
1644,-2.63079,31.13898,-23.94671
1645,-5.53775,63.3036,-116.21134
1646,-2.46359,27.84935,1.10294
1647,-7.90132,87.49774,-69.03418
1648,-1.98968,21.75995,-113.11624
1649,-9.392,101.95611,75.24762
1650,-2.9994,32.52247,79.70021
1651,-3.58695,38.19216,11.94427
1652,-2.42008,25.65943,-10.52532
1653,-0.88432,9.2125,-46.38951
1654,-3.87223,40.31114,-35.05554
1655,-13.15104,135.94193,-38.2956
1656,-6.46113,65.95457,125.18388
1657,-2.67411,26.60182,-12.21584
1658,-7.70392,76.15381,117.75945
1659,-4.64317,45.01985,-72.93578
1660,-7.92616,75.35872,-56.49675
1661,-13.29287,125.56381,-25.75788
1662,-6.93708,65.51525,114.49953
1663,-8.58899,77.79872,98.87191
1664,-3.10239,27.61428,-17.01579
1665,-6.59098,57.88625,79.45034
1666,-1.58206,13.79357,4.71495
1667,-14.55902,124.67133,-82.81314
1668,-7.87716,66.05536,-118.68211
1669,-4.76907,39.6974,-19.27235
1670,-13.51426,111.70875,71.85958
1671,-9.26193,74.58931,13.66469
1672,-15.45199,123.07738,-39.02995
1673,-3.32155,26.02351,13.37291
1674,-4.51151,35.19617,6.85503
1675,-6.71744,51.94207,-80.19817
1676,-5.0517,38.8084,28.32251
1677,-3.66529,27.72548,-5.8472
1678,-15.54527,116.93742,72.21048
1679,-19.25563,144.32157,-44.35622
1680,-4.02305,29.76912,48.3802
1681,-4.20514,30.71201,3.19085
1682,-14.01989,101.74126,-22.56544
1683,-7.53175,54.65036,-1.51191
1684,-3.8384,27.27211,23.44151
1685,-5.24472,36.60083,-20.98969
1686,-16.9515,117.70303,-23.47381
1687,-4.80255,32.91096,3.18094
1688,-15.34729,104.4212,-40.35339
1689,-11.11054,75.23391,19.18056
1690,-3.12571,21.10083,-77.9757
1691,-14.7902,99.48358,-73.69825
1692,-7.96671,52.12872,40.35131
1693,-19.16213,124.37848,76.92125
1694,-14.68367,92.47337,-43.39508
1695,-2.98477,18.48817,-6.54204
1696,-16.82445,103.2166,-82.13775
1697,-5.22002,31.97458,11.63392
1698,-1.56938,9.58765,-11.59391
1699,-7.37062,44.72453,-43.25788
1700,-13.68786,82.9231,-51.4103
1701,-23.79268,143.4384,6.86769
1702,-13.57313,81.81189,-19.12278
1703,-16.83156,101.14422,-64.91998
1704,-22.23456,133.25988,-44.51719
1705,-6.62818,39.13927,33.00684
1706,-12.5967,73.96728,61.61268
1707,-7.40314,42.86607,-21.75686
1708,-24.88328,143.74902,35.52615
1709,-16.70122,96.36273,89.58206
1710,-10.31988,59.24782,3.48847
1711,-1.27099,7.27608,-10.79127
1712,-10.97461,62.70224,-37.45107
1713,-18.60348,105.64604,-84.28986
1714,-7.38338,40.87204,-126.14026
1715,-2.86719,15.75383,7.11535
1716,-4.17224,22.69976,-16.49549
1717,-25.45205,137.48412,-51.58134
1718,-12.49882,65.70261,65.77997
1719,-21.91449,114.80161,88.54369
1720,-5.57302,28.75966,-41.17233
1721,-15.71041,80.84524,19.35948
1722,-8.63085,44.20488,60.41736
1723,-5.00782,25.57017,22.35081
1724,-20.56589,103.14406,-21.23222
1725,-27.22318,135.65449,-60.05257
1726,-4.20699,20.63679,13.44616
1727,-7.01087,33.83572,53.55487
1728,-30.16942,144.00246,20.77525
1729,-17.68802,83.82751,97.82753
1730,-23.69959,111.83143,4.81558
1731,-12.12345,55.31661,-37.35923
1732,-4.85568,22.0869,15.918
1733,-3.85102,17.48764,-64.82165
1734,-17.04701,77.391,50.6935
1735,-13.04088,58.91126,-32.21619
1736,-7.68429,34.70777,-43.29933
1737,-11.38535,51.03752,-30.12757
1738,-7.11339,31.82329,-40.33467
1739,-5.42176,24.08745,-128.01893
1740,-18.30496,81.28167,74.44609
1741,-15.51722,68.47726,78.12748
1742,-6.94292,30.63092,57.9069
1743,-2.84331,12.42868,13.85046
1744,-19.53862,85.16415,-85.28627
1745,-3.97711,17.30943,46.36733
1746,-1.72534,7.50495,132.93293
1747,-1.96041,8.44005,-0.78454
1748,-32.98201,141.78433,-13.54574
1749,-6.66809,28.323,-12.4158
1750,-28.93332,121.98437,24.36227
1751,-17.95318,75.41901,-110.23995
1752,-7.95707,33.11909,-41.48513
1753,-17.70519,73.47712,-16.11827
1754,-33.08488,136.96055,-58.17949
1755,-30.38948,125.72281,50.06899
1756,-15.6689,64.58304,-34.68277
1757,-1.09258,4.47989,3.02543
1758,-15.74957,64.11333,80.29355
1759,-19.52769,79.4224,84.18239
1760,-9.12517,36.81629,-96.32036
1761,-3.51279,14.12388,21.28659
1762,-4.49388,17.86875,15.50192
1763,-6.04574,23.9248,-43.94926
1764,-23.05712,91.16577,-116.19162
1765,-17.27582,68.10406,74.57367
1766,-27.76956,107.57063,99.00344
1767,-26.87446,103.20785,83.28782
1768,-5.48194,21.03286,-5.01463
1769,-13.912,53.34905,18.981
1770,-12.24818,46.80086,-70.99507
1771,-11.52316,43.15904,27.56945
1772,-8.61935,32.25626,-82.29487
1773,-22.04073,82.47791,-74.21741
1774,-2.28492,8.52782,-16.15046
1775,-3.3495,12.48653,55.89681
1776,-35.90437,133.4137,-49.74424
1777,-6.40994,23.71812,-21.64552
1778,-2.99211,11.06851,-63.0688
1779,-15.8416,58.07968,29.6664
1780,-3.46933,12.67594,-6.39532
1781,-9.28743,33.92639,10.02893
1782,-12.17919,44.4004,132.27229
1783,-7.45654,27.07401,3.41161
1784,-3.60453,13.07835,15.26885
1785,-34.67722,125.29288,-3.05413
1786,-5.01875,17.87955,-2.2139
1787,-39.22532,139.49548,-43.472
1788,-8.88925,31.18778,10.44862
1789,-3.38329,11.83045,-11.7022
1790,-3.00977,10.49918,-10.40541
1791,-26.14321,90.00892,-37.92901
1792,-34.41197,117.86765,-48.24451
1793,-9.04101,30.40939,-34.7272
1794,-8.28367,27.02839,-4.96875
1795,-29.15459,94.05465,112.75638
1796,-19.15824,61.10626,114.54799
1797,-19.47119,61.54115,-4.78273
1798,-19.14771,60.00528,-72.28543
1799,-14.80116,46.15042,53.65915
1800,-24.40955,76.09546,46.596
1801,-7.40089,22.95913,27.10475
1802,-33.8962,104.85881,90.26471
1803,-18.58695,57.26888,-89.78954
1804,-2.81316,8.5157,-17.86754
1805,-7.22896,21.63974,10.64455
1806,-12.01154,35.91613,115.2988
1807,-22.76936,67.90701,51.17764
1808,-23.8936,70.53674,-38.00837
1809,-14.17901,41.68374,12.56664
1810,-23.42949,68.67193,-94.55878
1811,-2.77541,8.12913,-37.29371
1812,-34.2055,100.13718,-20.35798
1813,-18.82261,54.92197,68.67562
1814,-39.27283,114.51023,-22.61946
1815,-9.73866,28.31644,51.1167
1816,-10.22941,29.72669,-46.14324
1817,-11.13265,32.25069,-2.18586
1818,-11.36714,32.76352,-49.92791
1819,-19.55889,56.17192,1.01695
1820,-6.3694,18.24235,-32.31431
1821,-32.74713,93.43216,49.06827
1822,-4.50098,12.84053,34.47663
1823,-3.34339,9.50827,-10.80105
1824,-27.8725,79.06407,72.73435
1825,-42.95281,119.75641,0.17649
1826,-47.15664,131.23131,-43.20104
1827,-32.58795,90.43275,-114.46949
1828,-15.87679,43.83144,56.37443
1829,-17.16728,47.23431,8.16661
1830,-47.02779,128.82487,-14.74817
1831,-18.84493,51.29083,-37.95837
1832,-3.36899,9.1181,23.65615
1833,-11.7062,31.57001,-7.54991
1834,-33.82336,91.05172,74.97135
1835,-24.62614,66.22134,-82.44627
1836,-5.96254,15.94055,42.71103
1837,-20.19516,53.98224,43.05563
1838,-15.89741,42.4263,-1.47397
1839,-10.17897,27.11085,-23.66299
1840,-15.5258,41.28198,6.90884
1841,-47.61935,125.99796,-40.47817
1842,-16.87721,44.57567,-69.55235
1843,-15.47682,40.78839,-124.13619
1844,-30.29727,79.81902,73.43431
1845,-15.1949,39.69054,8.03505
1846,-6.8271,17.83192,115.66787
1847,-6.2299,16.22038,41.64703
1848,-10.88305,28.32283,-25.50171
1849,-54.40148,141.16219,8.39965
1850,-11.96868,30.85624,-41.35276
1851,-13.89819,35.76101,-30.35648
1852,-12.29408,31.61743,35.25222
1853,-13.71146,35.25901,-29.93032
1854,-17.77582,45.62099,-137.52993
1855,-10.01931,25.62001,132.30545
1856,-37.60916,96.13516,109.9688
1857,-9.87994,25.19884,-140.47776
1858,-15.86426,40.31737,48.9927
1859,-9.10671,22.98855,-6.98298
1860,-21.09476,52.60749,46.4166
1861,-53.75217,133.04858,-7.22438
1862,-45.21037,111.66972,18.92074
1863,-24.19277,59.5806,120.31965
1864,-15.12181,37.16688,14.33035
1865,-32.92358,80.81296,45.52825
1866,-37.16771,91.20863,-54.86125
1867,-27.01032,66.1227,74.78234
1868,-5.63759,13.77536,9.29838
1869,-54.11759,131.92867,29.22228
1870,-15.57165,37.95286,-38.66078
1871,-39.65754,95.96314,55.01523
1872,-23.52077,56.78715,-80.54285
1873,-19.68965,47.02448,129.19419
1874,-7.95701,18.9457,5.35825
1875,-18.70052,44.21054,17.43905
1876,-34.48116,81.42392,27.17951
1877,-23.49027,55.44809,9.33868
1878,-12.90926,30.39381,10.29767
1879,-45.73806,107.4715,59.83445
1880,-33.50086,77.67073,-29.80847
1881,-7.94669,18.40957,23.67724
1882,-9.86108,22.56121,-2.97811
1883,-36.72163,83.92148,97.86542
1884,-34.32437,78.39709,-43.62959
1885,-7.1511,16.30212,-41.22405
1886,-32.08403,72.78988,47.72292
1887,-25.59033,58.04849,-38.87898
1888,-14.09763,31.96671,46.05026
1889,-6.2175,14.05557,-19.98863
1890,-29.78194,67.15798,-95.85898
1891,-12.00474,27.00078,44.02504
1892,-26.71078,60.04778,33.33621
1893,-30.49704,68.45102,-116.7092
1894,-32.12324,71.95584,-78.68408
1895,-19.83152,44.13532,71.07827
1896,-55.02531,122.14853,-52.48629
1897,-38.81022,86.09685,-47.7388
1898,-24.97522,55.10021,-27.6934
1899,-12.83826,28.1013,29.39387
1900,-11.13546,24.32688,19.93842
1901,-32.04444,69.87247,53.922
1902,-16.24222,35.38121,33.78446
1903,-13.82416,30.10119,46.32321
1904,-18.24899,39.592,15.19659
1905,-25.77941,55.86292,-123.02517
1906,-3.05563,6.6005,-35.05721
1907,-5.9872,12.84134,-0.89062
1908,-50.15154,107.14395,-97.24535
1909,-38.30206,81.58505,123.51854
1910,-28.49612,60.27895,74.39387
1911,-18.64751,39.42777,-7.33865
1912,-12.04087,25.32483,23.60926
1913,-7.5112,15.79132,20.27437
1914,-5.27439,11.0804,-39.17374
1915,-12.95428,27.03484,27.8964
1916,-39.69422,82.47614,-45.33942
1917,-55.22648,114.57535,-51.374
1918,-12.94028,26.8405,52.23053
1919,-60.38857,125.07251,0.45903
1920,-12.77785,26.4334,9.6414
1921,-14.29801,29.5402,18.1049
1922,-37.91249,78.2776,35.84771
1923,-57.53223,118.61892,46.10693
1924,-21.82945,44.90754,-43.30339
1925,-37.44459,76.48267,86.25938
1926,-7.5707,15.46327,-46.07677
1927,-17.20381,34.96824,-26.02198
1928,-62.66004,126.77578,-11.01506
1929,-4.04731,8.17808,4.85711
1930,-40.7405,82.18668,-79.00876
1931,-18.43328,36.96751,-38.12261
1932,-32.39943,64.95763,-8.62014
1933,-44.35363,88.83835,33.24324
1934,-8.14918,16.30052,-31.33025
1935,-6.15422,12.30529,-23.64874
1936,-18.98485,37.80167,92.63135
1937,-47.9059,94.7927,-77.37515
1938,-21.59222,42.22331,-50.99414
1939,-65.66089,128.01568,-1.86925
1940,-7.10826,13.85177,21.15602
1941,-15.17222,29.5285,24.71969
1942,-32.97654,63.70532,-71.11413
1943,-55.50904,106.99639,-42.69783
1944,-34.17798,65.87541,-23.01296
1945,-17.47051,33.51176,-30.69233
1946,-23.40185,44.76453,-61.29694
1947,-54.72178,104.2414,6.74161
1948,-59.03432,112.33623,0.17617
1949,-57.57361,109.52144,-24.33927
1950,-65.88214,125.15115,1.66546
1951,-10.43593,19.8233,-26.98911
1952,-44.9025,85.11498,72.73335
1953,-36.70271,69.23345,-30.35271
1954,-56.41092,106.15304,42.15657
1955,-30.9252,58.04924,-62.75651
1956,-59.5011,111.35093,-31.15657
1957,-41.16817,76.86286,-68.0731
1958,-21.05153,39.2827,86.6793
1959,-25.17199,46.73026,16.92014
1960,-21.21223,39.30727,-31.99903
1961,-19.59746,36.16778,-78.61963
1962,-66.56778,122.77758,0.80807
1963,-71.67376,132.1088,12.63691
1964,-23.00024,42.15532,83.62446
1965,-14.93399,27.27715,-36.84719
1966,-27.32647,49.8664,-88.58294
1967,-9.06633,16.54284,6.58309
1968,-36.19574,65.07906,30.95521
1969,-66.59349,118.922,38.54372
1970,-43.68867,77.80083,13.56025
1971,-14.10823,25.05171,24.15563
1972,-7.46712,13.22412,-10.2254
1973,-36.12606,63.97758,103.66889
1974,-31.67443,56.06297,-65.70385
1975,-8.59656,15.19985,-0.24823
1976,-8.09001,14.28902,-7.87644
1977,-40.01331,70.47497,3.14805
1978,-48.74134,85.82804,-55.00501
1979,-45.51424,79.93488,-69.36574
1980,-14.59369,25.57631,5.26105
1981,-16.91459,29.63293,-8.07513
1982,-42.85916,75.02289,98.09231
1983,-16.05311,28.02075,-41.55981
1984,-18.44651,32.16757,37.6242
1985,-10.77831,18.75093,8.23523
1986,-44.79925,77.92052,21.15124
1987,-38.12978,66.21848,-4.91398
1988,-13.09078,22.72105,-44.00963
1989,-13.79444,23.87209,125.88199
1990,-70.73709,122.30902,-43.07149
1991,-16.91094,29.21399,8.28921
1992,-65.00204,111.90123,29.0259
1993,-50.07822,86.0416,35.87349
1994,-39.03166,66.91983,33.81907
1995,-31.34645,53.73861,-30.96444
1996,-73.11014,125.08594,-3.52173
1997,-40.68179,68.88112,3.26102
1998,-3.57752,6.04182,-15.78596
1999,-17.56301,29.59183,91.39259
2000,-27.19268,45.65677,-5.97432
2001,-45.82826,76.9408,91.5116
2002,-33.0397,55.31575,-15.11668
2003,-35.86268,59.97067,36.83257
2004,-21.03764,35.12308,-18.63785
2005,-56.97119,94.72187,26.91973
2006,-37.58298,61.89722,-96.47377
2007,-9.62101,15.7513,-31.23931
2008,-21.02244,33.92175,5.17158
2009,-24.28971,39.12792,-51.84763
2010,-21.22192,34.15836,-124.92034
2011,-24.34076,38.88385,7.40845
2012,-29.30024,46.79234,-99.91693
2013,-6.00248,9.52972,-47.41365
2014,-32.82956,51.16697,45.20365
2015,-13.27957,20.66992,-22.75876
2016,-76.40592,118.81548,-16.71437
2017,-14.97923,23.25143,-28.94056
2018,-29.94537,46.43407,-12.68195
2019,-43.10437,66.64081,-119.27404
2020,-12.9748,20.015,29.79673
2021,-23.63478,36.44539,27.01007
2022,-8.22062,12.62937,19.22366
2023,-49.36217,75.38626,-11.39049
2024,-57.708,88.09071,86.72813
2025,-34.60718,52.51197,-41.31072
2026,-53.05484,80.39762,-63.92472
2027,-17.87868,27.03673,-49.42037
2028,-40.07435,60.51813,-61.65951
2029,-24.09705,36.34738,33.77152
2030,-31.29707,47.18558,-40.37287
2031,-58.85453,88.6789,70.59066
2032,-11.88441,17.88472,-29.34639
2033,-9.90054,14.87295,4.13231
2034,-41.45326,62.11852,27.6028
2035,-26.57429,39.57637,8.38686
2036,-23.79889,35.36559,-7.8608
2037,-75.37166,111.93282,51.11443
2038,-49.31989,72.76596,14.21497
2039,-31.63892,46.49037,118.38397
2040,-11.02964,16.12157,52.7757
2041,-70.15931,102.11009,-71.53877
2042,-25.8873,37.65581,-3.21055
2043,-11.00769,15.98895,11.48136
2044,-81.27472,117.98995,40.21274
2045,-58.51211,84.90545,-73.41981
2046,-21.28338,30.87711,-82.7229
2047,-27.16635,39.40654,38.73965
2048,-6.97145,10.10603,-2.75101
2049,-18.74231,27.08253,-8.94973
2050,-5.08377,7.25429,29.74562
2051,-5.88109,8.34872,-46.00554
2052,-48.53169,68.09482,-26.50368
2053,-21.74331,30.43848,137.87273
2054,-70.89201,99.14902,12.73008
2055,-38.97427,54.27125,118.73042
2056,-71.67649,99.76568,-28.48433
2057,-50.72181,70.5638,81.5732
2058,-27.94261,38.61751,22.38077
2059,-69.50605,95.58076,71.85817
2060,-30.36924,41.73295,-10.44371
2061,-42.11431,57.5816,64.19382
2062,-12.835,17.49369,-25.10071
2063,-20.62256,28.07675,22.28822
2064,-27.34588,37.19888,3.43399
2065,-8.89929,12.06243,34.41463
2066,-7.95326,10.774,-30.27183
2067,-85.33314,115.52525,3.94765
2068,-64.3645,86.6178,57.12272
2069,-47.90795,64.33194,-17.83304
2070,-51.3842,68.88483,-36.2818
2071,-32.80255,43.9513,34.53197
2072,-16.02711,21.42522,14.78917
2073,-49.7186,65.93764,59.76117
2074,-19.60359,25.79344,-9.21043
2075,-23.93457,31.42725,40.56932
2076,-15.04831,19.70736,25.59744
2077,-18.45524,24.13028,-42.23937
2078,-20.41087,26.67827,-5.90874
2079,-55.06381,71.9717,-2.76001
2080,-37.71173,49.21525,-11.4543
2081,-38.20321,49.453,-58.63153
2082,-15.5176,20.0143,-34.97087
2083,-7.79216,10.03642,-32.40474
2084,-53.82949,69.21376,-122.4456
2085,-88.46865,113.64697,47.0585
2086,-15.45277,19.78922,-30.12421
2087,-44.1552,56.52332,-23.84624
2088,-51.94781,66.47131,-47.47923
2089,-19.64334,25.02738,9.0174
2090,-22.26279,28.35269,48.03856
2091,-92.85716,118.19226,15.049
2092,-55.37039,70.4209,33.38882
2093,-6.42084,8.15423,-6.36078
2094,-60.7913,77.17964,67.23135
2095,-31.39204,39.85008,39.65823
2096,-46.82491,59.34958,109.40016
2097,-21.22761,26.8145,-30.3815
2098,-24.48,30.89546,48.70374
2099,-56.71008,71.45351,21.49264
2100,-17.70378,22.30352,-12.29659
2101,-27.10875,34.06271,39.97314
2102,-66.10208,82.96573,-88.15991
2103,-31.82408,39.77206,8.407
2104,-15.86957,19.78781,85.5238
2105,-22.02277,27.43782,-10.14594
2106,-81.51643,101.4854,-53.26682
2107,-23.37739,29.04252,-59.68571
2108,-13.06422,16.20976,18.57631
2109,-27.57123,33.95741,-30.01775
2110,-76.60936,94.2997,-76.69409
2111,-88.02141,108.34454,43.44867
2112,-24.17316,29.6047,16.41823
2113,-82.8699,101.37136,-65.04247
2114,-11.60664,14.18888,4.95698
2115,-22.36406,27.30892,-11.12579
2116,-29.68866,36.23563,-91.35955
2117,-75.76549,92.35921,-10.31275
2118,-25.15525,30.65354,42.7031
2119,-50.09782,60.92336,101.06981
2120,-30.21011,36.67907,-33.32325
2121,-28.1259,34.12599,-23.17037
2122,-60.30962,72.95583,61.00652
2123,-20.09783,24.30576,17.94071
2124,-20.64805,24.91216,-113.39857
2125,-20.90813,25.19404,-7.71327
2126,-68.92316,83.0497,6.30126
2127,-16.15959,19.42893,3.08325
2128,-47.25777,56.67316,96.90587
2129,-16.29189,19.44217,-57.16391
2130,-11.65859,13.91294,3.70093
2131,-80.68037,96.12955,-27.76606
2132,-21.5774,25.66601,69.75912
2133,-51.89206,61.72081,9.2808
2134,-50.55607,59.95689,-5.45749
2135,-65.5661,77.75111,66.75079
2136,-14.57794,17.27928,21.16624
2137,-75.89013,89.85371,81.80635
2138,-63.29538,74.69545,-66.97707
2139,-21.6328,25.48398,-2.8122
2140,-80.84698,94.91517,26.9098
2141,-39.02254,45.80181,-17.18919
2142,-10.63795,12.44127,-15.22679
2143,-3.26223,3.80808,66.38879
2144,-37.11268,43.31988,-83.85718
2145,-11.35764,13.24793,-51.00595
2146,-5.66839,6.56086,-6.99192
2147,-62.62056,72.31347,71.34067
2148,-67.34578,77.04408,-2.26405
2149,-22.46312,25.68579,-13.39311
2150,-26.09679,29.84028,12.99901
2151,-21.51413,24.59429,-120.16959
2152,-15.9142,18.17936,35.20532
2153,-12.81335,14.58808,17.28317
2154,-34.68006,39.37893,15.98823
2155,-83.74312,95.00409,10.33317
2156,-56.56105,63.90767,-3.05295
2157,-61.05233,68.86248,48.10161
2158,-40.47262,45.45888,-120.44793
2159,-37.57553,41.88126,-34.34282
2160,-73.94042,82.22101,-72.90821
2161,-28.97213,32.0875,0.42027
2162,-94.24749,104.10041,-2.56106
2163,-19.6897,21.60455,-18.53891
2164,-57.9528,63.34833,10.56448
2165,-26.51908,28.94931,-6.77877
2166,-73.35203,80.03788,77.09656
2167,-69.87719,76.04696,-102.27571
2168,-38.36378,41.67155,-29.75031
2169,-35.80323,38.86212,16.8529
2170,-33.85405,36.37303,4.29557
2171,-41.37053,44.3849,58.03665
2172,-4.55171,4.88096,15.08287
2173,-74.58789,79.8686,98.40706
2174,-31.1689,33.37078,16.74986
2175,-68.96162,73.62158,-23.7213
2176,-33.41037,35.51903,122.39614
2177,-73.01602,77.61706,61.42925
2178,-83.95403,89.17626,-37.3337
2179,-61.9474,65.12936,-7.18009
2180,-62.61965,65.55358,-64.67022
2181,-26.26128,27.48269,7.49643
2182,-14.18117,14.83238,-41.52381
2183,-19.6032,20.48534,-12.85863
2184,-74.84128,78.20608,-30.58883
2185,-37.25214,38.92009,-18.3533
2186,-63.88336,66.71737,-62.64073
2187,-85.7082,89.37023,-40.81069
2188,-42.92398,44.73071,-41.84356
2189,-40.42042,42.12071,-139.32111
2190,-94.87818,98.7834,-7.5321
2191,-14.24799,14.78104,37.29385
2192,-72.77848,75.11816,84.12942
2193,-34.31243,35.27369,50.30685
2194,-42.50765,43.66602,-38.62654
2195,-78.49404,80.47908,34.67899
2196,-23.70104,24.24881,-42.89028
2197,-34.41183,35.17846,3.81405
2198,-32.80743,33.27609,-11.97499
2199,-27.32926,27.581,-26.1961
2200,-18.87766,19.03682,0.87291
2201,-19.83126,19.98851,20.79188
2202,-15.46361,15.39494,62.20339
2203,-44.20588,43.89044,27.44945
2204,-75.8881,75.10406,-53.61423
2205,-26.47286,26.1953,-17.78485
2206,-60.39294,59.29256,-69.52474
2207,-15.69041,15.39292,108.04036
2208,-14.44105,14.15094,3.0105
2209,-22.48504,21.99745,15.26722
2210,-65.55724,63.93863,118.42452
2211,-65.68037,63.84711,10.94836
2212,-58.70074,56.66333,-78.35888
2213,-46.44654,44.7921,-69.43277
2214,-19.44366,18.71988,-7.69568
2215,-27.6259,26.56908,32.84933
2216,-16.84134,16.14463,26.38989
2217,-23.69323,22.40754,19.04412
2218,-102.16829,96.18329,-46.13891
2219,-43.25333,40.53408,98.17019
2220,-25.61059,23.95331,-16.54735
2221,-14.52452,13.54008,-23.20819
2222,-98.39363,91.71533,-65.19442
2223,-63.42961,59.04036,18.33752
2224,-43.99208,40.88275,140.61755
2225,-69.79555,64.86233,55.71498
2226,-43.61138,40.45166,-47.00665
2227,-85.04284,78.79053,-33.85072
2228,-43.7219,40.49147,77.36651
2229,-13.46041,12.45732,-12.76685
2230,-36.61097,33.83951,-38.99092
2231,-20.27691,18.73444,14.32964
2232,-28.11914,25.97364,24.35787
2233,-79.53535,73.29108,43.79719
2234,-25.00098,22.94393,56.81985
2235,-42.2167,38.70057,-73.52299
2236,-42.40405,38.87178,-31.56652
2237,-7.28089,6.64489,33.08108
2238,-41.06217,37.35008,-56.1095
2239,-17.11772,15.52568,-33.04311
2240,-45.06912,40.79228,-59.77106
2241,-20.83051,18.83917,-50.86702
2242,-51.097,46.08249,-62.60052
2243,-84.04083,75.77217,-60.96626
2244,-41.73801,37.61661,53.31863
2245,-36.1104,32.5354,81.27116
2246,-19.16937,17.22924,-108.71841
2247,-79.52641,70.78622,-96.78699
2248,-92.80203,82.25657,-52.30652
2249,-24.8855,22.01821,-17.3119
2250,-39.11239,34.55687,0.23345
2251,-93.64942,82.59396,-79.72387
2252,-2.85144,2.51307,4.98712
2253,-75.29223,66.18721,-95.01522
2254,-109.78268,96.50137,-11.6142
2255,-13.81162,12.12362,1.42793
2256,-44.48101,38.97681,79.89567
2257,-57.00977,49.88378,-43.92312
2258,-40.66255,35.46824,-43.02754
2259,-64.27774,55.53429,-9.45781
2260,-22.23574,19.19205,-34.15103
2261,-83.88805,72.3139,-21.73503
2262,-63.75569,54.95886,-69.14489
2263,-87.63967,75.42935,-30.06346
2264,-98.54135,84.56981,78.95666
2265,-96.67583,82.9439,-26.98705
2266,-4.56204,3.91169,26.54659
2267,-69.80515,59.73678,-65.99532
2268,-11.7019,10.00405,8.38046
2269,-24.88063,21.26456,-1.93709
2270,-37.0314,31.62427,42.76403
2271,-9.52723,8.12627,-19.8618
2272,-45.67065,38.91073,-131.2352
2273,-35.6864,30.20892,-51.86969
2274,-22.44483,18.92154,0.45981
2275,-90.38885,76.14693,-33.5209
2276,-13.73916,11.55542,-30.44998
2277,-77.66327,65.02085,-101.90249
2278,-27.6693,23.14725,-13.63459
2279,-57.90843,48.38021,129.55108
2280,-11.81473,9.85574,-90.87259
2281,-18.4602,15.38834,-2.42154
2282,-16.61796,13.80652,38.03691
2283,-23.33297,19.36073,-9.27308
2284,-76.28669,63.27561,-91.85881
2285,-62.77461,51.99957,52.73852
2286,-88.47152,72.78956,25.50284
2287,-24.38953,20.04287,-19.84062
2288,-14.33046,11.76732,15.67087
2289,-73.19437,60.01005,-78.79064
2290,-105.07927,85.36098,5.69775
2291,-38.17648,30.88945,-91.0086
2292,-30.58373,24.71851,33.08022
2293,-88.49362,71.43668,77.70634
2294,-45.74713,36.82943,28.87636
2295,-26.87244,21.62339,-62.02717
2296,-85.28254,68.55831,-48.32107
2297,-26.83431,21.53876,-39.89893
2298,-30.86586,24.7538,-9.10935
2299,-82.05385,65.76134,17.55736
2300,-13.911,11.14649,18.52259
2301,-48.36876,38.73303,-10.75888
2302,-35.74925,28.40357,57.70409
2303,-3.82805,3.02052,19.46265
2304,-15.27724,12.0319,-58.46503
2305,-36.03394,28.36699,-13.72536
2306,-39.24004,30.84978,-20.51576
2307,-19.55863,15.35365,20.50114
2308,-42.27896,33.15465,-8.18195
2309,-53.52324,41.95833,119.56252
2310,-109.66687,85.85023,59.07915
2311,-2.96114,2.31483,22.65775
2312,-12.56631,9.82151,-35.99484
2313,-112.60169,87.88049,25.74645
2314,-48.77096,37.87613,63.06218
2315,-26.76514,20.7703,12.80704
2316,-54.37981,42.18646,-130.94321
2317,-19.48067,15.09023,19.29791
2318,-10.00732,7.68453,1.24934
2319,-58.36561,44.6337,-20.48332
2320,-13.01663,9.94576,-10.2777
2321,-7.67984,5.85319,0.0546
2322,-32.77792,24.96252,13.58848
2323,-17.57206,13.3642,-23.99409
2324,-31.59275,23.9753,-61.1514
2325,-45.21128,34.29396,-28.65943
2326,-56.59782,42.82444,-51.02659
2327,-75.81483,57.27558,40.27017
2328,-86.30849,65.07976,-19.78141
2329,-57.27987,43.18443,14.33406
2330,-116.43141,87.76946,24.96466
2331,-77.7436,58.47926,-5.97557
2332,-14.39049,10.80188,-3.55782
2333,-12.65953,9.47649,8.05361
2334,-95.48527,71.28062,-17.81936
2335,-76.63515,57.11799,-36.9112
2336,-102.68554,76.44722,-16.15001
2337,-39.01656,29.01611,-28.8325
2338,-81.98994,60.94353,75.55791
2339,-22.61071,16.74043,-23.2695
2340,-103.17241,75.75237,11.75587
2341,-43.66208,31.99555,44.81463
2342,-42.44653,31.03774,-9.56917
2343,-74.20621,54.2057,-38.41426
2344,-107.07254,78.02486,6.10279
2345,-81.15661,59.07722,-40.44946
2346,-118.90292,86.53396,0.51396
2347,-6.7495,4.90264,-3.31273
2348,-112.43969,81.66566,50.70523
2349,-36.91417,26.80119,19.54374
2350,-21.30471,15.44096,20.21135
2351,-58.17899,41.97023,-95.00546
2352,-65.867,47.41566,-38.35799
2353,-56.37936,40.52593,-43.68829
2354,-25.74137,18.49759,-29.84159
2355,-55.80211,40.09352,8.23695
2356,-67.91636,48.68,-60.92448
2357,-96.22173,68.96273,-67.80469
2358,-112.50361,80.42171,-7.66056
2359,-72.2605,51.63643,65.94516
2360,-28.65572,20.46275,-27.34561
2361,-23.71346,16.91886,12.08013
2362,-79.80425,56.84154,-106.50615
2363,-68.28467,48.50209,6.81164
2364,-116.20009,82.02987,-10.89115
2365,-14.97911,10.56185,42.86609
2366,-69.19928,48.51888,-1.68569
2367,-50.49318,35.36063,83.2983
2368,-28.01599,19.46977,-29.19507
2369,-14.80797,10.29028,-35.22535
2370,-49.38036,34.24519,-93.45868
2371,-72.99756,50.53564,-93.1731
2372,-40.13807,27.77976,-25.09093
2373,-58.33548,40.36351,104.64388
2374,-14.25913,9.83647,27.18753
2375,-35.51999,24.37405,5.74036
2376,-25.12835,17.20276,34.75717
2377,-43.65482,29.8069,77.39106
2378,-34.13636,23.25265,129.05285
2379,-18.80927,12.8033,-123.87221
2380,-86.05805,58.46676,-74.63336
2381,-97.63104,66.28656,-72.5098
2382,-10.81817,7.33635,12.05899
2383,-73.1663,49.22228,70.03897
2384,-28.33394,19.03639,33.52802
2385,-111.91785,75.13476,46.05651
2386,-94.45547,62.96674,49.29987
2387,-56.76626,37.74464,87.89819
2388,-51.94686,34.4685,74.92025
2389,-79.6835,52.63334,57.76179
2390,-81.18988,53.58928,60.97422
2391,-49.6456,32.72415,-15.41045
2392,-48.95722,32.20103,17.39284
2393,-48.89418,32.14578,58.74967
2394,-119.83481,78.74621,-17.92784
2395,-55.24812,36.25695,-4.96642
2396,-23.27118,15.20277,13.74074
2397,-69.8436,45.40922,-123.30509
2398,-47.33641,30.54494,-84.83059
2399,-13.38032,8.62444,-20.83343
2400,-60.22976,38.82145,-25.11288
2401,-9.33043,6.01125,30.11198
2402,-83.75915,53.63362,-75.4576
2403,-110.83147,70.91171,-27.45151
2404,-73.16664,46.71922,114.74675
2405,-18.49055,11.7751,-25.93156
2406,-125.57474,79.843,-0.59334
2407,-6.84332,4.31316,-7.67676
2408,-33.03472,20.7796,30.05942
2409,-62.07185,39.04133,-2.37898
2410,-60.1601,37.83742,-74.09519
2411,-41.55588,26.06526,-2.46641
2412,-98.42156,61.50533,-34.45453
2413,-17.76376,11.07918,1.17847
2414,-44.95748,27.97379,26.95838
2415,-78.11065,48.58349,87.18993
2416,-18.76327,11.65036,1.20782
2417,-31.14853,19.31931,17.88263
2418,-68.96408,42.64605,-86.00751
2419,-44.53484,27.42042,15.94017
2420,-109.67331,67.4612,61.8782
2421,-79.01262,48.32074,-45.03724
2422,-12.85208,7.83022,-24.78222
2423,-23.86532,14.50778,60.58338
2424,-22.47823,13.64022,22.36509
2425,-49.22695,29.85525,104.3624
2426,-30.81375,18.56752,-11.76395
2427,-46.37733,27.87076,-44.6873
2428,-21.96002,13.16751,-22.09151
2429,-103.8541,62.1852,85.79262
2430,-24.39638,14.58624,17.58178
2431,-57.44748,34.334,21.10818
2432,-105.37617,62.94701,-80.99279
2433,-32.93822,19.64152,-8.34078
2434,-44.88903,26.76026,-31.70317
2435,-115.3134,68.43711,72.99209
2436,-55.27932,32.80404,-134.70251
2437,-41.51747,24.56073,-31.72693
2438,-105.35851,62.30828,29.65299
2439,-77.53329,45.69459,91.30798
2440,-28.81901,16.91108,108.47766
2441,-24.94665,14.52076,-4.66643
2442,-81.18617,46.95455,22.43231
2443,-25.56065,14.75285,13.48254
2444,-50.74946,29.28385,53.34617
2445,-73.24109,42.25962,2.72528
2446,-102.05383,58.77514,37.04154
2447,-42.08971,24.16195,-90.35514
2448,-36.01938,20.62869,-6.95857
2449,-45.16593,25.82379,96.24729
2450,-43.15227,24.58668,5.08853
2451,-21.92013,12.44931,-6.95539
2452,-112.32286,63.79082,-40.31457
2453,-52.32129,29.70053,18.86471
2454,-36.8488,20.85256,-7.7748
2455,-31.86501,18.03009,134.37736
2456,-55.98529,31.66619,83.46613
2457,-17.21215,9.69099,19.46446
2458,-65.86412,37.01724,-11.30103
2459,-86.24745,48.38964,-1.84298
2460,-25.3978,14.19369,-33.05203
2461,-102.81708,57.45681,-45.0492
2462,-122.39389,68.29818,-26.55319
2463,-33.90729,18.89016,74.77195
2464,-39.20096,21.69053,-41.30738
2465,-21.01671,11.58169,-19.65297
2466,-19.88076,10.9488,-4.71242
2467,-57.35965,31.4766,95.14835
2468,-93.80912,51.35265,-96.87767
2469,-91.36403,49.99198,-76.73984
2470,-24.02224,13.11856,13.63946
2471,-49.21765,26.80154,54.08184
2472,-65.08856,35.2957,-95.41381
2473,-47.14598,25.54839,-58.25344
2474,-133.59792,72.0666,18.3847
2475,-92.8219,49.98428,10.35839
2476,-16.03077,8.60585,23.41861
2477,-88.63925,47.54878,-31.02464
2478,-36.05063,19.32404,-10.42965
2479,-33.21897,17.78161,29.7498
2480,-34.32667,18.28846,40.32023
2481,-73.11596,38.9152,14.60117
2482,-37.93922,20.02129,-95.52159
2483,-13.20419,6.96769,10.16245
2484,-33.25446,17.49685,36.57574
2485,-87.49232,45.99316,47.18399
2486,-47.40764,24.80561,136.9799
2487,-19.54878,10.18124,-50.92896
2488,-33.57079,17.40675,73.94853
2489,-30.50739,15.78146,-7.52279
2490,-45.32226,23.43559,-45.48359
2491,-38.01297,19.64845,12.30051
2492,-127.62003,65.77724,-21.24816
2493,-107.17035,55.237,89.11176
2494,-47.5568,24.49926,17.96847
2495,-3.10054,1.59365,-27.85682
2496,-114.26054,58.61283,80.84324
2497,-2.81844,1.44553,3.70285
2498,-14.41619,7.33423,-5.44892
2499,-72.62159,36.86765,41.6838
2500,-56.1045,28.4687,-81.00131
2501,-31.9565,16.16702,61.97891
2502,-33.82747,17.07263,-20.58486
2503,-39.19846,19.72353,7.41948
2504,-94.16095,47.06684,-89.42028
2505,-63.76026,31.83435,-64.13777
2506,-12.43474,6.20278,18.11516
2507,-53.46634,26.64858,24.69195
2508,-45.06392,22.33374,-25.66658
2509,-71.65583,35.31748,-13.60724
2510,-49.62631,24.445,-132.15503
2511,-64.64903,31.83745,-105.04626
2512,-81.23101,39.90538,-67.01256
2513,-130.6897,63.54949,-42.06062
2514,-121.97666,59.112,-6.15963
2515,-78.58075,38.03086,41.39836
2516,-122.00911,58.99488,-6.62226
2517,-46.75108,22.5692,-8.14391
2518,-27.79012,13.38358,10.50234
2519,-45.23702,21.67334,31.98042
2520,-64.19783,30.5623,-36.52883
2521,-8.9578,4.26394,-79.7713
2522,-97.52163,46.29726,-53.82407
2523,-50.24547,23.64933,20.83295
2524,-78.46953,36.89559,122.58186
2525,-26.04328,12.22063,32.39877
2526,-80.95724,37.94921,-7.98906
2527,-32.83705,15.31751,13.07493
2528,-117.3832,54.61217,-79.5946
2529,-74.40315,34.48955,113.77781
2530,-116.40586,53.94642,-56.1707
2531,-116.41261,53.94119,-56.16173
2532,-28.79564,13.31614,-0.81381
2533,-36.39237,16.82196,25.44186
2534,-23.30047,10.72488,-33.43512
2535,-91.65962,42.09781,66.69099
2536,-21.62882,9.85725,-46.74198
2537,-22.54645,10.26495,18.61659
2538,-39.37459,17.91871,35.59594
2539,-41.84377,18.9973,-40.87207
2540,-31.7815,14.42601,7.51171
2541,-33.08417,15.00911,-20.01173
2542,-63.70162,28.69294,8.01313
2543,-38.04356,17.12719,5.80462
2544,-32.32152,14.52649,-39.821
2545,-54.84583,24.55058,90.85969
2546,-48.3253,21.59707,-47.58175
2547,-112.38791,50.14094,58.87952
2548,-95.36708,42.38859,69.65038
2549,-24.528,10.889,-4.92795
2550,-131.24921,58.14687,5.99982
2551,-14.96414,6.6081,129.51936
2552,-94.54798,41.23333,73.37277
2553,-66.81164,29.01873,-22.04222
2554,-29.93138,12.99387,-10.58896
2555,-68.54066,29.74363,-69.03886
2556,-101.66221,43.97895,-90.86213
2557,-126.39354,54.66772,25.53039
2558,-55.73072,24.06352,-24.2259
2559,-28.07092,12.10552,-3.4964
2560,-11.31642,4.87369,-24.07969
2561,-23.6256,10.15159,12.90014
2562,-87.3818,37.53825,33.42515
2563,-88.45193,37.9322,-57.98337
2564,-12.86586,5.49819,36.17851
2565,-79.9905,34.16379,-118.30969
2566,-126.25586,53.9147,8.54971
2567,-41.35548,17.61852,41.86107
2568,-97.52323,41.50771,-106.35504
2569,-23.00497,9.74445,2.95008
2570,-29.39438,12.44598,-3.69329
2571,-29.12329,12.31888,-14.25495
2572,-18.75087,7.92932,-26.59107
2573,-62.49886,26.4203,132.6883
2574,-13.86923,5.85916,-19.06784
2575,-100.76072,42.45193,-38.77192
2576,-27.44105,11.54769,-15.40943
2577,-95.25512,39.70767,-58.77797
2578,-36.61944,15.18565,87.49982
2579,-25.83858,10.65375,-10.8612
2580,-136.69935,56.26247,5.55043
2581,-10.39626,4.26426,19.26949
2582,-76.42443,31.29314,3.19049
2583,-27.51213,11.23546,-39.80779
2584,-31.73977,12.92532,114.45363
2585,-10.16891,4.13891,11.18299
2586,-113.93186,46.31907,-86.52743
2587,-105.67453,42.90665,-88.05951
2588,-71.76509,28.69939,14.03356
2589,-107.55779,42.86926,44.14359
2590,-41.15208,16.21931,-25.06047
2591,-11.34442,4.44944,-57.93903
2592,-51.14797,19.93352,29.14123
2593,-74.24189,28.90617,-19.55061
2594,-18.14169,7.04643,76.42521
2595,-1.91355,0.74235,20.93009
2596,-70.68509,27.2113,-6.10851
2597,-34.00527,13.06712,11.86876
2598,-30.9042,11.85753,-6.98311
2599,-38.97824,14.8955,-71.02126
2600,-28.68297,10.93649,-7.56459
2601,-58.69827,22.32188,12.23215
2602,-120.08958,45.61302,-46.48426
2603,-32.46052,12.29394,-104.90382
2604,-36.84701,13.89121,-50.06287
2605,-79.58462,29.96482,-89.07854
2606,-33.36113,12.55382,19.19736
2607,-47.16123,17.60846,-21.94091
2608,-30.731,11.46196,16.42951
2609,-9.47856,3.52906,41.09267
2610,-18.29644,6.79631,131.89703
2611,-40.58514,15.0463,-10.5991
2612,-124.98153,46.19867,-47.44829
2613,-81.61973,29.77056,67.48594
2614,-91.96634,33.53445,17.84309
2615,-34.15332,12.38382,21.66982
2616,-50.28747,18.04701,3.35821
2617,-32.37056,11.55777,-1.04487
2618,-12.36159,4.38566,-9.7531
2619,-8.92244,3.16365,-45.25248
2620,-26.58652,9.42178,62.51861
2621,-44.07746,15.37801,122.09888
2622,-122.79652,42.70304,-80.48269
2623,-17.81275,6.17922,-10.47861
2624,-89.32912,30.96729,-117.81202
2625,-53.70798,18.42737,23.72481
2626,-22.77943,7.80473,-15.98416
2627,-11.8191,4.03671,39.71441
2628,-63.78309,21.76163,6.48756
2629,-58.35457,19.88656,-37.28149
2630,-17.03024,5.75838,-107.079
2631,-49.55361,16.70358,0.92264
2632,-126.46864,42.59312,-62.30211
2633,-101.57253,33.93901,11.96178
2634,-49.5801,16.55278,-53.73265
2635,-42.42495,14.15748,67.49888
2636,-49.1392,16.3445,17.72189
2637,-34.57504,11.47533,2.96046
2638,-17.43334,5.78101,-8.40327
2639,-50.4997,16.72334,-1.56733
2640,-87.02867,28.81824,-44.809
2641,-105.60542,34.91043,-18.41103
2642,-77.40911,25.40969,70.17268
2643,-29.53699,9.69354,12.24399
2644,-119.46653,39.18635,-3.78617
2645,-28.76316,9.42564,-12.40564
2646,-30.64938,10.02952,-13.25768
2647,-7.2046,2.33192,127.0009
2648,-104.00091,33.07651,-99.53965
2649,-49.34585,15.66997,-6.14595
2650,-38.88701,12.33123,-11.84761
2651,-38.4444,12.15406,-13.08778
2652,-130.06407,41.02357,-17.912
2653,-69.88656,21.90918,-17.49646
2654,-114.37756,35.82174,-80.35612
2655,-38.51646,12.05711,-15.39641
2656,-137.61254,42.63594,29.51711
2657,-24.92887,7.71926,38.78921
2658,-56.44835,17.47781,89.55763
2659,-122.80763,38.01361,6.08062
2660,-39.35021,12.14406,69.41344
2661,-16.19088,4.97698,41.0687
2662,-91.81799,28.19715,-6.14359
2663,-46.08953,14.08119,-0.13453
2664,-56.28271,17.06372,76.65632
2665,-62.2269,18.86484,65.6784
2666,-52.67331,15.95996,4.81783
2667,-39.95109,12.09837,-1.53733
2668,-85.94287,26.00768,-28.05749
2669,-91.5418,27.67761,80.73527
2670,-33.85847,10.22725,18.95511
2671,-23.4292,7.0457,-57.59743
2672,-113.82419,34.19612,-48.07528
2673,-55.69188,16.70833,71.83988
2674,-23.7175,7.10311,16.83557
2675,-139.67581,41.79074,33.97748
2676,-32.33649,9.67383,-8.64968
2677,-51.51469,15.40609,9.22915
2678,-76.52698,22.88012,-3.14525
2679,-96.21302,28.75728,4.1022
2680,-14.70203,4.39035,-25.38847
2681,-70.99526,21.18223,-20.47077
2682,-116.89658,34.46199,-29.83971
2683,-89.60883,26.35769,74.72489
2684,-5.14323,1.51228,21.60666
2685,-103.50913,30.38426,94.90031
2686,-105.31759,30.8361,-98.87227
2687,-43.30373,12.60696,-0.63393
2688,-44.34077,12.86378,-81.66074
2689,-65.69103,18.92147,120.67856
2690,-60.10934,17.3096,41.41326
2691,-47.9962,13.74689,24.01523
2692,-31.1504,8.90226,68.03839
2693,-110.06856,31.44999,4.11674
2694,-68.30574,19.50839,63.98082
2695,-93.55911,26.71064,-46.58562
2696,-31.8756,9.09837,17.43291
2697,-77.58716,22.08403,126.63962
2698,-16.74083,4.7596,2.25692
2699,-75.10719,21.33319,37.2418
2700,-46.76773,13.25231,-36.81276
2701,-34.10482,9.6169,31.77721
2702,-22.47933,6.32358,-64.09119
2703,-23.36964,6.57044,13.42217
2704,-85.71136,24.07112,39.90346
2705,-40.17528,11.25724,-27.59932
2706,-96.37846,26.97446,72.28518
2707,-94.0524,26.2461,-100.67789
2708,-37.18251,10.24001,-4.55593
2709,-62.62548,17.13682,-70.17247
2710,-143.68307,39.30997,4.49745
2711,-39.32262,10.75523,28.60376
2712,-135.23799,36.90506,-49.92969
2713,-31.07644,8.45534,-139.81052
2714,-19.56733,5.2938,-30.76884
2715,-33.78212,9.11821,11.36924
2716,-49.00278,13.18088,-16.78126
2717,-127.15145,33.95421,-33.01659
2718,-101.11427,26.82854,6.61382
2719,-73.81804,19.57059,-101.75687
2720,-55.36394,14.65104,15.83174
2721,-57.01333,14.98555,12.58024
2722,-39.25209,10.28493,23.04302
2723,-97.03377,25.38109,94.13121
2724,-126.60755,32.87832,15.75478
2725,-93.26188,24.19641,55.33925
2726,-124.42365,32.1616,-50.61568
2727,-99.91775,25.72866,-29.44382
2728,-100.89742,25.91422,-100.15446
2729,-65.50701,16.8169,-48.56858
2730,-132.22613,33.92171,-53.52764
2731,-10.47691,2.67844,4.3619
2732,-29.21587,7.44197,-4.95338
2733,-23.01731,5.7957,33.30775
2734,-29.74849,7.46093,19.83158
2735,-121.54238,30.39728,-16.91267
2736,-28.45759,7.07956,39.46092
2737,-34.78228,8.63604,5.14399
2738,-8.89399,2.20278,-46.56797
2739,-128.83644,31.68065,-5.82325
2740,-34.57064,8.37377,28.06743
2741,-134.82087,32.56607,29.70683
2742,-17.42441,4.20632,3.23736
2743,-20.18615,4.81082,-14.93801
2744,-68.93094,16.40278,-87.36452
2745,-42.15069,10.01759,11.01366
2746,-74.24072,17.54853,-82.83697
2747,-44.41317,10.44207,7.73281
2748,-17.88016,4.20024,-33.96163
2749,-83.41745,19.56835,16.52034
2750,-17.10066,3.99013,-6.14646
2751,-125.32978,28.9429,-56.8887
2752,-100.37193,23.14948,-94.02904
2753,-23.06541,5.31332,-12.72768
2754,-17.38802,3.99546,14.15419
2755,-41.32982,9.46641,-20.82147
2756,-19.99174,4.57432,-71.40752
2757,-24.29935,5.55103,7.03837
2758,-55.16269,12.40968,19.49734
2759,-6.64569,1.48928,56.2464
2760,-28.25872,6.31229,25.99282
2761,-31.34326,6.99681,31.55746
2762,-81.1788,18.09325,-52.63226
2763,-34.95628,7.76993,14.19643
2764,-98.56964,21.88525,64.40211
2765,-34.36195,7.54975,-19.83495
2766,-26.53012,5.8048,24.82116
2767,-45.26313,9.88986,28.01391
2768,-10.04814,2.17801,6.04333
2769,-20.05437,4.33703,-3.97057
2770,-123.23316,26.57511,-3.06912
2771,-40.76509,8.77674,37.31842
2772,-21.46504,4.60709,-5.87839
2773,-43.09606,9.20236,-24.88259
2774,-31.88879,6.79565,11.22428
2775,-114.41735,24.33879,-59.10529
2776,-44.66439,9.44806,-35.12847
2777,-121.21192,25.55443,86.04763
2778,-104.14411,21.7859,76.82209
2779,-17.52061,3.62645,1.4026
2780,-113.49789,23.43704,76.54446
2781,-73.94436,15.18285,99.63288
2782,-80.21637,16.44532,-109.58478
2783,-75.1112,15.39476,66.85939
2784,-20.77823,4.25352,-42.35771
2785,-66.45674,13.51168,9.60455
2786,-107.31327,21.78109,65.72891
2787,-35.75386,7.22118,46.63625
2788,-18.81454,3.78053,9.24005
2789,-121.1652,24.30556,-2.74128
2790,-20.44351,4.08446,-8.89396
2791,-4.09541,0.81068,14.07156
2792,-19.23455,3.79591,-6.42448
2793,-96.71109,19.0814,19.06166
2794,-34.13353,6.66231,-16.73618
2795,-140.05268,27.30914,33.75054
2796,-57.59814,11.12286,-3.85688
2797,-16.70166,3.21843,-4.46001
2798,-28.29718,5.42991,14.34169
2799,-82.45476,15.76683,98.20891
2800,-93.31872,17.76546,-75.28865
2801,-68.45,12.85674,121.96452
2802,-135.07816,25.16089,-61.10435
2803,-106.46802,19.50248,70.54492
2804,-40.96675,7.46995,-7.4374
2805,-40.19442,7.3272,85.42971
2806,-93.85185,17.00655,2.74839
2807,-27.60014,4.997,20.3033
2808,-70.32607,12.69804,135.44248
2809,-134.40339,24.24514,-69.27887
2810,-85.16943,15.30938,-99.12017
2811,-56.82036,10.18724,-15.22938
2812,-58.57472,10.47354,-25.57438
2813,-84.07896,14.93973,-111.25773
2814,-60.12704,10.67234,6.62402
2815,-83.85194,14.86308,-45.64041
2816,-81.33667,14.22569,-44.52004
2817,-44.51839,7.77872,51.21831
2818,-100.13851,17.42215,-18.46163
2819,-42.06041,7.26562,28.37755
2820,-44.11073,7.59633,34.5265
2821,-50.38695,8.67558,-84.10355
2822,-12.1543,2.06433,-4.59798
2823,-29.57309,4.97219,9.85394
2824,-41.78943,6.97645,-19.55658
2825,-48.79087,8.09523,12.74048
2826,-61.9043,10.07457,132.77496
2827,-47.42427,7.64193,5.34526
2828,-81.76323,13.16844,39.47359
2829,-38.57127,6.14741,-31.05633
2830,-140.53203,22.37831,-6.48079
2831,-41.58757,6.61218,2.6635
2832,-62.67517,9.85331,15.70337
2833,-59.70584,9.37876,-1.6129
2834,-108.42534,16.87714,-21.05019
2835,-6.04876,0.93957,-11.3437
2836,-121.70012,18.77265,76.42419
2837,-138.98821,21.40281,28.43269
2838,-34.61011,5.3282,19.36571
2839,-68.66178,10.41716,-50.57353
2840,-59.18693,8.85793,88.22751
2841,-40.07554,5.97169,48.93521
2842,-118.34672,17.33254,24.53721
2843,-62.19626,9.0992,33.0614
2844,-17.46129,2.55025,0.92872
2845,-17.77569,2.5949,0.9433
2846,-129.4493,18.74642,-45.5505
2847,-53.55664,7.70692,-15.57849
2848,-73.92482,10.54331,33.31159
2849,-117.84111,16.78862,1.98705
2850,-54.91248,7.80667,46.87832
2851,-30.32443,4.30991,2.12923
2852,-41.96587,5.95862,9.50976
2853,-65.19046,9.17805,-35.73416
2854,-93.31883,12.90633,90.86928
2855,-47.79515,6.58484,-48.48451
2856,-95.99547,13.07311,1.84982
2857,-127.58599,16.96824,35.48482
2858,-22.29096,2.94602,31.49761
2859,-49.02179,6.47478,142.73499
2860,-108.89729,14.20468,85.6583
2861,-32.34717,4.19,31.03761
2862,-93.81503,12.14919,31.48657
2863,-11.96832,1.54413,-18.67782
2864,-82.37201,10.49142,16.93001
2865,-103.69576,12.88571,14.43191
2866,-57.30355,7.05026,-6.54785
2867,-35.51152,4.30785,-84.1174
2868,-20.51387,2.47258,32.51029
2869,-27.05775,3.20848,35.53987
2870,-100.29573,11.84045,82.72501
2871,-39.64104,4.65292,32.15729
2872,-12.73255,1.4943,-30.28202
2873,-33.40503,3.91223,-1.99937
2874,-139.59402,16.13268,-16.10239
2875,-103.56728,11.82765,78.02649
2876,-7.96504,0.88993,-5.17166
2877,-88.84038,9.88684,75.42584
2878,-25.92587,2.85729,-6.13778
2879,-41.3708,4.53996,-48.10912
2880,-72.19594,7.88072,102.89644
2881,-135.09802,14.47879,26.87541
2882,-38.24741,4.06108,-124.57564
2883,-30.23735,3.20174,13.92863
2884,-51.65943,5.46485,7.35585
2885,-52.32489,5.53215,-4.37743
2886,-32.46485,3.41421,9.96052
2887,-26.03171,2.73103,69.35414
2888,-89.60705,9.18804,-59.77891
2889,-35.37455,3.61435,49.57964
2890,-100.90723,10.24854,-76.53863
2891,-33.88109,3.40965,-62.15502
2892,-24.31478,2.40463,26.62939
2893,-74.51918,7.31733,-82.4262
2894,-62.62714,6.1231,22.94704
2895,-25.49928,2.48947,-29.0844
2896,-40.40068,3.92422,-98.5801
2897,-89.32562,8.64666,109.32616
2898,-40.3621,3.88193,-57.27497
2899,-53.73298,5.15333,63.48742
2900,-112.5312,10.75404,17.66941
2901,-25.41797,2.42672,-32.18671
2902,-139.44169,13.12483,34.73159
2903,-85.11953,7.89745,-94.44645
2904,-14.54658,1.33683,13.30508
2905,-27.85097,2.54295,-14.68013
2906,-89.21522,8.02933,-101.18141
2907,-100.70102,9.03077,-23.68425
2908,-56.10165,4.9248,-4.88783
2909,-120.98662,10.61098,-80.23388
2910,-88.67045,7.75779,-69.81398
2911,-102.2793,8.89163,104.68775
2912,-120.35958,10.4189,59.32411
2913,-121.38256,10.4936,90.07218
2914,-42.75895,3.68857,7.19145
2915,-8.69513,0.74804,20.82911
2916,-67.22602,5.65639,21.54893
2917,-66.10287,5.55514,25.93378
2918,-12.64266,1.04904,-104.83181
2919,-8.90954,0.73836,-8.75654
2920,-37.52083,3.10169,7.18803
2921,-32.88602,2.6355,-14.13948
2922,-110.76681,8.84761,-70.78914
2923,-16.95644,1.34824,28.11747
2924,-30.77636,2.44588,2.7781
2925,-35.91959,2.85439,-30.85498
2926,-45.23328,3.45503,60.88841
2927,-10.30873,0.77019,-54.7428
2928,-47.42963,3.50577,57.5092
2929,-16.11566,1.16214,-25.86519
2930,-54.51937,3.91538,-13.64847
2931,-17.06123,1.22144,88.20403
2932,-41.21265,2.91882,13.84206
2933,-58.13133,4.05109,-38.39397
2934,-31.58563,2.11963,-36.95707
2935,-26.19088,1.75612,-15.08509
2936,-22.13739,1.48171,13.31029
2937,-127.76246,8.36091,-1.1567
2938,-90.17594,5.80023,-116.29574
2939,-150.29889,9.58561,18.57215
2940,-28.8857,1.80383,1.42651
2941,-66.24456,4.07324,72.55028
2942,-8.45089,0.51927,26.20684
2943,-40.30911,2.45618,44.50494
2944,-138.01957,7.97153,8.39355
2945,-35.67351,2.03711,52.24
2946,-24.08734,1.36082,-5.05063
2947,-114.55165,6.24168,-10.56874
2948,-14.46159,0.75518,-32.70251
2949,-52.07752,2.67424,-121.75331
2950,-130.76286,6.45616,-33.47978
2951,-116.87235,5.59794,33.84387
2952,-109.67893,5.21105,9.9614
2953,-36.83017,1.73343,-13.67046
2954,-42.88913,1.97214,0.4565
2955,-53.45004,2.44892,-15.95657
2956,-88.40759,4.03424,20.05778
2957,-145.98195,6.51581,-35.49275
2958,-20.84856,0.92664,24.20458
2959,-88.69595,3.87443,-107.05996
2960,-47.37793,2.04097,4.07204
2961,-85.83576,3.65971,119.35294
2962,-54.37536,2.29022,-1.18994
2963,-79.02378,3.09201,-7.38283
2964,-100.20439,3.87317,-100.88821
2965,-64.75143,2.43787,102.26501
2966,-97.8748,3.44254,15.20104
2967,-91.60851,3.21525,14.23981
2968,-33.11363,1.16101,36.9136
2969,-23.9701,0.82253,8.1443
2970,-65.43423,2.23737,6.45059
2971,-87.12551,2.92687,-108.86901
2972,-79.45253,2.65245,13.94287
2973,-93.87891,3.01258,79.18223
2974,-31.50251,0.97842,-37.95361
2975,-79.62657,2.24235,4.89604
2976,-37.53099,0.98049,21.28812
2977,-25.89095,0.67174,-63.05438
2978,-80.72818,2.0727,17.24884
2979,-63.95979,1.51536,28.23231
2980,-47.21486,1.0987,54.20171
2981,-38.85674,0.89637,2.13451
2982,-87.46073,2.00717,-21.85082
2983,-50.84471,1.09777,7.54966
2984,-126.34816,2.47748,-58.54692
2985,-64.99704,1.26592,-18.58315
2986,-128.48703,2.42848,-69.70855
2987,-114.3231,2.03938,-94.89249
2988,-87.83953,1.56382,-35.8239
2989,-53.23179,0.93533,80.7383
2990,-45.02794,0.65094,-2.1858
2991,-38.10071,0.45548,-4.66314
2992,-23.99474,0.28527,-11.77742
2993,-144.5841,1.33812,-49.73576
2994,-9.01908,0.08072,-4.73642
2995,-23.77881,0.18708,-10.54944
2996,-131.55981,1.02401,1.99627
2997,-65.22389,0.47275,-56.59453
2998,-71.29695,0.51599,131.12267
2999,-35.56249,0.23777,-15.56391
3000,-17.996,0.12004,-84.00458
3001,-23.73352,0.15772,-21.31132
3002,-100.8068,0.5484,78.41258
3003,-19.51629,0.07107,-7.23977
3004,-22.3213,0.02861,-89.68545
3005,-42.90982,0.0149,-48.90588
3006,-47.15862,-0.00151,-15.69496
3007,-81.58887,-0.10501,127.94455
3008,-65.18685,-0.08982,24.49694
3009,-32.14598,-0.06737,13.34713
3010,-12.69262,-0.04095,-2.33981
3011,-136.86285,-0.60439,-68.17765
3012,-110.10665,-0.69076,-15.78632
3013,-89.74049,-0.64957,65.30322
3014,-7.81954,-0.07999,-102.37116
3015,-40.96361,-0.44264,-122.35648
3016,-123.84799,-1.46064,56.30583
3017,-28.95177,-0.41056,31.98032
3018,-57.75744,-0.84962,-83.48798
3019,-109.71133,-1.63942,-67.26409
3020,-37.16584,-0.61972,-11.03606
3021,-94.05743,-1.71738,-38.71846
3022,-31.27321,-0.58593,5.06211
3023,-8.24442,-0.1553,71.67731
3024,-56.37248,-1.0649,12.27565
3025,-63.75114,-1.22945,5.2592
3026,-150.73182,-3.10259,9.41438
3027,-14.27032,-0.29684,54.59852
3028,-31.49584,-0.65668,-131.41189
3029,-44.81176,-0.95843,30.94442
3030,-39.98816,-0.90606,8.61906
3031,-115.86849,-2.64248,30.73266
3032,-51.05497,-1.23673,-48.8498
3033,-52.10637,-1.28771,102.00198
3034,-21.29975,-0.54329,-7.2843
3035,-86.77502,-2.2712,26.16304
3036,-56.00212,-1.46973,14.64449
3037,-52.94081,-1.39156,-73.58601
3038,-115.37736,-3.3393,-89.72742
3039,-43.48131,-1.31698,4.42177
3040,-40.43691,-1.31987,9.3653
3041,-142.13391,-4.68229,11.22518
3042,-40.87762,-1.36854,1.14431
3043,-33.88966,-1.15899,-129.87437
3044,-37.40615,-1.28132,12.85028
3045,-80.18339,-3.16229,26.57231
3046,-44.63117,-1.82146,-23.73284
3047,-32.199,-1.3149,42.10529
3048,-18.56671,-0.78019,15.73296
3049,-83.63135,-3.53739,2.77437
3050,-13.9057,-0.60237,-14.51848
3051,-41.47219,-1.82446,14.27504
3052,-75.24149,-3.31121,94.04067
3053,-85.78387,-3.79244,-35.77806
3054,-32.50203,-1.44658,2.45124
3055,-100.97173,-4.76381,-16.72914
3056,-60.23873,-2.9166,-80.14399
3057,-31.43657,-1.55433,-31.32295
3058,-32.86991,-1.63396,-9.93043
3059,-18.77648,-0.93879,25.33172
3060,-15.77872,-0.79002,21.28962
3061,-40.62487,-2.0485,87.33068
3062,-40.37839,-2.11487,17.24082
3063,-70.18323,-3.69301,-83.22834
3064,-14.62603,-0.77196,24.3049
3065,-138.9447,-7.376,52.13902
3066,-142.71843,-7.66344,14.70148
3067,-62.23781,-3.34313,91.38897
3068,-43.26057,-2.33945,-4.82802
3069,-99.84,-5.41184,35.99976
3070,-43.04253,-2.41855,-32.94797
3071,-56.24661,-3.22466,-44.07458
3072,-123.22453,-7.18331,-19.726
3073,-25.21016,-1.46974,7.57407
3074,-108.09548,-6.52261,29.95813
3075,-11.3102,-0.68532,-29.61191
3076,-21.42336,-1.30479,-106.19512
3077,-45.32026,-2.78416,3.96914
3078,-91.90831,-5.66568,59.30741
3079,-89.95209,-5.63939,18.86093
3080,-65.31031,-4.12488,-39.18963
3081,-25.48063,-1.63716,-11.78452
3082,-100.92555,-6.61193,-38.50958
3083,-94.56162,-6.23813,-86.10269
3084,-123.1556,-8.12978,-69.08432
3085,-48.49319,-3.20863,134.99013
3086,-90.76185,-6.04029,28.82271
3087,-14.90474,-1.00624,-54.71895
3088,-17.21839,-1.16245,-10.40795
3089,-79.06901,-5.35984,-71.13943
3090,-41.31904,-2.83347,131.76596
3091,-25.63899,-1.79007,2.5383
3092,-28.12886,-2.0067,49.02954
3093,-69.48245,-4.96306,30.93492
3094,-78.48927,-5.6616,51.22472
3095,-68.34986,-5.09464,-5.09417
3096,-24.4976,-1.83552,-38.86365
3097,-51.77739,-3.90553,-7.12392
3098,-40.66995,-3.09381,-15.70423
3099,-69.95302,-5.34964,93.75197
3100,-30.8621,-2.3662,-13.79304
3101,-23.70483,-1.82804,45.52689
3102,-28.45408,-2.31854,-35.8784
3103,-28.7229,-2.35049,-88.0838
3104,-61.34951,-5.15108,80.33737
3105,-38.90578,-3.27293,-119.57335
3106,-42.34557,-3.63062,-31.70223
3107,-94.18204,-8.10208,-110.68844
3108,-141.40054,-12.42165,35.00978
3109,-134.07609,-11.83659,-54.86146
3110,-113.25507,-10.02095,88.51799
3111,-42.85299,-3.81108,21.56242
3112,-86.99869,-7.74626,5.05562
3113,-27.83734,-2.53146,-10.1163
3114,-140.89122,-12.82982,39.34322
3115,-58.28121,-5.33698,-14.12167
3116,-45.00021,-4.1466,21.10291
3117,-113.26745,-10.53689,-67.15633
3118,-34.38998,-3.21501,-60.80466
3119,-97.40559,-9.12601,4.66197
3120,-63.76596,-6.12264,69.13472
3121,-18.09022,-1.74167,-15.83117
3122,-43.59028,-4.22543,8.96471
3123,-44.64771,-4.33852,-112.76444
3124,-38.75588,-3.77997,43.90529
3125,-33.66727,-3.30035,21.64485
3126,-69.6992,-6.87969,20.55784
3127,-64.74563,-6.51978,-137.85191
3128,-130.63516,-13.15553,-60.86563
3129,-19.22775,-1.95737,-46.96596
3130,-138.22997,-14.07489,-12.09361
3131,-87.47771,-8.94736,-40.70693
3132,-41.82146,-4.29447,15.5441
3133,-40.34332,-4.14619,-17.34991
3134,-31.67481,-3.26352,45.44918
3135,-65.92563,-6.83023,-24.23869
3136,-35.09547,-3.64425,-21.014
3137,-20.60478,-2.15584,4.62351
3138,-41.55403,-4.42242,-41.84306
3139,-138.88974,-14.81894,-25.82534
3140,-145.58472,-15.65032,11.08989
3141,-122.98157,-13.31179,14.38039
3142,-113.88165,-12.34444,-100.93189
3143,-138.49471,-15.32128,61.82335
3144,-24.36839,-2.7024,15.2401
3145,-108.70707,-12.11857,86.53205
3146,-30.85284,-3.44589,-124.89976
3147,-38.32554,-4.29618,15.45068
3148,-38.1512,-4.32209,-0.74419
3149,-20.47188,-2.32262,39.04791
3150,-86.54949,-9.87665,-72.97163
3151,-31.5012,-3.60753,-46.95424
3152,-25.83844,-2.98588,18.85123
3153,-22.03629,-2.55915,31.16632
3154,-97.90916,-11.50624,112.06283
3155,-45.60269,-5.38508,24.69269
3156,-75.59718,-8.94135,-99.93771
3157,-24.35371,-2.90697,12.51056
3158,-10.43018,-1.24962,40.33867
3159,-16.33674,-1.97167,-48.96166
3160,-48.59434,-5.89594,-13.82191
3161,-23.10641,-2.81788,-28.07479
3162,-29.83272,-3.67389,29.84043
3163,-26.89686,-3.34116,-8.24046
3164,-71.06043,-8.86001,-133.52436
3165,-23.49958,-2.94002,-7.83089
3166,-23.18387,-2.90455,-35.177
3167,-33.18742,-4.26838,-19.97817
3168,-48.96934,-6.37465,-0.13979
3169,-42.44252,-5.54483,-50.76404
3170,-48.4772,-6.42391,99.7716
3171,-127.34204,-16.95295,51.76872
3172,-106.95237,-14.59019,89.24127
3173,-27.64972,-3.79993,-26.37805
3174,-23.46397,-3.22512,8.72278
3175,-13.44757,-1.84887,19.47163
3176,-46.4799,-6.45224,25.70454
3177,-42.19467,-5.85939,-40.66498
3178,-80.1106,-11.13091,-48.56292
3179,-34.02774,-4.75827,49.30536
3180,-134.59566,-18.84797,-52.12094
3181,-48.92166,-6.9073,-51.86791
3182,-30.31201,-4.28232,-100.13718
3183,-60.60214,-8.59066,13.2106
3184,-72.4669,-10.29709,17.68583
3185,-118.61985,-16.96038,-46.50641
3186,-31.68075,-4.65325,45.7405
3187,-33.0873,-4.86282,28.46619
3188,-16.46483,-2.42397,-63.82913
3189,-45.0666,-6.64173,20.1248
3190,-5.79788,-0.85454,-15.07423
3191,-67.48051,-9.97921,44.71933
3192,-21.25158,-3.14487,-30.59381
3193,-94.82615,-14.08311,63.17539
3194,-24.46717,-3.65673,-6.4618
3195,-75.70636,-11.43165,8.55988
3196,-22.56371,-3.4159,-24.05334
3197,-53.37581,-8.09201,44.06514
3198,-128.39941,-19.48297,17.63936
3199,-89.6458,-13.65251,31.98124
3200,-39.61461,-6.05167,11.3457
3201,-23.29535,-3.56624,-20.6564
3202,-7.7042,-1.18028,-63.29745
3203,-24.36246,-3.73922,-26.69983
3204,-29.70052,-4.61503,20.32592
3205,-17.54665,-2.74474,-12.38108
3206,-16.2464,-2.5625,20.47197
3207,-61.1446,-9.66402,25.34101
3208,-95.41586,-15.2005,82.77276
3209,-10.49587,-1.67594,48.1505
3210,-49.52058,-8.18555,68.46137
3211,-38.96587,-6.51466,39.14728
3212,-38.24192,-6.39631,38.4211
3213,-42.26931,-7.21283,-3.99857
3214,-49.36725,-8.4337,85.06897
3215,-59.41731,-10.16519,-113.52278
3216,-22.4746,-3.84952,27.19082
3217,-101.61522,-17.47748,43.0452
3218,-73.87499,-12.73777,65.12826
3219,-75.95127,-13.09996,-2.08803
3220,-95.2924,-16.47992,-13.58353
3221,-117.31318,-20.29664,45.77034
3222,-38.27104,-6.62143,-24.95941
3223,-26.41985,-4.57403,37.53169
3224,-36.23393,-6.33233,-28.0073
3225,-5.572,-0.97977,-26.26486
3226,-57.31668,-10.0935,-13.31116
3227,-44.23261,-7.82233,17.07209
3228,-47.78806,-8.57728,-31.36832
3229,-39.39129,-7.09194,32.06054
3230,-75.60013,-13.66988,-47.51871
3231,-13.56493,-2.45946,3.79151
3232,-103.29834,-18.75493,-101.7438
3233,-30.34201,-5.51527,-33.8444
3234,-70.11374,-12.80742,24.64592
3235,-32.07738,-5.88986,11.77462
3236,-30.89381,-5.67387,-47.6965
3237,-12.86242,-2.36881,19.19045
3238,-26.53126,-4.90417,103.25678
3239,-58.63293,-10.91163,-24.05663
3240,-36.19079,-6.73681,18.24249
3241,-46.55271,-8.69069,31.56985
3242,-100.75315,-18.8889,92.28749
3243,-37.38756,-7.02943,-43.47572
3244,-30.01349,-5.65061,1.37445
3245,-36.1733,-6.85737,-1.44735
3246,-100.70142,-19.13166,39.94526
3247,-69.39122,-13.19624,128.24761
3248,-54.72598,-10.42625,-5.59969
3249,-39.62354,-7.67911,-25.27012
3250,-105.12164,-20.43794,-57.71956
3251,-82.68279,-16.16178,-64.03317
3252,-9.14849,-1.78857,11.82864
3253,-45.53761,-8.92848,-2.43313
3254,-70.11726,-13.85969,-7.73015
3255,-10.64003,-2.1282,-16.93933
3256,-61.53828,-12.31116,6.85834
3257,-86.8364,-17.42717,-98.95522
3258,-89.75068,-18.03152,-8.21291
3259,-18.17017,-3.66638,-33.4146
3260,-111.71751,-22.56964,90.20028
3261,-43.20433,-8.86327,7.41277
3262,-65.94452,-13.53144,-22.15897
3263,-15.36948,-3.15752,-25.06179
3264,-92.6605,-19.12409,28.1653
3265,-96.27281,-19.92414,-64.61737
3266,-139.03725,-28.8823,-51.50528
3267,-13.47649,-2.80479,14.56994
3268,-14.18154,-2.97035,-32.90986
3269,-24.48257,-5.12972,15.15762
3270,-39.58256,-8.36899,-31.68362
3271,-37.31553,-7.9279,16.14718
3272,-48.90031,-10.39162,144.74956
3273,-16.65911,-3.55391,-7.8726
3274,-17.6454,-3.76527,-8.33955
3275,-19.94261,-4.28785,-5.74124
3276,-50.27783,-10.89305,6.81776
3277,-129.4759,-28.11813,-21.50738
3278,-98.18158,-21.60197,114.59226
3279,-120.07215,-26.77724,51.87425
3280,-33.12686,-7.45012,12.7185
3281,-22.78054,-5.18741,55.84213
3282,-32.18414,-7.3393,-36.79391
3283,-72.66535,-16.59476,15.36564
3284,-33.14631,-7.59786,16.22651
3285,-87.16495,-20.08372,45.15568
3286,-34.99345,-8.08493,17.09741
3287,-28.83221,-6.76412,19.77884
3288,-31.31207,-7.38027,9.74419
3289,-64.91609,-15.30695,-95.08433
3290,-59.35423,-14.00785,-70.0148
3291,-119.83089,-28.51856,-51.96366
3292,-100.94664,-24.06533,-7.66543
3293,-65.45805,-15.6773,90.75895
3294,-130.9526,-31.39306,61.75568
3295,-107.31038,-25.72782,55.69419
3296,-30.08474,-7.25629,118.88821
3297,-42.64186,-10.29119,-20.95544
3298,-47.3219,-11.44848,58.56737
3299,-40.09428,-9.7992,-4.58457
3300,-9.39429,-2.29757,-113.35382
3301,-123.30065,-30.22072,45.2421
3302,-49.89658,-12.27077,7.06878
3303,-94.38959,-23.42324,60.77174
3304,-34.78979,-8.68777,-49.08818
3305,-28.06099,-7.02103,-45.3531
3306,-69.79433,-17.49487,-25.66617
3307,-26.82042,-6.74932,-12.85241
3308,-57.41341,-14.47133,20.13497
3309,-31.04132,-7.83347,24.00736
3310,-40.77598,-10.35465,-38.57402
3311,-70.78391,-18.01958,76.10562
3312,-67.0843,-17.18412,23.40783
3313,-111.51721,-28.60825,-48.28549
3314,-71.22401,-18.32524,95.43175
3315,-21.74222,-5.59622,-5.79096
3316,-104.26928,-26.92809,-37.47683
3317,-49.50876,-12.80786,93.93372
3318,-132.66765,-34.78671,56.00939
3319,-35.52526,-9.31795,141.73166
3320,-18.00559,-4.73347,-27.26407
3321,-130.55248,-34.34849,-53.30323
3322,-141.28906,-37.19277,-5.30996
3323,-97.73284,-25.7278,-15.5348
3324,-20.01676,-5.27316,-3.58831
3325,-43.25007,-11.4577,31.4761
3326,-33.50704,-8.90745,-27.30288
3327,-39.04788,-10.41873,-3.13112
3328,-144.15504,-38.46946,25.03707
3329,-70.93808,-18.98417,72.20548
3330,-24.91657,-6.7103,-1.21906
3331,-101.75057,-27.54936,-6.20479
3332,-113.24888,-30.96032,36.17043
3333,-51.85165,-14.20187,0.46894
3334,-45.04939,-12.43928,27.7399
3335,-8.49035,-2.36507,-26.41586
3336,-15.11979,-4.21772,-7.92454
3337,-83.44645,-23.35199,-60.93442
3338,-116.86185,-32.80601,-61.87366
3339,-55.56659,-15.6387,79.24312
3340,-51.72923,-14.63293,13.51707
3341,-105.37513,-29.93152,-105.34131
3342,-50.03217,-14.35719,-16.53623
3343,-21.82678,-6.27245,22.02398
3344,-1.1764,-0.33808,24.28824
3345,-70.21526,-20.27562,26.55955
3346,-68.25521,-19.81141,0.36641
3347,-43.02774,-12.52718,-24.76809
3348,-9.19333,-2.67832,-12.45249
3349,-142.57985,-41.94592,34.93121
3350,-13.64225,-4.0209,16.63567
3351,-99.98748,-29.55658,105.2463
3352,-137.56006,-40.92508,6.76612
3353,-74.48946,-22.27145,-68.99946
3354,-20.25698,-6.05683,-24.91856
3355,-101.85767,-30.47699,-65.43835
3356,-78.90336,-23.81423,43.13313
3357,-18.84197,-5.72336,13.48427
3358,-101.18607,-30.88467,55.20489
3359,-88.15021,-26.90679,-17.48209
3360,-14.83234,-4.52853,-63.05597
3361,-8.86357,-2.71188,-41.16338
3362,-89.15951,-27.44652,25.85651
3363,-107.50424,-33.14527,-17.78617
3364,-37.42594,-11.54462,-34.82704
3365,-100.0926,-30.91554,-44.69697
3366,-62.1121,-19.30258,-27.76701
3367,-101.42198,-31.59284,18.77393
3368,-116.52393,-36.31428,-20.50784
3369,-20.87809,-6.51013,35.79408
3370,-57.10458,-17.80872,19.17088
3371,-65.4312,-20.43544,85.11973
3372,-47.52658,-14.86814,-8.42152
3373,-69.58506,-21.82177,55.80316
3374,-116.85534,-36.76993,74.67946
3375,-26.21055,-8.29951,4.61877
3376,-12.27271,-3.89094,31.07451
3377,-42.24282,-13.44192,-27.13418
3378,-83.41117,-26.54602,63.44483
3379,-21.87339,-6.96653,-16.10622
3380,-57.93892,-18.49176,61.20126
3381,-46.88141,-15.09451,-46.52357
3382,-47.48013,-15.39287,77.58175
3383,-32.62899,-10.6571,-14.808
3384,-36.65877,-12.00081,-26.76308
3385,-39.75205,-13.03497,39.7435
3386,-19.39374,-6.36987,-0.8074
3387,-49.5679,-16.30203,36.38557
3388,-21.80526,-7.18052,-13.63751
3389,-44.19096,-14.57352,111.29109
3390,-127.54842,-42.13635,36.7922
3391,-37.83617,-12.51746,68.92558
3392,-50.33376,-16.71236,126.71109
3393,-142.56731,-47.67465,3.8224
3394,-74.49129,-24.91118,-73.60308
3395,-86.0476,-28.8162,15.63175
3396,-41.80259,-14.01871,-13.10911
3397,-51.92348,-17.42438,-90.02243
3398,-53.53148,-18.02343,57.65136
3399,-49.44638,-16.71809,-59.95347
3400,-28.85596,-9.76407,46.94129
3401,-117.76615,-40.01773,-72.33654
3402,-108.58692,-36.94388,-84.47527
3403,-30.85788,-10.53936,-88.05285
3404,-61.31448,-20.9515,-30.66347
3405,-56.28612,-19.26626,57.26728
3406,-42.49748,-14.57568,9.46465
3407,-77.95777,-26.83294,-123.88241
3408,-34.61256,-11.91406,-13.28201
3409,-98.553,-34.15715,-55.6113
3410,-45.06118,-15.63484,29.26654
3411,-114.42991,-39.74371,41.48159
3412,-10.13769,-3.53252,3.28583
3413,-60.94296,-21.24798,-39.5601
3414,-119.85604,-41.85961,-10.49471
3415,-83.81711,-29.37713,21.61107
3416,-64.11857,-22.54229,25.28376
3417,-130.76332,-46.00392,-38.56752
3418,-4.00074,-1.41081,45.86595
3419,-25.55751,-9.02715,27.66425
3420,-90.91193,-32.22853,82.46728
3421,-25.28611,-8.96685,-7.07821
3422,-48.24166,-17.19312,42.81889
3423,-20.64541,-7.37243,-34.35054
3424,-111.50517,-39.93977,-27.77097
3425,-138.70103,-49.73179,6.54565
3426,-33.72427,-12.10019,-1.92248
3427,-39.58265,-14.27337,-129.77458
3428,-73.99518,-26.82423,33.50838
3429,-6.55241,-2.3771,7.68123
3430,-140.41713,-50.96332,-23.94163
3431,-105.48714,-38.52188,6.45074
3432,-119.14269,-43.56125,-25.3579
3433,-23.57312,-8.63262,23.50133
3434,-94.37734,-34.65827,46.13445
3435,-28.51512,-10.48227,2.19501
3436,-35.25431,-12.97768,6.57895
3437,-74.22666,-27.36994,-84.48199
3438,-113.10069,-42.35937,-0.14288
3439,-115.82773,-43.58322,-1.25022
3440,-55.05345,-20.72517,-6.39234
3441,-59.83052,-22.63306,-61.71942
3442,-87.32003,-33.09091,-29.86454
3443,-15.10579,-5.76468,9.04987
3444,-64.90275,-24.8222,62.88928
3445,-31.72476,-12.13733,-8.49734
3446,-99.1373,-38.02518,-9.56713
3447,-126.3888,-48.48559,-51.75913
3448,-87.66539,-33.76917,4.92151
3449,-39.91748,-15.393,49.01722
3450,-105.69036,-40.78358,-4.57957
3451,-110.35132,-42.60052,-8.91209
3452,-50.35946,-19.48693,14.32428
3453,-16.72193,-6.4741,-50.44071
3454,-92.67265,-36.07989,96.67818
3455,-16.74279,-6.52123,-66.53451
3456,-28.43987,-11.07892,24.64767
3457,-33.33078,-13.0102,33.01621
3458,-111.71965,-43.64073,20.34752
3459,-26.86503,-10.51135,22.31193
3460,-130.16116,-51.05424,38.94277
3461,-64.62678,-25.39132,-77.79456
3462,-112.40806,-44.3377,-36.61756
3463,-45.46317,-17.9376,-40.65515
3464,-70.72144,-27.95644,78.82589
3465,-57.54571,-22.79095,-72.98193
3466,-86.08383,-34.0983,40.37225
3467,-43.78851,-17.34616,-31.78022
3468,-25.70747,-10.21243,-12.48577
3469,-24.62211,-9.8297,-11.96509
3470,-33.4099,-13.3802,-30.14791
3471,-35.62614,-14.28213,8.19044
3472,-31.44826,-12.61304,-13.45321
3473,-70.64444,-28.34661,-21.78898
3474,-20.77241,-8.33532,16.09934
3475,-48.46782,-19.46199,8.46018
3476,-47.09856,-18.93176,-1.62877
3477,-57.67291,-23.28114,-95.88038
3478,-125.45784,-50.83338,-55.79452
3479,-54.61917,-22.25981,-44.45045
3480,-84.5063,-34.54457,46.51028
3481,-49.44865,-20.25612,10.84268
3482,-75.79131,-31.09095,15.65443
3483,-136.00975,-55.81564,-3.50132
3484,-48.69164,-19.98766,60.0765
3485,-95.00181,-39.27422,87.99517
3486,-140.4986,-58.16828,16.01847
3487,-82.61015,-34.22648,30.89767
3488,-68.38994,-28.47558,-121.67169
3489,-21.0016,-8.7644,-20.94865
3490,-119.31803,-49.94679,-6.89195
3491,-27.88305,-11.67562,-19.35397
3492,-28.0386,-11.76076,28.33697
3493,-54.54697,-22.90209,-4.24643
3494,-55.23862,-23.23834,54.16037
3495,-36.17394,-15.23831,-12.80445
3496,-78.14183,-32.918,-77.60183
3497,-19.49625,-8.24984,-50.89989
3498,-80.23203,-34.09358,-69.09129
3499,-56.16887,-23.89957,26.13366
3500,-25.09221,-10.686,-29.6781
3501,-132.51517,-56.44913,16.03787
3502,-54.93205,-23.49134,8.26801
3503,-8.53045,-3.65176,34.64692
3504,-73.17343,-31.42575,-14.27847
3505,-21.92062,-9.43331,22.4515
3506,-44.75638,-19.31084,23.90047
3507,-16.76015,-7.24798,2.75721
3508,-48.05102,-20.90408,71.41053
3509,-17.56844,-7.64416,12.55076
3510,-26.25968,-11.43069,22.0856
3511,-34.31331,-14.9559,-135.57466
3512,-22.33903,-9.74494,-0.13349
3513,-25.42332,-11.09636,-20.54385
3514,-30.65804,-13.39753,-17.42155
3515,-126.12194,-55.29788,-22.07452
3516,-17.92854,-7.86289,-2.87056
3517,-27.42273,-12.0427,32.54384
3518,-10.98525,-4.82849,43.27043
3519,-118.34667,-52.09148,28.69898
3520,-29.53865,-13.01367,3.87248
3521,-18.12605,-8.01273,38.74136
3522,-26.17748,-11.58378,30.22873
3523,-90.8956,-40.25861,17.89617
3524,-58.33296,-26.02779,-27.97839
3525,-53.90468,-24.16648,-64.01618
3526,-36.00572,-16.25422,116.32515
3527,-34.53889,-15.70728,-27.01346
3528,-69.05638,-31.51707,-123.458
3529,-128.02557,-58.83237,24.7952
3530,-40.87553,-18.79283,-126.6558
3531,-22.41893,-10.33256,-2.69754
3532,-48.31701,-22.27543,62.00043
3533,-35.1469,-16.20838,28.09126
3534,-47.8475,-22.12733,-12.47054
3535,-121.36607,-56.22221,67.22802
3536,-47.31211,-21.99764,-29.08944
3537,-45.20131,-21.03042,15.16786
3538,-127.15743,-59.27754,14.5083
3539,-12.04413,-5.62528,-30.33915
3540,-69.1148,-32.37904,101.99303
3541,-45.49366,-21.32517,-87.98137
3542,-93.52151,-43.93416,55.09076
3543,-76.91087,-36.20252,101.1168
3544,-92.41372,-43.58651,67.39019
3545,-11.63555,-5.49184,-8.83091
3546,-44.17795,-20.87637,81.53726
3547,-11.77543,-5.56771,19.84962
3548,-77.6824,-36.73118,-89.06958
3549,-44.06166,-20.84654,69.06125
3550,-30.21797,-14.35682,49.66285
3551,-17.84805,-8.48554,-37.44147
3552,-78.25398,-37.22153,7.2324
3553,-31.74282,-15.10476,13.83702
3554,-50.4981,-24.07767,72.7118
3555,-37.24146,-17.81698,30.11142
3556,-21.86736,-10.48139,-0.71373
3557,-28.64751,-13.79385,-12.65987
3558,-73.05197,-35.20376,-71.49452
3559,-57.63705,-27.80773,-28.79742
3560,-59.88401,-28.90547,4.11138
3561,-19.21524,-9.30799,17.44406
3562,-34.54429,-16.79235,-6.41055
3563,-48.69634,-23.67779,5.88201
3564,-32.80223,-16.00137,-66.84712
3565,-42.50794,-20.77136,4.0369
3566,-35.82825,-17.5163,-5.95191
3567,-38.86368,-19.05926,-13.11362
3568,-64.07991,-31.50343,16.38099
3569,-40.4891,-19.95201,129.53499
3570,-54.42617,-26.87209,-19.83415
3571,-100.3324,-49.60069,20.39119
3572,-18.59665,-9.19567,3.22507
3573,-97.62719,-48.27799,92.76186
3574,-20.94308,-10.38255,-38.36303
3575,-13.55883,-6.72501,27.28461
3576,-84.11164,-41.77011,87.51724
3577,-39.0276,-19.38734,1.11269
3578,-53.13016,-26.45657,43.86095
3579,-30.17137,-15.09573,-0.26968
3580,-17.60211,-8.84346,-30.15989
3581,-65.03173,-32.77795,58.0166
3582,-83.9932,-42.36046,7.1202
3583,-37.71654,-19.0921,-4.5442
3584,-79.29636,-40.2487,-107.19079
3585,-12.32274,-6.25856,-8.7812
3586,-113.19829,-57.86427,-15.2434
3587,-25.84186,-13.23073,-51.23972
3588,-72.55649,-37.22722,49.36886
3589,-88.36472,-45.34646,-106.41055
3590,-126.55209,-65.1463,-53.92122
3591,-35.43585,-18.24502,-1.10832
3592,-10.8141,-5.57388,6.1936
3593,-64.29768,-33.28544,20.48483
3594,-93.35881,-48.45137,40.93304
3595,-11.66436,-6.0569,-5.33954
3596,-75.54497,-39.24894,110.22801
3597,-62.55177,-32.51814,-23.08914
3598,-40.27154,-20.95685,12.47524
3599,-76.48765,-39.95415,-72.15532
3600,-109.03649,-57.00969,11.84146
3601,-32.15834,-16.8234,54.15187
3602,-31.08433,-16.35252,88.33005
3603,-18.78036,-9.88155,130.56172
3604,-38.6758,-20.35858,19.2431
3605,-123.97669,-65.28361,17.81565
3606,-14.09936,-7.42601,-21.72112
3607,-37.7569,-19.94365,21.12822
3608,-45.83114,-24.22291,79.24816
3609,-7.33867,-3.89566,-39.80913
3610,-7.95813,-4.23113,10.72275
3611,-9.13259,-4.88694,-12.75524
3612,-22.2637,-11.97345,13.33255
3613,-64.68101,-34.79293,26.27365
3614,-79.88683,-43.06653,46.41636
3615,-46.18986,-25.04545,-37.22213
3616,-67.57312,-36.66384,-35.48692
3617,-95.57931,-51.91639,65.06149
3618,-42.31208,-23.01558,8.70864
3619,-102.80947,-55.97685,-64.20345
3620,-48.81643,-26.58221,-30.26729
3621,-68.30583,-37.35888,-2.04287
3622,-12.85962,-7.05836,-8.16161
3623,-42.10755,-23.12907,-7.28506
3624,-5.54405,-3.05272,-25.90473
3625,-33.8898,-18.81983,43.60283
3626,-15.19854,-8.45066,40.85819
3627,-52.3117,-29.09585,-63.28288
3628,-103.73235,-57.80839,-62.18297
3629,-119.99121,-66.93475,39.11535
3630,-33.61508,-18.77778,-4.94003
3631,-51.52339,-28.90458,16.4023
3632,-30.58573,-17.17663,15.15286
3633,-40.57098,-22.79183,5.69913
3634,-4.20204,-2.36615,8.87898
3635,-93.88292,-52.8824,-66.4268
3636,-24.73707,-13.94558,-57.42363
3637,-24.52715,-13.84663,41.67687
3638,-111.95694,-63.30941,82.25706
3639,-48.41278,-27.41298,50.82864
3640,-109.7674,-62.41823,-31.76932
3641,-27.63151,-15.73844,-48.31053
3642,-68.91869,-39.51852,119.964
3643,-19.04458,-10.92074,9.25987
3644,-32.38117,-18.5758,17.59848
3645,-61.88245,-35.61702,64.40148
3646,-52.74522,-30.38091,-73.1299
3647,-64.60644,-37.2193,-13.73486
3648,-92.2589,-53.30766,-15.2814
3649,-30.36237,-17.66349,11.48012
3650,-8.78051,-5.12378,-0.47165
3651,-69.44551,-40.73289,58.97686
3652,-36.99818,-21.71534,25.97394
3653,-38.32153,-22.50504,31.18105
3654,-72.75152,-42.838,29.7815
3655,-38.99481,-22.96942,-17.49325
3656,-101.73282,-60.15266,-61.33966
3657,-121.67355,-72.43826,-44.28649
3658,-15.73342,-9.37122,-147.4556
3659,-43.18806,-25.8535,-25.65771
3660,-39.32222,-23.5403,29.15638
3661,-94.14478,-56.53975,21.90897
3662,-31.08908,-18.71122,13.754
3663,-33.47523,-20.15156,29.84028
3664,-77.11081,-46.44411,-8.47964
3665,-21.93999,-13.22343,21.76329
3666,-57.71298,-34.81017,-4.08354
3667,-119.86827,-72.34485,-37.44074
3668,-104.40458,-63.12023,4.89483
3669,-45.4985,-27.60377,1.81162
3670,-96.95811,-58.9857,34.03129
3671,-65.63083,-39.9423,116.16774
3672,-68.79698,-42.25861,-25.74933
3673,-23.65829,-14.55057,-13.9583
3674,-35.8545,-22.05926,-12.24033
3675,-70.30508,-43.26702,49.30235
3676,-12.80444,-7.89959,-11.07957
3677,-32.40683,-19.99377,-3.67866
3678,-99.71829,-61.52315,81.37039
3679,-126.19317,-77.90135,-37.2379
3680,-32.86742,-20.51153,14.07505
3681,-45.61179,-28.49878,43.93079
3682,-34.54992,-21.59492,41.52229
3683,-18.00076,-11.28747,-27.47791
3684,-63.04988,-39.58836,41.23796
3685,-47.81446,-30.08482,37.65037
3686,-79.01619,-49.74183,62.50487
3687,-58.00738,-36.51851,115.61666
3688,-36.04493,-22.7068,3.38342
3689,-38.55717,-24.32289,37.61311
3690,-80.80975,-51.00904,91.45803
3691,-102.74356,-64.86137,-17.08513
3692,-89.69955,-57.14238,91.73212
3693,-56.30463,-36.01871,55.15023
3694,-64.25389,-41.12318,-42.51987
3695,-13.3757,-8.5616,50.64703
3696,-54.48019,-35.06726,11.16964
3697,-7.29941,-4.69928,29.02331
3698,-83.48147,-53.82709,62.78382
3699,-36.71243,-23.70683,25.31685
3700,-115.15589,-74.61481,-47.29433
3701,-18.89191,-12.24186,-5.03659
3702,-42.3601,-27.45778,8.41336
3703,-113.21928,-73.81322,-61.20499
3704,-12.33579,-8.04522,35.70699
3705,-25.00832,-16.34833,13.1866
3706,-52.31316,-34.22208,-32.2114
3707,-56.4169,-36.95183,-12.22457
3708,-18.00047,-11.80352,31.11602
3709,-28.41982,-18.64452,56.63324
3710,-9.07158,-5.97985,-113.76806
3711,-19.85766,-13.09601,34.44274
3712,-43.02765,-28.39628,-43.11252
3713,-94.85194,-62.65872,99.47527
3714,-123.08947,-81.33565,31.3536
3715,-12.47275,-8.25207,8.71015
3716,-57.63476,-38.16264,-131.28174
3717,-21.27341,-14.12841,-7.01295
3718,-27.84156,-18.49662,29.59234
3719,-22.75971,-15.17071,50.0969
3720,-64.03011,-42.72203,13.71259
3721,-8.82091,-5.93145,3.699
3722,-43.85044,-29.53342,9.60818
3723,-50.91163,-34.34252,-7.60773
3724,-72.90564,-49.19404,89.70586
3725,-51.63803,-34.98745,41.37582
3726,-70.76062,-47.95722,123.44272
3727,-42.25546,-28.78024,36.42565
3728,-91.83286,-62.56385,-37.36488
3729,-110.51323,-75.31155,-13.44127
3730,-67.55217,-46.32798,104.3076
3731,-45.85515,-31.51447,39.70181
3732,-82.43464,-56.72052,72.83157
3733,-56.41405,-38.84656,15.48902
3734,-25.21205,-17.38909,-31.6103
3735,-44.14139,-30.50843,39.11359
3736,-27.94147,-19.34227,-68.74637
3737,-17.56926,-12.18498,-2.47486
3738,-4.95174,-3.438,-10.18388
3739,-30.88629,-21.51372,19.42001
3740,-16.97571,-11.84101,-1.86573
3741,-55.03074,-38.3884,46.26154
3742,-45.95714,-32.10648,16.40073
3743,-34.23971,-24.00539,-8.17247
3744,-119.45201,-83.86581,21.25593
3745,-71.92471,-50.64674,80.42313
3746,-15.69582,-11.05585,-40.1936
3747,-52.65083,-37.09539,-27.8642
3748,-56.28928,-39.67175,-49.39141
3749,-48.30774,-34.16654,0.53559
3750,-27.41834,-19.40415,25.68249
3751,-53.27533,-37.73461,10.30702
3752,-17.05202,-12.09514,-17.78856
3753,-31.7543,-22.54069,-122.148
3754,-71.39413,-50.75128,72.39065
3755,-78.08218,-55.51283,-101.89384
3756,-72.17683,-51.37766,-110.00185
3757,-10.19361,-7.26839,7.12087
3758,-39.65655,-28.27909,-51.27534
3759,-101.98354,-72.76218,45.11636
3760,-70.96522,-50.65429,54.21333
3761,-110.61058,-79.32032,-51.58892
3762,-86.19186,-61.84268,67.59145
3763,-51.76101,-37.18796,132.29015
3764,-52.32986,-37.63389,-30.30322
3765,-38.45667,-27.70993,-24.94227
3766,-28.44317,-20.51308,-5.00099
3767,-112.13423,-80.99238,56.65219
3768,-41.85415,-30.31971,32.77689
3769,-51.83548,-37.59528,-85.52164
3770,-59.79352,-43.44472,-26.61042
3771,-114.48242,-83.18567,14.43164
3772,-89.20839,-64.99564,15.67886
3773,-18.05362,-13.17124,39.11062
3774,-87.52226,-63.98668,-105.84137
3775,-54.0452,-39.5131,102.46633
3776,-89.76441,-65.70424,-51.4156
3777,-33.42772,-24.47688,89.49436
3778,-85.77584,-62.96612,-27.9319
3779,-38.31544,-28.20964,-39.98518
3780,-94.37761,-69.49318,-64.68709
3781,-55.24657,-40.80433,-34.77206
3782,-39.12117,-28.94882,33.28734
3783,-97.67899,-72.3366,87.77098
3784,-57.22061,-42.42823,-64.86039
3785,-34.0714,-25.34527,-14.47272
3786,-4.32507,-3.21785,-35.86846
3787,-45.50642,-33.88968,5.89866
3788,-54.57884,-40.68409,-6.16815
3789,-7.55489,-5.63786,-84.94865
3790,-113.04706,-84.43344,24.83219
3791,-23.85992,-17.86257,-148.08771
3792,-20.89054,-15.67442,102.4311
3793,-70.76492,-53.30984,63.37717
3794,-53.09437,-40.02094,53.24239
3795,-25.76472,-19.4511,-9.32405
3796,-28.87574,-21.88527,35.4785
3797,-116.15768,-88.08503,-17.64229
3798,-108.21565,-82.1422,-12.4091
3799,-37.38029,-28.37918,37.99817
3800,-22.79396,-17.35685,22.6088
3801,-98.30071,-74.9359,78.07481
3802,-13.13202,-10.01388,-17.38033
3803,-17.24477,-13.26108,-23.28721
3804,-14.17991,-10.95507,12.75932
3805,-12.92271,-9.98851,-2.48347
3806,-65.24228,-50.59826,-66.54851
3807,-25.53282,-19.81756,-40.46226
3808,-25.21358,-19.57054,-77.8891
3809,-52.77959,-41.04627,-73.5567
3810,-56.29363,-43.79214,-0.87703
3811,-31.03386,-24.20947,23.06566
3812,-26.1322,-20.51872,61.03544
3813,-68.81375,-54.23288,10.65411
3814,-85.19938,-67.26251,-64.49085
3815,-23.52567,-18.59991,32.03034
3816,-6.34671,-5.02512,10.70698
3817,-49.7173,-39.36996,-83.18581
3818,-25.4816,-20.19287,5.34488
3819,-60.44916,-47.92923,-3.40986
3820,-19.89252,-15.77279,139.14578
3821,-78.27361,-62.34232,-2.58957
3822,-34.8495,-27.77765,9.94692
3823,-77.29679,-61.64394,53.64994
3824,-33.41775,-26.71515,-40.67328
3825,-40.83966,-32.66742,-1.80167
3826,-77.96224,-62.40216,-96.52969
3827,-13.20593,-10.59621,11.31163
3828,-40.17936,-32.34944,-10.72641
3829,-12.69109,-10.27771,2.8053
3830,-82.51375,-66.88669,45.63567
3831,-100.05547,-81.21148,57.33173
3832,-97.86129,-79.49723,-11.24414
3833,-73.37079,-59.62806,-78.20715
3834,-18.09408,-14.79424,-11.29974
3835,-30.69112,-25.19921,-11.79351
3836,-77.9133,-64.35489,-104.17758
3837,-82.43139,-68.09232,35.35677
3838,-0.50359,-0.42128,-1.1767
3839,-27.27665,-22.84394,-17.89276
3840,-97.16732,-81.83341,-74.93915
3841,-10.5582,-8.90334,-145.33063
3842,-35.7623,-30.15729,28.64657
3843,-60.53688,-51.26587,102.40151
3844,-41.30309,-34.98944,-9.06247
3845,-35.70597,-30.26806,33.7433
3846,-84.0824,-71.38035,-27.35356
3847,-78.06685,-66.79967,84.41984
3848,-108.75473,-93.50398,-50.25954
3849,-38.87411,-33.69105,-36.25238
3850,-44.1301,-38.67591,-95.67159
3851,-60.76288,-53.34143,27.25414
3852,-13.83088,-12.14777,-21.87231
3853,-49.61734,-43.60586,20.15038
3854,-107.80493,-94.82812,49.11505
3855,-14.23548,-12.5288,4.67436
3856,-33.60393,-29.5921,70.612
3857,-32.55526,-28.79193,47.23213
3858,-17.50925,-15.49782,12.17878
3859,-77.2542,-68.4164,-44.12857
3860,-12.60836,-11.19316,4.9938
3861,-94.14512,-83.69643,69.53031
3862,-32.34901,-28.80434,-43.92659
3863,-60.6711,-54.16028,27.22173
3864,-34.51182,-30.88579,10.67529
3865,-54.97886,-49.278,-9.22336
3866,-22.15648,-19.87057,-0.14603
3867,-109.48636,-98.39021,4.70615
3868,-17.81915,-16.02503,-123.80526
3869,-80.17738,-72.13844,-24.58246
3870,-20.06759,-18.09477,-20.20238
3871,-84.90564,-76.81557,-82.70409
3872,-28.58502,-25.97987,33.53142
3873,-11.30938,-10.28325,43.22757
3874,-38.90472,-35.3756,-79.95178
3875,-109.71446,-99.78308,-4.37283
3876,-30.06301,-27.36204,7.3251
3877,-6.85955,-6.25255,-22.11803
3878,-39.44385,-35.97653,53.91207
3879,-23.71033,-21.67969,53.11213
3880,-84.0434,-76.89112,-72.3651
3881,-60.90439,-55.95107,-43.9006
3882,-22.47239,-20.65634,3.64787
3883,-35.90053,-33.0402,37.13041
3884,-57.91752,-53.34552,-106.94026
3885,-7.78315,-7.17621,37.30151
3886,-102.27151,-94.54038,-0.62595
3887,-19.702,-18.21883,4.59826
3888,-50.7185,-47.06579,116.50348
3889,-83.10729,-77.14018,-21.11735
3890,-32.36124,-30.07884,12.10097
3891,-11.31948,-10.52649,-6.98038
3892,-61.15876,-56.99723,12.98004
3893,-102.25371,-95.38134,-44.11598
3894,-61.40676,-57.28972,88.42621
3895,-10.5671,-9.86706,43.62247
3896,-18.09363,-16.91644,-23.76816
3897,-28.55569,-26.71776,20.19834
3898,-34.08785,-32.00675,-31.08391
3899,-10.51454,-9.89645,68.97702
3900,-45.77889,-43.13972,34.1648
3901,-83.82299,-79.1175,37.97612
3902,-7.9239,-7.48021,3.78451
3903,-15.27286,-14.45566,9.07625
3904,-77.6412,-73.89513,-49.16855
3905,-16.01044,-15.31254,3.88424
3906,-10.22,-9.80063,19.2616
3907,-38.39165,-36.87266,34.53426
3908,-19.02845,-18.30804,-45.94687
3909,-39.12336,-37.746,40.12451
3910,-18.09637,-17.46296,-12.88409
3911,-38.30922,-37.08586,8.33239
3912,-28.60337,-27.78608,15.36439
3913,-27.99747,-27.22763,144.74914
3914,-27.21002,-26.46298,5.73949
3915,-4.98134,-4.87094,-2.7314
3916,-14.21076,-13.89595,29.3673
3917,-3.93085,-3.84453,-2.15603
3918,-64.61222,-63.24735,-0.26439
3919,-75.26921,-73.80618,36.27106
3920,-21.60319,-21.20828,-127.69403
3921,-41.83557,-41.07301,33.68001
3922,-95.04019,-93.4677,-41.68222
3923,-24.9845,-24.6212,2.92086
3924,-61.17631,-60.43858,-71.92186
3925,-16.91457,-16.73876,99.33439
3926,-67.5498,-66.901,-18.72801
3927,-27.50237,-27.2448,4.48234
3928,-72.13552,-71.53682,28.3916
3929,-42.75417,-42.53452,86.68068
3930,-12.95842,-12.90568,-17.71934
3931,-16.3028,-16.2388,23.38612
3932,-26.91757,-26.83281,-13.56394
3933,-24.21137,-24.16427,-87.53896
3934,-59.87703,-59.88008,-61.59324
3935,-37.59848,-37.6783,10.37231
3936,-32.93715,-33.033,-13.85407
3937,-13.49207,-13.57755,-3.76713
3938,-5.17862,-5.22531,27.96702
3939,-65.69369,-66.39563,-73.1273
3940,-20.51913,-20.78923,8.30387
3941,-68.40165,-69.35676,-5.38485
3942,-69.99896,-71.29897,46.60957
3943,-76.85602,-78.37292,-67.50761
3944,-97.05989,-99.20169,-56.113
3945,-75.25425,-77.07889,35.36051
3946,-39.23702,-40.24319,2.05238
3947,-101.43441,-104.13538,22.20759
3948,-11.98429,-12.30905,-17.97345
3949,-12.62212,-12.96834,-16.28993
3950,-81.45676,-83.69591,-37.1221
3951,-24.21825,-24.89271,-31.95184
3952,-51.82596,-53.36861,110.43697
3953,-15.36948,-15.83689,42.66056
3954,-31.00028,-32.02144,11.11812
3955,-61.36991,-63.49435,26.98438
3956,-44.23275,-45.88577,-0.30231
3957,-26.48358,-27.48769,31.14002
3958,-47.39105,-49.26707,34.75278
3959,-49.37616,-51.40061,-68.58242
3960,-50.19313,-52.34806,-60.47404
3961,-30.84293,-32.18512,127.76459
3962,-13.21216,-13.78932,1.88574
3963,-23.32713,-24.3468,-11.3413
3964,-24.9734,-26.13465,-31.34698
3965,-42.77786,-45.1531,-72.24159
3966,-38.15231,-40.36315,-22.4757
3967,-17.43104,-18.45451,20.54653
3968,-49.43741,-52.51911,15.10598
3969,-64.47581,-68.50086,23.6259
3970,-52.95538,-56.46854,14.38897
3971,-58.55823,-62.62644,26.58767
3972,-3.65561,-3.91281,72.05564
3973,-60.78162,-65.28722,34.39434
3974,-81.86875,-88.02997,80.19342
3975,-56.70695,-60.98427,99.43724
3976,-78.5407,-84.51715,57.0257
3977,-24.09266,-26.03315,12.24041
3978,-20.96109,-22.69052,13.76348
3979,-41.76982,-45.32163,-22.38639
3980,-42.98234,-46.65605,-97.93559
3981,-47.74242,-51.82632,51.98499
3982,-55.37765,-60.21147,-7.72537
3983,-44.10126,-48.12033,15.61453
3984,-19.21685,-21.01312,-8.41005
3985,-18.96588,-20.73906,-8.25578
3986,-83.39175,-91.25432,-61.18361
3987,-16.13897,-17.66524,-28.41442
3988,-15.24412,-16.7147,-27.68542
3989,-15.08422,-16.56573,-21.42258
3990,-53.95819,-59.30309,85.52954
3991,-62.27538,-68.46131,98.72074
3992,-15.20419,-16.81026,69.10501
3993,-46.31044,-51.22221,-69.7294
3994,-19.20398,-21.2427,15.94459
3995,-56.3015,-62.29932,-84.78796
3996,-21.8301,-24.16936,44.10238
3997,-88.71908,-98.38832,-38.3879
3998,-28.34222,-31.45464,12.64922
3999,-54.46441,-60.72078,107.97024
4000,-64.26405,-71.69921,-107.75949
4001,-35.87426,-40.04732,-20.58189
4002,-63.19579,-70.63676,107.4338
4003,-27.34542,-30.58308,-0.83457
4004,-39.76669,-44.59552,-24.11345
4005,-51.21007,-57.43408,25.20442
4006,-70.16202,-79.0206,83.35087
4007,-11.4687,-12.94714,-0.40765
4008,-43.81992,-49.48557,-29.95402
4009,-65.04851,-73.46351,-92.65015
4010,-27.37769,-30.94102,-36.49764
4011,-18.30455,-20.68975,-1.83403
4012,-45.78642,-51.81225,21.68158
4013,-35.20503,-40.14308,-125.13969
4014,-94.02261,-107.39118,12.33541
4015,-51.49655,-58.87916,92.40223
4016,-17.7369,-20.30771,-140.49767
4017,-48.2479,-55.41141,-113.19878
4018,-10.22039,-11.75559,0.21661
4019,-56.20737,-64.97516,34.06878
4020,-41.73454,-48.3165,30.06821
4021,-56.25051,-65.3312,47.48929
4022,-24.31542,-28.24386,113.5128
4023,-52.33964,-60.81349,-120.6908
4024,-17.20347,-20.03225,92.36101
4025,-33.0869,-38.61956,-102.49349
4026,-53.75968,-62.77106,-7.52481
4027,-53.07644,-62.05167,-47.42637
4028,-33.33974,-39.02457,20.93541
4029,-48.53551,-56.82504,44.60742
4030,-40.86413,-47.9687,-55.59472
4031,-29.13468,-34.20931,20.95062
4032,-85.84229,-100.84381,2.17162
4033,-46.12126,-54.20376,38.89058
4034,-80.81743,-95.40518,-69.94051
4035,-16.14908,-19.13595,13.9971
4036,-24.56149,-29.18607,23.69021
4037,-48.86578,-58.11411,-55.68984
4038,-30.96451,-36.82648,14.14485
4039,-36.47305,-43.41905,108.81011
4040,-46.92367,-55.99284,41.52851
4041,-22.09265,-26.41164,-133.76061
4042,-36.82031,-44.02457,76.57284
4043,-96.84316,-116.03705,-13.54135
4044,-18.89434,-22.64831,8.11355
4045,-47.03473,-56.39809,-35.80183
4046,-23.61847,-28.3443,-1.55468
4047,-60.83699,-73.07159,97.31498
4048,-39.10999,-47.0206,-14.32055
4049,-47.77848,-57.46456,0.93341
4050,-26.00908,-31.29497,19.4603
4051,-52.3651,-63.0334,-8.35975
4052,-23.17447,-27.90308,17.35315
4053,-51.39254,-62.23743,-59.20588
4054,-58.15207,-70.45242,-93.73898
4055,-32.61263,-39.53338,27.38257
4056,-11.96655,-14.52579,-1.5729
4057,-94.81074,-115.21287,-14.6435
4058,-12.96614,-15.76137,52.47721
4059,-95.29694,-115.97739,20.60528
4060,-39.23035,-47.83965,23.00473
4061,-13.59528,-16.58244,-4.03646
4062,-58.25435,-71.06927,76.79947
4063,-33.11058,-40.39587,104.03933
4064,-16.09863,-19.6534,0.62954
4065,-75.03573,-91.63752,-66.57882
4066,-12.06401,-14.7371,6.52762
4067,-95.12804,-116.4564,1.2187
4068,-59.66131,-73.30488,-10.95278
4069,-39.03256,-47.99613,-15.8285
4070,-65.48561,-80.92969,105.09521
4071,-28.72549,-35.56276,-4.4877
4072,-49.13543,-60.84526,61.51673
4073,-23.26719,-28.82294,-13.2913
4074,-16.03615,-19.8685,39.90097
4075,-77.65395,-96.30042,-59.70414
4076,-22.6636,-28.11645,-8.584
4077,-26.17988,-32.50109,-5.16482
4078,-26.08055,-32.43812,16.30664
4079,-10.11327,-12.59296,26.84403
4080,-81.1601,-101.0869,-52.49126
4081,-74.62774,-92.97097,68.99052
4082,-94.95471,-118.3908,-16.60972
4083,-21.19416,-26.45583,109.83023
4084,-79.7395,-99.57123,62.48272
4085,-50.65696,-63.50768,64.85575
4086,-3.82652,-4.80117,63.80787
4087,-68.34419,-85.82229,34.72483
4088,-52.43081,-65.87204,-3.0449
4089,-13.59133,-17.08419,-10.98261
4090,-23.56659,-29.6916,-95.30172
4091,-59.61648,-75.14107,-71.23064
4092,-77.05968,-97.13026,84.69111
4093,-41.39815,-52.29187,-1.4589
4094,-48.03409,-60.69654,66.33073
4095,-81.90467,-103.69597,72.24855
4096,-12.44335,-15.75426,-61.88703
4097,-15.7996,-20.15683,4.79058
4098,-79.45123,-101.36426,-20.27891
4099,-15.47772,-19.74865,21.70815
4100,-35.62774,-45.50412,-113.52478
4101,-9.98074,-12.75009,-85.74458
4102,-15.91879,-20.36493,32.5914
4103,-12.05692,-15.45431,-3.22639
4104,-35.41184,-45.39226,45.5659
4105,-12.6255,-16.1894,-3.38296
4106,-72.89463,-93.58382,52.0328
4107,-56.93718,-73.17124,-96.56595
4108,-62.11734,-79.85252,32.89905
4109,-24.11473,-31.04371,-11.04992
4110,-81.75535,-105.3716,55.09462
4111,-46.51592,-60.12242,20.29341
4112,-47.97201,-62.20781,-43.27205
4113,-51.26757,-66.52099,-105.17094
4114,-22.02818,-28.5861,3.88747
4115,-28.65022,-37.1846,-53.50011
4116,-49.05529,-64.19899,60.45267
4117,-32.96464,-43.28659,6.9738
4118,-61.42563,-80.68035,-97.46354
4119,-25.72898,-33.81447,87.92806
4120,-60.45405,-79.67804,114.42606
4121,-30.78162,-40.75188,42.36776
4122,-12.91353,-17.10235,23.02731
4123,-20.61152,-27.30645,36.25727
4124,-30.22663,-40.12937,20.88305
4125,-83.40158,-111.06694,-20.84116
4126,-39.39624,-52.66849,-44.30343
4127,-52.62024,-70.43539,29.58368
4128,-49.6116,-66.41731,-1.71669
4129,-65.10172,-87.24402,31.23894
4130,-5.17212,-6.93729,-30.88245
4131,-31.98877,-43.1118,23.27982
4132,-21.49615,-29.03648,-11.04633
4133,-52.95928,-71.55646,34.09667
4134,-16.93875,-22.92808,-5.05927
4135,-39.49129,-53.50742,-3.16377
4136,-62.93852,-85.505,105.85439
4137,-59.16761,-80.41583,-53.18939
4138,-74.13564,-101.24049,43.48185
4139,-42.19084,-57.68358,98.08464
4140,-5.61306,-7.67846,16.53227
4141,-14.25469,-19.53038,17.70285
4142,-26.60735,-36.46294,-11.91734
4143,-3.8523,-5.28612,-37.88626
4144,-10.04945,-13.82534,14.25606
4145,-34.59411,-47.61017,-78.89257
4146,-9.8463,-13.55763,13.96165
4147,-79.98602,-110.23004,-54.3251
4148,-58.3759,-80.69386,37.71219
4149,-41.54955,-57.44727,12.5146
4150,-15.57842,-21.58408,-60.68794
4151,-30.73614,-42.70475,-28.13554
4152,-36.83047,-51.41299,88.6933
4153,-29.81855,-41.67261,-43.41198
4154,-76.15077,-106.55733,61.56164
4155,-44.66397,-62.50169,-32.83237
4156,-18.5155,-25.96738,-12.44573
4157,-30.12909,-42.26102,-47.67146
4158,-48.44907,-68.09308,-32.10663
4159,-60.46321,-85.14705,-27.04007
4160,-67.02164,-94.67056,80.24285
4161,-10.16285,-14.36735,-46.35009
4162,-12.26292,-17.34521,-33.61154
4163,-80.00352,-113.22093,8.40106
4164,-20.61436,-29.2035,-32.91315
4165,-41.60126,-58.95101,115.12884
4166,-12.54678,-17.80438,-101.75316
4167,-26.50193,-37.62652,-8.34122
4168,-14.05015,-20.04692,-44.49779
4169,-61.2637,-87.72296,-47.232
4170,-8.56158,-12.26376,-44.87692
4171,-25.40666,-36.41412,-17.01828
4172,-23.08075,-33.10823,-13.65757
4173,-8.54935,-12.27512,-4.87467
4174,-18.64164,-26.78925,72.76029
4175,-13.52984,-19.4589,-15.31262
4176,-15.75017,-22.76265,47.92021
4177,-65.38059,-95.08222,-41.26754
4178,-35.41698,-51.58761,-23.50741
4179,-26.53107,-38.7024,10.78417
4180,-26.80044,-39.23049,29.62602
4181,-14.62976,-21.52701,-25.77434
4182,-26.05393,-38.37169,-4.26461
4183,-68.27131,-100.66057,-32.68814
4184,-9.68827,-14.36196,-52.39796
4185,-37.4845,-55.60879,-41.26239
4186,-12.45445,-18.5109,2.5126
4187,-38.35613,-57.20649,79.30982
4188,-72.18364,-107.83038,39.02239
4189,-31.66938,-47.32455,0.68264
4190,-39.83962,-59.56691,56.47552
4191,-23.46939,-35.12578,30.64927
4192,-24.45964,-36.781,17.11394
4193,-44.76776,-67.43132,98.79124
4194,-66.36671,-100.0545,-69.43491
4195,-19.51513,-29.42668,-20.67346
4196,-26.54378,-40.05609,4.23833
4197,-33.34057,-50.41134,12.736
4198,-19.7254,-29.93507,43.95597
4199,-24.29282,-36.89131,16.03691
4200,-23.54771,-35.79513,65.40089
4201,-32.62926,-49.69589,-5.46964
4202,-13.60044,-20.72408,26.5694
4203,-42.33326,-64.70091,-8.82022
4204,-8.36852,-12.81455,-2.94608
4205,-73.44902,-112.50672,3.62637
4206,-82.27179,-126.45241,11.3389
4207,-3.85162,-5.94015,25.38161
4208,-71.27572,-109.98793,32.16635
4209,-37.71241,-58.27415,-123.69967
4210,-72.94496,-112.84249,55.42462
4211,-7.74254,-11.99135,-30.93753
4212,-62.71286,-98.20281,-95.77504
4213,-39.69968,-62.6505,-44.81023
4214,-16.37644,-25.97918,-37.5038
4215,-13.47244,-21.40057,18.14344
4216,-60.20944,-95.67179,43.3423
4217,-48.74684,-77.65286,-98.52974
4218,-61.71704,-98.32372,-74.48772
4219,-75.5652,-120.50181,-48.80712
4220,-18.73528,-29.9665,-5.89471
4221,-36.96686,-59.28293,-40.15158
4222,-24.56387,-39.64539,56.42731
4223,-74.75491,-120.72703,44.50797
4224,-53.98563,-87.18759,28.3057
4225,-9.24555,-14.95125,24.08158
4226,-14.80288,-23.98327,45.04443
4227,-46.37,-75.30792,14.90421
4228,-24.83785,-40.34344,41.6656
4229,-18.63522,-30.35417,61.21308
4230,-25.02537,-40.76763,-14.3784
4231,-39.44549,-64.29887,-113.00551
4232,-17.25548,-28.23149,8.41798
4233,-49.26535,-80.71686,-82.70514
4234,-45.37982,-74.36294,8.07221
4235,-11.84915,-19.45838,-11.11382
4236,-25.31646,-41.71991,57.87097
4237,-17.62009,-29.12877,9.79067
4238,-53.72073,-88.97361,-62.65652
4239,-41.15589,-68.27057,-121.03434
4240,-20.82123,-34.54395,127.08646
4241,-33.75064,-56.06517,36.56458
4242,-51.46812,-85.60737,-86.17953
4243,-41.78778,-69.59573,13.57385
4244,-71.87511,-119.85881,25.39177
4245,-18.86075,-31.53159,28.20218
4246,-39.24648,-65.84577,54.68566
4247,-31.63238,-53.17209,23.24903
4248,-34.4228,-58.00001,17.33503
4249,-47.62816,-80.45301,77.60634
4250,-31.9781,-54.06576,31.83751
4251,-5.49036,-9.29132,-9.93225
4252,-11.66936,-19.91828,12.14003
4253,-23.83896,-40.69242,-27.72045
4254,-39.97724,-68.36714,37.89386
4255,-64.0052,-109.85961,71.73518
4256,-22.53809,-38.81462,-26.26167
4257,-16.50613,-28.50493,-2.92583
4258,-29.21566,-50.51415,-43.1395
4259,-50.73602,-87.77147,-61.32163
4260,-15.81732,-27.37191,31.88904
4261,-22.06782,-38.22391,-32.4206
4262,-50.62861,-87.86549,98.8896
4263,-15.74736,-27.35065,-0.99095
4264,-48.98577,-85.45431,60.52204
4265,-17.58675,-30.68158,-9.74919
4266,-47.70883,-83.30352,48.95211
4267,-36.36507,-63.53084,5.66754
4268,-17.54886,-31.08938,24.48499
4269,-59.18899,-105.31914,-67.34175
4270,-70.95962,-126.45397,-6.25523
4271,-18.3846,-32.82821,-33.23304
4272,-28.49202,-51.05602,-28.34662
4273,-34.19831,-61.50057,117.53042
4274,-19.89229,-35.82043,10.29806
4275,-23.81899,-42.93462,29.55196
4276,-18.94475,-34.19494,-15.73673
4277,-22.06436,-39.86656,-28.97161
4278,-15.32835,-27.7804,-6.42634
4279,-31.50778,-57.24831,-1.32325
4280,-44.83132,-81.63538,26.74465
4281,-54.40177,-99.18451,-57.50991
4282,-11.05241,-20.1545,50.81541
4283,-29.51654,-53.83712,40.55701
4284,-24.6334,-45.17362,14.03506
4285,-16.85152,-30.92618,-22.75114
4286,-8.31205,-15.25671,-6.47833
4287,-61.06603,-112.17255,-15.87388
4288,-62.86631,-115.66759,-12.86644
4289,-12.76299,-23.48973,-84.27907
4290,-50.52528,-93.05329,-11.39017
4291,-17.10655,-31.56853,-6.97352
4292,-8.72128,-16.1449,14.66612
4293,-11.66717,-21.63811,26.83111
4294,-16.38279,-30.48856,-14.67512
4295,-20.96223,-39.14757,-26.06937
4296,-16.79244,-31.36862,-5.10805
4297,-54.64751,-102.32299,-86.52684
4298,-23.79527,-44.57715,0.02882
4299,-64.81533,-122.00627,42.38156
4300,-13.00385,-24.56227,-6.48524
4301,-30.62212,-57.94407,82.79743
4302,-23.29462,-44.24077,1.61753
4303,-12.98272,-24.66881,20.62011
4304,-61.32442,-116.53594,7.94919
4305,-14.06889,-26.79286,3.384
4306,-34.97707,-66.78672,111.05559
4307,-30.41957,-58.13541,-0.69766
4308,-41.12979,-78.61494,-56.84827
4309,-14.79021,-28.30733,71.16481
4310,-3.67251,-7.03351,-11.96332
4311,-69.92623,-134.10153,-9.16196
4312,-68.15982,-130.78008,-33.73781
4313,-51.97127,-99.90553,56.74451
4314,-28.30341,-54.45465,-134.83872
4315,-56.1237,-108.04831,3.40353
4316,-1.66067,-3.19976,-35.68637
4317,-6.02507,-11.62398,12.5635
4318,-40.71875,-78.692,26.2921
4319,-28.88048,-56.0616,-16.17302
4320,-31.22345,-60.64712,-38.46101
4321,-48.15012,-93.76729,81.07158
4322,-14.80142,-28.89187,-39.1922
4323,-49.55835,-96.99469,1.50976
4324,-11.58924,-22.6967,23.90386
4325,-11.67139,-22.86407,-33.96069
4326,-46.73748,-91.58478,-49.89046
4327,-27.64336,-54.36917,5.86537
4328,-17.23373,-33.94274,-83.01203
4329,-13.38653,-26.41659,-23.22638
4330,-19.42072,-38.41597,111.45025
4331,-18.77911,-37.34773,-30.38537
4332,-58.25184,-115.89244,11.39616
4333,-44.52138,-88.94959,-2.56151
4334,-3.2944,-6.59492,-11.60164
4335,-58.85428,-117.84824,-27.60975
4336,-51.74422,-103.62175,98.39551
4337,-45.4311,-91.34652,10.5462
4338,-36.3863,-73.50499,-27.49909
4339,-51.23775,-104.18591,80.43354
4340,-24.21997,-49.32993,-51.06626
4341,-40.43648,-82.43,31.27087
4342,-26.07267,-53.21687,-2.4679
4343,-52.82501,-108.05482,62.40425
4344,-10.9823,-22.49646,18.06889
4345,-11.19872,-22.94789,3.29743
4346,-42.6594,-87.61034,-91.26819
4347,-53.54846,-110.13046,52.2906
4348,-8.73061,-17.97638,-43.02349
4349,-19.73042,-41.02743,59.06204
4350,-50.00704,-104.33028,86.93519
4351,-12.67611,-26.6402,71.16898
4352,-15.68124,-33.02211,-33.78297
4353,-29.49182,-62.13496,-111.76642
4354,-60.12171,-127.66177,-51.96896
4355,-6.67011,-14.18502,-22.81133
4356,-14.04388,-29.90456,-15.94323
4357,-7.23589,-15.57155,-19.22046
4358,-17.20087,-37.08141,-8.34012
4359,-23.62013,-50.95342,-58.69348
4360,-24.5359,-52.96895,59.5677
4361,-16.68044,-36.05012,-12.63763
4362,-16.90766,-36.67793,14.19167
4363,-33.44807,-73.09632,20.89334
4364,-13.35787,-29.24768,84.24374
4365,-29.4553,-64.51222,0.69664
4366,-21.821,-47.8824,-109.84994
4367,-20.01857,-43.97666,28.90864
4368,-16.23331,-35.77153,-24.86357
4369,-22.51059,-50.02046,41.09709
4370,-48.69523,-108.26042,-90.8393
4371,-19.37994,-43.24847,-9.7233
4372,-17.72793,-39.73929,-2.26126
4373,-20.83679,-46.85703,-18.70253
4374,-34.11811,-76.78797,63.40262
4375,-8.48353,-19.12894,-5.07838
4376,-8.45456,-19.09178,-19.92298
4377,-42.54572,-96.22956,-108.38851
4378,-6.67912,-15.21956,-6.69377
4379,-11.91795,-27.18032,-34.31931
4380,-57.23369,-130.56286,-33.38223
4381,-58.56054,-134.16458,24.15733
4382,-28.68379,-65.81674,41.89568
4383,-20.49564,-47.15835,-12.9375
4384,-22.96062,-52.90448,7.35738
4385,-40.62595,-93.65107,63.99142
4386,-55.16201,-127.49939,37.4689
4387,-18.95805,-43.88022,53.00827
4388,-59.67073,-138.30779,14.06375
4389,-15.38922,-35.74084,-118.13415
4390,-36.99288,-86.28233,-103.40764
4391,-12.02104,-28.09462,0.4933
4392,-16.73963,-39.26887,-2.6739
4393,-6.87142,-16.17841,2.25358
4394,-27.63491,-65.07775,-95.95486
4395,-38.54966,-90.80098,-103.04893
4396,-30.38561,-71.79379,-59.13096
4397,-9.75246,-23.0747,-15.12988
4398,-22.42198,-53.12525,-13.73692
4399,-50.31467,-119.35303,1.50376
4400,-35.61928,-84.6376,0.08829
4401,-7.17511,-17.08589,6.16926
4402,-23.07179,-55.00932,-27.23206
4403,-11.77465,-28.162,13.44816
4404,-12.94313,-31.11822,63.6184
4405,-47.57469,-114.50482,87.4749
4406,-47.52626,-115.44396,83.42069
4407,-10.32623,-25.1315,122.01137
4408,-20.45788,-49.86593,-29.06599
4409,-14.68575,-35.92037,-13.0752
4410,-23.29953,-57.22302,-30.85526
4411,-15.11207,-37.15685,128.09449
4412,-7.20762,-17.72933,-15.50433
4413,-23.3771,-57.52934,30.87148
4414,-20.85773,-51.62041,98.32604
4415,-25.64469,-63.89739,82.59239
4416,-24.66022,-61.48182,-109.95744
4417,-35.44171,-88.39424,19.35536
4418,-24.20241,-60.36385,-37.84427
4419,-5.93582,-14.83327,3.57508
4420,-15.77321,-39.46782,2.41087
4421,-1.90257,-4.78276,71.60273
4422,-3.47369,-8.75767,-48.00794
4423,-21.57525,-54.4796,-110.76958
4424,-52.83526,-133.85453,34.2693
4425,-39.53972,-100.18777,-27.78811
4426,-32.96647,-83.82217,-16.98325
4427,-2.77298,-7.05877,30.37629
4428,-50.69696,-129.4661,21.21126
4429,-22.47178,-57.48708,122.50313
4430,-14.32387,-36.75593,-40.04428
4431,-16.35406,-41.97295,17.96485
4432,-7.91092,-20.33316,30.5978
4433,-21.05275,-54.37102,5.33314
4434,-13.48544,-34.90092,-12.64441
4435,-24.36585,-63.33689,58.76041
4436,-4.74102,-12.32528,-18.01455
4437,-5.90072,-15.40393,25.71743
4438,-3.48719,-9.12646,-0.39647
4439,-30.68963,-80.33914,57.62022
4440,-30.2589,-79.21362,-59.93992
4441,-42.5168,-111.30987,-31.12914
4442,-39.45535,-103.35737,-105.88762
4443,-7.7875,-20.50452,13.23006
4444,-29.73867,-78.38843,35.36064
4445,-23.96963,-63.19723,133.07231
4446,-9.3866,-24.80524,-40.15511
4447,-7.1271,-18.84629,0.08937
4448,-11.94355,-31.59409,20.46894
4449,-7.79833,-20.65679,-14.41973
4450,-20.05066,-53.11526,8.49147
4451,-1.85346,-4.91102,-46.41124
4452,-45.99759,-122.31422,12.07093
4453,-8.61028,-22.90933,-21.19038
4454,-48.163,-128.169,-41.4684
4455,-33.36128,-88.80164,-38.44039
4456,-33.63149,-89.52308,-111.14936
4457,-44.6131,-118.90176,45.11355
4458,-12.61868,-33.64693,-74.49892
4459,-15.53476,-41.55384,65.80855
4460,-40.31612,-107.92729,95.23461
4461,-11.63477,-31.25463,-2.92981
4462,-8.95651,-24.07951,-38.4622
4463,-24.78109,-66.63622,50.20075
4464,-6.94828,-18.7124,-31.29579
4465,-40.21288,-108.35919,-2.48461
4466,-4.76221,-12.99572,16.83124
4467,-6.76111,-18.52087,-25.23046
4468,-12.92634,-35.43403,3.63712
4469,-41.39662,-114.63052,-45.34651
4470,-7.0857,-19.62345,24.14208
4471,-51.24224,-142.60458,-22.13207
4472,-42.22731,-117.62905,57.90384
4473,-44.83151,-125.41227,54.99511
4474,-28.41843,-79.53133,0.74817
4475,-15.67834,-43.96095,1.07016
4476,-40.96878,-115.09475,-64.43847
4477,-16.91106,-47.64766,11.8116
4478,-21.37875,-60.28085,-127.7393
4479,-3.00125,-8.55232,22.54783
4480,-22.05344,-63.17571,-55.17802
4481,-3.44053,-9.86465,-47.18987
4482,-6.48691,-18.63627,32.23216
4483,-21.41429,-61.74781,65.22722
4484,-37.08099,-107.53064,7.99254
4485,-6.46182,-18.75019,18.80416
4486,-3.62765,-10.57299,-9.03353
4487,-17.59951,-51.71618,-15.14513
4488,-14.50389,-42.75156,19.83391
4489,-11.68214,-34.43979,14.04863
4490,-2.61506,-7.71548,5.39382
4491,-12.274,-36.2777,123.91853
4492,-37.30789,-110.40689,-69.49039
4493,-10.50472,-31.12396,24.61963
4494,-9.99153,-29.66188,20.97729
4495,-43.02196,-127.82814,-26.03018
4496,-33.81081,-100.80357,16.04674
4497,-11.48064,-34.35966,47.6336
4498,-6.56781,-19.66584,25.01258
4499,-42.67685,-128.08648,11.53926
4500,-27.48747,-83.11385,-71.84811
4501,-17.20282,-52.15243,-128.20324
4502,-8.5494,-26.03877,-0.56849
4503,-8.26447,-25.3028,35.39495
4504,-15.8836,-48.69407,-25.18836
4505,-7.90636,-24.54911,19.44488
4506,-13.96373,-43.4037,-118.94944
4507,-33.78838,-105.11166,-86.49065
4508,-27.81753,-86.77781,-113.77804
4509,-13.09059,-40.88935,-47.21446
4510,-35.55287,-111.33474,26.78722
4511,-28.00191,-87.81452,-23.61236
4512,-39.51162,-124.12993,-39.26062
4513,-3.4481,-10.88759,-24.57631
4514,-14.90382,-47.11486,-82.37641
4515,-37.90076,-119.90007,49.98464
4516,-9.43128,-29.86172,-14.23619
4517,-9.4914,-30.12904,-30.12298
4518,-7.60556,-24.15429,8.67042
4519,-4.97186,-15.80979,-11.30229
4520,-6.11098,-19.51282,22.50181
4521,-16.51014,-52.80706,-132.59804
4522,-27.57323,-88.25951,82.95467
4523,-24.22188,-77.67069,51.93897
4524,-7.73178,-24.83019,-24.92671
4525,-3.9691,-12.90261,53.04373
4526,-39.29498,-128.04299,50.27419
4527,-5.15872,-16.86627,49.97297
4528,-25.51238,-83.78094,-8.87861
4529,-12.79626,-42.04912,-107.07028
4530,-44.13722,-145.50871,-13.7034
4531,-5.83774,-19.36094,62.42306
4532,-11.06719,-37.12693,34.44601
4533,-29.8801,-100.27418,100.28089
4534,-37.27444,-125.36047,50.65685
4535,-16.08401,-54.43425,61.39372
4536,-10.55351,-35.86467,12.68581
4537,-10.83775,-36.8909,-10.00318
4538,-9.60103,-32.71904,-31.09351
4539,-21.30152,-72.60461,-8.15829
4540,-16.51722,-56.31435,7.55992
4541,-26.51414,-90.92538,-113.63345
4542,-32.21798,-110.77221,-13.45181
4543,-28.72672,-99.1535,34.4068
4544,-17.15649,-59.29363,-17.74566
4545,-4.52531,-15.65884,-35.36536
4546,-22.87304,-79.23285,36.46707
4547,-4.38717,-15.20779,-9.91612
4548,-15.62791,-54.20809,-8.87854
4549,-7.66609,-26.64955,30.42918
4550,-36.78974,-127.91977,-14.27952
4551,-5.11905,-17.82802,-35.58435
4552,-10.66926,-37.22646,-11.6965
4553,-6.29089,-22.05417,59.77173
4554,-31.27736,-109.92101,-0.56617
4555,-33.32444,-117.49412,30.76767
4556,-5.1438,-18.19885,-34.05746
4557,-16.04229,-57.394,14.73026
4558,-15.27314,-54.70789,28.82251
4559,-6.97638,-25.01658,4.28787
4560,-36.38913,-130.56225,61.42966
4561,-3.18321,-11.42135,12.87663
4562,-3.25473,-11.71406,13.2058
4563,-30.70496,-111.01666,-29.51538
4564,-28.18207,-102.91791,7.23719
4565,-3.88377,-14.22044,-12.17731
4566,-8.14996,-29.9158,81.56553
4567,-12.12575,-44.60572,5.35168
4568,-11.27184,-41.59054,-86.89565
4569,-13.06851,-48.23275,76.0416
4570,-7.26201,-26.83349,19.9612
4571,-14.5739,-53.99841,-74.65653
4572,-2.8575,-10.69265,-28.47785
4573,-23.58635,-88.79277,-36.118
4574,-18.55629,-70.00582,-52.49128
4575,-31.27701,-118.92576,-9.07879
4576,-5.2829,-20.10199,41.53682
4577,-11.92346,-45.51544,-44.87439
4578,-13.44278,-51.3165,94.33229
4579,-31.71831,-121.11856,16.32459
4580,-32.80147,-126.50264,-44.70689
4581,-6.70714,-25.93387,11.33504
4582,-3.01781,-11.7266,-22.36479
4583,-21.72283,-84.42872,54.2302
4584,-8.61993,-33.56127,-7.29792
4585,-7.62656,-30.02823,-29.01212
4586,-12.18562,-48.06262,15.85385
4587,-3.12107,-12.36106,21.71692
4588,-3.08334,-12.21585,21.46342
4589,-24.35878,-97.63811,24.28517
4590,-3.80975,-15.41269,-8.64972
4591,-21.66281,-87.66816,5.90384
4592,-27.52802,-111.42227,-36.16994
4593,-28.67509,-116.07251,-26.89187
4594,-30.98908,-125.54206,78.96649
4595,-27.70679,-112.72387,61.95709
4596,-15.90935,-64.8068,76.23732
4597,-2.54336,-10.40673,-0.94927
4598,-24.0101,-98.92412,106.73147
4599,-9.72227,-40.1145,24.83164
4600,-7.05619,-29.46912,-3.27425
4601,-13.19754,-55.18246,-99.96252
4602,-23.61484,-98.93668,41.26997
4603,-15.476,-65.40492,-9.23627
4604,-15.11714,-64.13304,7.85343
4605,-17.0736,-72.45044,8.87721
4606,-18.36374,-78.10215,-76.68844
4607,-22.65685,-96.92789,112.11229
4608,-4.23973,-18.19142,-20.92669
4609,-3.76917,-16.36657,-14.97597
4610,-26.24937,-114.26142,-37.21021
4611,-21.76051,-95.25661,68.50344
4612,-21.92334,-96.77034,66.03792
4613,-7.26814,-32.33658,29.2562
4614,-14.09519,-62.99976,55.67918
4615,-14.54726,-65.40245,53.89094
4616,-1.44335,-6.53362,-11.93823
4617,-2.65748,-12.03027,17.26901
4618,-7.89618,-35.76492,32.57978
4619,-2.61618,-11.85088,17.00831
4620,-7.37162,-33.68852,15.73916
4621,-15.20188,-69.72694,44.90454
4622,-15.09897,-69.64841,-26.86424
4623,-25.52187,-119.43956,16.9363
4624,-0.91615,-4.32194,4.5225
4625,-18.26134,-86.42427,-71.07808
4626,-4.76783,-22.59118,-66.00849
4627,-7.99787,-37.9246,-40.93056
4628,-3.27239,-15.52417,31.61572
4629,-4.22323,-20.08321,54.32482
4630,-4.00084,-19.0786,6.46632
4631,-3.18102,-15.2107,25.92977
4632,-10.37269,-49.70686,94.91348
4633,-4.32422,-20.72269,-1.8981
4634,-9.61737,-46.12682,10.11756
4635,-7.85835,-38.03167,-92.36859
4636,-8.98576,-43.54576,-0.29609
4637,-7.54558,-37.18635,-66.37197
4638,-5.73836,-28.29059,-4.26473
4639,-1.86438,-9.21387,-35.78166
4640,-5.92001,-29.29154,-16.36549
4641,-17.55154,-88.33341,67.39612
4642,-17.62965,-89.319,-23.68779
4643,-1.03592,-5.25043,-2.67991
4644,-12.10376,-61.49679,-77.02661
4645,-20.17545,-103.75006,54.16608
4646,-12.16449,-62.84778,-12.3204
4647,-1.0135,-5.24187,-2.66696
4648,-23.34881,-120.97916,-7.77523
4649,-13.67368,-71.15823,128.96714
4650,-12.57063,-65.60476,-0.51897
4651,-23.30111,-121.89602,-13.58044
4652,-4.49204,-23.65158,46.40028
4653,-2.27188,-12.08881,-28.90883
4654,-7.97503,-42.59023,3.08977
4655,-3.85402,-20.63144,11.74281
4656,-2.06574,-11.10252,14.68957
4657,-18.49226,-99.80434,-45.80241
4658,-7.75394,-41.92214,-0.95607
4659,-3.74221,-20.37019,-0.6441
4660,-22.86799,-124.8997,61.40398
4661,-11.17111,-61.29095,43.20348
4662,-8.95929,-49.21662,-28.29135
4663,-15.29491,-84.17973,47.08058
4664,-1.01773,-5.61967,-3.9974
4665,-7.3627,-41.0534,-56.1304
4666,-7.41379,-41.34858,28.49652
4667,-15.35967,-85.66871,-3.57179
4668,-6.86037,-38.38771,-37.77028
4669,-4.19031,-23.79984,33.05925
4670,-12.9083,-74.64949,40.98366
4671,-3.92408,-22.77749,75.6624
4672,-7.45297,-43.51743,-20.29183
4673,-11.46038,-67.08,70.84084
4674,-11.17907,-65.44162,81.54424
4675,-16.54755,-97.71386,61.59406
4676,-5.97061,-35.67156,-88.49683
4677,-22.16851,-132.54061,52.00104
4678,-8.94537,-53.65987,0.84585
4679,-9.85631,-59.41521,2.4566
4680,-4.14052,-25.22762,-6.83094
4681,-9.32516,-57.0801,31.8084
4682,-16.55511,-101.40741,-78.0499
4683,-6.47638,-40.3535,110.9129
4684,-13.5261,-84.73538,-72.53708
4685,-15.53204,-97.30211,33.78977
4686,-10.83552,-68.21989,-39.59339
4687,-4.85669,-30.62564,23.60579
4688,-8.32174,-53.49527,44.6497
4689,-13.20967,-85.08539,-33.81587
4690,-0.75075,-4.87985,11.80679
4691,-18.0077,-117.35127,-53.46598
4692,-9.49553,-62.09764,-43.06142
4693,-8.18488,-53.5903,-17.01153
4694,-15.09989,-100.30696,52.36342
4695,-1.14826,-7.62843,0.2848
4696,-1.82076,-12.10853,-46.99837
4697,-11.447,-76.59479,-94.3962
4698,-4.58202,-30.86162,-35.37734
4699,-19.64954,-136.21002,-39.08095
4700,-17.37743,-120.90028,-5.10467
4701,-3.77277,-26.4902,13.51284
4702,-6.54187,-46.13438,-51.36132
4703,-6.68596,-47.35044,-67.15373
4704,-8.16272,-58.00781,-75.78465
4705,-13.95197,-99.38167,21.67096
4706,-4.17455,-29.73653,-79.63295
4707,-7.20224,-51.97918,11.42775
4708,-0.42264,-3.07118,-3.31206
4709,-3.7534,-27.37187,-24.58412
4710,-2.23341,-16.47122,-7.34361
4711,-20.39609,-150.65125,16.37678
4712,-2.74113,-20.36534,11.57527
4713,-12.50091,-93.28392,65.75181
4714,-8.11669,-60.59108,42.70486
4715,-9.7623,-73.16371,-97.45091
4716,-9.41903,-71.04026,-7.42997
4717,-3.67059,-27.9649,27.73524
4718,-15.78846,-121.27916,-83.99486
4719,-3.72871,-28.96382,30.60365
4720,-12.87578,-100.29696,49.56141
4721,-4.84401,-38.87546,-33.58201
4722,-8.91694,-71.86804,42.34907
4723,-12.56393,-101.55347,-68.25205
4724,-10.13531,-81.99544,-105.33223
4725,-3.02556,-24.61003,61.78841
4726,-7.07058,-58.20607,-66.17917
4727,-3.33836,-27.88167,99.41605
4728,-10.55017,-88.4409,-110.39298
4729,-15.95581,-134.72531,-42.76512
4730,-10.20661,-86.62974,76.48048
4731,-10.79138,-93.46915,27.54542
4732,-2.59086,-23.02892,24.80269
4733,-9.03644,-82.86091,-67.01577
4734,-0.6963,-6.41626,-7.3417
4735,-10.65501,-99.7141,1.95925
4736,-11.95305,-112.35459,-12.11575
4737,-11.79122,-112.82529,60.78768
4738,-5.47079,-52.40845,4.46516
4739,-0.6128,-5.88474,18.07872
4740,-8.04699,-77.31557,13.30914
4741,-6.7957,-66.40412,75.67542
4742,-11.22402,-111.60361,-38.60437
4743,-6.68622,-67.75061,-81.30555
4744,-12.1815,-127.4337,-24.71254
4745,-10.89242,-114.7767,86.0844
4746,-13.59798,-143.36661,46.35234
4747,-4.54085,-47.88556,-24.72559
4748,-11.03489,-116.85571,26.5321
4749,-5.12168,-55.44403,-57.17619
4750,-0.96503,-10.64696,0.66425
4751,-11.51857,-127.43485,-72.48432
4752,-0.97707,-11.12812,23.95765
4753,-4.1964,-47.84207,73.58852
4754,-4.93099,-56.48099,1.70609
4755,-7.28641,-85.98532,81.80515
4756,-8.89098,-105.25813,64.19469
4757,-3.76012,-44.61444,-6.10947
4758,-3.14058,-37.52314,18.72252
4759,-1.21049,-14.62228,38.6663
4760,-0.71911,-8.70751,27.57576
4761,-3.05378,-37.01061,-33.10702
4762,-9.68063,-118.55225,24.80973
4763,-5.108,-62.67714,79.96471
4764,-2.85398,-35.20535,-48.26497
4765,-4.09921,-52.32569,-69.14059
4766,-2.9448,-37.89813,3.27713
4767,-4.46809,-57.51199,17.73506
4768,-2.49085,-32.4087,-5.19232
4769,-7.78986,-101.66334,46.60474
4770,-6.31651,-82.63262,-101.09102
4771,-5.52541,-74.18606,-118.89763
4772,-1.59809,-21.84285,8.67605
4773,-1.80547,-24.99331,2.00159
4774,-5.67298,-81.19729,-8.4538
4775,-3.64115,-53.93548,129.20292
4776,-7.03628,-106.143,75.08904
4777,-1.20672,-18.33413,147.00434
4778,-2.84499,-43.54361,15.27301
4779,-6.33628,-99.99978,0.12278
4780,-3.26591,-51.74317,-44.75812
4781,-3.0219,-48.48194,-102.87366
4782,-5.6862,-92.27702,74.55003
4783,-1.39741,-25.93119,-38.19789
4784,-3.31034,-61.45034,22.64543
4785,-1.76962,-32.93478,56.72506
4786,-2.04182,-38.02952,3.29187
4787,-0.22219,-4.14101,-30.33636
4788,-1.70567,-31.81607,-36.46807
4789,-2.44329,-49.01777,40.1536
4790,-1.62585,-33.00661,6.85231
4791,-2.7585,-56.49852,27.12968
4792,-1.89313,-39.47914,-11.52026
4793,-4.88128,-103.47324,38.10723
4794,-4.88125,-104.64661,3.58733
4795,-1.37346,-31.0151,-23.43132
4796,-3.96334,-90.39631,-40.67797
4797,-0.54525,-12.69379,-30.66127
4798,-2.99117,-71.22757,40.04232
4799,-0.97324,-23.8145,-20.2261
4800,-1.20126,-30.3207,-122.2344
4801,-2.1391,-55.14846,35.17275
4802,-2.07622,-56.56245,-98.68636
4803,-5.31267,-149.69418,31.86045
4804,-1.46677,-41.81689,58.90572
4805,-4.56296,-130.24932,35.71828
4806,-4.76555,-136.31058,-2.94471
4807,-2.56879,-73.6965,78.09885
4808,-4.92362,-142.54151,2.76645
4809,-1.03023,-30.56902,-4.06005
4810,-4.02678,-119.5686,-72.82049
4811,-3.47458,-107.44282,2.44897
4812,-4.4052,-136.71279,-12.5976
4813,-2.49052,-82.20352,-15.8364
4814,-2.49585,-85.35443,71.67139
4815,-0.65682,-23.15159,9.04177
4816,-0.52744,-18.67008,28.62119
4817,-3.84725,-144.65536,24.95705
4818,-3.27605,-127.79192,-25.63082
4819,-0.84041,-33.56913,-29.81152
4820,-0.9107,-37.57067,141.95226
4821,-1.033,-43.04666,-21.59222
4822,-0.92418,-47.22679,-41.64474
4823,-0.88182,-46.93264,68.77088
4824,-0.40529,-21.84695,7.31135
4825,-0.38351,-21.09469,13.92289
4826,-2.51056,-138.52572,57.28732
4827,-0.62349,-37.60462,2.28217
4828,-0.61184,-38.26861,73.86807
4829,-0.41719,-28.17182,35.4067
4830,-0.57768,-39.28676,13.23236
4831,-1.06659,-76.15633,-74.43473
4832,-0.55682,-41.28362,4.4662
4833,-1.38008,-110.96391,86.08803
4834,-0.35771,-29.23116,-30.03256
4835,-0.24898,-23.07392,-36.4506
4836,-0.27914,-27.60655,-10.99731
4837,-0.35294,-36.17214,20.25661
4838,-0.11884,-14.25037,43.82408
4839,-0.28482,-40.99282,3.19864
4840,-0.68023,-99.2471,74.44988
4841,-0.16767,-34.49818,-20.05479
4842,-0.13265,-29.29692,-36.99681
4843,-0.19604,-46.15822,-7.95087
4844,-0.10112,-33.16065,38.19512
4845,-0.26687,-129.7014,0.04734
4846,-0.07864,-46.7483,140.81064
4847,-0.11844,-70.45908,66.24707
4848,0.00216,-8.84109,50.14304
4849,0.00607,-9.21353,52.27278
4850,0.10002,-119.30844,-53.8302
4851,0.17478,-144.2429,22.48759
4852,0.08681,-48.74977,12.80378
4853,0.06209,-23.64697,60.20559
4854,0.16913,-56.51675,-32.9132
4855,0.37727,-117.81311,19.85042
4856,0.20296,-45.16271,8.83554
4857,0.48956,-103.64913,112.731
4858,0.59587,-69.63602,77.03027
4859,0.18847,-19.87639,-52.71495
4860,0.43205,-39.74466,-29.26466
4861,0.21524,-19.65184,9.7193
4862,1.26675,-109.54686,8.58576
4863,0.17111,-14.42647,-28.28954
4864,1.82947,-135.09183,-10.36659
4865,0.45351,-33.35477,-18.1575
4866,1.87248,-106.89716,44.68189
4867,1.86325,-88.21863,-63.87707
4868,0.12089,-5.07966,0.22206
4869,2.82435,-117.62136,46.69379
4870,0.64941,-26.87996,57.87533
4871,0.42118,-17.25425,34.8732
4872,0.64387,-25.39857,-14.92014
4873,0.82992,-32.44178,-46.55988
4874,2.13569,-82.7641,-49.08065
4875,0.95008,-34.81974,-2.89509
4876,2.1251,-76.84817,21.42969
4877,2.24759,-74.72639,91.7389
4878,3.01739,-95.80412,-32.82719
4879,4.29653,-133.8671,38.19525
4880,2.07794,-63.55927,97.1871
4881,2.48789,-73.00914,-22.54939
4882,2.04845,-59.27023,37.2393
4883,2.83871,-80.95375,-104.57122
4884,1.80234,-51.36532,37.89546
4885,3.30489,-93.67037,-50.7995
4886,5.19209,-146.04749,-18.25418
4887,5.00367,-133.0165,-10.33698
4888,4.6526,-116.22296,68.43117
4889,1.25669,-31.279,-12.76451
4890,1.19428,-29.43326,-12.44776
4891,1.2142,-29.16281,-0.16663
4892,1.07909,-25.87128,-5.52202
4893,0.36494,-8.68231,6.90215
4894,2.33562,-55.46414,97.68798
4895,5.19681,-122.47165,13.3305
4896,3.79919,-88.72414,-88.63657
4897,3.33391,-77.63045,-85.41963
4898,0.46547,-10.74108,29.03306
4899,4.10469,-94.01883,-60.46122
4900,4.18316,-94.89097,-56.46099
4901,3.50691,-76.98474,-68.79778
4902,1.33998,-29.15623,40.59702
4903,5.87458,-126.07273,7.33083
4904,6.27206,-132.60897,10.29494
4905,0.82174,-17.20498,20.50686
4906,4.90552,-101.44872,-110.8919
4907,1.76333,-36.36186,23.35577
4908,0.92971,-18.90345,-75.29758
4909,6.20766,-123.25352,59.0252
4910,4.50104,-88.95786,99.93546
4911,4.56928,-89.92642,56.6542
4912,3.50658,-68.49864,-30.10984
4913,2.76407,-51.24021,-74.64237
4914,0.50687,-9.39354,-8.9096
4915,1.99641,-36.54588,138.30043
4916,6.09356,-109.76156,96.05729
4917,5.89753,-104.79732,97.2077
4918,2.44443,-42.94473,-15.01046
4919,3.60844,-61.84719,-0.82511
4920,0.37539,-6.35958,40.57062
4921,6.49756,-108.39857,-82.58019
4922,6.28966,-104.23982,-98.08048
4923,1.93192,-31.60007,-29.08671
4924,4.45384,-71.11341,-117.21693
4925,8.00285,-122.40611,-33.75308
4926,5.09615,-76.40454,105.94252
4927,2.10335,-31.49264,81.18864
4928,2.19892,-32.75576,51.20721
4929,7.69169,-113.93466,-80.07255
4930,2.79335,-40.79701,51.64753
4931,2.81062,-41.02272,-80.89331
4932,6.67583,-96.1389,56.5398
4933,5.17829,-73.50951,-111.97531
4934,6.37243,-85.96344,-45.2856
4935,3.3685,-44.04372,-35.07051
4936,11.48848,-149.21426,18.77965
4937,2.19388,-28.14838,14.18223
4938,5.57375,-71.24427,55.79205
4939,2.96355,-37.04471,34.881
4940,2.40853,-29.4868,-3.47596
4941,2.21966,-26.58216,-18.78683
4942,2.56526,-30.63399,20.1402
4943,3.72445,-44.4478,5.68201
4944,1.66845,-19.21795,-0.65293
4945,5.10342,-58.73972,42.93908
4946,6.82514,-78.26767,98.23312
4947,6.25402,-71.55003,-89.40206
4948,12.18771,-138.29048,-39.36665
4949,9.27848,-104.07081,-18.77516
4950,3.16484,-35.25287,-9.0622
4951,6.5424,-72.46833,-7.00444
4952,3.34835,-36.54513,8.15779
4953,7.43729,-80.96391,-46.61654
4954,1.75635,-18.82987,-0.95706
4955,2.60664,-26.7213,0.80017
4956,4.00308,-40.354,-13.19218
4957,12.64969,-126.64085,40.92739
4958,14.61579,-144.83927,43.64141
4959,3.94471,-38.62154,-32.02554
4960,8.07936,-78.58364,-57.89821
4961,5.96014,-57.5297,-9.09282
4962,3.77356,-36.36686,14.60185
4963,3.2665,-31.27802,-31.60177
4964,2.12341,-20.25118,-35.33604
4965,2.51109,-23.74945,125.46116
4966,13.12313,-123.99436,85.67737
4967,2.34993,-22.19669,101.1945
4968,3.47906,-32.8193,-46.36948
4969,3.9382,-37.0783,-39.90594
4970,4.24668,-39.66721,-22.59974
4971,13.76033,-128.13821,-11.26233
4972,9.18673,-84.90754,-10.60099
4973,4.06748,-37.4114,-4.19029
4974,2.16236,-19.68066,9.07965
4975,3.63368,-32.97501,-0.99417
4976,12.63833,-113.74112,-83.12202
4977,4.55253,-39.98326,88.56231
4978,0.51638,-4.44957,23.98748
4979,14.23671,-122.59326,-15.43119
4980,13.62869,-116.96794,-75.81851
4981,4.40218,-37.30225,32.32279
4982,16.65336,-140.96917,45.39475
4983,11.66657,-98.02901,-13.94534
4984,4.76382,-39.684,-16.57987
4985,2.12435,-17.55617,-21.88551
4986,6.84304,-56.33856,96.53561
4987,8.52488,-69.73402,1.71384
4988,2.6056,-21.24307,-10.17227
4989,4.84075,-38.94229,-142.17643
4990,7.34699,-57.81863,-4.34582
4991,3.56887,-27.8386,-39.98488
4992,2.31352,-17.97669,-105.28893
4993,3.24837,-25.20698,-13.49704
4994,3.40916,-26.31199,4.23163
4995,9.34655,-71.76172,-2.50845
4996,8.49396,-65.15211,-138.32829
4997,4.06296,-31.12421,142.13587
4998,2.43726,-18.59322,-0.59509
4999,7.6709,-58.37532,-92.50085
5000,11.1791,-84.35231,-28.84863
5001,4.66754,-34.30492,-50.46549
5002,1.70218,-12.37907,-4.28021
5003,3.09953,-22.19577,41.75968
5004,3.9648,-28.23534,-29.83879
5005,6.2485,-43.23201,88.41787
5006,4.31685,-29.84421,-104.92303
5007,1.58543,-10.9055,-15.31518
5008,19.7889,-135.46474,46.9142
5009,3.13887,-21.45209,8.89863
5010,7.38804,-50.24014,-6.1448
5011,3.6245,-24.63182,-5.12669
5012,8.9089,-60.41103,-73.32179
5013,18.33532,-123.87522,10.05859
5014,1.50037,-10.06125,12.88985
5015,6.4355,-41.75198,-124.97942
5016,8.08954,-52.2443,-7.65902
5017,7.15254,-45.84823,12.83951
5018,1.61601,-10.25198,-18.89875
5019,1.26777,-8.03016,53.55768
5020,9.55007,-60.44717,57.17821
5021,11.61431,-71.92638,-108.94423
5022,6.47335,-40.07257,-131.03071
5023,20.32605,-125.14702,8.39868
5024,8.79684,-53.93351,-29.68619
5025,19.58269,-118.67557,68.28615
5026,3.95113,-23.83682,16.72487
5027,4.33892,-25.60525,-34.23873
5028,25.00792,-146.82604,12.65063
5029,12.60336,-72.72232,-57.04774
5030,12.76858,-71.14203,-3.40367
5031,13.04921,-72.43478,-109.48708
5032,3.61387,-20.02804,12.48856
5033,9.56045,-52.94924,104.46672
5034,4.52486,-24.90397,-38.78982
5035,3.01593,-16.56409,-33.8195
5036,16.50428,-90.12057,-102.0914
5037,6.94839,-37.85368,0.6216
5038,17.89803,-96.23989,114.15107
5039,0.23314,-1.25021,42.91804
5040,13.65681,-72.62045,-9.16938
5041,0.33498,-1.77268,3.07814
5042,0.3301,-1.74669,3.03258
5043,20.03305,-105.77351,26.48835
5044,5.66037,-29.83107,-37.78502
5045,3.82357,-20.1223,-60.95965
5046,8.46586,-44.49331,6.12497
5047,24.9155,-129.53154,7.16317
5048,10.21297,-53.00784,-113.4385
5049,5.22717,-27.08212,-23.19118
5050,7.82997,-40.54033,25.48286
5051,10.16219,-52.27764,-29.92395
5052,25.0585,-128.55502,64.9598
5053,16.82056,-86.2686,-65.55704
5054,4.88068,-25.0146,26.49702
5055,3.79983,-19.28474,18.8709
5056,20.65559,-104.20715,-70.00562
5057,17.45617,-87.13771,-64.22796
5058,14.61748,-72.80785,-17.42484
5059,5.58612,-27.59269,98.73421
5060,19.04148,-93.45825,-49.64882
5061,13.76955,-67.56713,34.62403
5062,7.18344,-34.32879,-39.13167
5063,2.89791,-13.79471,-0.8965
5064,5.86374,-27.57246,-5.04446
5065,3.56985,-16.62151,3.22658
5066,22.4798,-103.42315,-67.97402
5067,4.10512,-18.82383,-36.80814
5068,15.36707,-70.35335,-49.9545
5069,31.97286,-146.24224,-21.87174
5070,3.35796,-15.03675,-7.82446
5071,11.14788,-49.06748,85.04327
5072,19.69196,-85.6933,-114.15538
5073,14.83826,-64.28141,-10.76887
5074,18.63586,-80.67657,52.49459
5075,9.23709,-39.62268,8.06376
5076,30.00097,-128.36975,-74.21981
5077,7.30086,-30.94656,-38.13622
5078,32.67562,-138.47379,-47.98312
5079,5.2077,-21.7112,-31.77509
5080,4.58765,-19.07048,-27.35284
5081,7.06692,-29.3544,-22.4695
5082,25.76125,-106.8496,58.21883
5083,7.96152,-32.91144,100.02048
5084,7.49182,-30.88896,-13.21798
5085,0.75757,-3.10804,-76.50282
5086,18.20888,-74.24814,-31.93397
5087,4.5321,-18.41267,-14.54891
5088,24.73036,-100.32011,-78.95839
5089,21.00298,-84.93859,95.2885
5090,30.50537,-122.67578,-1.63107
5091,8.06925,-32.43346,-3.36206
5092,4.74521,-19.07252,8.56918
5093,19.45569,-77.88411,26.24768
5094,22.81159,-90.4278,50.00338
5095,32.41532,-128.29516,-60.6418
5096,11.45214,-45.29889,74.2397
5097,15.54393,-61.13665,-6.45901
5098,32.21218,-125.45889,-1.18976
5099,7.98972,-31.09398,103.97018
5100,7.66912,-29.65041,-33.36478
5101,32.36411,-124.49746,-80.92932
5102,28.89186,-111.00653,-69.01932
5103,7.73334,-29.40323,-0.26728
5104,11.70526,-43.97374,12.25133
5105,31.06478,-116.45626,-82.7467
5106,24.70604,-92.59657,47.22033
5107,23.80336,-88.80033,-86.77837
5108,13.8178,-51.51558,-123.57
5109,10.26292,-38.06902,6.54713
5110,19.15048,-70.90909,75.2476
5111,9.90832,-36.6429,15.54141
5112,26.49142,-97.30332,67.51538
5113,15.47901,-56.76056,5.62529
5114,34.81709,-127.50918,46.3127
5115,27.60053,-100.90711,4.53617
5116,40.02989,-146.27094,5.38366
5117,8.97265,-32.72834,-8.2668
5118,12.05297,-43.69794,-4.55568
5119,30.72045,-110.10479,51.3479
5120,7.75047,-27.76953,76.8732
5121,25.36867,-90.88533,-56.5571
5122,20.68268,-74.00036,-35.57891
5123,8.61119,-30.61917,-29.42092
5124,7.3323,-25.95541,-5.26385
5125,11.70009,-41.36428,-46.18049
5126,6.95022,-24.56004,-39.29874
5127,8.21357,-28.88885,-121.49941
5128,10.77286,-37.85909,-52.23107
5129,38.54236,-135.32436,6.25589
5130,9.52767,-33.32984,4.93209
5131,24.61742,-85.99436,37.74799
5132,15.5136,-54.1392,-69.59232
5133,36.93659,-128.7449,39.58149
5134,11.1973,-38.97939,-21.74869
5135,27.50614,-94.88462,-111.28609
5136,11.01263,-37.97857,-15.76914
5137,15.06444,-51.89282,-7.07117
5138,15.77513,-54.30615,11.1354
5139,34.92962,-120.16847,-19.0403
5140,1.61439,-5.54649,31.96022
5141,27.78621,-95.39063,-7.00222
5142,8.55138,-29.28004,12.99638
5143,14.9341,-50.94961,25.80449
5144,38.25102,-129.66004,23.27863
5145,21.17286,-71.55865,129.77417
5146,8.4818,-28.58109,2.75518
5147,18.50932,-62.33042,38.20617
5148,12.76526,-42.8502,23.48761
5149,9.41374,-31.30778,-17.14195
5150,6.93874,-23.04136,3.21832
5151,30.72754,-101.45872,39.47874
5152,24.29015,-79.2744,33.12848
5153,11.96781,-38.93288,-34.78325
5154,12.59704,-40.92738,55.65765
5155,7.27457,-23.59934,-14.82219
5156,31.84173,-103.00214,-108.09869
5157,6.93764,-22.39766,-21.4314
5158,20.73634,-66.9148,-102.77318
5159,7.13757,-23.02226,16.29593
5160,38.75521,-124.87593,26.11151
5161,25.41732,-81.86398,22.61657
5162,33.97368,-108.89571,35.03678
5163,39.35415,-125.95531,-31.57507
5164,24.66283,-78.62386,-68.7204
5165,35.69707,-113.68367,-61.01309
5166,33.91197,-107.8796,-40.72051
5167,9.01583,-28.40532,-48.1106
5168,7.30225,-22.89948,-99.38434
5169,4.15214,-12.9963,-14.71148
5170,13.17501,-41.13831,-20.8946
5171,14.49213,-45.04674,-35.93372
5172,24.13961,-74.91721,-100.57602
5173,16.8647,-52.22144,-9.23233
5174,40.53313,-123.88865,-51.76309
5175,17.15749,-52.22354,18.72646
5176,6.72899,-20.32705,75.38815
5177,32.80697,-98.61611,72.54157
5178,8.40862,-25.16013,41.97173
5179,12.65918,-37.84505,33.30019
5180,39.81411,-118.89111,81.3822
5181,21.64565,-64.44284,-10.42565
5182,36.79841,-108.66014,89.59174
5183,35.89407,-105.98922,69.54545
5184,5.58711,-16.47711,52.08582
5185,29.59844,-86.52395,-43.14186
5186,4.26731,-12.47181,44.09107
5187,8.04669,-23.50836,5.08016
5188,10.2491,-29.80916,-35.45087
5189,34.53938,-100.4018,63.88754
5190,38.15142,-110.50334,-56.17834
5191,6.13217,-17.75923,20.20952
5192,22.89096,-66.27036,52.97157
5193,3.6049,-10.36463,-11.31932
5194,7.43833,-21.26975,30.30536
5195,34.84965,-99.3304,85.61219
5196,13.63898,-38.63069,-41.25351
5197,37.75556,-106.33032,51.21999
5198,39.24915,-110.00949,2.21228
5199,27.6508,-77.40563,96.47546
5200,50.49254,-140.92546,0.88572
5201,8.93126,-24.87293,23.49355
5202,35.60853,-98.77832,-45.78223
5203,33.76131,-93.56578,-74.66947
5204,15.77298,-43.25257,-2.45458
5205,47.34194,-129.55845,-63.24486
5206,5.73746,-15.69456,45.70265
5207,36.64987,-99.24912,-46.26568
5208,3.9547,-10.61332,49.56112
5209,36.51124,-97.85258,-34.5575
5210,25.70748,-68.61215,-66.00961
5211,8.34197,-22.20397,15.92863
5212,30.51552,-81.01792,57.34188
5213,28.97284,-76.80449,-30.92442
5214,6.30913,-16.69053,-40.36252
5215,11.38794,-30.04516,35.32972
5216,53.19806,-140.27714,-19.48643
5217,36.56562,-96.25504,38.04288
5218,11.25152,-29.59023,-3.65438
5219,22.89789,-60.04597,-44.21147
5220,26.81898,-70.21818,-103.25209
5221,17.68995,-46.29313,-39.10976
5222,7.04351,-18.36796,-38.39428
5223,31.88792,-82.96177,65.65168
5224,16.91825,-43.97835,-68.6481
5225,9.57307,-24.75355,-10.75586
5226,15.57989,-40.13954,-54.73132
5227,34.0769,-87.70346,-91.4829
5228,26.20397,-67.32468,-40.55696
5229,3.79099,-9.72776,-23.97611
5230,28.89207,-74.0065,60.40202
5231,24.87907,-63.58538,24.58011
5232,34.84813,-88.78273,-39.41196
5233,18.15474,-46.24916,-80.72139
5234,15.10201,-38.36813,-48.86678
5235,6.02378,-15.20924,19.12894
5236,14.66307,-36.18801,9.73632
5237,47.12024,-116.28904,70.84565
5238,10.09334,-24.90142,5.97448
5239,50.98469,-124.6988,62.15961
5240,11.51649,-28.13313,-36.06782
5241,57.28833,-139.47895,-3.63655
5242,32.3259,-78.65371,22.14438
5243,18.08012,-43.95311,0.43858
5244,24.17704,-58.75513,113.07445
5245,26.50184,-64.08425,-35.31246
5246,23.90221,-57.79316,-90.79915
5247,13.52536,-32.67592,110.62902
5248,10.5818,-25.51726,10.98
5249,22.60101,-54.42666,85.49928
5250,45.34621,-109.08643,78.87192
5251,23.20513,-55.65837,13.71911
5252,40.258,-96.33263,55.41966
5253,17.55511,-41.8298,-37.12137
5254,47.39393,-112.87269,-69.24696
5255,3.37322,-8.03023,14.2619
5256,35.35138,-83.9718,109.76791
5257,20.57042,-48.83948,26.55756
5258,26.82642,-63.61913,-4.70787
5259,26.11161,-61.91099,96.90927
5260,59.33297,-139.76048,19.95667
5261,6.91208,-16.26227,-3.52284
5262,25.97983,-61.06809,-39.48007
5263,52.69342,-123.78555,-72.66731
5264,0.78575,-1.84345,5.40729
5265,7.0567,-16.52264,-12.79272
5266,9.04941,-21.14663,-12.23941
5267,32.96791,-76.84597,-88.97332
5268,13.41668,-30.82421,4.35381
5269,18.1266,-41.60709,-19.28001
5270,5.79101,-13.2144,1.15619
5271,21.34973,-48.71015,29.36797
5272,27.49045,-62.46162,88.94346
5273,43.71491,-98.76866,-14.14348
5274,42.05606,-94.95218,-22.55366
5275,13.22495,-29.61791,-35.95791
5276,42.83974,-95.92516,26.95668
5277,27.66478,-61.90645,-103.53441
5278,51.78384,-115.72874,-69.34008
5279,11.80715,-26.323,28.54444
5280,12.21924,-27.20061,-5.49585
5281,23.71261,-52.66117,22.11468
5282,52.95955,-117.48976,-42.449
5283,7.07169,-15.65531,49.16885
5284,13.11953,-28.83436,30.19464
5285,40.86377,-89.65967,-63.77476
5286,32.60946,-71.19898,-125.24262
5287,13.49033,-29.31233,31.02421
5288,35.43938,-76.85662,-73.90384
5289,2.95622,-6.40522,29.20823
5290,44.88634,-97.00925,104.80786
5291,20.59549,-44.4701,-129.95521
5292,20.47154,-44.19267,-0.71435
5293,36.12761,-77.85212,88.74356
5294,13.20373,-28.39165,-35.01134
5295,10.96679,-23.55358,26.12632
5296,40.60489,-87.0337,-114.24995
5297,49.39018,-105.77403,-50.58692
5298,27.9619,-59.75286,-92.20875
5299,30.68258,-65.2612,-21.07827
5300,8.01906,-16.94505,-28.13267
5301,41.77861,-88.01733,-103.64289
5302,5.35676,-11.2819,-39.47955
5303,31.02822,-65.02725,-42.14683
5304,43.60704,-91.37452,-16.38649
5305,24.24943,-50.80676,-26.14814
5306,18.76177,-39.12355,26.84074
5307,18.92848,-39.07253,18.77999
5308,18.45891,-37.99007,65.14563
5309,13.88145,-28.49787,143.38063
5310,19.07018,-39.12343,-49.33497
5311,31.85366,-65.18828,-36.24262
5312,53.16597,-108.18105,18.50236
5313,17.34794,-35.29343,-38.93553
5314,8.08716,-16.42189,-23.71506
5315,16.42037,-33.32128,-31.433
5316,8.25993,-16.7538,65.41242
5317,20.58583,-41.72003,26.137
5318,33.77146,-68.30019,-70.23613
5319,7.71942,-15.60894,-43.95787
5320,21.21459,-42.84289,-43.19766
5321,7.54122,-15.19856,11.2739
5322,7.93988,-15.99581,10.31466
5323,42.78313,-86.10342,-1.16886
5324,62.08478,-124.17052,26.01397
5325,26.46092,-52.86217,-21.23716
5326,42.362,-84.42567,61.0807
5327,56.27799,-110.72764,12.57724
5328,50.18212,-98.69196,52.53487
5329,25.57891,-49.99145,-27.52654
5330,23.73957,-46.3829,-48.04019
5331,39.38671,-76.44417,-16.51431
5332,18.88044,-36.51803,-26.56749
5333,16.47568,-31.43856,47.08202
5334,41.51572,-79.16505,-43.92967
5335,11.29627,-21.50811,27.05752
5336,35.52458,-67.29569,24.26647
5337,59.37266,-112.15026,-28.41388
5338,18.91767,-35.51522,96.79049
5339,42.49548,-79.75432,-31.19583
5340,32.82094,-61.5829,-121.6597
5341,12.08773,-22.61494,-11.38957
5342,41.73687,-77.53377,-117.24414
5343,28.5151,-52.58116,-83.44529
5344,57.11591,-105.04367,-18.02774
5345,25.85711,-47.50107,-19.14795
5346,29.6304,-54.43243,9.21976
5347,22.62495,-41.56212,1.60625
5348,6.2148,-11.41095,-5.76885
5349,20.54651,-37.67359,1.45506
5350,63.80401,-116.6822,59.69891
5351,19.9592,-36.4862,-27.30519
5352,71.42488,-130.46526,14.85338
5353,16.0508,-29.26477,29.91724
5354,29.08259,-52.99979,140.70141
5355,17.52057,-31.9264,2.58666
5356,45.57095,-82.99061,103.47268
5357,20.81941,-37.84638,-38.71358
5358,53.62417,-97.21274,-43.75151
5359,3.44079,-6.19017,-22.27672
5360,16.99505,-30.56339,24.56279
5361,7.98482,-14.31465,-9.97978
5362,10.60044,-18.94335,-36.53682
5363,10.71543,-19.13044,-36.91587
5364,10.8217,-19.27962,12.67403
5365,9.03505,-16.07917,-4.11142
5366,11.81083,-20.99132,-35.38943
5367,25.28234,-44.77913,-20.28343
5368,47.13844,-82.85789,13.26287
5369,6.46967,-11.37158,-18.64078
5370,24.5924,-43.17424,-18.021
5371,29.32874,-51.48915,85.14414
5372,39.23589,-68.81822,28.04006
5373,28.0676,-49.13824,-33.38457
5374,62.5872,-109.43767,61.45721
5375,15.08539,-26.30807,27.46777
5376,16.85442,-29.26175,-12.43134
5377,23.14135,-39.98297,-66.90038
5378,13.01163,-22.44961,-60.97786
5379,30.25494,-52.1803,-70.25127
5380,67.4361,-116.10165,-73.16267
5381,71.95925,-123.25939,-35.43
5382,42.62919,-72.83497,100.94967
5383,44.72213,-76.3817,-37.09272
5384,14.75256,-25.10381,58.51513
5385,14.27626,-24.26692,-66.14817
5386,22.6324,-38.32288,-65.40752
5387,40.49004,-68.54381,81.81517
5388,3.8618,-6.51823,-9.04572
5389,6.68275,-11.25671,0.76075
5390,23.98035,-40.38052,115.5055
5391,20.2687,-34.03919,-4.36514
5392,50.29525,-84.07315,-76.37797
5393,5.18269,-8.66059,-34.6344
5394,7.36275,-12.26829,6.17474
5395,52.25935,-86.95862,-16.42684
5396,10.03247,-16.6691,9.40101
5397,49.11458,-81.54218,118.767
5398,43.5365,-72.22397,-52.81113
5399,24.94391,-41.07103,-11.49061
5400,75.70684,-124.64866,35.72466
5401,24.19777,-39.81481,16.94945
5402,21.05488,-34.62569,-45.90992
5403,13.0214,-21.3439,47.01324
5404,18.59979,-30.32765,3.27149
5405,54.53809,-88.82118,-7.4312
5406,10.25524,-16.67529,14.20927
5407,25.37053,-40.5898,-0.56646
5408,14.46448,-23.05737,3.18703
5409,29.13828,-46.43477,-30.26073
5410,60.4146,-96.22846,-30.51208
5411,56.25192,-89.57823,-72.73404
5412,51.5414,-81.91272,39.40329
5413,22.55867,-35.84879,-44.32991
5414,62.20422,-98.37533,40.24323
5415,29.23619,-46.16489,-40.4408
5416,24.06732,-37.97161,58.11671
5417,12.48705,-19.68181,7.03971
5418,16.49032,-25.98283,-7.83657
5419,17.09266,-26.91154,-1.74273
5420,29.22785,-46.0051,-55.20728
5421,7.90408,-12.36747,-5.4855
5422,2.00571,-3.12209,16.38325
5423,10.64714,-16.53611,5.70906
5424,2.64881,-4.11041,-3.56547
5425,40.01865,-61.97728,7.24085
5426,78.78881,-121.36465,-31.79334
5427,15.50715,-23.85811,29.77613
5428,42.28012,-64.85905,-71.64375
5429,43.04946,-65.95665,98.88906
5430,27.65538,-42.32988,-8.07069
5431,25.52547,-39.04641,-10.94249
5432,81.20949,-123.80289,31.06918
5433,20.03792,-30.50985,1.87392
5434,2.37311,-3.61038,-30.85159
5435,19.01372,-28.91093,-25.42069
5436,31.97712,-48.54026,-1.22928
5437,50.99714,-77.38553,-101.8988
5438,60.72076,-92.00643,-74.68781
5439,53.29335,-80.73209,16.51393
5440,17.49747,-26.47844,-34.77569
5441,19.75945,-29.89485,129.73124
5442,10.97804,-16.58633,-0.30118
5443,71.01859,-106.82646,-41.91318
5444,11.2009,-16.84758,-2.58497
5445,22.01564,-33.00049,13.24704
5446,4.37453,-6.52989,-4.01038
5447,42.65622,-63.60106,51.1299
5448,49.68292,-73.81814,46.94228
5449,34.15731,-50.66466,-50.35174
5450,47.58331,-70.3267,33.61684
5451,20.44049,-30.19292,-44.89633
5452,26.30352,-38.66016,5.67656
5453,58.89085,-86.5273,93.65328
5454,43.34684,-63.65757,118.16131
5455,31.69627,-46.29361,69.66156
5456,77.57055,-112.61368,65.25186
5457,67.17918,-97.04874,-82.28827
5458,35.0831,-50.54845,-121.97079
5459,7.07721,-10.14297,-13.0003
5460,83.46305,-119.61733,33.70281
5461,71.2035,-101.95338,-2.34127
5462,14.66699,-20.88491,32.93646
5463,80.13958,-114.07299,44.7407
5464,2.93726,-4.17759,48.58431
5465,24.93625,-35.4514,5.15965
5466,29.2167,-41.52083,-54.84737
5467,63.73499,-90.29614,-79.34268
5468,20.09758,-28.44671,34.35691
5469,38.71406,-54.57936,28.75744
5470,76.5151,-107.32855,73.31833
5471,51.53989,-72.19687,91.2021
5472,29.02329,-40.60613,10.32318
5473,14.32244,-20.03685,-29.0817
5474,50.4504,-70.47295,54.84263
5475,20.87958,-29.08491,-6.50769
5476,71.6545,-99.7656,27.10378
5477,44.87707,-62.46235,47.22344
5478,43.32793,-60.22797,69.14674
5479,87.16851,-120.86086,-28.65079
5480,34.66691,-47.97528,39.1618
5481,49.86916,-68.97909,-46.11117
5482,48.98384,-67.52271,74.51989
5483,38.92051,-53.6384,41.71741
5484,57.13203,-78.64263,-18.29874
5485,62.11369,-85.41877,104.51811
5486,28.56778,-39.04091,-17.33088
5487,39.09573,-53.41789,103.1325
5488,58.64615,-79.93425,63.08299
5489,84.52494,-115.20006,-50.4115
5490,27.24418,-37.10824,-95.65597
5491,88.02505,-119.81,10.36725
5492,48.62425,-65.83189,-70.63431
5493,36.13457,-48.68222,11.60724
5494,21.64386,-29.05343,-34.45926
5495,18.84107,-25.25753,-24.0941
5496,52.69879,-70.20925,31.29077
5497,74.74973,-99.10746,-69.87296
5498,13.49794,-17.84836,-44.10369
5499,43.85126,-57.82597,59.16379
5500,5.91855,-7.75128,62.21252
5501,35.52555,-46.44478,-2.94729
5502,16.52841,-21.60793,-66.21091
5503,53.87082,-70.20714,91.40822
5504,41.28224,-53.63864,80.03925
5505,38.44879,-49.84739,101.87982
5506,57.70162,-74.47421,-25.34281
5507,68.84917,-88.8314,-66.7549
5508,22.81668,-29.434,24.6898
5509,27.09455,-34.92334,4.0369
5510,40.02667,-51.53153,84.45288
5511,13.3686,-17.18311,14.56115
5512,20.42401,-26.2161,-23.7257
5513,22.15447,-28.38761,-31.19386
5514,23.85925,-30.53762,25.17181
5515,87.50046,-111.90959,-13.03422
5516,13.6406,-17.43623,-24.33054
5517,33.9892,-43.41615,120.42782
5518,57.62344,-73.28038,33.06208
5519,42.19253,-53.57658,16.96418
5520,34.00999,-43.08849,-90.07683
5521,80.76195,-101.87911,2.88045
5522,45.11483,-56.81412,64.80338
5523,29.38323,-36.96702,-46.43098
5524,44.62849,-56.02848,-40.81051
5525,24.13364,-30.02219,73.89641
5526,19.03607,-23.67442,3.2613
5527,56.627,-70.05536,-88.02082
5528,89.4753,-110.22335,-31.16511
5529,33.50186,-41.24628,-18.23557
5530,56.43011,-69.43328,-64.42447
5531,32.2489,-39.53479,-136.1003
5532,4.35974,-5.3196,26.78592
5533,50.0882,-61.09085,62.45448
5534,42.55986,-51.86117,61.5928
5535,13.36354,-16.27389,-22.81328
5536,54.51488,-66.30031,60.54932
5537,8.66409,-10.51263,60.12837
5538,14.49264,-17.52925,-29.49237
5539,58.83073,-71.14731,21.8766
5540,36.79637,-44.48164,-56.77868
5541,21.73973,-26.27717,4.0218
5542,67.02535,-81.00263,-40.3457
5543,27.57647,-33.24267,-41.31897
5544,65.38772,-78.6256,59.8396
5545,45.75738,-54.96958,-6.16869
5546,17.9097,-21.46457,4.96731
5547,48.07225,-57.58876,0.63696
5548,11.87482,-14.1996,1.6103
5549,38.18963,-45.56833,-116.22365
5550,63.95678,-76.27249,70.71403
5551,67.34603,-80.22177,99.25476
5552,65.63481,-78.11526,-1.55093
5553,39.39539,-46.81245,-40.39192
5554,24.94846,-29.59888,-22.39646
5555,62.54968,-74.18636,-28.05283
5556,77.73696,-92.1406,92.16093
5557,93.7394,-110.46507,37.69164
5558,28.20527,-33.21018,142.2878
5559,13.81518,-16.21884,-8.74703
5560,4.7743,-5.57462,-9.6335
5561,15.47707,-17.99002,9.03628
5562,34.65827,-40.22136,26.83123
5563,30.2946,-34.88399,28.11308
5564,15.97089,-18.37074,-9.5177
5565,50.19291,-57.63098,30.73337
5566,66.65275,-76.08631,47.75178
5567,4.46933,-5.0834,12.64314
5568,57.67197,-65.53504,-77.42577
5569,92.07241,-104.55807,14.35162
5570,35.9022,-40.70062,32.24986
5571,20.46364,-23.09733,-12.30824
5572,12.15412,-13.71273,12.34535
5573,24.39542,-27.52051,10.48104
5574,18.79611,-21.18842,-12.06932
5575,53.12673,-59.86189,106.19531
5576,14.75888,-16.62879,54.91118
5577,84.15544,-94.70152,-51.60835
5578,53.83275,-60.56975,-24.30843
5579,19.86985,-22.32914,8.64125
5580,45.9491,-51.63421,-45.92953
5581,38.47921,-43.1992,-123.55215
5582,73.85886,-82.90459,-62.44624
5583,56.78709,-63.61686,51.08024
5584,44.57967,-49.87949,-14.69693
5585,67.24669,-75.22538,69.02127
5586,20.67066,-23.10268,5.94812
5587,54.91233,-61.29102,95.97203
5588,13.4976,-15.0487,121.48226
5589,5.83694,-6.50127,25.27775
5590,23.82668,-26.52034,-26.47191
5591,46.99768,-52.26953,104.31333
5592,17.08384,-18.99326,33.18133
5593,59.01298,-65.00946,-33.03477
5594,28.12384,-30.93278,68.88669
5595,52.50285,-57.73142,108.33195
5596,15.87339,-17.44971,-33.41161
5597,13.47763,-14.80233,12.64829
5598,22.78116,-25.01323,-87.11913
5599,22.64527,-24.84495,6.77993
5600,57.84398,-63.4127,-89.58871
5601,28.75971,-31.47353,21.66634
5602,102.18538,-111.53089,14.68386
5603,49.12346,-53.55903,-37.616
5604,12.1779,-13.26941,10.14188
5605,9.16748,-9.95677,17.89473
5606,50.66164,-54.95198,-16.63106
5607,27.05713,-29.28064,-1.27786
5608,32.54694,-35.17551,5.90788
5609,65.59837,-70.64684,105.97715
5610,18.25063,-19.63055,-27.23397
5611,11.79137,-12.61716,39.31089
5612,56.65904,-60.62618,49.12586
5613,18.36181,-19.64388,-22.56044
5614,52.92699,-56.2855,71.98139
5615,47.0405,-49.9975,-30.25315
5616,77.98576,-82.81231,64.74988
5617,82.40664,-87.41824,-88.94109
5618,34.75002,-36.84605,-35.02072
5619,47.55639,-50.3655,9.93809
5620,66.6632,-70.45174,-80.83823
5621,59.59017,-62.92597,-64.62735
5622,24.96719,-26.35047,-12.3499
5623,23.2391,-24.49841,-1.63083
5624,79.6785,-83.38059,-37.30135
5625,15.29616,-15.96339,5.17575
5626,19.63322,-20.48476,-36.47384
5627,25.05318,-26.04961,9.10693
5628,97.91375,-101.73739,34.47729
5629,60.54229,-62.59419,-125.40041
5630,39.74092,-41.0404,52.84367
5631,61.99502,-63.75595,2.66367
5632,43.87782,-45.12156,58.47581
5633,68.19511,-69.89666,0.79072
5634,36.12866,-37.01788,135.15782
5635,22.89141,-23.43552,-52.76964
5636,28.97002,-29.64235,-88.63506
5637,79.06843,-80.26945,46.26974
5638,16.65326,-16.89637,-143.61411
5639,22.39144,-22.56024,1.97439
5640,30.70834,-30.93938,-48.58463
5641,23.02879,-23.18184,-6.18228
5642,20.87597,-21.00887,-32.87381
5643,38.0523,-38.22383,-35.85671
5644,45.61524,-45.80738,-32.97247
5645,33.63098,-33.76493,0.88626
5646,18.48908,-18.5423,-33.72688
5647,6.02332,-6.02054,24.27632
5648,71.21649,-71.10243,-102.83732
5649,90.49916,-90.24943,-66.08936
5650,26.41939,-26.30549,11.65828
5651,34.91241,-34.70795,-34.84559
5652,72.18534,-71.62956,-74.03134
5653,29.66967,-29.4384,-37.82385
5654,93.56568,-92.71273,-29.36089
5655,25.7922,-25.42577,-0.30178
5656,32.90785,-32.439,50.43083
5657,12.28732,-12.11177,-11.00174
5658,29.86381,-29.41543,-41.21922
5659,25.47342,-25.05826,-14.86114
5660,44.22701,-43.35017,-57.74444
5661,13.31772,-13.05271,-24.11993
5662,36.75452,-35.97671,-40.95542
5663,98.4115,-96.26802,54.73131
5664,19.94844,-19.49135,-33.82497
5665,9.64048,-9.41814,13.90004
5666,12.81599,-12.50849,-37.20218
5667,39.45403,-38.39683,-72.44702
5668,36.01483,-35.00128,6.24011
5669,54.51121,-52.90172,91.6639
5670,29.36087,-28.44435,19.54196
5671,53.3743,-51.63617,99.58108
5672,24.3713,-23.4779,-34.0199
5673,105.27586,-101.2018,22.21651
5674,88.29517,-84.75054,6.29038
5675,104.87158,-100.36047,32.77194
5676,65.84536,-62.95497,-69.22564
5677,36.60972,-34.99822,18.03772
5678,44.65874,-42.66295,-87.3165
5679,10.65379,-10.16958,1.82685
5680,54.5446,-52.04378,38.86338
5681,36.00853,-34.35353,12.90764
5682,12.47857,-11.89085,-28.84436
5683,29.33878,-27.91897,20.3174
5684,63.82999,-60.56248,-51.05671
5685,69.13478,-65.38274,48.32599
5686,66.58267,-62.95786,-58.02239
5687,35.43356,-33.45402,-42.47094
5688,3.89808,-3.67906,33.06925
5689,49.60774,-46.80395,4.53356
5690,88.21607,-83.20927,-44.57031
5691,1.97735,-1.86259,2.17952
5692,1.98957,-1.87373,2.19224
5693,8.30663,-7.81842,30.79586
5694,40.7567,-38.35632,-30.32292
5695,12.4839,-11.72632,-4.24588
5696,21.23228,-19.92249,-44.88898
5697,95.79559,-89.72391,-45.41967
5698,60.96941,-57.1014,-46.49686
5699,79.60916,-74.52285,30.56716
5700,7.35137,-6.86967,-24.80353
5701,22.23668,-20.77149,17.3964
5702,63.48148,-59.21055,-122.78898
5703,23.1455,-21.5775,14.87448
5704,32.22802,-30.03387,-7.10826
5705,34.24275,-31.81614,4.62446
5706,48.2967,-44.82312,-134.66934
5707,6.31691,-5.85522,29.45058
5708,61.37281,-56.88344,-30.44757
5709,33.61695,-31.13688,49.40843
5710,32.9735,-30.43966,19.72553
5711,19.28571,-17.79269,36.58839
5712,39.98565,-36.76581,-9.57802
5713,32.5316,-29.80005,-10.32867
5714,13.84042,-12.63578,-26.34535
5715,53.96397,-49.22784,3.98168
5716,77.5496,-70.57635,-17.27233
5717,63.88495,-57.88755,57.11315
5718,26.6285,-24.11398,-114.24539
5719,35.68749,-32.29957,4.62961
5720,57.50523,-52.01367,30.90915
5721,60.99737,-55.12919,-124.29971
5722,37.87609,-34.20179,143.64294
5723,79.44586,-70.72911,-55.65315
5724,62.15639,-55.3231,-61.40118
5725,59.54228,-52.87777,-27.92888
5726,36.18554,-32.12774,12.68527
5727,28.78451,-25.51444,105.83981
5728,37.85965,-33.46678,13.49232
5729,33.56026,-29.61916,-46.00118
5730,31.49583,-27.77725,141.16119
5731,48.92093,-42.98725,138.08513
5732,81.12473,-71.07542,-33.68657
5733,78.45831,-68.4374,55.37877
5734,89.35149,-77.87499,35.62193
5735,27.60797,-24.04115,137.87603
5736,47.106,-40.99595,24.34316
5737,19.46221,-16.84781,34.54967
5738,12.06712,-10.44,2.63989
5739,73.22804,-63.32732,-50.96738
5740,100.17605,-86.39438,68.15455
5741,22.0767,-19.02346,-30.24329
5742,32.47011,-27.96965,-0.80593
5743,31.85035,-27.27595,-72.09445
5744,66.41818,-56.78865,-99.53272
5745,71.5247,-61.12312,-17.97305
5746,14.61715,-12.47926,0.05435
5747,28.88857,-24.5734,86.08947
5748,98.40754,-83.60597,13.86533
5749,28.25745,-23.99563,-5.23608
5750,82.77376,-70.13186,-59.55796
5751,48.81692,-41.30746,-8.84914
5752,70.9331,-59.86768,-99.72779
5753,11.81421,-9.89292,-5.56303
5754,33.3651,-27.86188,-18.99685
5755,21.55957,-17.9315,-36.5154
5756,60.47588,-50.26573,34.77588
5757,55.34492,-45.91695,-85.5136
5758,22.86052,-18.9463,-37.66632
5759,9.28336,-7.69312,-28.28809
5760,39.97708,-33.11309,140.41233
5761,30.50278,-25.16859,-2.88602
5762,113.97601,-93.97337,-24.26401
5763,50.58212,-41.69431,76.44943
5764,27.04574,-22.29343,21.14388
5765,97.65035,-80.47642,9.61583
5766,34.27136,-28.22965,15.98911
5767,36.66792,-30.19175,-8.81466
5768,21.17344,-17.43213,-34.30083
5769,35.09485,-28.87891,21.1997
5770,46.67064,-38.27216,-19.04889
5771,76.67343,-62.81206,57.94216
5772,44.87576,-36.50554,70.23546
5773,49.92499,-40.49457,1.81422
5774,104.67665,-84.66546,-56.44727
5775,50.77971,-41.06194,-24.87407
5776,10.26133,-8.29065,-21.69049
5777,34.58502,-27.75013,-19.11359
5778,97.51596,-78.06723,-7.76397
5779,19.39016,-15.4949,12.7622
5780,33.10503,-26.34856,-25.60671
5781,52.36447,-41.51132,-51.88768
5782,56.26606,-44.58882,-15.38423
5783,30.15119,-23.88611,-37.43748
5784,52.11018,-41.263,-40.23922
5785,7.26378,-5.75163,-123.87759
5786,10.14979,-8.00413,-19.25467
5787,13.10409,-10.32872,-16.57445
5788,103.94484,-81.76183,-51.28532
5789,104.11667,-81.72101,-48.73114
5790,95.40435,-74.83865,-63.73721
5791,108.36894,-84.81782,54.86331
5792,23.08859,-18.07037,71.3731
5793,13.1784,-10.29461,34.88349
5794,35.569,-27.74112,8.45029
5795,40.34197,-31.31446,-20.43366
5796,30.82824,-23.91604,86.08883
5797,72.48501,-56.18359,-14.51013
5798,51.83118,-40.13152,-89.25678
5799,67.79745,-52.37299,46.67674
5800,37.35898,-28.80964,49.78454
5801,50.99967,-39.30845,-129.37014
5802,89.46264,-68.73555,-96.01943
5803,13.98721,-10.7293,-3.91116
5804,42.26111,-32.32213,-69.93585
5805,56.82133,-43.45558,10.18026
5806,75.69065,-57.7272,-24.24842
5807,31.73772,-24.19789,-17.90983
5808,30.88958,-23.52067,29.13934
5809,20.05986,-15.25112,42.64004
5810,18.31507,-13.92368,9.92528
5811,71.61515,-54.30828,115.8513
5812,43.26564,-32.75743,-43.25359
5813,10.70036,-8.0888,28.52985
5814,34.62804,-26.15536,17.74113
5815,23.07532,-17.41548,19.23181
5816,70.65663,-53.19639,-77.36992
5817,39.44425,-29.67086,0.19092
5818,20.1286,-15.1137,-9.64067
5819,27.92768,-20.8633,15.61363
5820,8.70726,-6.50142,20.43897
5821,17.4513,-13.01424,18.80742
5822,79.97276,-59.60816,-37.64138
5823,34.98467,-26.00023,-1.90749
5824,50.40426,-37.42243,-8.35558
5825,82.79646,-61.25341,-108.95081
5826,58.33343,-43.0518,-67.42931
5827,51.23082,-37.79735,6.3358
5828,37.93646,-27.98157,-6.41226
5829,40.71793,-29.95758,4.61683
5830,22.48818,-16.5311,-32.74937
5831,49.4027,-36.29831,48.82261
5832,87.4193,-63.94312,-46.99139
5833,7.54504,-5.44762,-11.42873
5834,113.79211,-82.1242,-55.28586
5835,14.32292,-10.32559,-31.13246
5836,49.69168,-35.64489,-26.43297
5837,29.90903,-21.30539,-1.47647
5838,5.576,-3.94305,41.60169
5839,114.05762,-80.51673,20.03107
5840,81.95906,-57.78732,-24.8077
5841,78.66184,-55.35207,-17.96015
5842,60.32538,-42.41518,2.88937
5843,49.88874,-34.79812,15.35954
5844,98.56639,-68.74114,-14.70186
5845,101.92197,-71.06494,-85.50579
5846,54.16443,-37.72458,11.37049
5847,2.34207,-1.62911,28.75218
5848,26.02969,-18.05347,6.30873
5849,54.95629,-38.09336,73.81854
5850,3.80435,-2.62752,-20.66659
5851,14.23224,-9.78905,51.06592
5852,56.66745,-38.95659,-21.31557
5853,57.44706,-39.47834,-29.96557
5854,21.50796,-14.77263,-15.42748
5855,14.64886,-10.05223,-15.51164
5856,35.50732,-24.27842,13.84558
5857,48.65875,-33.25744,2.63042
5858,123.11792,-84.12981,26.85131
5859,19.03597,-12.95277,72.23415
5860,14.13563,-9.61687,33.817
5861,99.66423,-67.5914,3.78648
5862,107.33002,-72.62481,17.12737
5863,26.26393,-17.72281,-33.52112
5864,53.75872,-36.20927,-21.84887
5865,33.48326,-22.54855,19.11016
5866,17.64089,-11.86043,92.46463
5867,12.60176,-8.46004,13.47456
5868,16.06029,-10.7411,18.84636
5869,20.16675,-13.47374,-31.56754
5870,69.1174,-46.04715,-97.23698
5871,23.40817,-15.47254,-39.06753
5872,44.07435,-29.07169,-73.90361
5873,86.36671,-56.94976,49.48499
5874,98.08194,-64.63778,-37.99298
5875,8.49197,-5.58907,-16.08205
5876,36.61005,-23.90222,5.06236
5877,122.6258,-80.04619,-25.18001
5878,15.19587,-9.86837,-15.34172
5879,90.56781,-58.78007,92.29996
5880,55.07395,-35.66635,-50.698
5881,107.08784,-69.29109,0.44716
5882,7.59955,-4.91058,-44.20996
5883,74.00359,-47.6258,-2.05176
5884,7.77706,-5.00161,34.50975
5885,112.24892,-72.17867,-12.62354
5886,24.36937,-15.55961,-5.97802
5887,109.17586,-69.65041,11.81503
5888,36.87477,-23.49133,-92.54609
5889,76.26214,-48.56926,-99.45241
5890,80.98761,-51.33995,61.46003
5891,119.46159,-75.70676,1.85884
5892,106.83897,-67.67771,-19.99128
5893,18.74372,-11.86983,25.9195
5894,43.13659,-27.20851,28.47456
5895,69.87542,-43.98159,11.79312
5896,112.17981,-70.39606,1.7813
5897,29.75602,-18.65615,0.52081
5898,42.37446,-26.49579,6.92765
5899,22.26771,-13.9073,-26.26058
5900,26.5196,-16.55365,1.04082
5901,36.17157,-22.43607,-53.42238
5902,10.33847,-6.39495,-25.16631
5903,19.04654,-11.77609,8.56484
5904,27.1224,-16.67028,-17.40803
5905,75.81626,-46.38186,-6.6453
5906,13.16563,-8.04927,35.88529
5907,89.75057,-54.84278,37.69759
5908,10.08028,-6.15455,-135.91345
5909,116.50706,-71.06423,-68.44445
5910,37.8679,-23.04111,34.92647
5911,14.66998,-8.92402,10.86734
5912,4.94132,-3.00304,-25.7367
5913,26.97777,-16.38295,59.33141
5914,44.44748,-26.92132,-51.41194
5915,101.46841,-61.35812,86.61507
5916,15.08698,-9.11822,-32.0786
5917,24.61722,-14.83552,-16.39791
5918,20.70386,-12.42919,35.41362
5919,120.13179,-72.11837,-14.30472
5920,62.27202,-37.20395,125.71024
5921,117.76735,-70.14291,43.06083
5922,49.09689,-29.12653,-38.95028
5923,23.41744,-13.81866,-15.14409
5924,43.8526,-25.76178,8.22027
5925,22.38777,-13.11821,17.93972
5926,64.85387,-37.9155,1.06252
5927,31.00965,-18.09945,-2.74542
5928,52.08291,-30.37566,20.78472
5929,39.12929,-22.7617,47.02677
5930,81.72991,-47.52117,-74.91925
5931,82.44004,-47.90932,-99.92946
5932,9.76423,-5.66382,-20.30785
5933,57.23484,-33.15474,19.01465
5934,21.82688,-12.60896,-35.5416
5935,35.36815,-20.32348,27.18402
5936,45.26233,-25.95972,-62.26155
5937,64.20804,-36.80816,-31.86928
5938,49.05022,-28.06369,9.90409
5939,98.08352,-56.06804,-83.77092
5940,70.89358,-40.47696,-31.2518
5941,32.5236,-18.55177,-47.51653
5942,37.6124,-21.43914,34.51978
5943,50.35187,-28.69402,60.75472
5944,38.97384,-22.09029,45.62022
5945,10.59532,-5.99324,-71.32762
5946,70.28085,-39.68353,-26.07395
5947,23.98473,-13.53395,-38.59826
5948,34.10561,-19.06482,66.6054
5949,72.1654,-40.30137,-9.45025
5950,1.73463,-0.96855,-3.03369
5951,124.8927,-69.58529,-14.25176
5952,72.74653,-40.48045,9.76994
5953,31.8634,-17.60912,1.65687
5954,34.70368,-19.17655,-74.17172
5955,26.16727,-14.45566,11.03814
5956,42.87701,-23.64132,4.95271
5957,112.35524,-61.94765,23.17832
5958,108.03847,-59.48512,-66.78292
5959,89.91164,-49.3565,110.89711
5960,39.11752,-21.45883,86.76106
5961,97.20085,-53.30239,-95.97129
5962,45.35615,-24.87033,-33.54532
5963,95.35003,-52.20879,54.61163
5964,34.98372,-19.12205,22.60155
5965,88.03297,-48.06214,10.10774
5966,70.6564,-38.49185,7.12189
5967,92.76131,-50.32912,-101.79371
5968,34.40979,-18.57014,-26.78145
5969,18.67322,-10.05804,-21.50182
5970,7.23478,-3.8885,52.69707
5971,113.95891,-61.24593,64.85015
5972,31.07074,-16.68476,-58.99014
5973,29.08057,-15.5171,-55.55747
5974,27.97394,-14.90499,24.42498
5975,27.22703,-14.45188,-38.36289
5976,77.21537,-40.77326,-81.54409
5977,25.94241,-13.69509,30.10534
5978,49.74176,-26.17691,-18.14955
5979,27.29725,-14.36174,75.29397
5980,31.99573,-16.8171,1.83243
5981,8.80727,-4.61174,-50.7961
5982,101.65675,-53.11248,46.90499
5983,27.73192,-14.45856,17.58769
5984,22.55986,-11.75959,33.2621
5985,21.85439,-11.36045,-22.88993
5986,111.6991,-57.91967,32.84455
5987,118.83986,-61.51587,-25.57658
5988,30.40109,-15.73659,14.38803
5989,76.54954,-39.611,-6.43059
5990,32.7812,-16.95799,-31.42387
5991,25.58617,-13.21936,-114.49736
5992,16.0915,-8.27006,13.26917
5993,35.96463,-18.48276,-9.23245
5994,124.81116,-64.02484,-57.26982
5995,111.37091,-57.0819,-64.18524
5996,86.69214,-44.41382,30.7489
5997,104.75095,-53.51831,8.3199
5998,47.87701,-24.43258,15.45404
5999,19.79312,-10.09393,-89.88733
6000,48.48746,-24.72006,90.88187
6001,49.80252,-25.36646,99.83676
6002,25.09374,-12.74724,-40.1633
6003,82.47991,-41.85207,44.08308
6004,66.40044,-33.65123,-62.91402
6005,57.66664,-29.13051,44.57703
6006,22.21891,-11.22324,-37.49351
6007,112.67123,-56.67273,61.35262
6008,68.77929,-34.49353,-27.0671
6009,60.02048,-30.04155,36.60664
6010,91.44809,-45.65663,-105.13021
6011,43.45801,-21.66351,75.1171
6012,27.48667,-13.67553,-103.05092
6013,72.09828,-35.829,-31.02543
6014,104.46041,-51.90714,36.08474
6015,27.67699,-13.7324,1.46063
6016,22.44633,-11.12048,-15.84084
6017,32.92236,-16.30038,-10.40767
6018,85.9553,-42.15234,-91.27746
6019,41.4383,-20.26894,-15.11707
6020,11.14569,-5.44221,17.50026
6021,49.54017,-24.15965,-13.93051
6022,7.96622,-3.86304,22.29285
6023,130.24287,-62.96135,-32.9501
6024,95.82752,-46.28529,-16.93153
6025,118.89615,-57.17281,35.46572
6026,110.22276,-52.99262,-63.36654
6027,126.71315,-60.81081,-40.24822
6028,15.13119,-7.24526,-19.06273
6029,46.42972,-22.20941,47.63098
6030,93.39937,-44.51555,25.70161
6031,47.84682,-22.73619,-42.53094
6032,37.47591,-17.77704,-33.75215
6033,27.29692,-12.9465,-52.87947
6034,30.94846,-14.63456,-19.5683
6035,122.9716,-58.13939,49.40684
6036,95.56998,-45.06781,-24.98742
6037,105.83357,-49.74794,-22.28748
6038,41.91219,-19.64006,18.1081
6039,26.10426,-12.1899,-21.92767
6040,20.67881,-9.64015,-26.30232
6041,27.54447,-12.78147,48.75539
6042,116.0106,-53.66253,31.94594
6043,130.03996,-60.04852,-22.08555
6044,60.50469,-27.73192,3.81658
6045,47.46692,-21.73382,-20.66774
6046,44.47098,-20.33257,-15.10001
6047,7.06236,-3.20834,-10.89946
6048,16.38419,-7.41537,-22.05459
6049,97.88299,-44.17634,79.92638
6050,28.04224,-12.65484,114.85703
6051,69.06325,-30.92491,-34.90502
6052,134.33183,-60.14926,16.87893
6053,9.58255,-4.28926,-16.30314
6054,50.30904,-22.24016,-11.26937
6055,32.28872,-14.26987,29.02843
6056,128.65425,-56.70626,21.6064
6057,47.51877,-20.92202,16.15965
6058,24.92434,-10.961,-17.82082
6059,39.57327,-17.29756,-32.69964
6060,30.68526,-13.40466,-23.36798
6061,35.22843,-15.37742,-17.70303
6062,24.40095,-10.62522,-20.19931
6063,21.81218,-9.49384,16.88412
6064,20.84057,-9.06144,138.79889
6065,23.18643,-10.05492,-8.79515
6066,93.68008,-40.61723,40.29418
6067,10.11183,-4.36843,22.46344
6068,24.54972,-10.56866,-37.82786
6069,14.55306,-6.24937,-30.45693
6070,3.80991,-1.62301,-61.62754
6071,54.26337,-23.11123,7.19864
6072,44.98149,-19.12642,4.0155
6073,24.71727,-10.50522,-43.16577
6074,24.1004,-10.23632,44.89759
6075,43.56832,-18.49263,-33.64791
6076,56.70729,-24.06166,28.64356
6077,56.6951,-24.0304,13.36837
6078,39.10574,-16.55503,18.49337
6079,46.53561,-19.67545,103.98209
6080,50.18015,-21.11957,12.93849
6081,41.17341,-17.31282,-51.86432
6082,29.97258,-12.60007,-38.1831
6083,12.33988,-5.15863,-7.72703
6084,75.86644,-31.58199,15.03851
6085,73.58041,-30.4371,92.76
6086,62.84668,-25.98234,-38.33017
6087,117.38885,-48.36537,23.93782
6088,101.73731,-41.67585,-53.79741
6089,97.79156,-39.95597,18.11424
6090,46.6289,-19.04758,-24.95297
6091,134.23104,-54.70552,-7.37124
6092,6.59521,-2.67701,-100.96398
6093,112.90593,-45.75822,-86.22708
6094,88.55961,-35.75684,-88.2541
6095,32.54448,-13.05705,-57.86285
6096,109.31323,-43.79124,64.0459
6097,54.16583,-21.6614,10.71246
6098,70.98268,-28.18433,59.94214
6099,100.34286,-39.41417,-80.27143
6100,44.84143,-17.59281,-59.06904
6101,115.84839,-45.37061,-86.07025
6102,39.4887,-15.33692,8.91342
6103,114.69391,-44.48482,5.74426
6104,17.96087,-6.95274,40.16445
6105,88.23634,-34.04492,-42.09051
6106,37.83103,-14.58505,-21.67889
6107,129.57737,-49.87776,49.75929
6108,127.0025,-48.87017,-42.80244
6109,89.60962,-34.47506,35.46767
6110,97.24381,-37.26433,74.49496
6111,16.36976,-6.27058,-0.25706
6112,76.11439,-28.99254,-50.23276
6113,34.82082,-13.21876,-26.52407
6114,39.26937,-14.84882,8.91191
6115,104.35656,-39.39297,3.74906
6116,41.23478,-15.54664,-45.37286
6117,51.29071,-19.33317,136.22893
6118,42.51167,-16.01075,20.16633
6119,33.16488,-12.46443,-18.91045
6120,51.84936,-19.47649,112.40875
6121,31.20243,-11.70765,-44.02702
6122,67.07992,-25.16125,-5.29608
6123,120.25323,-45.00352,73.90342
6124,67.85323,-25.36961,17.22317
6125,86.68878,-32.37456,58.37219
6126,38.30696,-14.29736,-19.18933
6127,27.50579,-10.23757,-28.48537
6128,57.64082,-21.44294,10.68821
6129,57.0676,-21.18985,11.32712
6130,101.63333,-37.62302,-59.45129
6131,77.32796,-28.62148,39.45325
6132,54.39662,-20.12237,-33.7698
6133,20.38883,-7.4782,33.85917
6134,88.43586,-32.39697,71.88778
6135,59.24796,-21.68259,12.66786
6136,118.11871,-43.14623,-67.78299
6137,17.87579,-6.52542,20.94204
6138,21.24801,-7.74998,1.62751
6139,55.93862,-20.32724,-69.92809
6140,104.85118,-37.92838,8.92276
6141,29.52531,-10.67291,29.29027
6142,62.28948,-22.51373,64.58084
6143,11.06814,-3.9892,-6.70373
6144,22.74647,-8.19819,-23.33435
6145,22.55941,-8.11175,51.19387
6146,63.99751,-22.98584,23.32906
6147,14.92283,-5.35954,-16.53571
6148,38.4015,-13.77382,-79.8699
6149,56.2814,-20.12527,13.99229
6150,106.34211,-37.88574,103.1311
6151,4.60527,-1.63694,-42.65779
6152,74.67162,-26.4585,20.51209
6153,40.67476,-14.39825,7.42904
6154,35.35568,-12.47049,-3.76396
6155,66.33786,-23.25798,-68.47566
6156,131.28243,-45.83279,-24.77589
6157,20.20477,-7.02057,-2.39928
6158,48.16824,-16.70341,-44.96918
6159,132.8911,-46.02576,-47.95934
6160,102.69532,-35.53727,106.90382
6161,59.27221,-20.38261,56.07927
6162,47.40077,-16.22506,15.85149
6163,109.94393,-37.5943,29.59707
6164,141.98209,-47.93301,4.58553
6165,38.14351,-12.86185,7.96484
6166,83.19397,-28.0444,39.66735
6167,46.50383,-15.65539,28.83819
6168,68.17141,-22.93199,-97.20175
6169,27.20303,-9.14695,29.09275
6170,42.73126,-14.36114,39.46817
6171,34.48575,-11.57416,12.58332
6172,46.97997,-15.72931,-45.2744
6173,104.25326,-34.83006,87.43092
6174,18.10379,-6.02795,22.9098
6175,22.74741,-7.54352,-36.34488
6176,78.43582,-25.93754,-92.77159
6177,67.08851,-22.17773,24.35384
6178,77.22934,-25.34687,-55.16027
6179,35.39289,-11.60853,11.96843
6180,11.26125,-3.68713,98.69478
6181,70.75991,-23.16149,3.02672
6182,30.80651,-10.08276,11.30345
6183,32.07504,-10.49564,-15.42303
6184,2.08075,-0.68064,19.81963
6185,136.78555,-44.63031,0.84208
6186,54.44387,-17.59672,-106.19395
6187,27.92373,-8.96809,-22.01253
6188,140.22135,-45.02892,37.50966
6189,36.22175,-11.61483,-20.94081
6190,107.60501,-34.49882,-42.21289
6191,17.63772,-5.64605,86.777
6192,33.61665,-10.74872,6.60852
6193,107.98168,-34.25804,-27.39108
6194,13.60765,-4.31125,32.36521
6195,60.87526,-19.26094,94.3151
6196,25.4945,-8.03923,-86.03269
6197,25.24334,-7.93051,19.72557
6198,13.25557,-4.15882,-1.72804
6199,22.37648,-6.94947,32.41909
6200,43.24864,-13.42401,-77.22802
6201,10.78958,-3.34772,139.59966
6202,19.49788,-6.01368,5.0758
6203,52.54174,-16.12631,-94.7413
6204,28.24798,-8.65607,-31.43626
6205,14.22391,-4.3513,-116.14742
6206,30.61731,-9.3616,-42.86813
6207,31.63642,-9.67303,20.45529
6208,12.40624,-3.79232,20.53496
6209,23.82868,-7.28054,10.78919
6210,53.06792,-16.18238,-109.77808
6211,47.31743,-14.41107,18.06606
6212,10.93057,-3.31312,45.90408
6213,35.24864,-10.64143,-85.61487
6214,88.7268,-26.6877,28.04657
6215,35.88345,-10.76644,-29.1008
6216,92.80021,-27.81597,-97.3801
6217,30.49818,-9.11849,-5.09459
6218,43.50331,-12.99316,-27.16822
6219,61.45472,-18.29324,49.98495
6220,74.64371,-22.11182,39.58539
6221,133.58887,-39.51167,-48.44496
6222,75.86062,-22.42947,67.27019
6223,31.31157,-9.23191,-30.45228
6224,11.3187,-3.33093,119.17786
6225,27.16122,-7.97963,12.3199
6226,28.41912,-8.34796,137.49267
6227,50.13951,-14.71469,-16.78814
6228,93.22773,-27.29415,70.5347
6229,39.59226,-11.58507,-12.04096
6230,85.9511,-24.97826,-7.81176
6231,85.01066,-24.70367,-93.87352
6232,52.29833,-15.0946,-33.69955
6233,2.08009,-0.59844,-8.343
6234,32.54877,-9.3497,-17.00148
6235,89.75475,-25.77689,-81.45394
6236,29.52872,-8.41261,9.65306
6237,6.25816,-1.78277,-3.99777
6238,36.20169,-10.2591,21.2922
6239,75.72014,-21.34059,36.15453
6240,135.7303,-37.931,9.38572
6241,25.33992,-7.01499,-6.38122
6242,38.17112,-10.53851,-38.87772
6243,25.51447,-7.04046,-23.71272
6244,106.07138,-29.19255,77.84502
6245,14.07953,-3.8464,38.08185
6246,142.27676,-38.86816,-0.81338
6247,81.83549,-22.19151,115.4806
6248,82.98995,-22.44808,1.44525
6249,42.33025,-11.429,-26.29194
6250,34.83697,-9.39199,31.42452
6251,7.26816,-1.93804,-3.11952
6252,114.49726,-30.46018,-56.83398
6253,24.40062,-6.48833,-33.78388
6254,26.02349,-6.91645,-13.31484
6255,43.81807,-11.61496,-58.58359
6256,11.06735,-2.92522,48.08776
6257,39.64798,-10.47361,-29.21834
6258,48.97716,-12.91104,35.95021
6259,89.87084,-23.60863,-114.5423
6260,103.67142,-27.23093,-18.04042
6261,123.25347,-32.22335,-15.78026
6262,139.25378,-36.32103,-39.57073
6263,93.71605,-24.41617,-54.72029
6264,39.11982,-10.18732,30.44593
6265,17.65366,-4.59604,-18.23487
6266,41.29785,-10.74708,20.61839
6267,18.40367,-4.78495,-23.87857
6268,16.35851,-4.24162,-1.13675
6269,75.97073,-19.58068,77.29253
6270,14.73415,-3.79585,24.59212
6271,102.93184,-26.36512,-21.16558
6272,46.01053,-11.78227,4.75598
6273,99.30498,-25.41969,-75.63199
6274,37.54477,-9.60886,22.19966
6275,69.59069,-17.75845,-27.38318
6276,7.28205,-1.85684,-58.72775
6277,43.24758,-11.0091,-35.324
6278,112.22851,-28.33779,91.41008
6279,44.30136,-11.13852,108.7176
6280,131.25613,-32.77247,63.56976
6281,67.06078,-16.72205,-61.10202
6282,34.23876,-8.50804,42.12219
6283,129.07079,-32.06679,-54.36787
6284,53.13004,-13.13589,-46.13701
6285,68.32738,-16.82723,-96.72896
6286,146.70115,-36.12437,23.53293
6287,142.21261,-34.86463,26.5387
6288,123.80122,-30.14663,-57.66538
6289,134.16528,-32.60151,-41.94459
6290,28.3922,-6.85222,-19.97693
6291,34.99693,-8.31433,-0.12309
6292,55.12321,-13.05431,36.82922
6293,33.78701,-7.97041,-13.64419
6294,132.07101,-31.07167,7.23449
6295,18.89884,-4.43999,-8.30408
6296,76.41313,-17.93395,103.46814
6297,83.52539,-19.59089,-88.35323
6298,53.18423,-12.45485,12.30082
6299,70.42624,-16.371,75.89297
6300,17.59728,-4.04215,-8.32102
6301,24.308,-5.57254,77.38145
6302,28.74725,-6.52681,-26.96596
6303,29.1841,-6.58058,-1.18093
6304,65.17929,-14.61528,-25.87226
6305,5.57325,-1.24345,-13.9455
6306,16.52597,-3.6672,18.77295
6307,69.0584,-15.30524,-59.35184
6308,23.89623,-5.27582,-57.25602
6309,7.3369,-1.6151,-19.4084
6310,25.51551,-5.61665,31.83883
6311,39.00192,-8.58277,-40.28044
6312,31.91647,-6.98242,-33.19587
6313,24.26516,-5.28971,-14.29096
6314,16.05359,-3.49762,16.72705
6315,103.83511,-22.54794,-101.35427
6316,33.35687,-7.23859,-42.1025
6317,20.86556,-4.49034,-47.27233
6318,131.95368,-28.25277,10.04819
6319,122.16257,-26.00976,80.08025
6320,41.27628,-8.75308,21.43382
6321,27.89607,-5.88334,36.61283
6322,50.23474,-10.48897,5.87139
6323,57.55169,-12.01334,12.62435
6324,37.08595,-7.68842,-43.26969
6325,3.46475,-0.71679,5.48329
6326,86.27236,-17.78911,4.11615
6327,59.99133,-12.21889,21.3862
6328,17.94543,-3.62881,-6.53541
6329,27.77261,-5.58396,-38.93037
6330,30.93545,-6.20402,-17.99838
6331,27.22986,-5.45047,-48.61916
6332,77.50643,-15.50762,30.16333
6333,52.97566,-10.54338,-47.1285
6334,66.96935,-13.23188,-25.54279
6335,40.0161,-7.85483,1.27537
6336,87.93718,-17.19528,-51.41457
6337,44.42691,-8.67071,-72.67215
6338,44.1153,-8.59753,-7.18916
6339,22.3842,-4.32124,-22.44146
6340,20.43382,-3.94431,12.34194
6341,84.98217,-16.31889,10.6191
6342,61.8964,-11.84568,-61.90583
6343,57.77806,-11.04919,-43.66518
6344,84.48457,-16.10552,-33.36466
6345,110.82,-21.12459,-98.74308
6346,25.66934,-4.88931,2.60639
6347,18.95077,-3.59787,-8.3455
6348,39.93695,-7.55806,-41.61796
6349,51.20918,-9.65837,52.4118
6350,10.44097,-1.96904,-24.95454
6351,10.50355,-1.97813,-25.08033
6352,35.93663,-6.73554,6.24549
6353,23.71469,-4.43487,-21.86946
6354,41.90355,-7.77587,145.63719
6355,145.60941,-26.98856,24.79079
6356,69.0789,-12.7992,-126.7607
6357,127.62377,-23.37628,67.84138
6358,23.69145,-4.32432,59.94254
6359,51.93095,-9.45643,-36.87841
6360,45.47817,-8.25991,-29.4829
6361,31.8462,-5.77263,3.06267
6362,9.31869,-1.68123,-16.75067
6363,26.99891,-4.86487,-147.62269
6364,83.89247,-15.04238,10.78975
6365,65.39561,-11.67921,75.41726
6366,95.3249,-16.94151,108.97613
6367,35.79296,-6.34467,-51.37245
6368,95.41412,-16.88144,-0.78792
6369,27.37795,-4.83203,15.32676
6370,55.19895,-9.68516,1.14158
6371,102.58621,-17.93078,9.81025
6372,123.64345,-21.44848,48.64763
6373,120.40383,-20.86095,-12.64477
6374,37.60893,-6.48469,-43.01467
6375,29.03095,-5.00417,24.4977
6376,73.38207,-12.56889,131.43603
6377,97.54169,-16.58678,-68.49434
6378,15.51832,-2.62473,15.25048
6379,14.58513,-2.45784,14.88204
6380,39.03953,-6.56567,-29.72451
6381,38.37419,-6.35394,-64.60989
6382,36.60639,-6.06108,-0.26827
6383,70.55003,-11.58722,-131.26976
6384,37.09323,-6.05504,-16.76117
6385,46.02094,-7.50082,-17.06382
6386,97.60538,-15.86284,21.58585
6387,18.87639,-3.06769,-3.63595
6388,86.71816,-14.07082,-73.50585
6389,30.45336,-4.92771,-43.54068
6390,21.4727,-3.45109,22.35897
6391,29.43514,-4.72674,30.64434
6392,23.24389,-3.70519,76.05913
6393,105.25282,-16.60954,-36.04236
6394,59.72847,-9.3,123.13725
6395,32.64173,-4.99605,22.51665
6396,42.86025,-6.54009,2.37965
6397,47.33805,-7.21776,-73.31275
6398,63.71409,-9.54459,35.99949
6399,87.564,-13.06818,-33.3515
6400,111.53116,-16.3747,-44.95252
6401,71.47699,-10.37033,-117.50942
6402,52.18033,-7.49908,116.32635
6403,8.78028,-1.26008,37.56199
6404,22.50182,-3.22529,-29.4147
6405,58.83084,-8.31991,5.04803
6406,134.64676,-18.94259,59.3673
6407,47.91228,-6.74014,5.40926
6408,25.43719,-3.54637,-25.20381
6409,96.99296,-13.26537,-59.72975
6410,85.47658,-11.46958,-113.12186
6411,48.34038,-6.46438,-3.8659
6412,18.00965,-2.40534,-19.50893
6413,54.81511,-7.295,3.8515
6414,44.42466,-5.90275,-35.5056
6415,15.7158,-2.08378,-111.74788
6416,21.6415,-2.82737,13.48288
6417,58.16722,-7.57654,19.58868
6418,94.99459,-12.26602,-86.20912
6419,42.38215,-5.42507,-46.47455
6420,66.40415,-8.36345,-43.59025
6421,58.70679,-7.39385,48.32097
6422,8.57467,-1.07756,14.4773
6423,80.03871,-10.02301,-80.22446
6424,111.33691,-13.91611,61.34347
6425,131.97501,-16.35031,-35.15253
6426,116.55752,-14.34597,-56.63023
6427,97.62943,-11.92877,-39.34246
6428,13.25479,-1.57937,-4.04163
6429,33.63793,-3.93016,59.64255
6430,33.77843,-3.93888,-7.64185
6431,98.21141,-11.26778,104.83378
6432,38.08847,-4.28053,6.43769
6433,39.199,-4.36255,26.64247
6434,77.60399,-8.6235,51.67578
6435,103.22824,-11.38639,-28.30574
6436,29.53417,-3.25159,-20.55071
6437,119.71991,-13.11487,54.69783
6438,85.7676,-9.38134,40.96653
6439,17.62899,-1.9182,-32.60978
6440,94.57845,-10.15896,2.18055
6441,102.73387,-11.01519,65.0604
6442,54.93983,-5.81714,0.43002
6443,59.07241,-6.24274,5.22013
6444,28.18231,-2.97693,-29.51368
6445,32.87973,-3.40531,-21.64192
6446,50.29488,-5.18794,32.88226
6447,46.10292,-4.6914,-14.37757
6448,91.72922,-9.21887,-36.64233
6449,40.35669,-4.01831,-41.23466
6450,66.12421,-6.53862,15.00513
6451,79.1172,-7.80361,57.36949
6452,84.30504,-8.24427,-19.65012
6453,99.59286,-9.56791,-26.98627
6454,26.43455,-2.52965,-76.70198
6455,2.94236,-0.26583,13.47299
6456,35.70489,-3.18925,59.58979
6457,3.37279,-0.30073,-10.88539
6458,15.65509,-1.37972,-10.10588
6459,75.25398,-6.3732,-47.32613
6460,84.37082,-7.13249,0.61481
6461,23.64518,-1.97981,8.80818
6462,113.48603,-9.35624,-23.54148
6463,56.37323,-4.5724,6.36327
6464,43.60205,-3.51177,-48.56325
6465,7.16166,-0.55595,-51.39457
6466,82.49376,-6.32453,-22.8638
6467,66.6234,-5.09029,123.98687
6468,119.1665,-8.99671,35.02672
6469,39.48327,-2.9804,-14.31926
6470,32.2481,-2.42494,7.65858
6471,91.66147,-6.76066,63.75277
6472,69.39837,-5.10209,-38.68893
6473,41.83815,-3.01114,-18.92829
6474,123.1632,-8.85808,-52.16601
6475,87.12914,-6.13105,-88.76593
6476,62.50305,-4.3732,35.24939
6477,46.77163,-3.13726,-17.96364
6478,144.09836,-9.56117,18.22297
6479,14.97989,-0.98383,-25.40297
6480,24.90672,-1.61555,14.15676
6481,38.55649,-2.4583,31.42408
6482,140.01643,-8.87747,52.21931
6483,40.55402,-2.5475,-46.2154
6484,104.30831,-6.35604,-52.82852
6485,32.60136,-1.93019,-13.88138
6486,34.92116,-1.9939,-21.84115
6487,27.51099,-1.55539,45.23421
6488,103.71121,-5.76854,-21.9098
6489,35.77245,-1.84016,38.5242
6490,45.64171,-2.34185,-15.80008
6491,33.92185,-1.72527,-17.98187
6492,26.33053,-1.33086,-6.08059
6493,97.57273,-4.91298,-19.89203
6494,122.05034,-6.05502,40.90831
6495,125.12008,-5.72199,-35.58696
6496,92.56757,-3.94279,-16.29415
6497,22.01896,-0.93766,-12.41919
6498,136.49568,-5.62875,-35.07957
6499,51.63726,-2.10295,16.14035
6500,54.98084,-2.20955,21.76012
6501,33.4897,-1.32718,-44.07521
6502,98.36153,-3.78828,96.89282
6503,72.2932,-2.61375,-62.50327
6504,112.17737,-4.02735,-103.48276
6505,27.1198,-0.96805,-28.4165
6506,104.23262,-3.67732,-68.04781
6507,23.0948,-0.78259,-42.42398
6508,2.69196,-0.08919,10.44822
6509,85.12362,-2.78636,-21.63213
6510,34.91484,-1.11632,-3.66765
6511,137.0538,-4.17858,44.28726
6512,81.67258,-2.45214,39.8502
6513,138.97305,-4.10849,-27.06224
6514,13.70431,-0.399,23.69409
6515,92.41627,-2.59316,116.32292
6516,43.7697,-1.22414,9.39223
6517,139.40819,-3.70915,45.29061
6518,43.46267,-1.1232,13.74994
6519,37.43207,-0.91486,-22.76622
6520,36.15755,-0.81508,-39.89763
6521,51.44107,-1.12494,-11.84109
6522,37.15065,-0.80071,20.28816
6523,43.00155,-0.89152,69.06992
6524,23.52552,-0.46802,9.59944
6525,90.22063,-1.7549,118.60643
6526,42.5422,-0.81716,0.51678
6527,134.47537,-2.48705,-31.42846
6528,44.83769,-0.76648,96.09598
6529,84.6889,-1.43348,-111.54112
6530,17.14813,-0.2862,-13.91395
6531,15.12197,-0.25211,-46.55247
6532,53.74366,-0.78708,-53.22458
6533,137.83894,-1.57247,-39.77654
6534,13.12437,-0.14031,-95.44085
6535,27.61128,-0.26611,-50.93418
6536,46.82901,-0.42566,-5.82697
6537,143.36322,-1.03034,-40.69705
6538,19.86055,-0.14159,-27.14631
6539,58.39236,-0.38113,26.24517
6540,35.81091,-0.18537,1.77064
6541,47.66484,-0.2228,-62.67395
6542,21.96614,-0.07372,-10.73682
6543,36.83418,-0.08135,36.32554
6544,98.16502,-0.10892,15.00238
6545,33.07282,-0.0295,39.5722
6546,25.19001,-0.0223,2.94335
6547,14.83815,1.52504,6.73567
6548,6.30907,0.95703,18.74561
6549,11.68742,2.36654,-10.70245
6550,3.09786,0.67205,5.03851
6551,22.89187,7.69968,-3.35719
6552,30.4302,11.08159,26.21663
6553,18.76059,8.25545,-11.79121
6554,4.10983,1.91132,-6.76933
6555,26.53237,16.50731,-0.32288
6556,17.52488,11.79544,-6.96077
6557,11.06347,7.629,20.35391
6558,16.16341,11.35919,15.32033
6559,20.22425,14.38789,-2.99465
6560,13.23281,9.94986,1.28247
6561,19.04643,16.33924,1.48136
6562,14.13181,14.59065,-4.62951
6563,14.12364,14.59704,-4.63427
6564,32.09403,38.47813,7.96957
6565,15.19225,19.38007,4.31369
6566,9.13578,11.9594,5.50738
6567,8.94681,12.16101,-1.27775
6568,9.82945,14.61846,8.16827
6569,8.40518,12.81848,13.53653
6570,6.78585,10.38138,1.89932
6571,9.21306,20.17382,8.66195
6572,5.97043,13.17811,11.72472
6573,8.73128,19.79688,13.75899
6574,8.9068,20.95045,4.75188
6575,5.76896,13.99625,4.77248
6576,7.97951,20.76445,6.59476
6577,8.63854,22.69072,4.81576
6578,9.60176,26.28189,4.86683
6579,6.22671,18.24556,11.05234
6580,5.889,17.91121,0.71166
6581,5.07956,16.16801,17.54072
6582,2.84217,9.37004,8.429
6583,9.48802,33.0324,2.81043
6584,2.65088,11.4391,3.81255
6585,4.90507,24.25545,8.95175
6586,2.41159,12.97085,-17.94353
6587,1.25154,10.68999,10.69688
6588,1.64833,17.25697,-18.01332
6589,0.56207,8.27265,-3.42018
6590,-0.02585,7.51307,18.75299
6591,0.18622,24.91772,-2.01798
6592,-0.02,12.8233,-7.71563
6593,-3.04351,25.53129,-12.45859
6594,-2.79015,17.55601,3.65801
6595,-3.32233,18.79668,10.40367
6596,-2.38589,9.49643,13.9762
6597,-16.93832,48.17739,-12.73245
6598,-3.34279,9.50747,-10.80193
6599,-5.72781,15.71135,6.75129
6600,-7.23256,19.15701,12.14874
6601,-4.1328,10.20211,-3.74766
6602,-5.99061,12.83973,-0.89097
6603,-9.23821,17.23026,9.50595
6604,-6.97238,13.07449,-10.26287
6605,-8.59665,15.19981,-0.2477
6606,-3.9464,6.9847,-14.06453
6607,-7.22383,12.51188,-12.13538
6608,-12.39474,20.95776,1.42356
6609,-19.3486,31.22024,4.76132
6610,-2.09231,3.17028,-15.41181
6611,-11.76351,14.1248,-7.67649
6612,-2.58025,2.67964,10.68307
6613,-3.10741,3.13694,0.6583
6614,-9.71365,9.7947,-8.35789
6615,-9.28884,9.21631,14.75831
6616,-12.4726,12.33225,4.78833
6617,-14.49716,14.34733,0.69242
6618,-8.22983,7.73731,-4.59617
6619,-5.87096,5.3603,18.85499
6620,-16.6805,15.2983,2.06194
6621,-41.06467,37.3488,-56.10853
6622,-11.70139,10.00298,8.38243
6623,-13.01058,11.07686,8.82327
6624,-13.61906,11.55156,9.00457
6625,-13.51181,10.44811,-0.82041
6626,-7.38774,3.86448,10.40503
6627,-10.51259,5.18853,-12.64237
6628,-13.91024,6.08271,7.53521
6629,-11.4498,4.97435,15.12035
6630,-7.17109,2.95386,11.49854
6631,-20.00842,8.18142,-8.57671
6632,-4.33128,1.66793,12.38648
6633,-18.15483,3.06388,1.98747
6634,-29.57301,4.97182,9.85435
6635,-23.44835,2.90334,6.05219
6636,-14.94316,1.40533,-13.21843
6637,-16.36579,1.51977,16.49837
6638,-5.17912,0.37896,-6.60677
6639,-22.25905,1.13109,-4.44794
6640,-22.22361,-0.92021,-4.66831
6641,-9.90318,-1.00147,-10.53393
6642,-5.43447,-1.01637,-16.64993
6643,-19.05343,-8.42461,-0.14271
6644,-7.89145,-3.47018,31.08481
6645,-20.31077,-9.63902,5.94933
6646,-7.28659,-3.58602,-11.21962
6647,-7.28826,-4.17418,-3.02931
6648,-13.97768,-9.44728,21.11476
6649,-14.20859,-9.76505,-0.15732
6650,-7.60135,-5.88434,-13.27926
6651,-5.26633,-4.51778,-14.86152
6652,-13.39986,-11.49056,6.25266
6653,-17.42392,-15.22484,-9.4663
6654,-17.41943,-15.23209,-9.46291
6655,-16.82892,-15.56286,3.92647
6656,-4.64173,-4.30513,2.19234
6657,-11.68724,-10.944,3.5188
6658,-13.32781,-13.84455,10.86304
6659,-9.9687,-10.63882,6.77612
6660,-12.0958,-15.44661,-3.11584
6661,-10.24467,-14.07609,7.0878
6662,-16.81898,-24.70725,14.75751
6663,-1.66012,-3.1958,-35.68675
6664,-9.80184,-17.99049,-13.23441
6665,-2.17953,-4.33342,-13.43699
6666,-5.21885,-11.71898,23.63966
6667,-7.1738,-17.08702,6.16763
6668,-8.60946,-20.9739,-1.58154
6669,-6.76725,-16.66572,5.69706
6670,-3.09534,-8.65871,5.65608
6671,-6.16175,-19.82341,-1.75863
6672,-2.9667,-11.52722,-21.98457
6673,-1.45009,-5.75077,7.42861
6674,-1.03566,-5.25107,-2.67874
6675,-1.01933,-5.61933,-3.99747
6676,-2.74969,-15.99493,-6.2665
6677,-0.72416,-6.60005,12.42578
6678,-1.37905,-14.36546,-8.33722
6679,-0.37617,-14.68321,-10.15575
6680,-0.22348,-45.50364,-26.44715
6681,0.12071,-5.07962,0.22304
6682,0.41383,-13.47362,7.9592
6683,0.40992,-11.89497,15.67936
6684,1.19139,-6.56852,3.08232
6685,4.25274,-20.91836,-11.79916
6686,4.47415,-21.03601,-5.59421
6687,1.75539,-6.84671,-10.47403
6688,3.09637,-12.18912,8.13688
6689,3.05637,-9.70988,3.24336
6690,11.57279,-34.11392,1.35755
6691,3.31337,-8.89792,3.62312
6692,7.99923,-19.53665,2.65048
6693,12.22179,-27.19969,-5.49474
6694,7.54021,-15.19827,11.27496
6695,11.68271,-22.52949,3.66034
6696,7.81562,-13.77501,0.56543
6697,15.67872,-26.03354,-31.09326
6698,8.4988,-14.14198,-2.35634
6699,6.4854,-10.80824,1.32606
6700,10.80614,-17.30372,-0.54913
6701,11.87187,-14.20214,1.60955
6702,12.49685,-14.31098,2.97438
6703,14.74957,-14.02946,-6.19012
6704,8.49421,-5.59059,-16.08034
6705,20.42057,-13.11371,2.43199
6706,15.05924,-7.86651,14.78516
6707,14.10389,-7.24819,-0.7045
6708,6.59836,-3.2103,21.24011
6709,22.27308,-9.61403,1.86354
6710,36.05994,-13.18106,-8.57351
6711,18.90587,-4.43059,-8.29309
6712,22.68314,-5.06638,-0.79972
6713,44.11424,-8.60863,-7.18239
6714,15.47528,-2.9986,1.86457
6715,19.84882,-3.58071,-4.82481
6716,6.51425,-0.4829,4.8404
6717,12.73609,-0.12963,5.49013
