id,pdes,name,name_ru,diameter,q,per,class,horizons,begin_time,end_time
a0134340,134340,Pluto,Плутон,2361,29.57399177,90487.27693,TNO,DES=+2134340,1990-01-01-00-00-00,2000-01-01-00-00-00
a0000001,1,Ceres,Церера,939.4,2.558683596,1683.145701,MBA,DES=+2000001,1998-11-06-05-07-33,2000-01-01-00-00-00
a0020000,20000,Varuna,Варуна,900,40.46568611,102206.6941,TNO,DES=+2020000,1990-01-01-00-00-00,2000-01-01-00-00-00
bK14UM4Z,500039,500039,500039,635,38.02422283,410992.1855,TNO,DES=+3760651,1990-01-01-00-00-00,2000-01-01-00-00-00
bK02X93V,500014,500014,500014,549.2,34.2237257,89352.62849,TNO,DES=+3145527,1990-01-01-00-00-00,2000-01-01-00-00-00
a0000002,2,Pallas,Паллада,545,2.13386496,1686.155999,MBA,DES=+2000002,1998-11-05-11-03-51,2000-01-01-00-00-00
a0000004,4,Vesta,Веста,525.4,2.151909454,1325.432765,MBA,DES=+2000004,1999-02-03-15-24-12,2000-01-01-00-00-00
bK01K77A,500005,500005,500005,472,43.41272813,120793.3016,TNO,DES=+3078916,1990-01-01-00-00-00,2000-01-01-00-00-00
a0000010,10,Hygiea,Гигея,407.12,2.788239616,2033.818283,MBA,DES=+2000010,1998-08-10-13-05-26,2000-01-01-00-00-00
bK03QB1X,500016,500016,500016,358.5,33.92857789,89926.76746,TNO,DES=+3160801,1990-01-01-00-00-00,2000-01-01-00-00-00
a0015789,15789,15789,15789,328,32.03299496,90398.73876,TNO,DES=+2015789,1990-01-01-00-00-00,2000-01-01-00-00-00
a0000704,704,Interamnia,Интерамния,306.313,2.585009321,1953.184017,MBA,DES=+2000704,1998-08-30-16-53-46,2000-01-01-00-00-00
a0000052,52,Europa,Европа,303.918,2.751709179,1986.952821,MBA,DES=+2000052,1998-08-22-06-17-00,2000-01-01-00-00-00
bK01QT8C,500007,500007,500007,303,40.51512295,115075.2769,TNO,DES=+3092445,1990-01-01-00-00-00,2000-01-01-00-00-00
a0010199,10199,Chariklo,Харикло,302,13.13876621,23030.17594,CEN,DES=+2010199,1990-01-01-00-00-00,2000-01-01-00-00-00
bK03Q91R,500015,500015,500015,278.5,38.02790075,116984.2948,TNO,DES=+3160761,1990-01-01-00-00-00,2000-01-01-00-00-00
bK04PA8B,500022,500022,500022,275.55,40.27275217,110604.1791,TNO,DES=+3254536,1990-01-01-00-00-00,2000-01-01-00-00-00
a0000511,511,Davida,Давида,270.327,2.569455794,2056.52682,MBA,DES=+2000511,1998-08-04-20-50-21,2000-01-01-00-00-00
a0000031,31,Euphrosyne,Евфросина,267.08,2.458509538,2047.295511,MBA,DES=+2000031,1998-08-07-04-13-37,2000-01-01-00-00-00
a0000107,107,Camilla,Камилла,254,3.26327257,2382.998058,OMB,DES=+2000107,1998-05-15-06-00-42,2000-01-01-00-00-00
a0000451,451,Patientia,Patientia,253.9,2.830385862,1955.104058,MBA,DES=+2000451,1998-08-30-05-22-33,2000-01-01-00-00-00
a0000087,87,Sylvia,Сильвия,253.051,3.15846733,2373.81844,OMB,DES=+2000087,1998-05-17-13-05-22,2000-01-01-00-00-00
a0000003,3,Juno,Юнона,246.596,1.98333206,1592.787284,MBA,DES=+2000003,1998-11-28-19-16-35,2000-01-01-00-00-00
a0000065,65,Cybele,Кибела,237.26,3.042441633,2316.170373,OMB,DES=+2000065,1998-05-31-22-58-40,2000-01-01-00-00-00
bK01K77D,500006,500006,500006,232.3,35.10745849,91975.94848,TNO,DES=+3078919,1990-01-01-00-00-00,2000-01-01-00-00-00
a0000088,88,Thisbe,Фисба,232,2.321556745,1683.153887,MBA,DES=+2000088,1998-11-06-05-04-37,2000-01-01-00-00-00
a0000015,15,Eunomia,Эвномия,231.689,2.152074588,1570.418187,MBA,DES=+2000015,1998-12-04-09-29-28,2000-01-01-00-00-00
a0095626,95626,95626,95626,230.5,18.01109558,40966.74388,CEN,DES=+2095626,1990-01-01-00-00-00,2000-01-01-00-00-00
bK02G32H,500013,500013,500013,230,38.64030774,100319.2574,TNO,DES=+3126202,1990-01-01-00-00-00,2000-01-01-00-00-00
a0000016,16,Psyche,Психея,226,2.533284397,1826.093334,MBA,DES=+2000016,1998-10-01-11-26-24,2000-01-01-00-00-00
a0000624,624,Hektor,Гектор,225,5.137134355,4405.802306,GRK,DES=+2000624,1996-12-25-13-11-12,2000-01-01-00-00-00
a0000013,13,Egeria,Эгерия,222.792,2.356709939,1510.123386,MBA,DES=+2000013,1998-12-19-11-15-35,2000-01-01-00-00-00
a0000324,324,Bamberga,Бамберга,220.691,1.767999716,1603.807559,MBA,DES=+2000324,1998-11-26-01-09-17,2000-01-01-00-00-00
bK03WI8U,500021,500021,500021,220,42.29672164,106293.906,TNO,DES=+3172335,1990-01-01-00-00-00,2000-01-01-00-00-00
bK01XP4R,500012,500012,500012,218.9,41.19662672,102225.7361,TNO,DES=+3102795,1990-01-01-00-00-00,2000-01-01-00-00-00
a0000048,48,Doris,Дорида,216.473,2.884781246,2003.35292,MBA,DES=+2000048,1998-08-18-03-52-57,2000-01-01-00-00-00
a0000375,375,Ursula,Урсула,216,2.798280844,2020.585733,MBA,DES=+2000375,1998-08-13-20-29-09,2000-01-01-00-00-00
a0000121,121,Hermione,Гермиона,209,2.996619686,2342.470978,OMB,DES=+2000121,1998-05-25-09-10-27,2000-01-01-00-00-00
a0000117,117,Lomia,Ломия,208.974,2.90769995,1888.747696,MBA,DES=+2000117,1998-09-15-19-30-50,2000-01-01-00-00-00
a0000106,106,Dione,Диона,207.869,2.66955944,2077.403999,MBA,DES=+2000106,1998-07-30-15-34-34,2000-01-01-00-00-00
bK00QP1L,500004,500004,500004,206.2,37.33556579,120472.6335,TNO,DES=+3078880,1990-01-01-00-00-00,2000-01-01-00-00-00
a0000041,41,Daphne,Дафна,205.495,2.00016549,1675.195855,MBA,DES=+2000041,1998-11-08-04-49-30,2000-01-01-00-00-00
a0000094,94,Aurora,Аврора,204.89,2.859998221,2048.401434,MBA,DES=+2000094,1998-08-06-21-35-30,2000-01-01-00-00-00
a0000045,45,Eugenia,Евгения,202.327,2.491135722,1639.317739,MBA,DES=+2000045,1998-11-17-04-05-37,2000-01-01-00-00-00
a0000019,19,Fortuna,Фортуна,200,2.056647962,1394.46134,MBA,DES=+2000019,1999-01-17-09-13-55,2000-01-01-00-00-00
a0000007,7,Iris,Ирис,199.83,1.833830829,1345.619196,MBA,DES=+2000007,1999-01-29-14-17-05,2000-01-01-00-00-00
a0000334,334,Chicago,Чикаго,198.77,3.798870098,2802.676341,OMB,DES=+2000334,1998-01-30-07-56-32,2000-01-01-00-00-00
a0000024,24,Themis,Фемида,198,2.744956598,2028.607813,MBA,DES=+2000024,1998-08-11-20-21-12,2000-01-01-00-00-00
bK01QW2S,500009,500009,500009,193,42.26322414,106621.8241,TNO,DES=+3092454,1990-01-01-00-00-00,2000-01-01-00-00-00
a0000154,154,Bertha,Берта,192.611,2.950174444,2087.24787,MBA,DES=+2000154,1998-07-28-04-30-47,2000-01-01-00-00-00
a0042355,42355,Typhon,Тифон,192,17.57997754,85744.80867,TNO,DES=+2042355,1990-01-01-00-00-00,2000-01-01-00-00-00
a0000702,702,Alauda,Алауда,190.98,3.137277971,2083.336507,MBA,DES=+2000702,1998-07-29-03-58-52,2000-01-01-00-00-00
a0000009,9,Metis,Метида,190,2.091930644,1345.87536,MBA,DES=+2000009,1999-01-29-12-44-52,2000-01-01-00-00-00
a0005145,5145,Pholus,Фолус,190,8.778462598,33636.6921,CEN,DES=+2005145,1990-01-01-00-00-00,2000-01-01-00-00-00
a0000029,29,Amphitrite,Амфитрита,189.559,2.368440903,1490.935077,MBA,DES=+2000029,1998-12-24-06-23-23,2000-01-01-00-00-00
bK12D30R,500037,500037,500037,188,14.56961319,23451926.14,TNO,DES=+3599920,1990-01-01-00-00-00,2000-01-01-00-00-00
a0054598,54598,Bienor,Биенор,187.5,13.15959443,24331.41791,CEN,DES=+2054598,1990-01-01-00-00-00,2000-01-01-00-00-00
bK03UT2T,500020,500020,500020,185.6,27.68171798,89006.48604,TNO,DES=+3170275,1990-01-01-00-00-00,2000-01-01-00-00-00
a0000006,6,Hebe,Геба,185.18,1.93283528,1379.459706,MBA,DES=+2000006,1999-01-21-03-14-30,2000-01-01-00-00-00
a0000130,130,Elektra,Электра,180.652,2.472738263,2017.957469,MBA,DES=+2000130,1998-08-14-12-15-19,2000-01-01-00-00-00
a0000165,165,Loreley,Лорелей,180.083,2.858739129,2018.936699,MBA,DES=+2000165,1998-08-14-06-22-48,2000-01-01-00-00-00
a0000039,39,Laetitia,Летиция,179.484,2.46060758,1683.285987,MBA,DES=+2000039,1998-11-06-04-17-03,2000-01-01-00-00-00
a0000209,209,Dido,Дидона,179.008,2.970014194,2039.567101,MBA,DES=+2000209,1998-08-09-02-35-51,2000-01-01-00-00-00
a0000096,96,Aegle,Эгла,177.774,2.621944852,1946.427065,MBA,DES=+2000096,1998-09-01-09-26-16,2000-01-01-00-00-00
a0000423,423,Diotima,Диотима,175.859,2.956412171,1961.328629,MBA,DES=+2000423,1998-08-28-16-01-42,2000-01-01-00-00-00
a0000259,259,Aletheia,Алетейя,174.318,2.729234846,2025.424254,MBA,DES=+2000259,1998-08-12-15-27-17,2000-01-01-00-00-00
a0000372,372,Palma,Пальма,173.642,2.334280138,2042.176736,MBA,DES=+2000372,1998-08-08-10-56-23,2000-01-01-00-00-00
a0000747,747,Winchester,Уинчестер,171.71,1.986185662,1903.498042,MBA,DES=+2000747,1998-09-12-03-00-43,2000-01-01-00-00-00
bK05EU4O,500025,500025,500025,171.3,42.5041928,113585.7722,TNO,DES=+3277443,1990-01-01-00-00-00,2000-01-01-00-00-00
a0000409,409,Aspasia,Аспасия,171.012,2.388584227,1509.740183,MBA,DES=+2000409,1998-12-19-13-33-33,2000-01-01-00-00-00
a0000153,153,Hilda,Хильда,170.63,3.421535376,2899.74895,OMB,DES=+2000153,1998-01-06-01-30-23,2000-01-01-00-00-00
a0000790,790,Pretoria,Прето?рия,170.37,2.889125736,2298.377679,OMB,DES=+2000790,1998-06-05-09-44-03,2000-01-01-00-00-00
bJ98W31W,500001,500001,500001,170.3,40.38694748,108177.6685,TNO,DES=+3031823,1990-01-01-00-00-00,2000-01-01-00-00-00
a0127546,127546,127546,127546,170,20.99194445,199608.3305,TNO,DES=+2127546,1990-01-01-00-00-00,2000-01-01-00-00-00
a0000241,241,Germania,Германия,168.9,2.736466732,1945.456738,MBA,DES=+2000241,1998-09-01-15-15-35,2000-01-01-00-00-00
a0000047,47,Aglaja,Аглая,168.174,2.507398953,1786.530381,MBA,DES=+2000047,1998-10-11-08-49-04,2000-01-01-00-00-00
a0000488,488,Kreusa,Креуса,168.117,2.66531906,2058.849486,MBA,DES=+2000488,1998-08-04-06-54-12,2000-01-01-00-00-00
a0000532,532,Herculina,Геркулина,167.791,2.28637273,1686.229234,MBA,DES=+2000532,1998-11-05-10-37-29,2000-01-01-00-00-00
a0000022,22,Kalliope,Каллиопа,167.536,2.630135726,1817.701376,MBA,DES=+2000022,1998-10-03-13-47-31,2000-01-01-00-00-00
a0000566,566,Stereoskopia,Стереоскопия,167.381,2.973171816,2265.776587,OMB,DES=+2000566,1998-06-13-13-20-26,2000-01-01-00-00-00
a0000049,49,Pales,Палес,166.252,2.415517359,1998.482751,MBA,DES=+2000049,1998-08-19-09-06-13,2000-01-01-00-00-00
bK01QW2W,500010,500010,500010,166.25,43.21063527,107254.7105,TNO,DES=+3092511,1990-01-01-00-00-00,2000-01-01-00-00-00
a0002060,2060,Chiron,Хирон,166,8.46871918,18459.04957,CEN,DES=+2002060,1990-01-01-00-00-00,2000-01-01-00-00-00
a0000059,59,Elpis,Элпида,165.119,2.388337293,1631.148862,MBA,DES=+2000059,1998-11-19-05-06-25,2000-01-01-00-00-00
a0000386,386,Siegena,Зигена,165.01,2.410256962,1803.404997,MBA,DES=+2000386,1998-10-07-03-34-13,2000-01-01-00-00-00
bJ96T66S,500000,500000,500000,163,38.3140055,105283.5033,TNO,DES=+3007282,1990-01-01-00-00-00,2000-01-01-00-00-00
a0000128,128,Nemesis,Немезида,162.515,2.399531725,1665.598316,MBA,DES=+2000128,1998-11-10-14-24-37,2000-01-01-00-00-00
a0000194,194,Prokne,Прокна,161.667,1.992084964,1544.91404,MBA,DES=+2000194,1998-12-10-18-30-57,2000-01-01-00-00-00
a0000654,654,Zelinda,Зелинда,160.736,1.766196056,1271.713889,MBA,DES=+2000654,1999-02-17-01-42-59,2000-01-01-00-00-00
a0000185,185,Eunike,Эвника,160.464,2.384220571,1654.364484,MBA,DES=+2000185,1998-11-13-09-48-48,2000-01-01-00-00-00
a0000146,146,Lucina,Луцина,160.31,2.535240407,1636.78463,MBA,DES=+2000146,1998-11-17-19-17-32,2000-01-01-00-00-00
a0000596,596,Scheila,Шейла,159.726,2.450422823,1830.721238,MBA,DES=+2000596,1998-09-30-07-40-22,2000-01-01-00-00-00
a0000444,444,Gyptis,Гиптида,159.331,2.28299756,1683.256156,MBA,DES=+2000444,1998-11-06-04-27-48,2000-01-01-00-00-00
a0000190,190,Ismene,Исмена,159,3.322227382,2906.186891,OMB,DES=+2000190,1998-01-04-10-52-44,2000-01-01-00-00-00
bK01QW2R,500008,500008,500008,156,29.25204565,60496.82478,TNO,DES=+3092453,1990-01-01-00-00-00,2000-01-01-00-00-00
a0000238,238,Hypatia,Гипатия,155.659,2.646599337,1810.374463,MBA,DES=+2000238,1998-10-05-09-45-12,2000-01-01-00-00-00
a0000120,120,Lachesis,Лахесис,155.132,2.95658812,2012.466188,MBA,DES=+2000120,1998-08-15-21-12-11,2000-01-01-00-00-00
a0000085,85,Io,Ио,154.79,2.135875657,1577.251948,MBA,DES=+2000085,1998-12-02-16-29-18,2000-01-01-00-00-00
a0000361,361,Bononia,Бонония,154.334,3.11510957,2876.117457,OMB,DES=+2000361,1998-01-11-23-17-43,2000-01-01-00-00-00
a0000093,93,Minerva,Минерва,154.155,2.37279244,1671.264762,MBA,DES=+2000093,1998-11-09-04-24-42,2000-01-01-00-00-00
a0000054,54,Alexandra,Александра,154.137,2.175514757,1629.833341,MBA,DES=+2000054,1998-11-19-13-00-00,2000-01-01-00-00-00
a0000014,14,Irene,Ирина,152,2.154857532,1518.560846,MBA,DES=+2000014,1998-12-17-08-38-06,2000-01-01-00-00-00
a0000776,776,Berbericia,Бербериция,151.711,2.447496955,1833.166868,MBA,DES=+2000776,1998-09-29-16-59-56,2000-01-01-00-00-00
a0000139,139,Juewa,Жуйхуа,151.116,2.295831043,1695.03755,MBA,DES=+2000139,1998-11-03-05-46-29,2000-01-01-00-00-00
bK01RE3Z,500011,500011,500011,150,41.25121596,106196.9713,TNO,DES=+3092461,1990-01-01-00-00-00,2000-01-01-00-00-00
bK03US4N,500019,500019,500019,149,42.22750304,100819.9218,TNO,DES=+3169275,1990-01-01-00-00-00,2000-01-01-00-00-00
a0000354,354,Eleonora,Элеонора,148.97,2.479440622,1710.083231,MBA,DES=+2000354,1998-10-30-11-30-03,2000-01-01-00-00-00
a0000419,419,Aurelia,Аврелия,148.701,1.946126099,1529.13236,MBA,DES=+2000419,1998-12-14-17-12-22,2000-01-01-00-00-00
a0000471,471,Papagena,Папагена,148.128,2.232244518,1798.072857,MBA,DES=+2000471,1998-10-08-11-33-47,2000-01-01-00-00-00
a0000095,95,Arethusa,Аретуса,147.969,2.597597072,1960.259643,MBA,DES=+2000095,1998-08-28-22-26-32,2000-01-01-00-00-00
a0000008,8,Flora,Флора,147.491,1.857189744,1193.313716,MBA,DES=+2000008,1999-03-08-16-07-03,2000-01-01-00-00-00
a0000762,762,Pulcova,Пулкова,147.343,2.819683966,2045.127609,MBA,DES=+2000762,1998-08-07-17-14-04,2000-01-01-00-00-00
a0000187,187,Lamberta,Ламберта,147.294,2.068166608,1644.753549,MBA,DES=+2000187,1998-11-15-19-28-44,2000-01-01-00-00-00
a0000536,536,Merapi,Мерапи,147.066,3.198343537,2391.876549,OMB,DES=+2000536,1998-05-13-00-44-27,2000-01-01-00-00-00
a0000328,328,Gudrun,Гудрун,145.68,2.787125193,2008.15252,MBA,DES=+2000328,1998-08-16-23-05-06,2000-01-01-00-00-00
a0000356,356,Liguria,Лигурия,145.503,2.094221581,1671.347691,MBA,DES=+2000356,1998-11-09-03-54-50,2000-01-01-00-00-00
a0000089,89,Julia,Юлия,145.483,2.07890248,1487.345295,MBA,DES=+2000089,1998-12-25-03-55-42,2000-01-01-00-00-00
a0000076,76,Freia,Фрейя,145.423,2.846759922,2302.723913,OMB,DES=+2000076,1998-06-04-07-39-24,2000-01-01-00-00-00
a0000168,168,Sibylla,Сибилла,145.366,3.123991208,2261.986492,OMB,DES=+2000168,1998-06-14-12-04-52,2000-01-01-00-00-00
a0000196,196,Philomela,Филомела,144.626,3.063814202,2006.492415,MBA,DES=+2000196,1998-08-17-09-02-44,2000-01-01-00-00-00
a0000268,268,Adorea,Адорея,144.585,2.66620985,1984.692055,MBA,DES=+2000268,1998-08-22-19-50-52,2000-01-01-00-00-00
a0000156,156,Xanthippe,Ксантиппа,143.346,2.107469306,1644.938026,MBA,DES=+2000156,1998-11-15-18-22-19,2000-01-01-00-00-00
a0000011,11,Parthenope,Парфенопа,142.887,2.20663993,1403.375197,MBA,DES=+2000011,1999-01-15-03-44-55,2000-01-01-00-00-00
a0000144,144,Vibilia,Вибилия,142.38,2.032429688,1580.183006,MBA,DES=+2000144,1998-12-01-22-54-08,2000-01-01-00-00-00
a0000211,211,Isolda,Изольда,141.125,2.552089206,1936.826162,MBA,DES=+2000211,1998-09-03-19-02-35,2000-01-01-00-00-00
a0000617,617,Patroclus,Патрокл,140.362,4.49379669,4350.950858,TJN,DES=+2000617,1997-01-08-06-17-43,2000-01-01-00-00-00
a0000349,349,Dembowska,Дембовска,139.77,2.65493085,1824.965628,MBA,DES=+2000349,1998-10-01-18-12-23,2000-01-01-00-00-00
a0000018,18,Melpomene,Мельпомена,139.594,1.796730894,1271.281263,MBA,DES=+2000018,1999-02-17-04-18-44,2000-01-01-00-00-00
a0000489,489,Comacina,Комачина,139.39,3.004019537,2044.922426,MBA,DES=+2000489,1998-08-07-18-27-56,2000-01-01-00-00-00
a0000420,420,Bertholda,Бертольда,138.699,3.312525172,2304.964081,OMB,DES=+2000420,1998-06-03-18-12-56,2000-01-01-00-00-00
a0000476,476,Hedwig,Гедвиг,138.493,2.458625491,1576.362141,MBA,DES=+2000476,1998-12-02-21-49-38,2000-01-01-00-00-00
a0000051,51,Nemausa,Немауза,138.159,2.206001047,1329.153709,MBA,DES=+2000051,1999-02-02-17-04-39,2000-01-01-00-00-00
a0000069,69,Hesperia,Гесперия,138.13,2.46970524,1875.883881,MBA,DES=+2000069,1998-09-19-00-41-49,2000-01-01-00-00-00
a0000804,804,Hispania,Испания,137.952,2.440699246,1746.924322,MBA,DES=+2000804,1998-10-21-06-27-15,2000-01-01-00-00-00
a0000426,426,Hippo,Гиппон,137.562,2.587256524,1794.699275,MBA,DES=+2000426,1998-10-09-07-48-16,2000-01-01-00-00-00
a0000104,104,Klymene,Климена,136.553,2.64001414,2037.195853,MBA,DES=+2000104,1998-08-09-16-49-30,2000-01-01-00-00-00
a0000212,212,Medea,Медея,136.12,2.804330295,2016.849118,MBA,DES=+2000212,1998-08-14-18-54-20,2000-01-01-00-00-00
a0000020,20,Massalia,Массалия,135.68,2.067432083,1366.359573,MBA,DES=+2000020,1999-01-24-09-50-33,2000-01-01-00-00-00
a0000690,690,Wratislavia,Вратиславия,134.65,2.581472361,2040.471278,MBA,DES=+2000690,1998-08-08-21-10-21,2000-01-01-00-00-00
a0000469,469,Argentina,Аргентина,133.718,2.674865066,2071.070161,MBA,DES=+2000469,1998-08-01-05-34-45,2000-01-01-00-00-00
a0000034,34,Circe,Цирцея,132.992,2.402660387,1609.136459,MBA,DES=+2000034,1998-11-24-17-10-53,2000-01-01-00-00-00
a0000147,147,Protogeneia,Протогенея,132.93,3.06114424,2033.605377,MBA,DES=+2000147,1998-08-10-14-22-04,2000-01-01-00-00-00
a0000098,98,Ianthe,Ианта,132.788,2.185809371,1609.475034,MBA,DES=+2000098,1998-11-24-15-09-00,2000-01-01-00-00-00
a0000283,283,Emma,Эмма,132.385,2.609254228,1944.582043,MBA,DES=+2000283,1998-09-01-20-30-28,2000-01-01-00-00-00
a0000705,705,Erminia,Эрминия,132.261,2.777890483,1825.642748,MBA,DES=+2000705,1998-10-01-14-08-37,2000-01-01-00-00-00
a0000618,618,Elfriede,Эльфрида,131.292,2.967439601,2082.096556,MBA,DES=+2000618,1998-07-29-11-25-15,2000-01-01-00-00-00
a0000911,911,Agamemnon,Агамемнон,131.038,4.929177895,4428.387066,GRK,DES=+2000911,1996-12-19-21-40-41,2000-01-01-00-00-00
a0000247,247,Eukrate,Эвкрата,130.935,2.069159429,1657.20918,MBA,DES=+2000247,1998-11-12-16-44-42,2000-01-01-00-00-00
a0000171,171,Ophelia,Офелия,130.808,2.714941815,2021.575092,MBA,DES=+2000171,1998-08-13-14-32-59,2000-01-01-00-00-00
a0000588,588,Achilles,Ахиллес,130.099,4.445949716,4343.001538,GRK,DES=+2000588,1997-01-10-05-59-28,2000-01-01-00-00-00
a0000360,360,Carlova,Карлова,129.125,2.478360434,1905.241474,MBA,DES=+2000360,1998-09-11-16-33-05,2000-01-01-00-00-00
bK06C69H,500028,500028,500028,129.1,44.14196613,112727.4049,TNO,DES=+3485899,1990-01-01-00-00-00,2000-01-01-00-00-00
a0000350,350,Ornamenta,Орнамента,128.729,2.614808832,2003.992343,MBA,DES=+2000350,1998-08-18-00-02-46,2000-01-01-00-00-00
a0000137,137,Meliboea,Мелибея,128.678,2.461857095,2016.182316,MBA,DES=+2000137,1998-08-14-22-54-22,2000-01-01-00-00-00
a0000308,308,Polyxo,Поликсо,128.578,2.638064719,1665.28205,MBA,DES=+2000308,1998-11-10-16-18-28,2000-01-01-00-00-00
a0000200,200,Dynamene,Динамена,128.301,2.378813654,1656.833497,MBA,DES=+2000200,1998-11-12-18-59-57,2000-01-01-00-00-00
a0000070,70,Panopaea,Панопея,127.911,2.143930805,1545.369904,MBA,DES=+2000070,1998-12-10-15-46-51,2000-01-01-00-00-00
a0000145,145,Adeona,Адеона,127.783,2.288946903,1597.597408,MBA,DES=+2000145,1998-11-27-14-24-56,2000-01-01-00-00-00
a0000381,381,Myrrha,Мирра,127.639,2.934596369,2115.664905,OMB,DES=+2000381,1998-07-21-02-00-39,2000-01-01-00-00-00
a0000279,279,Thule,Туле,126.59,4.111493108,3238.03632,OMB,DES=+2000279,1997-10-13-11-46-56,2000-01-01-00-00-00
a0000772,772,Tanete,Танета,126.473,2.722007308,1897.156805,MBA,DES=+2000772,1998-09-13-17-03-34,2000-01-01-00-00-00
a0000092,92,Undina,Ундина,126.42,2.852720816,2076.888504,MBA,DES=+2000092,1998-07-30-18-40-09,2000-01-01-00-00-00
a0000111,111,Ate,Ата,126.344,2.326873456,1525.302781,MBA,DES=+2000111,1998-12-15-16-11-00,2000-01-01-00-00-00
a0003451,3451,Mentor,Ментор,126.288,4.785413621,4259.961531,TJN,DES=+2003451,1997-01-31-00-13-52,2000-01-01-00-00-00
a0000780,780,Armenia,Армения,126.263,2.80923156,2005.595147,MBA,DES=+2000780,1998-08-17-14-25-45,2000-01-01-00-00-00
a0000173,173,Ino,Ино,125.821,2.170739507,1659.576304,MBA,DES=+2000173,1998-11-12-02-32-32,2000-01-01-00-00-00
a0000388,388,Charybdis,Харибда,125.754,2.806589811,1901.239994,MBA,DES=+2000388,1998-09-12-16-33-37,2000-01-01-00-00-00
a0000159,159,Aemilia,Эмилия,125.236,2.770644681,1996.20762,MBA,DES=+2000159,1998-08-19-22-45-16,2000-01-01-00-00-00
a0000303,303,Josephina,Жозефина,124.923,2.935067843,2017.193416,MBA,DES=+2000303,1998-08-14-16-50-23,2000-01-01-00-00-00
a0000203,203,Pompeja,Помпея,124.592,2.577016652,1653.874564,MBA,DES=+2000203,1998-11-13-12-45-10,2000-01-01-00-00-00
a0000344,344,Desiderata,Дезидерата,124.181,1.783060201,1528.971856,MBA,DES=+2000344,1998-12-14-18-10-08,2000-01-01-00-00-00
a0000357,357,Ninina,Нинина,124.107,2.909334453,2041.834536,MBA,DES=+2000357,1998-08-08-12-59-35,2000-01-01-00-00-00
a0000227,227,Philosophia,Философия,123.891,2.559691717,2055.514577,MBA,DES=+2000227,1998-08-05-02-54-46,2000-01-01-00-00-00
a0000068,68,Leto,Лето,122.509,2.264813542,1695.793423,MBA,DES=+2000068,1998-11-03-01-14-23,2000-01-01-00-00-00
a0000127,127,Johanna,Жанна,122,2.571128915,1670.656552,MBA,DES=+2000127,1998-11-09-08-03-39,2000-01-01-00-00-00
a0000216,216,Kleopatra,Клеопатра,122,2.092789678,1705.630735,MBA,DES=+2000216,1998-10-31-14-12-57,2000-01-01-00-00-00
a0000694,694,Ekard,Экард,121.891,1.811052535,1595.305142,MBA,DES=+2000694,1998-11-28-04-10-09,2000-01-01-00-00-00
a0000481,481,Emita,Эмита,121.552,2.309111796,1657.091044,MBA,DES=+2000481,1998-11-12-17-27-14,2000-01-01-00-00-00
a0000056,56,Melete,Мелета,121.333,1.977742736,1527.535928,MBA,DES=+2000056,1998-12-15-02-47-04,2000-01-01-00-00-00
a0000250,250,Bettina,Беттина,120.995,2.718168427,2034.946062,MBA,DES=+2000250,1998-08-10-06-19-26,2000-01-01-00-00-00
a0000028,28,Bellona,Беллона,120.9,2.354230893,1689.167391,MBA,DES=+2000028,1998-11-04-16-59-45,2000-01-01-00-00-00
a0000078,78,Diana,Диана,120.6,2.07626073,1548.501284,MBA,DES=+2000078,1998-12-09-20-59-33,2000-01-01-00-00-00
a0000514,514,Armida,Армида,120.093,2.931845393,1946.640407,MBA,DES=+2000514,1998-09-01-08-09-28,2000-01-01-00-00-00
a0000150,150,Nuwa,Ньюва,119.128,2.615771065,1882.011064,MBA,DES=+2000150,1998-09-17-11-56-02,2000-01-01-00-00-00
a0000490,490,Veritas,Веритас,118.803,2.874576999,2063.380634,MBA,DES=+2000490,1998-08-03-03-42-59,2000-01-01-00-00-00
a0003317,3317,Paris,Париж,118.79,4.556492066,4357.593549,TJN,DES=+2003317,1997-01-06-14-26-21,2000-01-01-00-00-00
a0000074,74,Galatea,Галатея,118.71,2.125067704,1695.860796,MBA,DES=+2000074,1998-11-03-00-50-07,2000-01-01-00-00-00
a0001867,1867,Deiphobus,Дейфоб,118.22,4.899751338,4240.328735,TJN,DES=+2001867,1997-02-04-22-01-41,2000-01-01-00-00-00
a0001172,1172,Aneas,Эней,118.02,4.674157514,4354.717092,TJN,DES=+2001172,1997-01-07-07-41-52,2000-01-01-00-00-00
a0136204,136204,136204,136204,118,14.94801343,32841.01284,CEN,DES=+2136204,1990-01-01-00-00-00,2000-01-01-00-00-00
a0000141,141,Lumen,Люмен,117.916,2.091861334,1588.433378,MBA,DES=+2000141,1998-11-29-21-24-00,2000-01-01-00-00-00
a0001437,1437,Diomedes,Диомед,117.786,4.975294303,4333.055771,GRK,DES=+2001437,1997-01-12-17-39-57,2000-01-01-00-00-00
a0000081,81,Terpsichore,Терпсихора,117.727,2.252351689,1760.708375,MBA,DES=+2000081,1998-10-17-19-45-00,2000-01-01-00-00-00
a0000508,508,Princetonia,Принстония,117.241,3.1373414,2054.893161,MBA,DES=+2000508,1998-08-05-06-38-28,2000-01-01-00-00-00
a0000791,791,Ani,Ани,116.865,2.519697416,2016.986865,MBA,DES=+2000791,1998-08-14-18-04-44,2000-01-01-00-00-00
a0001093,1093,Freda,Фреда,116.73,2.279848776,2022.052394,MBA,DES=+2001093,1998-08-13-11-41-09,2000-01-01-00-00-00
a0000909,909,Ulla,Улла,116.44,3.224529642,2437.027346,OMB,DES=+2000909,1998-05-01-17-50-10,2000-01-01-00-00-00
a0000410,410,Chloris,Хлорида,116.245,2.063934893,1642.370881,MBA,DES=+2000410,1998-11-16-09-46-29,2000-01-01-00-00-00
a0000063,63,Ausonia,Аузониа,116.044,2.091437606,1354.172217,MBA,DES=+2000063,1999-01-27-10-58-00,2000-01-01-00-00-00
a0000090,90,Antiope,Антиопа,115.974,2.626754657,2041.918404,MBA,DES=+2000090,1998-08-08-12-29-23,2000-01-01-00-00-00
a0000181,181,Eucharis,Эвхарида,115.383,2.48090934,2018.32791,MBA,DES=+2000181,1998-08-14-10-01-58,2000-01-01-00-00-00
a0000036,36,Atalante,Аталанта,115.204,1.909300761,1662.817861,MBA,DES=+2000036,1998-11-11-07-05-35,2000-01-01-00-00-00
a0000012,12,Victoria,Виктория,115.087,1.820365279,1302.679692,MBA,DES=+2000012,1999-02-09-07-55-18,2000-01-01-00-00-00
a0000505,505,Cava,Кава,115,2.023786188,1605.346161,MBA,DES=+2000505,1998-11-25-15-55-23,2000-01-01-00-00-00
a0000276,276,Adelheid,Аделаида,114.723,2.906819846,2009.774907,MBA,DES=+2000276,1998-08-16-13-21-03,2000-01-01-00-00-00
bK06BS4R,500027,500027,500027,114.7,42.10763649,105496.9302,TNO,DES=+3569038,1990-01-01-00-00-00,2000-01-01-00-00-00
a0001143,1143,Odysseus,Одиссей,114.624,4.777080742,4391.349448,GRK,DES=+2001143,1996-12-29-03-54-13,2000-01-01-00-00-00
bK03Q90Y,500017,500017,500017,113.8,40.76212937,102468.7373,TNO,DES=+3160777,1990-01-01-00-00-00,2000-01-01-00-00-00
a0000751,751,Faina,Фаина,113.699,2.161329092,1487.788401,MBA,DES=+2000751,1998-12-25-01-16-11,2000-01-01-00-00-00
a0002241,2241,Alcathous,Алкафой,113.682,4.831606923,4306.045,TJN,DES=+2002241,1997-01-19-11-43-49,2000-01-01-00-00-00
a0000129,129,Antigone,Антигона,113,2.260348003,1774.601243,MBA,DES=+2000129,1998-10-14-08-23-34,2000-01-01-00-00-00
a0000206,206,Hersilia,Герсилия,113,2.636476055,1657.680852,MBA,DES=+2000206,1998-11-12-13-54-54,2000-01-01-00-00-00
a0000712,712,Boliviana,Боливиана,112.818,2.092962904,1508.760674,MBA,DES=+2000712,1998-12-19-19-26-10,2000-01-01-00-00-00
bK10W09G,500035,500035,500035,112.7,18.74676259,140933.0426,TNO,DES=+3554395,1990-01-01-00-00-00,2000-01-01-00-00-00
a0000545,545,Messalina,Мессалина,112.631,2.65962271,2093.789756,OMB,DES=+2000545,1998-07-26-13-15-42,2000-01-01-00-00-00
a0000057,57,Mnemosyne,Мнемозина,112.59,2.793651483,2043.215952,MBA,DES=+2000057,1998-08-08-04-42-16,2000-01-01-00-00-00
a0000046,46,Hestia,Гестия,112.414,2.091347227,1466.202264,MBA,DES=+2000046,1998-12-30-10-47-12,2000-01-01-00-00-00
a0000105,105,Artemis,Артемида,112.326,1.952835466,1335.970357,MBA,DES=+2000105,1999-02-01-00-10-40,2000-01-01-00-00-00
a0000659,659,Nestor,Нестор,112.32,4.55805305,4288.951667,GRK,DES=+2000659,1997-01-23-18-17-25,2000-01-01-00-00-00
a0003793,3793,Leonteus,Леонтей,112.046,4.752343359,4352.199623,GRK,DES=+2003793,1997-01-07-22-48-10,2000-01-01-00-00-00
a0000517,517,Edith,Эдит,111.89,2.59905786,2055.936142,MBA,DES=+2000517,1998-08-05-00-23-00,2000-01-01-00-00-00
a0003063,3063,Makhaon,Махаон,111.655,4.906668604,4344.880834,GRK,DES=+2003063,1997-01-09-18-42-55,2000-01-01-00-00-00
a0000230,230,Athamantis,Афаманта,111.332,2.235592042,1343.055514,MBA,DES=+2000230,1999-01-30-05-40-00,2000-01-01-00-00-00
a0000788,788,Hohensteina,Гогенштейна,111.295,2.706950759,2017.706136,MBA,DES=+2000788,1998-08-14-13-45-48,2000-01-01-00-00-00
a0000040,40,Harmonia,Гармония,111.251,2.160637577,1246.942831,MBA,DES=+2000040,1999-02-23-06-20-34,2000-01-01-00-00-00
a0000042,42,Isis,Изида,110.997,1.897635441,1393.598983,MBA,DES=+2000042,1999-01-17-14-24-21,2000-01-01-00-00-00
a0000083,83,Beatrix,Беатрис,110.503,2.234034244,1385.573603,MBA,DES=+2000083,1999-01-19-14-33-30,2000-01-01-00-00-00
a0000602,602,Marianna,Марианна,110.444,2.31378985,1979.303405,MBA,DES=+2000602,1998-08-24-04-10-47,2000-01-01-00-00-00
a0310071,310071,310071,310071,110.06,13.03062378,60426.06317,TNO,DES=+2310071,1990-01-01-00-00-00,2000-01-01-00-00-00
a0000086,86,Semele,Семела,109.929,2.439151219,2000.053931,MBA,DES=+2000086,1998-08-18-23-40-36,2000-01-01-00-00-00
a0000140,140,Siwa,Жива,109.79,2.148689325,1651.139865,MBA,DES=+2000140,1998-11-14-05-09-39,2000-01-01-00-00-00
a0000895,895,Helio,Гелио,109.568,2.737229302,2092.654384,OMB,DES=+2000895,1998-07-26-20-04-26,2000-01-01-00-00-00
a0000266,266,Aline,Алина,109.494,2.375190423,1718.026341,MBA,DES=+2000266,1998-10-28-11-50-32,2000-01-01-00-00-00
a0000405,405,Thia,Тейя,108.894,1.95841947,1518.487072,MBA,DES=+2000405,1998-12-17-09-04-40,2000-01-01-00-00-00
a0001583,1583,Antilochus,Антилох,108.842,4.864976538,4247.014329,GRK,DES=+2001583,1997-02-03-05-54-52,2000-01-01-00-00-00
a0000037,37,Fides,Фидес,108.35,2.178284741,1568.799703,MBA,DES=+2000037,1998-12-04-19-12-07,2000-01-01-00-00-00
a0000786,786,Bredichina,Бредихина,108.309,2.668117066,2068.351333,MBA,DES=+2000786,1998-08-01-21-53-32,2000-01-01-00-00-00
a0000134,134,Sophrosyne,Софросина,108,2.264013186,1498.504931,MBA,DES=+2000134,1998-12-22-08-58-14,2000-01-01-00-00-00
a0000663,663,Gerlinde,Герлинда,107.795,2.621714968,1963.337615,MBA,DES=+2000663,1998-08-28-03-58-28,2000-01-01-00-00-00
a0000023,23,Thalia,Талия,107.53,2.008690054,1554.039208,MBA,DES=+2000023,1998-12-08-11-45-54,2000-01-01-00-00-00
a0000521,521,Brixia,Бриксия,107.227,1.968765944,1657.138914,MBA,DES=+2000521,1998-11-12-17-10-00,2000-01-01-00-00-00
a0000176,176,Iduna,Идуна,106.976,2.638372271,2072.306901,MBA,DES=+2000176,1998-07-31-22-09-31,2000-01-01-00-00-00
a0000062,62,Erato,Эрато,106.921,2.609529419,2027.901246,MBA,DES=+2000062,1998-08-12-00-35-34,2000-01-01-00-00-00
a0000005,5,Astraea,Астрея,106.699,2.08232405,1508.600458,MBA,DES=+2000005,1998-12-19-20-23-51,2000-01-01-00-00-00
a0000058,58,Concordia,Конкордия,106.517,2.584560092,1620.549688,MBA,DES=+2000058,1998-11-21-20-42-07,2000-01-01-00-00-00
a0000506,506,Marion,Марион,105.94,2.591657054,1936.303434,MBA,DES=+2000506,1998-09-03-22-10-46,2000-01-01-00-00-00
a0000229,229,Adelinda,Аделинда,105.912,2.944609442,2310.80335,OMB,DES=+2000229,1998-06-02-07-10-48,2000-01-01-00-00-00
a0001269,1269,Rollandia,Ролландия,104.893,3.513640344,2815.655111,OMB,DES=+2001269,1998-01-27-02-04-10,2000-01-01-00-00-00
a0000739,739,Mandeville,Мандевиль,104.517,2.342806821,1653.623025,MBA,DES=+2000739,1998-11-13-14-15-43,2000-01-01-00-00-00
bJ99O04J,500002,500002,500002,103.95,37.20017072,85920.71637,TNO,DES=+3031899,1990-01-01-00-00-00,2000-01-01-00-00-00
a0000748,748,Simeisa,Симеиза,103.725,3.204151909,2862.301165,OMB,DES=+2000748,1998-01-15-10-11-35,2000-01-01-00-00-00
a0000091,91,Aegina,Эгина,103.402,2.318282613,1524.429029,MBA,DES=+2000091,1998-12-15-21-25-33,2000-01-01-00-00-00
a0000035,35,Leukothea,Левкофея,103.055,2.318644665,1892.307675,MBA,DES=+2000035,1998-09-14-22-09-15,2000-01-01-00-00-00
a0000275,275,Sapientia,Сапиенция,103,2.315671305,1683.643705,MBA,DES=+2000275,1998-11-06-02-08-16,2000-01-01-00-00-00
a0000424,424,Gratia,Грация,102.565,2.477611836,1689.91057,MBA,DES=+2000424,1998-11-04-12-32-12,2000-01-01-00-00-00
a0000814,814,Tauris,Таврида,102.229,2.184658658,2045.343421,MBA,DES=+2000814,1998-08-07-15-56-23,2000-01-01-00-00-00
a0000431,431,Nephele,Нефела,101.9,2.605659903,2032.063089,MBA,DES=+2000431,1998-08-10-23-37-18,2000-01-01-00-00-00
a0000260,260,Huberta,Губерта,101.539,3.065701898,2344.764528,OMB,DES=+2000260,1998-05-24-19-24-47,2000-01-01-00-00-00
a0000522,522,Helga,Хельга,101.22,3.311636327,2518.760042,OMB,DES=+2000522,1998-04-11-07-26-24,2000-01-01-00-00-00
a0000884,884,Priamus,Приам,101.093,4.546078964,4308.380792,TJN,DES=+2000884,1997-01-18-21-42-56,2000-01-01-00-00-00
bK05ET9B,500024,500024,500024,101,25.47629701,138569.8859,TNO,DES=+3277438,1990-01-01-00-00-00,2000-01-01-00-00-00
a0055576,55576,Amycus,Амик,100.9,15.25418229,46255.72328,CEN,DES=+2055576,1990-01-01-00-00-00,2000-01-01-00-00-00
a0000494,494,Virtus,Виртус,100.786,2.793494191,1885.05951,MBA,DES=+2000494,1998-09-16-17-38-35,2000-01-01-00-00-00
a0001021,1021,Flammario,Фламмарион,100.765,1.955194776,1653.253921,MBA,DES=+2001021,1998-11-13-16-28-36,2000-01-01-00-00-00
a0000097,97,Klotho,Клото,100.717,1.982322113,1592.197366,MBA,DES=+2000097,1998-11-28-22-48-57,2000-01-01-00-00-00
a0000387,387,Aquitania,Аквитания,100.51,2.096794513,1657.667207,MBA,DES=+2000387,1998-11-12-13-59-49,2000-01-01-00-00-00
a0001208,1208,Troilus,Троил,100.477,4.772450237,4396.686253,TJN,DES=+2001208,1996-12-27-19-52-58,2000-01-01-00-00-00
a0000164,164,Eva,Ева,100.254,1.720352401,1559.889474,MBA,DES=+2000164,1998-12-07-00-39-48,2000-01-01-00-00-00
a0000233,233,Asterope,Астеропа,99.672,2.39678524,1584.613807,MBA,DES=+2000233,1998-11-30-20-19-02,2000-01-01-00-00-00
a0001173,1173,Anchises,Анхис,99.549,4.561368472,4447.178067,TJN,DES=+2001173,1996-12-15-04-55-55,2000-01-01-00-00-00
a0000192,192,Nausikaa,Навсикая,98.776,1.814239666,1360.681029,MBA,DES=+2000192,1999-01-25-19-54-49,2000-01-01-00-00-00
a0000373,373,Melusina,Мелюзина,98.695,2.68987691,2014.126081,MBA,DES=+2000373,1998-08-15-11-14-37,2000-01-01-00-00-00
a0000733,733,Mocia,Моция,98.493,3.198882328,2288.760764,OMB,DES=+2000733,1998-06-07-19-26-08,2000-01-01-00-00-00
a0000362,362,Havnia,Гафния,98,2.46579547,1512.152749,MBA,DES=+2000362,1998-12-18-23-05-01,2000-01-01-00-00-00
a0000713,713,Luscinia,Люсциния,97.968,2.870720963,2293.57161,OMB,DES=+2000713,1998-06-06-14-34-14,2000-01-01-00-00-00
a0000148,148,Gallia,Галлия,97.75,2.253095502,1685.283152,MBA,DES=+2000148,1998-11-05-16-18-04,2000-01-01-00-00-00
a0002207,2207,Antenor,Антенор,97.658,5.067414673,4269.260415,TJN,DES=+2002207,1997-01-28-16-26-17,2000-01-01-00-00-00
a0000335,335,Roberta,Роберта,97.109,2.04724571,1422.065734,MBA,DES=+2000335,1999-01-10-11-36-20,2000-01-01-00-00-00
a0000162,162,Laurentia,Лаврентия,97.021,2.471434251,1913.868613,MBA,DES=+2000162,1998-09-09-12-47-18,2000-01-01-00-00-00
a0000363,363,Padua,Падуя,97,2.552774781,1663.833183,MBA,DES=+2000363,1998-11-11-01-00-04,2000-01-01-00-00-00
a0001180,1180,Rita,Рита,97,3.365694531,2917.6805,OMB,DES=+2001180,1998-01-01-13-55-02,2000-01-01-00-00-00
a0000393,393,Lampetia,Лампеция,96.89,1.860944836,1692.213059,MBA,DES=+2000393,1998-11-03-22-43-18,2000-01-01-00-00-00
a0000345,345,Tercidina,Терцидина,96.865,2.183413539,1295.377405,MBA,DES=+2000345,1999-02-11-03-44-08,2000-01-01-00-00-00
a0000769,769,Tatjana,Татьяна,96.72,2.576137335,2059.074934,MBA,DES=+2000769,1998-08-04-05-33-02,2000-01-01-00-00-00
a0001268,1268,Libya,Ливия,96.708,3.568828115,2893.66104,OMB,DES=+2001268,1998-01-07-14-02-02,2000-01-01-00-00-00
a0000674,674,Rachele,Рашель,96.171,2.35132308,1824.903811,MBA,DES=+2000674,1998-10-01-18-34-38,2000-01-01-00-00-00
a0000412,412,Elisabetha,Элизабета,96.056,2.645150007,1677.703457,MBA,DES=+2000412,1998-11-07-13-46-46,2000-01-01-00-00-00
a0000027,27,Euterpe,Эвтерпа,96,1.940161513,1313.030784,MBA,DES=+2000027,1999-02-06-17-48-55,2000-01-01-00-00-00
a0002363,2363,Cebriones,Кебрион,95.976,5.018394987,4347.700069,TJN,DES=+2002363,1997-01-09-01-48-00,2000-01-01-00-00-00
a0000225,225,Henrietta,Генриетта,95.934,2.497283403,2283.357893,OMB,DES=+2000225,1998-06-09-03-51-10,2000-01-01-00-00-00
a0000554,554,Peraga,Перага,95.87,2.010380779,1336.39713,MBA,DES=+2000554,1999-01-31-21-37-01,2000-01-01-00-00-00
a0001390,1390,Abastumani,Абастумани,95.849,3.316667655,2328.700111,OMB,DES=+2001390,1998-05-28-19-47-58,2000-01-01-00-00-00
a0000021,21,Lutetia,Лютеция,95.76,2.037192835,1387.828062,MBA,DES=+2000021,1999-01-19-01-01-53,2000-01-01-00-00-00
a0004063,4063,Euforbo,Эвфорбо,95.619,4.572995242,4312.93164,GRK,DES=+2004063,1997-01-17-18-24-38,2000-01-01-00-00-00
a0000466,466,Tisiphone,Тисифона,95.495,3.044098033,2241.795321,OMB,DES=+2000466,1998-06-19-13-13-42,2000-01-01-00-00-00
a0000221,221,Eos,Эос,95.469,2.696989155,1908.347751,MBA,DES=+2000221,1998-09-10-21-54-49,2000-01-01-00-00-00
a0000143,143,Adria,Адрия,95.377,2.554969851,1675.121684,MBA,DES=+2000143,1998-11-08-05-16-12,2000-01-01-00-00-00
a0000586,586,Thekla,Фёкла,95.203,2.858157169,1941.407999,MBA,DES=+2000586,1998-09-02-15-33-08,2000-01-01-00-00-00
a0000709,709,Fringilla,Фрингилла,95.173,2.588045211,1818.693109,MBA,DES=+2000709,1998-10-03-07-50-29,2000-01-01-00-00-00
a0000407,407,Arachne,Арахна,95.07,2.442097497,1553.531863,MBA,DES=+2000407,1998-12-08-14-48-32,2000-01-01-00-00-00
a0000404,404,Arsinoe,Арсиноя,94.97,2.07888697,1526.204711,MBA,DES=+2000404,1998-12-15-10-46-19,2000-01-01-00-00-00
a0000026,26,Proserpina,Прозерпина,94.8,2.41505659,1579.541417,MBA,DES=+2000026,1998-12-02-02-45-06,2000-01-01-00-00-00
a0002357,2357,Phereclos,Ферекл,94.625,4.973786726,4345.800316,TJN,DES=+2002357,1997-01-09-13-11-55,2000-01-01-00-00-00
a0000191,191,Kolga,Колга,94.536,2.630910422,1798.012864,MBA,DES=+2000191,1998-10-08-11-55-23,2000-01-01-00-00-00
a0000175,175,Andromache,Андромаха,94.532,2.440978295,2073.9876,MBA,DES=+2000175,1998-07-31-12-04-28,2000-01-01-00-00-00
a0000754,754,Malabar,Малабар,94.522,2.840734989,1886.685252,MBA,DES=+2000754,1998-09-16-07-53-19,2000-01-01-00-00-00
a0000635,635,Vundtia,Вундция,94.415,2.899092117,2034.342417,MBA,DES=+2000635,1998-08-10-09-56-44,2000-01-01-00-00-00
a0000286,286,Iclea,Иклея,94.3,3.105395948,2086.525985,MBA,DES=+2000286,1998-07-28-08-50-39,2000-01-01-00-00-00
a0000114,114,Kassandra,Кассандра,94.178,2.315994365,1601.226047,MBA,DES=+2000114,1998-11-26-16-38-38,2000-01-01-00-00-00
a0000589,589,Croatia,Хорватия,93.617,3.011079705,2026.308419,MBA,DES=+2000589,1998-08-12-10-08-59,2000-01-01-00-00-00
a0000567,567,Eleutheria,Элевтерия,93.41,2.851305215,2027.452607,MBA,DES=+2000567,1998-08-12-03-17-04,2000-01-01-00-00-00
a0000195,195,Eurykleia,Эвриклея,93.109,2.752297126,1783.205909,MBA,DES=+2000195,1998-10-12-04-45-53,2000-01-01-00-00-00
a0000326,326,Tamara,Тамара,93,1.876068171,1288.359099,MBA,DES=+2000326,1999-02-12-21-50-43,2000-01-01-00-00-00
a0000030,30,Urania,Урания,92.787,2.063770115,1328.931882,MBA,DES=+2000030,1999-02-02-18-24-31,2000-01-01-00-00-00
a0000038,38,Leda,Леда,92.255,2.314887275,1656.130923,MBA,DES=+2000038,1998-11-12-23-12-53,2000-01-01-00-00-00
a0000978,978,Aidamina,Айдамина,92.105,2.456516846,2092.755403,OMB,DES=+2000978,1998-07-26-19-28-04,2000-01-01-00-00-00
a0001177,1177,Gonnessia,Гоннессия,91.98,3.245776234,2239.246327,OMB,DES=+2001177,1998-06-20-04-31-20,2000-01-01-00-00-00
a0000528,528,Rezia,Реция,91.966,3.322912197,2283.55934,OMB,DES=+2000528,1998-06-09-02-38-39,2000-01-01-00-00-00
a0000773,773,Irmintraud,Ирминтрауд,91.672,2.632944452,1764.794826,MBA,DES=+2000773,1998-10-16-19-13-52,2000-01-01-00-00-00
a0000957,957,Camelia,Камелия,91.548,2.683264976,1823.257718,MBA,DES=+2000957,1998-10-02-04-27-14,2000-01-01-00-00-00
a0004709,4709,Ennomos,Энном,91.433,5.141579654,4393.843171,TJN,DES=+2004709,1996-12-28-12-56-29,2000-01-01-00-00-00
a0000491,491,Carina,Карина,91.176,2.911243997,2080.566446,MBA,DES=+2000491,1998-07-29-20-36-05,2000-01-01-00-00-00
a0000740,740,Cantabia,Cantabia,90.9,2.717059895,1947.855484,MBA,DES=+2000740,1998-09-01-00-52-02,2000-01-01-00-00-00
a0000053,53,Kalypso,Калипсо,90.893,2.078849886,1546.135853,MBA,DES=+2000053,1998-12-10-11-11-06,2000-01-01-00-00-00
a0000595,595,Polyxena,Поликсена,90.647,3.006374468,2099.696272,OMB,DES=+2000595,1998-07-25-01-49-21,2000-01-01-00-00-00
a0000377,377,Campania,Кампания,90.346,2.479666174,1610.838717,MBA,DES=+2000377,1998-11-24-06-58-04,2000-01-01-00-00-00
a0000358,358,Apollonia,Аполлония,90.116,2.436831681,1782.176308,MBA,DES=+2000358,1998-10-12-10-56-32,2000-01-01-00-00-00
a0002797,2797,Teucer,Тьюцер,89.43,4.65877992,4213.678516,GRK,DES=+2002797,1997-02-11-13-55-46,2000-01-01-00-00-00
a0001467,1467,Mashona,Машона,89.16,2.949704941,2274.220527,OMB,DES=+2001467,1998-06-11-10-40-37,2000-01-01-00-00-00
a0000758,758,Mancunia,Манкуния,88.985,2.708634535,2079.712916,MBA,DES=+2000758,1998-07-30-01-43-22,2000-01-01-00-00-00
a0000455,455,Bruchsalia,Брухзалия,88.792,1.875016089,1581.567254,MBA,DES=+2000455,1998-12-01-14-35-48,2000-01-01-00-00-00
a0000414,414,Liriope,Лириопа,88.76,3.253208481,2399.220064,OMB,DES=+2000414,1998-05-11-04-40-47,2000-01-01-00-00-00
a0000552,552,Sigelinde,Зигелинда,88.697,2.869250626,2042.832624,MBA,DES=+2000552,1998-08-08-07-00-16,2000-01-01-00-00-00
a0000952,952,Caia,Гаия,88.692,2.262875364,1889.693559,MBA,DES=+2000952,1998-09-15-13-50-20,2000-01-01-00-00-00
a0000124,124,Alkeste,Алькеста,88.648,2.432171576,1558.562955,MBA,DES=+2000124,1998-12-07-08-37-21,2000-01-01-00-00-00
a0002920,2920,Automedon,Автомедон,88.574,4.972608918,4216.880595,GRK,DES=+2002920,1997-02-10-18-43-01,2000-01-01-00-00-00
a0001028,1028,Lydina,Лидина,88.526,3.045240724,2295.870105,OMB,DES=+2001028,1998-06-06-00-46-46,2000-01-01-00-00-00
a0000240,240,Vanadis,Ванадида,87.928,2.110849383,1587.973824,MBA,DES=+2000240,1998-11-30-00-09-26,2000-01-01-00-00-00
a0000445,445,Edna,Эдна,87.812,2.56866143,2088.27154,MBA,DES=+2000445,1998-07-27-22-22-15,2000-01-01-00-00-00
a0000401,401,Ottilia,Оттилия,87.803,3.236740806,2233.529202,OMB,DES=+2000401,1998-06-21-14-49-30,2000-01-01-00-00-00
a0015436,15436,15436,15436,87.646,4.98140212,4343.638628,GRK,DES=+2015436,1997-01-10-02-10-07,2000-01-01-00-00-00
a0000570,570,Kythera,Китера,87.486,3.01613549,2311.918231,OMB,DES=+2000570,1998-06-02-00-29-27,2000-01-01-00-00-00
a0003596,3596,Meriones,Мерион,87.38,4.793446647,4295.594219,GRK,DES=+2003596,1997-01-22-02-26-06,2000-01-01-00-00-00
a0002893,2893,Peiroos,Перой,86.884,4.750825879,4265.603238,TJN,DES=+2002893,1997-01-29-14-22-52,2000-01-01-00-00-00
a0000886,886,Washingtonia,Вашингтония,86.793,2.313577524,2061.435935,MBA,DES=+2000886,1998-08-03-15-23-04,2000-01-01-00-00-00
a0000365,365,Corduba,Кордуба,86.773,2.360943378,1712.783303,MBA,DES=+2000365,1998-10-29-19-18-01,2000-01-01-00-00-00
a0000210,210,Isabella,Изабелла,86.65,2.385520881,1640.384258,MBA,DES=+2000210,1998-11-16-21-41-41,2000-01-01-00-00-00
a0032532,32532,Thereus,Терей,86.5,8.499515056,12642.9916,CEN,DES=+2032532,1991-05-07-06-03-07,2000-01-01-00-00-00
a0000346,346,Hermentaria,Герментария,86.447,2.511461534,1708.104134,MBA,DES=+2000346,1998-10-30-23-22-31,2000-01-01-00-00-00
a0000366,366,Vincentina,Винчентина,86.368,2.96957058,2037.910363,MBA,DES=+2000366,1998-08-09-12-32-17,2000-01-01-00-00-00
a0000202,202,Chryseis,Хрисеида,86.15,2.749449411,1963.200218,MBA,DES=+2000202,1998-08-28-04-47-56,2000-01-01-00-00-00
a0000110,110,Lydia,Лидия,86.09,2.508961074,1648.869267,MBA,DES=+2000110,1998-11-14-18-47-04,2000-01-01-00-00-00
a0000893,893,Leopoldina,Леопольдина,85.992,2.595931579,1946.106056,MBA,DES=+2000893,1998-09-01-11-21-50,2000-01-01-00-00-00
a0000061,61,Danae,Даная,85.937,2.490078866,1884.242361,MBA,DES=+2000061,1998-09-16-22-32-46,2000-01-01-00-00-00
a0000201,201,Penelope,Пенелопа,85.877,2.198112046,1602.349364,MBA,DES=+2000201,1998-11-26-09-54-14,2000-01-01-00-00-00
a0000385,385,Ilmatar,Ильматар,85.837,2.502030521,1757.295791,MBA,DES=+2000385,1998-10-18-16-13-31,2000-01-01-00-00-00
a0000100,100,Hekate,Геката,85.734,2.564902083,1981.358865,MBA,DES=+2000100,1998-08-23-15-50-49,2000-01-01-00-00-00
a0000449,449,Hamburga,Гамбурга,85.59,2.110271164,1488.214584,MBA,DES=+2000449,1998-12-24-22-42-45,2000-01-01-00-00-00
a0000579,579,Sidonia,Сидония,85.57,2.777486779,1909.547808,MBA,DES=+2000579,1998-09-10-14-42-48,2000-01-01-00-00-00
a0004086,4086,Podalirius,Подалирий,85.495,4.625402393,4407.599648,GRK,DES=+2004086,1996-12-25-02-24-09,2000-01-01-00-00-00
a0000924,924,Toni,Тони,85.49,2.489897565,1842.628127,MBA,DES=+2000924,1998-09-27-08-13-53,2000-01-01-00-00-00
a0000416,416,Vaticana,Ватикана,85.47,2.182600024,1703.737396,MBA,DES=+2000416,1998-11-01-01-34-33,2000-01-01-00-00-00
a0000795,795,Fini,Фини,85.263,2.465816643,1664.015732,MBA,DES=+2000795,1998-11-10-23-54-21,2000-01-01-00-00-00
a0000447,447,Valentine,Валентин,85.224,2.853710797,1884.950295,MBA,DES=+2000447,1998-09-16-18-17-54,2000-01-01-00-00-00
a0000664,664,Judith,Юдифь,85.214,2.458776668,2086.931101,MBA,DES=+2000664,1998-07-28-06-24-49,2000-01-01-00-00-00
a0000318,318,Magdalena,Магдалена,85,2.924816072,2086.360082,MBA,DES=+2000318,1998-07-28-09-50-23,2000-01-01-00-00-00
a0000017,17,Thetis,Фетида,84.899,2.141718882,1418.199189,MBA,DES=+2000017,1999-01-11-10-48-17,2000-01-01-00-00-00
a0000530,530,Turandot,Турандот,84.85,2.487375824,2077.693212,MBA,DES=+2000530,1998-07-30-13-50-27,2000-01-01-00-00-00
a0000055,55,Pandora,Пандора,84.794,2.365264759,1674.646127,MBA,DES=+2000055,1998-11-08-08-07-24,2000-01-01-00-00-00
a0000379,379,Huenna,Гуенна,84.787,2.576273181,2035.608249,MBA,DES=+2000379,1998-08-10-02-21-02,2000-01-01-00-00-00
a0000050,50,Virginia,Виргиния,84.074,1.891277142,1574.601517,MBA,DES=+2000050,1998-12-03-08-23-28,2000-01-01-00-00-00
a0004060,4060,Deipylos,Дипил,84.043,4.442575438,4392.28783,GRK,DES=+2004060,1996-12-28-22-16-24,2000-01-01-00-00-00
a0001404,1404,Ajax,Аякс,83.99,4.692960807,4455.461782,GRK,DES=+2001404,1996-12-13-03-13-47,2000-01-01-00-00-00
a0000680,680,Genoveva,Геновева,83.92,2.219613566,2037.385212,MBA,DES=+2000680,1998-08-09-15-41-20,2000-01-01-00-00-00
a0000103,103,Hera,Гера,83.908,2.487688878,1621.973143,MBA,DES=+2000103,1998-11-21-12-09-41,2000-01-01-00-00-00
a0000415,415,Palatia,Палатия,83.56,1.960847319,1710.191574,MBA,DES=+2000415,1998-10-30-10-51-03,2000-01-01-00-00-00
a0001902,1902,Shaposhnikov,Шапошников,83.443,3.087585519,2886.724002,OMB,DES=+2001902,1998-01-09-07-39-22,2000-01-01-00-00-00
a0000071,71,Niobe,Ниобе,83.42,2.278762023,1671.638658,MBA,DES=+2000071,1998-11-09-02-10-05,2000-01-01-00-00-00
a0000976,976,Benjamina,Бенджамина,83.195,2.874032875,2089.650103,MBA,DES=+2000976,1998-07-27-14-05-58,2000-01-01-00-00-00
a0000806,806,Gyldenia,Гульдения,83.103,2.967868084,2101.657959,OMB,DES=+2000806,1998-07-24-14-03-09,2000-01-01-00-00-00
a0000683,683,Lanzia,Ланция,83.04,2.934939391,2008.45963,MBA,DES=+2000683,1998-08-16-21-14-32,2000-01-01-00-00-00
a0000667,667,Denise,Дениз,82.986,2.577157316,2074.892817,MBA,DES=+2000667,1998-07-31-06-38-36,2000-01-01-00-00-00
a0000348,348,May,Мэй,82.82,2.759203449,1867.651677,MBA,DES=+2000348,1998-09-21-02-05-24,2000-01-01-00-00-00
bK03T58J,500018,500018,500018,82.8,40.49594575,107158.6291,TNO,DES=+3330211,1990-01-01-00-00-00,2000-01-01-00-00-00
a0000912,912,Maritima,Маритима,82.675,2.586812858,2029.853037,MBA,DES=+2000912,1998-08-11-12-52-55,2000-01-01-00-00-00
a0000907,907,Rhoda,Рода,82.66,2.352557693,1714.185942,MBA,DES=+2000907,1998-10-29-10-53-04,2000-01-01-00-00-00
a0000102,102,Miriam,Мириам,82.595,1.991346501,1586.699286,MBA,DES=+2000102,1998-11-30-07-48-16,2000-01-01-00-00-00
a0000109,109,Felicitas,Фелица,82.588,1.890247234,1616.94806,MBA,DES=+2000109,1998-11-22-18-18-42,2000-01-01-00-00-00
a0001015,1015,Christa,Криста,82.35,2.924355645,2095.468888,OMB,DES=+2001015,1998-07-26-03-11-13,2000-01-01-00-00-00
a0001171,1171,Rusthawelia,Руставелия,82.229,2.56279445,2069.38309,MBA,DES=+2001171,1998-08-01-15-42-06,2000-01-01-00-00-00
a0000693,693,Zerbinetta,Зербинетта,82.114,2.851048775,1846.865558,MBA,DES=+2000693,1998-09-26-06-48-24,2000-01-01-00-00-00
a0000213,213,Lilaea,Лилея,82.096,2.353959906,1667.986104,MBA,DES=+2000213,1998-11-10-00-05-01,2000-01-01-00-00-00
a0004348,4348,Poulydamas,Полидамас,82.032,4.733583823,4382.338377,TJN,DES=+2004348,1996-12-31-09-58-13,2000-01-01-00-00-00
a0120061,120061,120061,120061,82,10.96714449,34802.01098,CEN,DES=+2120061,1990-01-01-00-00-00,2000-01-01-00-00-00
a0000498,498,Tokio,Токио,81.83,2.061897177,1577.475346,MBA,DES=+2000498,1998-12-02-15-08-53,2000-01-01-00-00-00
a0000454,454,Mathesis,Матезис,81.743,2.340282264,1555.806375,MBA,DES=+2000454,1998-12-08-01-09-43,2000-01-01-00-00-00
a0001303,1303,Luthera,Лютера,81.685,2.892063554,2119.689323,OMB,DES=+2001303,1998-07-20-01-51-51,2000-01-01-00-00-00
a0000503,503,Evelyn,Эвелин,81.68,2.242955681,1641.365478,MBA,DES=+2000503,1998-11-16-15-48-26,2000-01-01-00-00-00
a0000696,696,Leonora,Леонора,81.58,2.375061336,2060.471779,MBA,DES=+2000696,1998-08-03-21-10-10,2000-01-01-00-00-00
a0000613,613,Ginevra,Гвиневра,81.344,2.753256506,1824.471712,MBA,DES=+2000613,1998-10-01-21-10-12,2000-01-01-00-00-00
a0000160,160,Una,Уна,81.24,2.545043161,1645.513138,MBA,DES=+2000160,1998-11-15-14-55-17,2000-01-01-00-00-00
a0000551,551,Ortrud,Ортруд,81.113,2.605332124,1867.435369,MBA,DES=+2000551,1998-09-21-03-23-17,2000-01-01-00-00-00
a0000329,329,Svea,Свея,81.057,2.416291296,1423.916711,MBA,DES=+2000329,1999-01-10-00-29-59,2000-01-01-00-00-00
a0005144,5144,Achates,Ахат,80.958,3.778017052,4326.768703,TJN,DES=+2005144,1997-01-14-07-23-18,2000-01-01-00-00-00
a0000850,850,Altona,Альтона,80.9,2.624561337,1898.380316,MBA,DES=+2000850,1998-09-13-09-43-06,2000-01-01-00-00-00
a0000032,32,Pomona,Помона,80.76,2.379093949,1521.152076,MBA,DES=+2000032,1998-12-16-17-05-16,2000-01-01-00-00-00
a0000849,849,Ara,Ара,80.756,2.514654952,2037.783433,MBA,DES=+2000849,1998-08-09-13-17-58,2000-01-01-00-00-00
a0000478,478,Tergeste,Тергеста,80.738,2.766266696,1913.323307,MBA,DES=+2000478,1998-09-09-16-03-37,2000-01-01-00-00-00
a0000779,779,Nina,Нина,80.572,2.056747294,1587.265823,MBA,DES=+2000779,1998-11-30-04-24-19,2000-01-01-00-00-00
a0004833,4833,Meges,Мегес,80.165,4.751983668,4381.173687,GRK,DES=+2004833,1996-12-31-16-57-30,2000-01-01-00-00-00
a0000697,697,Galilea,Галилея,80.14,2.434897715,1787.680989,MBA,DES=+2000697,1998-10-11-01-54-51,2000-01-01-00-00-00
a0000940,940,Kordula,Кордула,79.852,2.793905634,2254.645056,OMB,DES=+2000940,1998-06-16-08-07-47,2000-01-01-00-00-00
a0000115,115,Thyra,Тира,79.83,1.920078845,1340.755442,MBA,DES=+2000115,1999-01-30-19-28-02,2000-01-01-00-00-00
a0000559,559,Nanon,Нанон,79.82,2.533327215,1631.047267,MBA,DES=+2000559,1998-11-19-05-43-00,2000-01-01-00-00-00
a0000223,223,Rosa,Роза,79.806,2.741973602,1994.693709,MBA,DES=+2000223,1998-08-20-07-50-16,2000-01-01-00-00-00
a0001754,1754,Cunningham,Каннингем,79.52,3.27329384,2859.893404,OMB,DES=+2001754,1998-01-16-00-38-23,2000-01-01-00-00-00
a0000691,691,Lehigh,Лихай,79.451,2.641791068,1909.060639,MBA,DES=+2000691,1998-09-10-17-38-11,2000-01-01-00-00-00
a0000535,535,Montague,Монтегю,79.299,2.507999046,1503.931158,MBA,DES=+2000535,1998-12-21-00-24-47,2000-01-01-00-00-00
a0000135,135,Hertha,Герта,79.24,1.925739114,1382.221837,MBA,DES=+2000135,1999-01-20-10-40-08,2000-01-01-00-00-00
a0001512,1512,Oulu,Оулу,79.222,3.389617381,2877.683497,OMB,DES=+2001512,1998-01-11-13-53-57,2000-01-01-00-00-00
a0001241,1241,Dysona,Дайсона,79.19,2.863839711,2078.336555,MBA,DES=+2001241,1998-07-30-09-58-51,2000-01-01-00-00-00
a0000084,84,Klio,Клио,79.16,1.805311501,1326.335328,MBA,DES=+2000084,1999-02-03-09-59-16,2000-01-01-00-00-00
a0001107,1107,Lictoria,Ликтория,79.079,2.788616844,2075.022437,MBA,DES=+2001107,1998-07-31-05-51-56,2000-01-01-00-00-00
bK04Q26Q,500023,500023,500023,79,19.60809024,40514.52322,CEN,DES=+3340114,1990-01-01-00-00-00,2000-01-01-00-00-00
a0000639,639,Latona,Латона,78.509,2.695941652,1914.936266,MBA,DES=+2000639,1998-09-09-06-22-57,2000-01-01-00-00-00
a0248835,248835,248835,248835,78.44,11.9356471,37752.27906,CEN,DES=+2248835,1990-01-01-00-00-00,2000-01-01-00-00-00
a0000676,676,Melitta,Мелитта,78.369,2.690404605,1957.698788,MBA,DES=+2000676,1998-08-29-13-48-27,2000-01-01-00-00-00
bK00CA5F,500003,500003,500003,78.3,42.29326097,105646.1447,TNO,DES=+3031933,1990-01-01-00-00-00,2000-01-01-00-00-00
a0001323,1323,Tugela,Тугела,78.295,2.750250451,2118.977272,OMB,DES=+2001323,1998-07-20-06-08-11,2000-01-01-00-00-00
a0000598,598,Octavia,Октавия,78.237,2.071089142,1676.036453,MBA,DES=+2000598,1998-11-07-23-46-53,2000-01-01-00-00-00
a0000583,583,Klotilde,Клотильда,78.236,2.663451528,2064.380091,MBA,DES=+2000583,1998-08-02-21-43-11,2000-01-01-00-00-00
a0000866,866,Fatme,Фатме,78.061,2.960669432,2016.489222,MBA,DES=+2000866,1998-08-14-21-03-53,2000-01-01-00-00-00
a0000313,313,Chaldaea,Халдея,77.853,1.942924716,1336.631624,MBA,DES=+2000313,1999-01-31-20-12-36,2000-01-01-00-00-00
a0000972,972,Cohnia,Кохния,77.827,2.337668,1951.567617,MBA,DES=+2000972,1998-08-31-02-35-40,2000-01-01-00-00-00
a0000236,236,Honoria,Гонория,77.708,2.263634679,1709.012421,MBA,DES=+2000236,1998-10-30-17-55-32,2000-01-01-00-00-00
a0002223,2223,Sarpedon,Сарпедон,77.48,5.154181539,4381.853486,TJN,DES=+2002223,1996-12-31-12-52-46,2000-01-01-00-00-00
a0000499,499,Venusia,Венусия,77.328,3.141811432,2928.738374,OMB,DES=+2000499,1997-12-29-19-34-12,2000-01-01-00-00-00
a0000464,464,Megaira,Мегаира,77.056,2.224686209,1711.552142,MBA,DES=+2000464,1998-10-30-02-41-14,2000-01-01-00-00-00
a0000205,205,Martha,Марта,76.983,2.677263694,1690.941625,MBA,DES=+2000205,1998-11-04-06-21-01,2000-01-01-00-00-00
a0004489,4489,4489,4489,76.595,4.906424157,4347.72051,GRK,DES=+2004489,1997-01-09-01-40-38,2000-01-01-00-00-00
a0000411,411,Xanthe,Ксанте,76.53,2.593456334,1835.568662,MBA,DES=+2000411,1998-09-29-02-35-17,2000-01-01-00-00-00
a0002260,2260,Neoptolemus,Неоптолемей,76.435,4.967183165,4325.554195,GRK,DES=+2002260,1997-01-14-14-40-31,2000-01-01-00-00-00
a0001212,1212,Francette,Фансетта,76.395,3.197376506,2868.972962,OMB,DES=+2001212,1998-01-13-18-09-45,2000-01-01-00-00-00
a0000914,914,Palisana,Пализана,76.19,1.929851098,1407.846955,MBA,DES=+2000914,1999-01-14-00-55-05,2000-01-01-00-00-00
a0005254,5254,Ulysses,Улисс,76.147,4.597438819,4372.844292,GRK,DES=+2005254,1997-01-02-18-56-05,2000-01-01-00-00-00
a0000199,199,Byblis,Библис,76.129,2.59486577,2057.321837,MBA,DES=+2000199,1998-08-04-16-04-09,2000-01-01-00-00-00
a0000675,675,Ludmilla,Людмила,76,2.204825409,1682.609191,MBA,DES=+2000675,1998-11-06-08-20-42,2000-01-01-00-00-00
a0000245,245,Vera,Вера,75.949,2.488019398,1990.087535,MBA,DES=+2000245,1998-08-21-11-28-30,2000-01-01-00-00-00
a0001115,1115,Sabauda,Сабауда,75.907,2.564195315,1992.549494,MBA,DES=+2001115,1998-08-20-20-42-11,2000-01-01-00-00-00
a0000927,927,Ratisbona,Ратисбона,75.892,2.945622493,2113.984336,OMB,DES=+2000927,1998-07-21-12-05-39,2000-01-01-00-00-00
a0000325,325,Heidelberga,Гейдельберга,75.72,2.711323456,2107.032662,OMB,DES=+2000325,1998-07-23-05-48-15,2000-01-01-00-00-00
a0003708,3708,3708,3708,75.661,4.392063997,4351.678588,TJN,DES=+2003708,1997-01-08-01-55-44,2000-01-01-00-00-00
a0001114,1114,Lorraine,Лоррейн,75.631,2.87643167,1990.037447,MBA,DES=+2001114,1998-08-21-11-46-32,2000-01-01-00-00-00
a0000784,784,Pickeringia,Пикерингия,75.596,2.345223791,1990.444101,MBA,DES=+2000784,1998-08-21-09-20-08,2000-01-01-00-00-00
a0000601,601,Nerthus,Нертус,75.535,2.810204732,2027.729371,MBA,DES=+2000601,1998-08-12-01-37-26,2000-01-01-00-00-00
a0000108,108,Hecuba,Гекуба,75.498,3.057026914,2126.802655,OMB,DES=+2000108,1998-07-18-07-11-03,2000-01-01-00-00-00
a0001266,1266,Tone,Tone,75.47,3.188127788,2249.635116,OMB,DES=+2001266,1998-06-17-14-11-22,2000-01-01-00-00-00
a0001031,1031,Arctica,Арктика,75.4,2.876005177,1943.099036,MBA,DES=+2001031,1998-09-02-05-24-21,2000-01-01-00-00-00
a0000072,72,Feronia,Ферония,74.966,1.993045748,1245.981359,MBA,DES=+2000072,1999-02-23-12-06-42,2000-01-01-00-00-00
a0000331,331,Etheridgea,Этериджея,74.92,2.734490395,1925.728447,MBA,DES=+2000331,1998-09-06-13-37-46,2000-01-01-00-00-00
a0000721,721,Tabora,Табора,74.791,3.13884212,2446.337759,OMB,DES=+2000721,1998-04-29-09-58-25,2000-01-01-00-00-00
a0001469,1469,Linzia,Линция,74.78,2.915074885,2015.128911,MBA,DES=+2001469,1998-08-15-05-13-36,2000-01-01-00-00-00
a0000980,980,Anacostia,Анакостия,74.679,2.182486847,1655.541599,MBA,DES=+2000980,1998-11-13-02-45-02,2000-01-01-00-00-00
a0000892,892,Seeligeria,Силигерия,74.481,2.890057372,2116.123364,OMB,DES=+2000892,1998-07-20-23-15-36,2000-01-01-00-00-00
a0000501,501,Urhixidur,Урхиксидур,74.457,2.716792701,2054.307511,MBA,DES=+2000501,1998-08-05-10-09-18,2000-01-01-00-00-00
a0000389,389,Industria,Индустрия,74.378,2.433002309,1538.617169,MBA,DES=+2000389,1998-12-12-08-17-50,2000-01-01-00-00-00
a0000576,576,Emanuela,Эмануэла,74.378,2.415509844,1886.934446,MBA,DES=+2000576,1998-09-16-06-23-36,2000-01-01-00-00-00
a0000746,746,Marlu,Марлу,74.274,2.372495825,2003.348014,MBA,DES=+2000746,1998-08-18-03-54-43,2000-01-01-00-00-00
a0002674,2674,Pandarus,Пандар,74.267,4.8238451,4308.674285,TJN,DES=+2002674,1997-01-18-19-57-17,2000-01-01-00-00-00
a0000634,634,Ute,Уте,74.017,2.495140081,1947.355944,MBA,DES=+2000634,1998-09-01-03-51-52,2000-01-01-00-00-00
a0000983,983,Gunila,Гунила,73.87,2.868542137,2051.679348,MBA,DES=+2000983,1998-08-06-01-55-27,2000-01-01-00-00-00
a0000369,369,Aeria,Aeria,73.767,2.39365849,1574.546488,MBA,DES=+2000369,1998-12-03-08-43-16,2000-01-01-00-00-00
a0003564,3564,Talthybius,Talthybius,73.73,4.996941203,4333.392087,GRK,DES=+2003564,1997-01-12-15-38-52,2000-01-01-00-00-00
a0000231,231,Vindobona,Виндобона,73.545,2.480642473,1826.108614,MBA,DES=+2000231,1998-10-01-11-20-54,2000-01-01-00-00-00
a0000465,465,Alekto,Alekto,73.34,2.456514132,1988.386987,MBA,DES=+2000465,1998-08-21-21-40-42,2000-01-01-00-00-00
a0000626,626,Notburga,Notburga,73.236,1.948050859,1507.489205,MBA,DES=+2000626,1998-12-20-03-03-54,2000-01-01-00-00-00
a0000636,636,Erika,Erika,73.147,2.419766935,1814.982941,MBA,DES=+2000636,1998-10-04-06-06-09,2000-01-01-00-00-00
a0000805,805,Hormuthia,Hormuthia,73.095,2.594565968,2084.893759,MBA,DES=+2000805,1998-07-28-18-38-15,2000-01-01-00-00-00
a0001345,1345,Potomac,Potomac,72.975,3.261087673,2906.252497,OMB,DES=+2001345,1998-01-04-10-29-07,2000-01-01-00-00-00
a0000569,569,Misa,Misa,72.95,2.175768662,1582.299258,MBA,DES=+2000569,1998-12-01-10-12-17,2000-01-01-00-00-00
a0000781,781,Kartvelia,Kartvelia,72.927,2.84105713,2107.554499,OMB,DES=+2000781,1998-07-23-02-40-23,2000-01-01-00-00-00
a0001001,1001,Gaussia,Гауссия,72.711,2.824046137,2109.575162,OMB,DES=+2001001,1998-07-22-14-32-57,2000-01-01-00-00-00
a0000257,257,Silesia,Силезия,72.66,2.779890817,2018.461747,MBA,DES=+2000257,1998-08-14-09-13-47,2000-01-01-00-00-00
a0004834,4834,Thoas,Thoas,72.331,4.50681973,4351.725524,GRK,DES=+2004834,1997-01-08-01-38-50,2000-01-01-00-00-00
a0000333,333,Badenia,Badenia,72.199,2.631742204,2023.147518,MBA,DES=+2000333,1998-08-13-05-06-54,2000-01-01-00-00-00
a0000133,133,Cyrene,Сирена,72.175,2.648747351,1958.87126,MBA,DES=+2000133,1998-08-29-06-46-21,2000-01-01-00-00-00
a0007641,7641,7641,7641,71.839,4.937823521,4348.645399,GRK,DES=+2007641,1997-01-08-20-07-41,2000-01-01-00-00-00
a0000066,66,Maja,Майя,71.82,2.188451892,1572.167583,MBA,DES=+2000066,1998-12-03-22-59-41,2000-01-01-00-00-00
a0000777,777,Gutemberga,Gutemberga,71.749,2.873295236,2113.130531,OMB,DES=+2000777,1998-07-21-17-13-01,2000-01-01-00-00-00
a0000116,116,Sirona,Сирона,71.7,2.373309251,1680.523806,MBA,DES=+2000116,1998-11-06-20-51-26,2000-01-01-00-00-00
a0001004,1004,Belopolskya,Belopolskya,71.6,3.104549768,2293.017003,OMB,DES=+2001004,1998-06-06-17-53-53,2000-01-01-00-00-00
a0000043,43,Ariadne,Ариадна,71.34,1.83258207,1194.704902,MBA,DES=+2000043,1999-03-08-07-46-14,2000-01-01-00-00-00
a0000760,760,Massinga,Massinga,71.29,2.414546128,2040.197227,MBA,DES=+2000760,1998-08-08-22-49-00,2000-01-01-00-00-00
a0000568,568,Cheruskia,Cheruskia,71.224,2.397556336,1787.485115,MBA,DES=+2000568,1998-10-11-03-05-22,2000-01-01-00-00-00
a0001262,1262,Sniadeckia,Sniadeckia,71.011,2.987828782,1899.870571,MBA,DES=+2001262,1998-09-13-00-46-36,2000-01-01-00-00-00
a0001118,1118,Hanskya,Hanskya,70.954,3.069216654,2101.211213,OMB,DES=+2001118,1998-07-24-16-43-58,2000-01-01-00-00-00
a0000718,718,Erida,Эрида,70.911,2.448133399,1952.372423,MBA,DES=+2000718,1998-08-30-21-45-56,2000-01-01-00-00-00
a0000122,122,Gerda,Герда,70.676,3.12249513,2115.126217,OMB,DES=+2000122,1998-07-21-05-14-34,2000-01-01-00-00-00
a0000044,44,Nysa,Ниса,70.64,2.064967192,1378.001905,MBA,DES=+2000044,1999-01-21-11-59-18,2000-01-01-00-00-00
a0000538,538,Friederike,Фридерика,70.64,2.623167153,2050.912721,MBA,DES=+2000538,1998-08-06-06-31-26,2000-01-01-00-00-00
a0000943,943,Begonia,Бегония,70.572,2.450928977,2008.474833,MBA,DES=+2000943,1998-08-16-21-09-04,2000-01-01-00-00-00
a0000439,439,Ohio,Огайо,70.421,2.928496334,2025.147232,MBA,DES=+2000439,1998-08-12-17-07-00,2000-01-01-00-00-00
a0000599,599,Luisa,Luisa,70.249,1.964358794,1687.42592,MBA,DES=+2000599,1998-11-05-03-26-41,2000-01-01-00-00-00
a0003540,3540,Protesilaos,Protesilaos,70.225,4.661898227,4427.947991,GRK,DES=+2003540,1996-12-20-00-18-45,2000-01-01-00-00-00
a0000593,593,Titania,Титания,70.145,2.113496739,1618.755298,MBA,DES=+2000593,1998-11-22-07-28-06,2000-01-01-00-00-00
a0000179,179,Klytaemnestra,Клитемнестра,69.946,2.644399563,1875.305739,MBA,DES=+2000179,1998-09-19-04-09-57,2000-01-01-00-00-00
bK10T00H,500034,500034,500034,69.9,12.51208578,29047.25712,CEN,DES=+3547934,1990-01-01-00-00-00,2000-01-01-00-00-00
a0001243,1243,Pamela,Памела,69.883,2.95060328,1990.175859,MBA,DES=+2001243,1998-08-21-10-56-42,2000-01-01-00-00-00
a0000605,605,Juvisia,Juvisia,69.86,2.591611461,1901.030495,MBA,DES=+2000605,1998-09-12-17-49-02,2000-01-01-00-00-00
a0000322,322,Phaeo,Phaeo,69.855,2.096292991,1693.764556,MBA,DES=+2000322,1998-11-03-13-24-46,2000-01-01-00-00-00
a0000112,112,Iphigenia,Ифигения,69.818,2.123159354,1386.992889,MBA,DES=+2000112,1999-01-19-06-02-33,2000-01-01-00-00-00
a0000429,429,Lotis,Lotis,69.62,2.286755346,1537.394675,MBA,DES=+2000429,1998-12-12-15-37-56,2000-01-01-00-00-00
a0002892,2892,Filipenko,Филипенко,69.492,2.533229714,2072.46118,MBA,DES=+2002892,1998-07-31-21-13-59,2000-01-01-00-00-00
a0000163,163,Erigone,Эригона,69.389,1.914204612,1330.418726,MBA,DES=+2000163,1999-02-02-09-29-15,2000-01-01-00-00-00
a0000578,578,Happelia,Happelia,69.29,2.221506859,1666.234217,MBA,DES=+2000578,1998-11-10-10-35-41,2000-01-01-00-00-00
a0001085,1085,Amaryllis,Amaryllis,69.281,3.051981558,2077.298632,MBA,DES=+2001085,1998-07-30-16-12-30,2000-01-01-00-00-00
a0000368,368,Haidea,Haidea,69.277,2.457649329,1969.476514,MBA,DES=+2000368,1998-08-26-15-08-28,2000-01-01-00-00-00
a0001567,1567,Alikoski,Alikoski,69.242,2.945383806,2102.586036,OMB,DES=+2001567,1998-07-24-08-29-02,2000-01-01-00-00-00
a0000177,177,Irma,Ирма,69.049,2.124506092,1687.888652,MBA,DES=+2000177,1998-11-05-00-40-06,2000-01-01-00-00-00
a0011395,11395,11395,11395,68.977,4.857863018,4344.681358,GRK,DES=+2011395,1997-01-09-19-54-44,2000-01-01-00-00-00
a0004035,4035,Noname,Нетимени,68.733,4.985973028,4436.184205,GRK,DES=+2004035,1996-12-17-22-53-43,2000-01-01-00-00-00
a0000080,80,Sappho,Сапфо,68.563,1.836617053,1270.626229,MBA,DES=+2000080,1999-02-17-08-14-33,2000-01-01-00-00-00
a0005264,5264,Telephus,Telephus,68.472,4.633296038,4342.802603,GRK,DES=+2005264,1997-01-10-07-11-05,2000-01-01-00-00-00
a0001330,1330,Spiridonia,Спиридония,68.417,2.932964829,2062.425796,MBA,DES=+2001330,1998-08-03-09-26-43,2000-01-01-00-00-00
a0000539,539,Pamina,Pamina,68.356,2.154675236,1655.200766,MBA,DES=+2000539,1998-11-13-04-47-44,2000-01-01-00-00-00
a0000648,648,Pippa,Pippa,68.27,2.585460175,2104.857009,OMB,DES=+2000648,1998-07-23-18-51-29,2000-01-01-00-00-00
a0001256,1256,Normannia,Normannia,68.253,3.589826193,2809.721859,OMB,DES=+2001256,1998-01-28-13-40-08,2000-01-01-00-00-00
a0001796,1796,Riga,Riga,68.167,3.167853145,2247.102805,OMB,DES=+2001796,1998-06-18-05-23-00,2000-01-01-00-00-00
a0001868,1868,Thersites,Thersites,68.163,4.727309446,4474.36675,GRK,DES=+2001868,1996-12-08-09-48-00,2000-01-01-00-00-00
a0009799,9799,9799,9799,68.033,4.940138899,4317.504991,GRK,DES=+2009799,1997-01-16-14-58-14,2000-01-01-00-00-00
a0000735,735,Marghanna,Marghanna,67.976,1.851405265,1646.922334,MBA,DES=+2000735,1998-11-15-06-27-58,2000-01-01-00-00-00
a0000425,425,Cornelia,Корнелия,67.925,2.714482923,1791.535359,MBA,DES=+2000425,1998-10-10-02-47-17,2000-01-01-00-00-00
a0004068,4068,Menestheus,Menestheus,67.625,4.773917811,4265.643314,GRK,DES=+2004068,1997-01-29-14-08-26,2000-01-01-00-00-00
a0000607,607,Jenny,Jenny,67.52,2.643751634,1760.408396,MBA,DES=+2000607,1998-10-17-21-32-59,2000-01-01-00-00-00
a0000336,336,Lacadiera,Lacadiera,67.513,2.036453209,1233.930615,MBA,DES=+2000336,1999-02-26-12-24-58,2000-01-01-00-00-00
a0000380,380,Fiducia,Fiducia,67.508,2.3764272,1601.099425,MBA,DES=+2000380,1998-11-26-17-24-13,2000-01-01-00-00-00
a0001911,1911,Schubart,Шуберт,67.476,3.294436888,2892.073001,OMB,DES=+2001911,1998-01-07-23-33-44,2000-01-01-00-00-00
a0000300,300,Geraldina,Геральдина,67.373,3.021992644,2095.596937,OMB,DES=+2000300,1998-07-26-02-25-07,2000-01-01-00-00-00
a0000099,99,Dike,Дайк,67.354,2.145883259,1589.704353,MBA,DES=+2000099,1998-11-29-13-46-26,2000-01-01-00-00-00
a0000734,734,Benda,Benda,67.318,2.833547501,2040.009869,MBA,DES=+2000734,1998-08-08-23-56-27,2000-01-01-00-00-00
a0342842,342842,342842,342842,67.1,6.49636112,14460.14051,CEN,DES=+2342842,1990-02-06-23-09-31,2000-01-01-00-00-00
a0001712,1712,Angola,Ангола,66.892,2.68028659,2056.1018,MBA,DES=+2001712,1998-08-04-23-23-22,2000-01-01-00-00-00
a0000483,483,Seppina,Seppina,66.858,3.248077771,2312.648092,OMB,DES=+2000483,1998-06-01-20-06-42,2000-01-01-00-00-00
a0000861,861,Aida,Аида,66.85,2.820533013,2034.814194,MBA,DES=+2000861,1998-08-10-07-06-54,2000-01-01-00-00-00
a0001306,1306,Scythia,Scythia,66.78,2.843923124,2036.247522,MBA,DES=+2001306,1998-08-09-22-30-54,2000-01-01-00-00-00
a0000256,256,Walpurga,Вальпурга,66.634,2.802311854,1898.449221,MBA,DES=+2000256,1998-09-13-09-18-17,2000-01-01-00-00-00
a0001086,1086,Nata,Ната,66.27,2.99223477,2055.1107,MBA,DES=+2001086,1998-08-05-05-20-09,2000-01-01-00-00-00
a0023135,23135,23135,23135,66.23,4.990250866,4403.413102,GRK,DES=+2023135,1996-12-26-03-31-18,2000-01-01-00-00-00
a0001264,1264,Letaba,Letaba,66.04,2.42062151,1771.930608,MBA,DES=+2001264,1998-10-15-00-24-59,2000-01-01-00-00-00
a0008405,8405,Asbolus,Asbolus,66,6.797207852,27832.11625,CEN,DES=+2008405,1990-01-01-00-00-00,2000-01-01-00-00-00
a0000304,304,Olga,Ольга,65.99,1.870948064,1361.108767,MBA,DES=+2000304,1999-01-25-17-20-50,2000-01-01-00-00-00
a0000546,546,Herodias,Herodias,65.945,2.297687875,1528.862146,MBA,DES=+2000546,1998-12-14-18-49-38,2000-01-01-00-00-00
a0002456,2456,Palamedes,Palamedes,65.916,4.749844236,4244.110941,GRK,DES=+2002456,1997-02-03-23-20-05,2000-01-01-00-00-00
a0000271,271,Penthesilea,Penthesilea,65.901,2.692631474,1902.241566,MBA,DES=+2000271,1998-09-12-10-33-03,2000-01-01-00-00-00
a0000101,101,Helena,Елена,65.84,2.221466572,1517.004932,MBA,DES=+2000101,1998-12-17-17-58-14,2000-01-01-00-00-00
a0000906,906,Repsolda,Репсольда,65.752,2.64267035,1796.969305,MBA,DES=+2000906,1998-10-08-18-11-04,2000-01-01-00-00-00
a0001032,1032,Pafuri,Pafuri,65.658,2.681345873,2020.636619,MBA,DES=+2001032,1998-08-13-20-10-50,2000-01-01-00-00-00
a0000524,524,Fidelio,Fidelio,65.527,2.296340663,1562.255962,MBA,DES=+2000524,1998-12-06-10-27-52,2000-01-01-00-00-00
a0000977,977,Philippa,Филиппа,65.471,3.036154879,2011.266498,MBA,DES=+2000977,1998-08-16-04-24-04,2000-01-01-00-00-00
a0000859,859,Bouzareah,Bouzareah,65.417,2.87414546,2115.754524,OMB,DES=+2000859,1998-07-21-01-28-23,2000-01-01-00-00-00
a0000217,217,Eudora,Эвдора ,65.392,1.978072792,1773.229763,MBA,DES=+2000217,1998-10-14-16-37-18,2000-01-01-00-00-00
a0000252,252,Clementina,Клементина,65.344,2.951009249,2052.152614,MBA,DES=+2000252,1998-08-05-23-05-04,2000-01-01-00-00-00
a0003709,3709,Polypoites,Polypoites,65.297,4.917917914,4379.107596,GRK,DES=+2003709,1997-01-01-05-21-17,2000-01-01-00-00-00
a0000382,382,Dodona,Dodona,65.209,2.585891226,2015.045641,MBA,DES=+2000382,1998-08-15-05-43-35,2000-01-01-00-00-00
a0000516,516,Amherstia,Amherstia,65.144,1.952326736,1604.103096,MBA,DES=+2000516,1998-11-25-23-22-54,2000-01-01-00-00-00
a0000441,441,Bathilde,Bathilde,65.131,2.581923357,1717.540337,MBA,DES=+2000441,1998-10-28-14-45-29,2000-01-01-00-00-00
a0000643,643,Scheherezade,Scheherezade,64.997,3.170260481,2252.189758,OMB,DES=+2000643,1998-06-16-22-51-42,2000-01-01-00-00-00
a0001749,1749,Telamon,Telamon,64.898,4.595788431,4267.187964,GRK,DES=+2001749,1997-01-29-04-52-21,2000-01-01-00-00-00
a0001315,1315,Bronislawa,Бронислава,64.863,2.963040235,2096.51753,OMB,DES=+2001315,1998-07-25-20-53-42,2000-01-01-00-00-00
a0000174,174,Phaedra,Федра,64.849,2.458185027,1768.754865,MBA,DES=+2000174,1998-10-15-19-28-15,2000-01-01-00-00-00
a0000756,756,Lilliana,Лиллиана,64.837,2.718954711,2085.249126,MBA,DES=+2000756,1998-07-28-16-30-19,2000-01-01-00-00-00
a0000258,258,Tyche,Тихе,64.78,2.081650786,1545.035136,MBA,DES=+2000258,1998-12-10-17-47-22,2000-01-01-00-00-00
a0001424,1424,Sundmania,Sundmania,64.691,3.007949258,2082.599732,MBA,DES=+2001424,1998-07-29-08-24-06,2000-01-01-00-00-00
a0000337,337,Devosa,Devosa,64.549,2.056653062,1343.640543,MBA,DES=+2000337,1999-01-30-02-09-24,2000-01-01-00-00-00
a0000604,604,Tekmessa,Tekmessa,64.536,2.525301483,2040.268248,MBA,DES=+2000604,1998-08-08-22-23-26,2000-01-01-00-00-00
a0000818,818,Kapteynia,Kapteynia,64.255,2.870922423,2060.756969,MBA,DES=+2000818,1998-08-03-19-27-30,2000-01-01-00-00-00
a0001042,1042,Amazone,Amazone,63.92,2.950653486,2124.383978,OMB,DES=+2001042,1998-07-18-21-41-47,2000-01-01-00-00-00
a0000679,679,Pax,Pax,63.909,1.787565512,1521.415391,MBA,DES=+2000679,1998-12-16-15-30-28,2000-01-01-00-00-00
a0003548,3548,Eurybates,Eurybates,63.885,4.732848874,4323.96005,GRK,DES=+2003548,1997-01-15-00-14-24,2000-01-01-00-00-00
a0000485,485,Genua,Genua,63.88,2.219734228,1664.655768,MBA,DES=+2000485,1998-11-10-20-03-56,2000-01-01-00-00-00
a0004543,4543,Phoinix,Phoinix,63.836,4.63574331,4239.336327,GRK,DES=+2004543,1997-02-05-03-58-57,2000-01-01-00-00-00
a0012444,12444,Prothoon,Prothoon,63.835,4.863744043,4384.502158,TJN,DES=+2012444,1996-12-30-20-59-15,2000-01-01-00-00-00
bK11M04M,500036,500036,500036,63.7,11.15651498,35569.70746,CEN,DES=+3568420,1990-01-01-00-00-00,2000-01-01-00-00-00
a0000949,949,Hel,Hel,63.494,2.425771389,1901.730218,MBA,DES=+2000949,1998-09-12-13-37-08,2000-01-01-00-00-00
a0000079,79,Eurynome,Эвринома,63.479,1.981931412,1397.889345,MBA,DES=+2000079,1999-01-16-12-39-50,2000-01-01-00-00-00
a0004836,4836,Medon,Medon,63.277,4.646321163,4340.989284,GRK,DES=+2004836,1997-01-10-18-03-53,2000-01-01-00-00-00
a0016070,16070,16070,16070,63.191,4.49498193,4246.494838,TJN,DES=+2016070,1997-02-03-09-01-53,2000-01-01-00-00-00
a0001167,1167,Dubiago,Дубяго,63.12,3.177098038,2302.349897,OMB,DES=+2001167,1998-06-04-09-54-03,2000-01-01-00-00-00
a0001240,1240,Centenaria,Centenaria,63.035,2.365334058,1773.092271,MBA,DES=+2001240,1998-10-14-17-26-47,2000-01-01-00-00-00
a0000264,264,Libussa,Libussa,62.969,2.413425949,1708.45192,MBA,DES=+2000264,1998-10-30-21-17-19,2000-01-01-00-00-00
a0000928,928,Hildrun,Hildrun,62.817,2.66956694,2028.16029,MBA,DES=+2000928,1998-08-11-23-02-18,2000-01-01-00-00-00
a0000738,738,Alagasta,Alagasta,62.79,2.870540772,1932.258753,MBA,DES=+2000738,1998-09-04-22-26-51,2000-01-01-00-00-00
a0000640,640,Brambilla,Brambilla,62.667,2.906041564,2052.445569,MBA,DES=+2000640,1998-08-05-21-19-36,2000-01-01-00-00-00
a0000656,656,Beagle,Beagle,62.604,2.729029803,2042.608009,MBA,DES=+2000656,1998-08-08-08-21-07,2000-01-01-00-00-00
a0001746,1746,Brouwer,Brouwer,62.523,3.128144417,2867.514686,OMB,DES=+2001746,1998-01-14-02-54-43,2000-01-01-00-00-00
a0015440,15440,15440,15440,62.519,5.177976706,4453.15018,GRK,DES=+2015440,1996-12-13-17-05-58,2000-01-01-00-00-00
a0000184,184,Dejopeja,Дейопея,62.483,2.976569567,2079.104244,MBA,DES=+2000184,1998-07-30-05-22-29,2000-01-01-00-00-00
a0000172,172,Baucis,Баусис,62.43,2.108541408,1341.123744,MBA,DES=+2000172,1999-01-30-17-15-27,2000-01-01-00-00-00
a0000075,75,Eurydike,Эвридика,62.377,1.862347525,1597.670912,MBA,DES=+2000075,1998-11-27-13-58-29,2000-01-01-00-00-00
bK13A60Z,500038,500038,500038,62.3,7.927061199,3894043.419,TNO,DES=+3623980,1990-01-01-00-00-00,2000-01-01-00-00-00
a0001048,1048,Feodosia,Феодосия,62.218,2.239207927,1649.994712,MBA,DES=+2001048,1998-11-14-12-01-55,2000-01-01-00-00-00
a0000442,442,Eichsfeldia,Eichsfeldia,62.171,2.178426277,1311.591098,MBA,DES=+2000442,1999-02-07-02-27-12,2000-01-01-00-00-00
a0004715,4715,4715,4715,62.097,4.859957836,4219.176519,TJN,DES=+2004715,1997-02-10-04-56-29,2000-01-01-00-00-00
a0001735,1735,ITA,ITA,61.865,2.727445546,2030.96667,MBA,DES=+2001735,1998-08-11-06-12-00,2000-01-01-00-00-00
a0001109,1109,Tata,Tata,61.817,2.908845867,2117.370999,OMB,DES=+2001109,1998-07-20-15-46-27,2000-01-01-00-00-00
a0000792,792,Metcalfia,Metcalfia,61.804,2.277270495,1550.521688,MBA,DES=+2000792,1998-12-09-08-52-12,2000-01-01-00-00-00
a0034746,34746,,,61.684,4.964400449,4283.911382,TJN,DES=+2034746,1997-01-25-00-31-56,2000-01-01-00-00-00
a0038050,38050,,,61.603,4.804566921,4333.237045,GRK,DES=+2038050,1997-01-12-16-34-41,2000-01-01-00-00-00
a0000581,581,Tauntonia,Tauntonia,61.481,3.101490481,2101.116958,OMB,DES=+2000581,1998-07-24-17-17-54,2000-01-01-00-00-00
a0000077,77,Frigga,Фригга,61.39,2.315125007,1591.857744,MBA,DES=+2000077,1998-11-29-00-51-13,2000-01-01-00-00-00
a0000307,307,Nike,Nike,61.313,2.490375889,1810.84775,MBA,DES=+2000307,1998-10-05-06-54-49,2000-01-01-00-00-00
a0000834,834,Burnhamia,Burnhamia,61.278,2.544102156,2075.97899,MBA,DES=+2000834,1998-07-31-00-07-34,2000-01-01-00-00-00
a0001005,1005,Arago,Arago,61.132,2.791367831,2056.879792,MBA,DES=+2001005,1998-08-04-18-43-17,2000-01-01-00-00-00
a0000025,25,Phocaea,Фокея,61.054,1.789046329,1358.184817,MBA,DES=+2000025,1999-01-26-10-53-27,2000-01-01-00-00-00
a0000342,342,Endymion,Endymion,60.903,2.236099459,1503.245697,MBA,DES=+2000342,1998-12-21-04-31-33,2000-01-01-00-00-00
a0001356,1356,Nyanza,Nyanza,60.895,2.928679796,1977.926939,MBA,DES=+2001356,1998-08-24-12-26-19,2000-01-01-00-00-00
a0000971,971,Alsatia,Alsatia,60.867,2.211749077,1566.893165,MBA,DES=+2000971,1998-12-05-06-38-28,2000-01-01-00-00-00
a0001071,1071,Brita,Brita,60.862,2.498759651,1715.382882,MBA,DES=+2001071,1998-10-29-03-42-10,2000-01-01-00-00-00
a0000965,965,Angelica,Angelica,60.857,2.263454628,2045.52008,MBA,DES=+2000965,1998-08-07-14-52-47,2000-01-01-00-00-00
a0000392,392,Wilhelmina,Wilhelmina,60.75,2.4753808,1787.318729,MBA,DES=+2000392,1998-10-11-04-05-16,2000-01-01-00-00-00
a0005130,5130,Ilioneus,Ilioneus,60.711,5.15105427,4338.994983,TJN,DES=+2005130,1997-01-11-06-01-50,2000-01-01-00-00-00
a0000314,314,Rosalia,Розалия,60.689,2.617579645,2052.389928,MBA,DES=+2000314,1998-08-05-21-39-38,2000-01-01-00-00-00
a0000218,218,Bianca,Бианка,60.62,2.353600497,1591.31012,MBA,DES=+2000218,1998-11-29-04-08-22,2000-01-01-00-00-00
a0000671,671,Carnegia,Carnegia,60.604,2.886384402,1986.721358,MBA,DES=+2000671,1998-08-22-07-40-19,2000-01-01-00-00-00
a0001041,1041,Asta,Asta,60.571,2.62884837,1966.177186,MBA,DES=+2001041,1998-08-27-10-56-13,2000-01-01-00-00-00
a0000510,510,Mabella,Mabella,60.45,2.114344521,1541.235191,MBA,DES=+2000510,1998-12-11-16-35-20,2000-01-01-00-00-00
a0001051,1051,Merope,Merope,60.439,2.894456015,2105.628706,OMB,DES=+2001051,1998-07-23-14-13-40,2000-01-01-00-00-00
a0000468,468,Lina,Lina,60.238,2.512320002,2023.529357,MBA,DES=+2000468,1998-08-13-02-49-26,2000-01-01-00-00-00
a0000752,752,Sulamitis,Sulamitis,60.171,2.278337858,1411.092189,MBA,DES=+2000752,1999-01-13-05-26-48,2000-01-01-00-00-00
a0000541,541,Deborah,Deborah,60.147,2.675431758,1725.82291,MBA,DES=+2000541,1998-10-26-13-03-46,2000-01-01-00-00-00
a0000479,479,Caprera,Caprera,60.088,2.124874317,1638.698745,MBA,DES=+2000479,1998-11-17-07-48-28,2000-01-01-00-00-00
a0001351,1351,Uzbekistania,Узбекистания,60.01,2.979962472,2086.099957,MBA,DES=+2001351,1998-07-28-11-24-01,2000-01-01-00-00-00
a0005027,5027,Androgeos,Androgeos,59.786,4.956589307,4460.88455,GRK,DES=+2005027,1996-12-11-18-41-35,2000-01-01-00-00-00
a0001030,1030,Vitja,Vitja,59.717,2.733872734,2011.274285,MBA,DES=+2001030,1998-08-16-04-21-16,2000-01-01-00-00-00
a0000287,287,Nephthys,Nephthys,59.615,2.297970281,1318.202281,MBA,DES=+2000287,1999-02-05-10-47-10,2000-01-01-00-00-00
a0000638,638,Moira,Moira,59.594,2.300032876,1652.339884,MBA,DES=+2000638,1998-11-13-21-57-39,2000-01-01-00-00-00
a0006090,6090,6090,6090,59.568,5.001725022,4468.180771,GRK,DES=+2006090,1996-12-09-22-54-57,2000-01-01-00-00-00
a0001628,1628,Strobel,Strobel,59.345,2.809806911,1909.429313,MBA,DES=+2001628,1998-09-10-15-25-27,2000-01-01-00-00-00
a0005648,5648,5648,5648,59.295,4.297212147,4268.904708,TJN,DES=+2005648,1997-01-28-18-34-20,2000-01-01-00-00-00
a0001189,1189,Terentia,Terentia,59.246,2.595977708,1833.715738,MBA,DES=+2001189,1998-09-29-13-42-21,2000-01-01-00-00-00
a0007119,7119,Hiera,Hiera,59.15,4.614398923,4264.477811,GRK,DES=+2007119,1997-01-29-21-08-01,2000-01-01-00-00-00
a0000487,487,Venetia,Венеция,59.046,2.435742648,1593.760015,MBA,DES=+2000487,1998-11-28-13-26-24,2000-01-01-00-00-00
a0060558,60558,Echeclus,Эхекл,59,5.81100781,12767.97224,CEN,DES=+2060558,1991-04-06-00-10-05,2000-01-01-00-00-00
a0000932,932,Hooveria,Hooveria,58.978,2.201649948,1375.267304,MBA,DES=+2000932,1999-01-22-04-23-46,2000-01-01-00-00-00
a0000152,152,Atala,Атала,58.964,2.883692022,2029.516284,MBA,DES=+2000152,1998-08-11-14-54-09,2000-01-01-00-00-00
a0000438,438,Zeuxo,Zeuxo,58.871,2.379026016,1490.992058,MBA,DES=+2000438,1998-12-24-06-02-52,2000-01-01-00-00-00
a0000954,954,Li,Ли,58.771,2.586938891,2021.561734,MBA,DES=+2000954,1998-08-13-14-37-47,2000-01-01-00-00-00
a0002906,2906,Caltech,Caltech,58.678,2.83977758,2063.751502,MBA,DES=+2002906,1998-08-03-01-29-28,2000-01-01-00-00-00
a0000820,820,Adriana,Adriana,58.65,2.974228772,2023.745509,MBA,DES=+2000820,1998-08-13-01-31-37,2000-01-01-00-00-00
a0000744,744,Aguntina,Aguntina,58.636,2.800100182,2064.224393,MBA,DES=+2000744,1998-08-02-22-39-14,2000-01-01-00-00-00
a0000436,436,Patricia,Патриция,58.609,2.981679905,2091.870983,OMB,DES=+2000436,1998-07-27-00-46-27,2000-01-01-00-00-00
a0001038,1038,Tuckia,Tuckia,58.3,3.104029252,2904.477051,OMB,DES=+2001038,1998-01-04-21-08-16,2000-01-01-00-00-00
a0000064,64,Angelina,Ангелина,58.292,2.344564814,1603.518532,MBA,DES=+2000064,1998-11-26-02-53-20,2000-01-01-00-00-00
a0000874,874,Rotraut,Rotraut,58.287,2.899101669,2043.9075,MBA,DES=+2000874,1998-08-08-00-33-18,2000-01-01-00-00-00
a0000764,764,Gedania,Гедания,58.28,2.883921255,2085.76679,MBA,DES=+2000764,1998-07-28-13-23-58,2000-01-01-00-00-00
a0001023,1023,Thomana,Thomana,58.27,2.855753809,2063.929188,MBA,DES=+2001023,1998-08-03-00-25-30,2000-01-01-00-00-00
a0002193,2193,Jackson,Джексон,58.265,2.872135155,1999.449269,MBA,DES=+2002193,1998-08-19-03-18-16,2000-01-01-00-00-00
a0000224,224,Oceana,Океана,58.236,2.529247047,1571.267641,MBA,DES=+2000224,1998-12-04-04-23-39,2000-01-01-00-00-00
a0000838,838,Seraphina,Seraphina,58.095,2.519500744,1804.149518,MBA,DES=+2000838,1998-10-06-23-06-11,2000-01-01-00-00-00
a0000903,903,Nealley,Nealley,58.065,3.094363356,2130.163585,OMB,DES=+2000903,1998-07-17-11-01-07,2000-01-01-00-00-00
a0001062,1062,Ljuba,Люба,58.031,2.795246961,1903.049046,MBA,DES=+2001062,1998-09-12-05-42-21,2000-01-01-00-00-00
a0281371,281371,281371,281371,58,10.16062432,20490.03684,CEN,DES=+2281371,1990-01-01-00-00-00,2000-01-01-00-00-00
a0002760,2760,Kacha,Kacha,57.9,3.512117858,2907.700763,OMB,DES=+2002760,1998-01-04-01-47-44,2000-01-01-00-00-00
a0000207,207,Hedda,Гедда,57.88,2.217507615,1260.470627,MBA,DES=+2000207,1999-02-19-21-10-34,2000-01-01-00-00-00
a0001574,1574,Meyer,Meyer,57.785,3.417033775,2431.38262,OMB,DES=+2001574,1998-05-03-03-42-16,2000-01-01-00-00-00
a0001282,1282,Utopia,Утопия,57.702,2.728639977,2008.638411,MBA,DES=+2001282,1998-08-16-20-10-11,2000-01-01-00-00-00
a0004805,4805,Asteropaios,Asteropaios,57.647,4.738099603,4340.413226,TJN,DES=+2004805,1997-01-10-21-31-16,2000-01-01-00-00-00
a0000082,82,Alkmene,Алкмена,57.621,2.154826162,1677.438052,MBA,DES=+2000082,1998-11-07-15-22-19,2000-01-01-00-00-00
a0001309,1309,Hyperborea,Гиперборея,57.57,2.725346518,2096.689414,OMB,DES=+2001309,1998-07-25-19-51-49,2000-01-01-00-00-00
a0014268,14268,14268,14268,57.54,4.758785144,4377.060486,GRK,DES=+2014268,1997-01-01-17-38-15,2000-01-01-00-00-00
a0000235,235,Carolina,Каролина,57.517,2.701661419,1786.459969,MBA,DES=+2000235,1998-10-11-09-14-25,2000-01-01-00-00-00
a0000925,925,Alphonsina,Alphonsina,57.505,2.488413088,1622.545476,MBA,DES=+2000925,1998-11-21-08-43-38,2000-01-01-00-00-00
a0000293,293,Brasilia,Бразилия,57.486,2.557360119,1767.796341,MBA,DES=+2000293,1998-10-16-01-13-20,2000-01-01-00-00-00
a0000611,611,Valeria,Валерия,57.468,2.612556782,1876.428132,MBA,DES=+2000611,1998-09-18-21-25-53,2000-01-01-00-00-00
a0002196,2196,Ellicott,Ellicott,57.384,3.240129502,2324.71227,OMB,DES=+2002196,1998-05-29-19-43-35,2000-01-01-00-00-00
a0016974,16974,Iphthime,Ифтим,57.341,4.818052756,4313.455368,GRK,DES=+2016974,1997-01-17-15-16-06,2000-01-01-00-00-00
a0000119,119,Althaea,Алтея,57.3,2.373582026,1514.766221,MBA,DES=+2000119,1998-12-18-07-24-10,2000-01-01-00-00-00
a0004867,4867,Polites,Polites,57.251,5.069849863,4286.01719,TJN,DES=+2004867,1997-01-24-11-53-50,2000-01-01-00-00-00
a0031824,31824,Elatus,Элат,57,7.29823182,14801.20296,CEN,DES=+2031824,1990-01-01-00-00-00,2000-01-01-00-00-00
a0000255,255,Oppavia,Оппавия,56.939,2.529743606,1662.055254,MBA,DES=+2000255,1998-11-11-11-40-07,2000-01-01-00-00-00
a0002895,2895,Memnon,Memnon,56.706,4.985725047,4382.900399,TJN,DES=+2002895,1996-12-31-06-35-53,2000-01-01-00-00-00
a0001144,1144,Oda,Ода,56.347,3.4103195,2658.966246,OMB,DES=+2001144,1998-03-07-06-12-10,2000-01-01-00-00-00
a0001529,1529,Oterma,Oterma,56.327,3.189680117,2910.49215,OMB,DES=+2001529,1998-01-03-09-02-50,2000-01-01-00-00-00
a0000067,67,Asia,Асия,56.309,1.972358797,1376.202167,MBA,DES=+2000067,1999-01-21-22-47-13,2000-01-01-00-00-00
a0001049,1049,Gotho,Gotho,56.296,2.672705683,1988.105229,MBA,DES=+2001049,1998-08-21-23-22-08,2000-01-01-00-00-00
a0000480,480,Hansa,Hansa,56.22,2.522049325,1570.556283,MBA,DES=+2000480,1998-12-04-08-39-45,2000-01-01-00-00-00
a0000316,316,Goberta,Гоберта,56.067,2.749491694,2070.898442,MBA,DES=+2000316,1998-08-01-06-36-34,2000-01-01-00-00-00
a0001035,1035,Amata,Amata,56.063,2.553863274,2043.251748,MBA,DES=+2001035,1998-08-08-04-29-23,2000-01-01-00-00-00
a0000267,267,Tirza,Tirza,55.998,2.501606773,1688.83959,MBA,DES=+2000267,1998-11-04-18-57-45,2000-01-01-00-00-00
a0000891,891,Gunhild,Gunhild,55.747,2.773927846,1765.810127,MBA,DES=+2000891,1998-10-16-13-08-22,2000-01-01-00-00-00
a0001154,1154,Astronomia,Астрономия,55.715,3.152041832,2282.898784,OMB,DES=+2001154,1998-06-09-06-36-27,2000-01-01-00-00-00
a0000402,402,Chloe,Chloe,55.421,2.272440689,1495.032728,MBA,DES=+2000402,1998-12-23-05-48-14,2000-01-01-00-00-00
a0000222,222,Lucia,Люция,55.35,2.730744364,2035.509787,MBA,DES=+2000222,1998-08-10-02-56-29,2000-01-01-00-00-00
a0000778,778,Theobalda,Theobalda,55.317,2.374597318,2074.24784,MBA,DES=+2000778,1998-07-31-10-30-47,2000-01-01-00-00-00
a0000921,921,Jovita,Jovita,55.312,2.585206812,2060.910742,MBA,DES=+2000921,1998-08-03-18-32-08,2000-01-01-00-00-00
a0001585,1585,Union,Юнион,55.271,2.023072417,1829.913431,MBA,DES=+2001585,1998-09-30-12-31-10,2000-01-01-00-00-00
a0000686,686,Gersuind,Gersuind,55.258,1.896716117,1522.411955,MBA,DES=+2000686,1998-12-16-09-31-42,2000-01-01-00-00-00
a0001558,1558,Jarnefelt,Jarnefelt,54.977,3.135140045,2120.127579,OMB,DES=+2001558,1998-07-19-23-14-05,2000-01-01-00-00-00
a0004708,4708,Polydoros,Polydoros,54.964,4.943958554,4399.725449,TJN,DES=+2004708,1996-12-27-01-38-52,2000-01-01-00-00-00
a0001202,1202,Marina,Марина,54.93,3.333442701,2922.127642,OMB,DES=+2001202,1997-12-31-11-14-03,2000-01-01-00-00-00
a0021601,21601,21601,21601,54.909,5.040097914,4360.153066,GRK,DES=+2021601,1997-01-05-23-04-55,2000-01-01-00-00-00
a0000417,417,Suevia,Suevia,54.874,2.41777427,1709.793994,MBA,DES=+2000417,1998-10-30-13-14-10,2000-01-01-00-00-00
a0000142,142,Polana,Пулана,54.812,2.09182776,1374.122537,MBA,DES=+2000142,1999-01-22-11-15-53,2000-01-01-00-00-00
a0000558,558,Carmen,Carmen,54.811,2.782986463,1810.212645,MBA,DES=+2000558,1998-10-05-10-43-27,2000-01-01-00-00-00
a0001731,1731,Smuts,Smuts,54.784,2.762743014,2058.051238,MBA,DES=+2001731,1998-08-04-11-41-34,2000-01-01-00-00-00
a0000198,198,Ampella,Ампелла,54.323,1.901179167,1408.577796,MBA,DES=+2000198,1999-01-13-20-31-59,2000-01-01-00-00-00
a0000609,609,Fulvia,Fulvia,54.17,2.961806641,1982.086937,MBA,DES=+2000609,1998-08-23-11-28-43,2000-01-01-00-00-00
a0001819,1819,Laputa,Laputa,54.165,2.418693102,2026.764524,MBA,DES=+2001819,1998-08-12-07-24-47,2000-01-01-00-00-00
a0012929,12929,12929,12929,54.077,5.037423815,4384.257668,TJN,DES=+2012929,1996-12-30-22-27-16,2000-01-01-00-00-00
a0000584,584,Semiramis,Semiramis,54.01,1.819556245,1335.837532,MBA,DES=+2000584,1999-02-01-00-58-29,2000-01-01-00-00-00
a0017492,17492,Hippasos,Гиппас,53.975,4.799649182,4268.18968,TJN,DES=+2017492,1997-01-28-22-51-44,2000-01-01-00-00-00
a0005652,5652,Amphimachus,Amphimachus,53.921,4.811627364,4342.884054,GRK,DES=+2005652,1997-01-10-06-41-46,2000-01-01-00-00-00
a0001436,1436,Salonta,Salonta,53.769,2.950600739,2038.418277,MBA,DES=+2001436,1998-08-09-09-29-26,2000-01-01-00-00-00
a0000934,934,Thuringia,Thuringia,53.714,2.148395863,1663.608346,MBA,DES=+2000934,1998-11-11-02-21-00,2000-01-01-00-00-00
a0003754,3754,Kathleen,Kathleen,53.699,2.819370246,2051.155696,MBA,DES=+2003754,1998-08-06-05-03-57,2000-01-01-00-00-00
a0001328,1328,Devota,Devota,53.697,3.031777953,2394.920651,OMB,DES=+2001328,1998-05-12-06-28-34,2000-01-01-00-00-00
a0002759,2759,Idomeneus,Idomeneus,53.676,4.847083863,4315.285481,GRK,DES=+2002759,1997-01-17-04-17-15,2000-01-01-00-00-00
a0001072,1072,Malva,Мальва,53.675,2.401021644,2055.114587,MBA,DES=+2001072,1998-08-05-05-18-45,2000-01-01-00-00-00
a0000403,403,Cyane,Cyane,53.574,2.533105433,1719.361929,MBA,DES=+2000403,1998-10-28-03-49-43,2000-01-01-00-00-00
a0000446,446,Aeternitas,Aeternitas,53.562,2.435017432,1700.84015,MBA,DES=+2000446,1998-11-01-18-57-33,2000-01-01-00-00-00
a0001520,1520,Imatra,Imatra,53.435,2.815568975,2003.886387,MBA,DES=+2001520,1998-08-18-00-40-55,2000-01-01-00-00-00
a0000492,492,Gismonda,Gismonda,53.418,2.559866508,2007.817373,MBA,DES=+2000492,1998-08-17-01-05-45,2000-01-01-00-00-00
a0001625,1625,The NORC,The NORC,53.317,2.458683995,2081.906749,MBA,DES=+2001625,1998-07-29-12-33-35,2000-01-01-00-00-00
a0000563,563,Suleika,Сулейка,53.29,2.072799536,1631.658355,MBA,DES=+2000563,1998-11-19-02-03-00,2000-01-01-00-00-00
a0005258,5258,5258,5258,53.275,4.78377843,4300.176834,GRK,DES=+2005258,1997-01-20-22-56-22,2000-01-01-00-00-00
a0012126,12126,12126,12126,53.202,4.131807519,4361.188354,TJN,DES=+2012126,1997-01-05-16-52-13,2000-01-01-00-00-00
a0001165,1165,Imprinetta,Imprinetta,53.187,2.463053472,2020.960638,MBA,DES=+2001165,1998-08-13-18-14-11,2000-01-01-00-00-00
a0002311,2311,El Leoncito,El Leoncito,53.14,3.482772145,2530.650399,OMB,DES=+2002311,1998-04-08-08-05-52,2000-01-01-00-00-00
a0003731,3731,Hancock,Hancock,53.112,2.854452166,2118.267308,OMB,DES=+2003731,1998-07-20-10-23-47,2000-01-01-00-00-00
a0015502,15502,15502,15502,53.1,5.041569948,4236.107934,TJN,DES=+2015502,1997-02-05-23-21-10,2000-01-01-00-00-00
a0000301,301,Bavaria,Бавария,53.042,2.542091456,1644.031522,MBA,DES=+2000301,1998-11-15-23-48-40,2000-01-01-00-00-00
a0004754,4754,Panthoos,Panthoos,53.025,5.214246402,4398.3075,TJN,DES=+2004754,1996-12-27-10-09-20,2000-01-01-00-00-00
a0001637,1637,Swings,Свинг,52.994,2.933612256,1965.881256,MBA,DES=+2001637,1998-08-27-12-42-45,2000-01-01-00-00-00
a0000371,371,Bohemia,Богемия,52.976,2.550906742,1645.310744,MBA,DES=+2000371,1998-11-15-16-08-08,2000-01-01-00-00-00
a0000284,284,Amalia,Амалия,52.95,1.834441593,1322.754124,MBA,DES=+2000284,1999-02-04-07-28-30,2000-01-01-00-00-00
a0000033,33,Polyhymnia,Полигимния,52.929,1.92134665,1779.119614,MBA,DES=+2000033,1998-10-13-05-16-57,2000-01-01-00-00-00
a0000759,759,Vinifera,Винифера,52.926,2.080353676,1547.648731,MBA,DES=+2000759,1998-12-10-02-06-28,2000-01-01-00-00-00
a0000138,138,Tolosa,Толоса,52.905,2.049593079,1399.244763,MBA,DES=+2000138,1999-01-16-04-31-53,2000-01-01-00-00-00
a0000253,253,Mathilde,Матильда,52.8,1.952532639,1574.763104,MBA,DES=+2000253,1998-12-03-07-25-17,2000-01-01-00-00-00
a0001679,1679,Nevanlinna,Nevanlinna,52.686,2.637257566,2011.304989,MBA,DES=+2001679,1998-08-16-04-10-13,2000-01-01-00-00-00
a0000845,845,Naema,Naema,52.677,2.732635267,1839.233999,MBA,DES=+2000845,1998-09-28-04-35-46,2000-01-01-00-00-00
a0000987,987,Wallia,Wallia,52.651,2.39886995,2032.05897,MBA,DES=+2000987,1998-08-10-23-38-47,2000-01-01-00-00-00
a0000527,527,Euryanthe,Euryanthe,52.627,2.317089057,1644.428625,MBA,DES=+2000527,1998-11-15-21-25-42,2000-01-01-00-00-00
a0001428,1428,Mombasa,Момбаса,52.464,2.414968458,1721.045811,MBA,DES=+2001428,1998-10-27-17-43-31,2000-01-01-00-00-00
a0000547,547,Praxedis,Praxedis,52.462,2.123090578,1688.22715,MBA,DES=+2000547,1998-11-04-22-38-14,2000-01-01-00-00-00
a0000846,846,Lipperta,Lipperta,52.41,2.567100777,2023.60617,MBA,DES=+2000846,1998-08-13-02-21-47,2000-01-01-00-00-00
a0000166,166,Rhodope,Родопа,52.393,2.116004809,1606.700124,MBA,DES=+2000166,1998-11-25-07-47-58,2000-01-01-00-00-00
a0001149,1149,Volga,Волга,52.377,2.622362023,1802.769309,MBA,DES=+2001149,1998-10-07-07-23-03,2000-01-01-00-00-00
a0004832,4832,Palinurus,Palinurus,52.058,4.528943547,4414.921877,TJN,DES=+2004832,1996-12-23-06-28-09,2000-01-01-00-00-00
a0002008,2008,Konstitutsiya,Конституция,52.023,2.901166942,2104.990591,OMB,DES=+2002008,1998-07-23-18-03-24,2000-01-01-00-00-00
a0000564,564,Dudu,Dudu,52.01,1.983721219,1662.359925,MBA,DES=+2000564,1998-11-11-09-50-26,2000-01-01-00-00-00
a0005126,5126,Achaemenides,Achaemenides,51.922,5.11264911,4384.700342,GRK,DES=+2005126,1996-12-30-19-47-54,2000-01-01-00-00-00
a0000509,509,Iolanda,Иоланда,51.892,2.771595843,1959.066092,MBA,DES=+2000509,1998-08-29-05-36-13,2000-01-01-00-00-00
a0000294,294,Felicia,Felicia,51.865,2.419244337,2046.29581,MBA,DES=+2000294,1998-08-07-10-13-31,2000-01-01-00-00-00
a0000591,591,Irmgard,Irmgard,51.86,2.126443486,1602.840056,MBA,DES=+2000591,1998-11-26-06-57-35,2000-01-01-00-00-00
a0003240,3240,Laocoon,Laocoon,51.695,4.564821059,4371.472342,TJN,DES=+2003240,1997-01-03-03-09-59,2000-01-01-00-00-00
a0000973,973,Aralia,Aralia,51.609,2.852644377,2103.115101,OMB,DES=+2000973,1998-07-24-05-18-34,2000-01-01-00-00-00
a0001254,1254,Erfordia,Erfordia,51.54,3.037412633,2028.460695,MBA,DES=+2001254,1998-08-11-21-14-09,2000-01-01-00-00-00
a0002697,2697,Albina,Albina,51.54,3.278120567,2452.629445,OMB,DES=+2002697,1998-04-27-20-13-24,2000-01-01-00-00-00
a0002120,2120,Tyumenia,Tyumenia,51.485,2.666257306,1953.425471,MBA,DES=+2002120,1998-08-30-15-26-50,2000-01-01-00-00-00
a0000270,270,Anahita,Anahita,51.4,1.867491974,1190.377194,MBA,DES=+2000270,1999-03-09-09-44-12,2000-01-01-00-00-00
a0003925,3925,Tret'yakov,Третьяков,51.289,2.541431478,2046.462142,MBA,DES=+2003925,1998-08-07-09-13-38,2000-01-01-00-00-00
a0004902,4902,Thessandrus,Thessandrus,51.263,4.983043944,4336.021081,GRK,DES=+2004902,1997-01-11-23-52-26,2000-01-01-00-00-00
a0011552,11552,Boucolion,Boucolion,51.136,4.469591287,4418.877574,TJN,DES=+2011552,1996-12-22-06-44-06,2000-01-01-00-00-00
a0000665,665,Sabine,Sabine,51.09,2.601631381,2035.405841,MBA,DES=+2000665,1998-08-10-03-33-54,2000-01-01-00-00-00
a0000743,743,Eugenisis,Eugenisis,51.072,2.627306221,1705.165083,MBA,DES=+2000743,1998-10-31-17-00-35,2000-01-01-00-00-00
a0020729,20729,20729,20729,50.961,4.881505952,4351.962238,GRK,DES=+2020729,1997-01-08-00-13-37,2000-01-01-00-00-00
a0006545,6545,6545,6545,50.951,4.888661848,4268.01392,GRK,DES=+2006545,1997-01-28-23-55-01,2000-01-01-00-00-00
a0000246,246,Asporina,Аспорина,50.891,2.39790295,1614.895286,MBA,DES=+2000246,1998-11-23-06-37-42,2000-01-01-00-00-00
a0004792,4792,Lykaon,Lykaon,50.87,4.779735648,4404.271609,TJN,DES=+2004792,1996-12-25-22-22-15,2000-01-01-00-00-00
a0001280,1280,Baillauda,Baillauda,50.83,3.242265643,2302.229433,OMB,DES=+2001280,1998-06-04-10-37-25,2000-01-01-00-00-00
a0021900,21900,Orus,Орус,50.81,4.939268446,4238.179548,GRK,DES=+2021900,1997-02-05-10-55-23,2000-01-01-00-00-00
a0001873,1873,Agenor,Agenor,50.799,4.746054893,4368.395101,TJN,DES=+2001873,1997-01-03-21-37-47,2000-01-01-00-00-00
a0005028,5028,Halaesus,Halaesus,50.77,4.575900507,4409.663821,GRK,DES=+2005028,1996-12-24-14-01-03,2000-01-01-00-00-00
a0002146,2146,Stentor,Стентор,50.755,4.66828704,4326.174506,GRK,DES=+2002146,1997-01-14-10-57-12,2000-01-01-00-00-00
a0000816,816,Juliana,Юлиана,50.745,2.67614469,1901.106358,MBA,DES=+2000816,1998-09-12-17-21-43,2000-01-01-00-00-00
a0000269,269,Justitia,Justitia,50.728,2.058531008,1545.665599,MBA,DES=+2000269,1998-12-10-14-00-24,2000-01-01-00-00-00
a0000868,868,Lova,Lova,50.692,2.299221005,1622.417036,MBA,DES=+2000868,1998-11-21-09-29-53,2000-01-01-00-00-00
a0001135,1135,Colchis,Colchis,50.592,2.356273004,1589.22316,MBA,DES=+2001135,1998-11-29-16-39-40,2000-01-01-00-00-00
a0001439,1439,Vogtia,Vogtia,50.542,3.531516663,2922.464047,OMB,DES=+2001439,1997-12-31-09-12-57,2000-01-01-00-00-00
a0000448,448,Natalie,Натали,50.534,2.544504526,2024.902117,MBA,DES=+2000448,1998-08-12-18-35-15,2000-01-01-00-00-00
a0000338,338,Budrosa,Budrosa,50.506,2.84662988,1814.393009,MBA,DES=+2000338,1998-10-04-09-38-32,2000-01-01-00-00-00
a0000631,631,Philippina,Philippina,50.491,2.564602569,1705.107977,MBA,DES=+2000631,1998-10-31-17-21-08,2000-01-01-00-00-00
a0003134,3134,Kostinsky,Kostinsky,50.389,3.104316189,2901.169589,OMB,DES=+2003134,1998-01-05-16-58-57,2000-01-01-00-00-00
a0004722,4722,Agelaos,Agelaos,50.378,4.630434696,4340.585532,TJN,DES=+2004722,1997-01-10-20-29-14,2000-01-01-00-00-00
a0001961,1961,Dufour,Dufour,50.31,2.795157461,2083.210656,MBA,DES=+2001961,1998-07-29-04-44-10,2000-01-01-00-00-00
a0000472,472,Roma,Roma,50.278,2.30348578,1481.650082,MBA,DES=+2000472,1998-12-26-14-05-59,2000-01-01-00-00-00
a0000774,774,Armor,Armor,50.214,2.537437838,1943.068067,MBA,DES=+2000774,1998-09-02-05-35-30,2000-01-01-00-00-00
a0005284,5284,Orsilocus,Orsilocus,50.159,4.791573315,4363.090503,GRK,DES=+2005284,1997-01-05-05-27-27,2000-01-01-00-00-00
a0000113,113,Amalthea,Амальтея,50.137,2.169162721,1337.443324,MBA,DES=+2000113,1999-01-31-15-20-24,2000-01-01-00-00-00
a0002312,2312,Duboshin,Duboshin,50.122,3.337755296,2878.894688,OMB,DES=+2002312,1998-01-11-06-37-55,2000-01-01-00-00-00
a0000248,248,Lameia,Ламея,50.12,2.308489935,1418.812919,MBA,DES=+2000248,1999-01-11-07-07-20,2000-01-01-00-00-00
a0000729,729,Watsonia,Watsonia,50.025,2.490010292,1674.094473,MBA,DES=+2000729,1998-11-08-11-26-00,2000-01-01-00-00-00
a0000261,261,Prymno,Prymno,50.011,2.124584396,1300.603011,MBA,DES=+2000261,1999-02-09-20-22-54,2000-01-01-00-00-00
a0000186,186,Celuta,Келута,49.99,2.00685936,1325.453553,MBA,DES=+2000186,1999-02-03-15-16-43,2000-01-01-00-00-00
a0011509,11509,Thersilochos,Thersilochos,49.96,4.440530526,4304.872549,TJN,DES=+2011509,1997-01-19-18-45-54,2000-01-01-00-00-00
a0000319,319,Leona,Леона,49.943,2.665387949,2293.482883,OMB,DES=+2000319,1998-06-06-15-06-10,2000-01-01-00-00-00
a0008721,8721,AMOS,AMOS,49.91,3.786362297,2804.056445,OMB,DES=+2008721,1998-01-29-23-39-41,2000-01-01-00-00-00
a0000232,232,Russia,Россия,49.863,2.105177955,1489.084698,MBA,DES=+2000232,1998-12-24-17-29-31,2000-01-01-00-00-00
a0000653,653,Berenike,Berenike,49.793,2.894944669,1911.537189,MBA,DES=+2000653,1998-09-10-02-46-37,2000-01-01-00-00-00
a0000398,398,Admete,Admete,49.771,2.132633002,1659.597679,MBA,DES=+2000398,1998-11-12-02-24-51,2000-01-01-00-00-00
a0000585,585,Bilkis,Bilkis,49.761,2.118948741,1384.441023,MBA,DES=+2000585,1999-01-19-21-21-13,2000-01-01-00-00-00
a0005285,5285,Krethon,Krethon,49.606,4.921811359,4301.796532,GRK,DES=+2005285,1997-01-20-13-13-16,2000-01-01-00-00-00
a0004791,4791,Iphidamas,Iphidamas,49.528,4.924688002,4280.458164,TJN,DES=+2004791,1997-01-25-21-15-05,2000-01-01-00-00-00
a0009857,9857,9857,9857,49.518,5.013900151,4271.652174,GRK,DES=+2009857,1997-01-28-02-05-15,2000-01-01-00-00-00
a0000785,785,Zwetana,Zwetana,49.46,2.027650524,1503.748779,MBA,DES=+2000785,1998-12-21-01-30-27,2000-01-01-00-00-00
a0001263,1263,Varsavia,Varsavia,49.29,2.162457361,1589.425352,MBA,DES=+2001263,1998-11-29-15-26-53,2000-01-01-00-00-00
a0005119,5119,5119,5119,49.251,4.635634315,4331.796934,TJN,DES=+2005119,1997-01-13-01-13-08,2000-01-01-00-00-00
a0001074,1074,Beljawskya,Beljawskya,49.189,2.586034612,2043.223605,MBA,DES=+2001074,1998-08-08-04-39-31,2000-01-01-00-00-00
a0009023,9023,Mnesthus,Mnesthus,49.151,4.886977435,4361.57105,TJN,DES=+2009023,1997-01-05-14-34-27,2000-01-01-00-00-00
a0000904,904,Rockefellia,Rockefellia,49.146,2.729771459,1891.270914,MBA,DES=+2000904,1998-09-15-04-22-29,2000-01-01-00-00-00
a0003577,3577,Putilin,Путилин,49.138,3.170944081,2861.809343,OMB,DES=+2003577,1998-01-15-13-08-39,2000-01-01-00-00-00
a0002617,2617,Jiangxi,Jiangxi,49.084,2.406361048,2045.363973,MBA,DES=+2002617,1998-08-07-15-48-59,2000-01-01-00-00-00
a0000397,397,Vienna,Vienna,49.032,1.983128206,1562.338736,MBA,DES=+2000397,1998-12-06-09-58-04,2000-01-01-00-00-00
a0000513,513,Centesima,Centesima,48.805,2.761034744,1911.120678,MBA,DES=+2000513,1998-09-10-05-16-34,2000-01-01-00-00-00
a0000986,986,Amelia,Amelia,48.677,2.498405361,2025.428108,MBA,DES=+2000986,1998-08-12-15-25-53,2000-01-01-00-00-00
a0000615,615,Roswitha,Roswitha,48.626,2.343684002,1559.468193,MBA,DES=+2000615,1998-12-07-03-11-28,2000-01-01-00-00-00
a0000347,347,Pariana,Pariana,48.615,2.176864475,1541.488245,MBA,DES=+2000347,1998-12-11-15-04-14,2000-01-01-00-00-00
a0000910,910,Anneliese,Аннализа,48.59,2.475441428,1827.943798,MBA,DES=+2000910,1998-10-01-00-20-14,2000-01-01-00-00-00
a0000204,204,Kallisto,Каллисто,48.566,2.205037244,1594.055064,MBA,DES=+2000204,1998-11-28-11-40-11,2000-01-01-00-00-00
a0000926,926,Imhilde,Imhilde,48.48,2.438666291,1882.324006,MBA,DES=+2000926,1998-09-17-10-03-22,2000-01-01-00-00-00
a0002043,2043,Ortutay,Ortutay,48.46,2.760239134,2000.538359,MBA,DES=+2002043,1998-08-18-20-46-12,2000-01-01-00-00-00
a0002246,2246,Bowell,Bowell,48.424,3.585242939,2872.722341,OMB,DES=+2002246,1998-01-12-19-39-58,2000-01-01-00-00-00
a0000125,125,Liberatrix,Либератрикс ,48.418,2.530915966,1660.582728,MBA,DES=+2000125,1998-11-11-20-30-14,2000-01-01-00-00-00
a0002393,2393,Suzuki,Suzuki,48.406,2.606836003,2116.881806,OMB,DES=+2002393,1998-07-20-18-42-33,2000-01-01-00-00-00
a0005283,5283,Pyrrhus,Pyrrhus,48.356,4.425049766,4332.576837,GRK,DES=+2005283,1997-01-12-20-32-22,2000-01-01-00-00-00
a0000628,628,Christine,Christine,48.239,2.46758909,1514.602463,MBA,DES=+2000628,1998-12-18-08-23-07,2000-01-01-00-00-00
a0004946,4946,Askalaphus,Askalaphus,48.209,5.05022152,4478.892442,GRK,DES=+2004946,1996-12-07-06-38-45,2000-01-01-00-00-00
a0000580,580,Selene,Selene,48.204,2.953908159,2121.179775,OMB,DES=+2000580,1998-07-19-16-55-17,2000-01-01-00-00-00
a0005209,5209,5209,5209,48.197,4.935817925,4322.721767,GRK,DES=+2005209,1997-01-15-07-40-11,2000-01-01-00-00-00
a0022149,22149,22149,22149,48.19,4.929489492,4282.299322,GRK,DES=+2022149,1997-01-25-10-12-16,2000-01-01-00-00-00
a0006984,6984,Lewiscarroll,Lewiscarroll,48.056,3.227314939,2892.747597,OMB,DES=+2006984,1998-01-07-19-30-52,2000-01-01-00-00-00
a0032496,32496,,,48.017,4.860542487,4422.229146,TJN,DES=+2032496,1996-12-21-10-37-32,2000-01-01-00-00-00
a0001614,1614,Goldschmidt,Goldschmidt,48.007,2.787968403,1894.860059,MBA,DES=+2001614,1998-09-14-06-50-23,2000-01-01-00-00-00
a0005120,5120,Bitias,Bitias,47.987,4.687348564,4423.317918,TJN,DES=+2005120,1996-12-21-04-05-34,2000-01-01-00-00-00
a0000828,828,Lindemannia,Lindemannia,47.891,3.10120964,2081.451554,MBA,DES=+2000828,1998-07-29-15-17-27,2000-01-01-00-00-00
a0003614,3614,Tumilty,Tumilty,47.829,2.597774484,1879.797401,MBA,DES=+2003614,1998-09-18-01-12-57,2000-01-01-00-00-00
a0012714,12714,Alkimos,Alkimos,47.819,5.046388542,4372.260434,GRK,DES=+2012714,1997-01-02-22-26-16,2000-01-01-00-00-00
a0000737,737,Arequipa,Arequipa,47.804,1.954348347,1522.035408,MBA,DES=+2000737,1998-12-16-11-47-16,2000-01-01-00-00-00
a0001000,1000,Piazzia,Piazzia,47.78,2.35113824,2062.50336,MBA,DES=+2001000,1998-08-03-08-58-48,2000-01-01-00-00-00
a0001054,1054,Forsytia,Forsytia,47.78,2.531604667,1825.330197,MBA,DES=+2001054,1998-10-01-16-01-08,2000-01-01-00-00-00
a0001197,1197,Rhodesia,Rhodesia,47.741,2.221514602,1792.285669,MBA,DES=+2001197,1998-10-09-22-17-10,2000-01-01-00-00-00
a0000305,305,Gordonia,Gordonia,47.739,2.484769276,1982.448196,MBA,DES=+2000305,1998-08-23-09-18-39,2000-01-01-00-00-00
a0007352,7352,7352,7352,47.731,4.937030022,4244.447401,TJN,DES=+2007352,1997-02-03-21-18-58,2000-01-01-00-00-00
a0019737,19737,19737,19737,47.698,2.885837471,1971.396421,MBA,DES=+2019737,1998-08-26-03-37-18,2000-01-01-00-00-00
a0001870,1870,Glaukos,Glaukos,47.649,5.073025441,4387.613776,TJN,DES=+2001870,1996-12-30-02-19-04,2000-01-01-00-00-00
a0001242,1242,Zambesia,Zambesia,47.594,2.217659167,1653.445239,MBA,DES=+2001242,1998-11-13-15-19-43,2000-01-01-00-00-00
a0000573,573,Recha,Recha,47.582,2.680447015,1914.79538,MBA,DES=+2000573,1998-09-09-07-13-40,2000-01-01-00-00-00
a0001271,1271,Isergina,Isergina,47.524,2.763302742,2033.219834,MBA,DES=+2001271,1998-08-10-16-40-52,2000-01-01-00-00-00
a0001295,1295,Deflotte,Deflotte,47.407,2.970317868,2276.956867,OMB,DES=+2001295,1998-06-10-18-15-32,2000-01-01-00-00-00
a0001191,1191,Alfaterna,Альфатерна,47.397,2.756972134,1796.604302,MBA,DES=+2001191,1998-10-08-20-22-28,2000-01-01-00-00-00
a0031342,31342,31342,31342,47.396,4.826413167,4362.013386,TJN,DES=+2031342,1997-01-05-11-55-12,2000-01-01-00-00-00
a0000306,306,Unitas,Unitas,47.2,2.002368883,1322.492861,MBA,DES=+2000306,1999-02-04-09-02-34,2000-01-01-00-00-00
a0000799,799,Gudula,Gudula,47.185,2.484518031,1480.185491,MBA,DES=+2000799,1998-12-26-22-53-14,2000-01-01-00-00-00
a0000285,285,Regina,Регина,47.156,2.454063584,1982.104708,MBA,DES=+2000285,1998-08-23-11-22-19,2000-01-01-00-00-00
a0000742,742,Edisona,Эдисона,47.087,2.658928565,1910.568473,MBA,DES=+2000742,1998-09-10-08-35-21,2000-01-01-00-00-00
a0001578,1578,Kirkwood,Kirkwood,47.077,2.982556282,2837.889857,OMB,DES=+2001578,1998-01-21-12-39-40,2000-01-01-00-00-00
a0001308,1308,Halleria,Halleria,46.951,2.875798848,1812.73772,MBA,DES=+2001308,1998-10-04-19-34-26,2000-01-01-00-00-00
a0002266,2266,Tchaikovsky,Чайковский,46.94,2.783557064,2290.648902,OMB,DES=+2002266,1998-06-07-08-06-24,2000-01-01-00-00-00
a0001579,1579,Herrick,Herrick,46.925,3.005580254,2329.525826,OMB,DES=+2001579,1998-05-28-14-50-43,2000-01-01-00-00-00
a0000432,432,Pythia,Pythia,46.9,2.022461834,1331.531344,MBA,DES=+2000432,1999-02-02-02-48-42,2000-01-01-00-00-00
a0001771,1771,Makover,Makover,46.886,2.577564329,2015.947427,MBA,DES=+2001771,1998-08-15-00-18-56,2000-01-01-00-00-00
a0001010,1010,Marlene,Марлена,46.876,2.627522336,1833.222219,MBA,DES=+2001010,1998-09-29-16-40-01,2000-01-01-00-00-00
a0001332,1332,Marconia,Маркония,46.796,2.658314553,1957.992748,MBA,DES=+2001332,1998-08-29-12-02-37,2000-01-01-00-00-00
a0002951,2951,Perepadin,Перепадин,46.653,2.776814768,2026.781907,MBA,DES=+2002951,1998-08-12-07-18-31,2000-01-01-00-00-00
a0002494,2494,Inge,Inge,46.628,2.946677144,2049.988441,MBA,DES=+2002494,1998-08-06-12-04-10,2000-01-01-00-00-00
a0000803,803,Picka,Picka,46.5,2.988793084,2088.542723,MBA,DES=+2000803,1998-07-27-20-44-38,2000-01-01-00-00-00
a0004138,4138,Kalchas,Kalchas,46.462,4.938071866,4286.357807,GRK,DES=+2004138,1997-01-24-09-51-13,2000-01-01-00-00-00
bK10BB8K,500031,500031,500031,46.4,6.090848785,2803930.36,TNO,DES=+3547316,1990-01-01-00-00-00,2000-01-01-00-00-00
a0001227,1227,Geranium,Geranium,46.269,2.601388422,2110.261386,OMB,DES=+2001227,1998-07-22-10-25-55,2000-01-01-00-00-00
a0000406,406,Erna,Erna,46.266,2.39683755,1822.158724,MBA,DES=+2000406,1998-10-02-11-02-52,2000-01-01-00-00-00
a0003906,3906,Chao,Chao,46.247,2.730312675,1835.285783,MBA,DES=+2003906,1998-09-29-04-17-08,2000-01-01-00-00-00
a0000312,312,Pierretta,Pierretta,46.191,2.338233532,1694.970247,MBA,DES=+2000312,1998-11-03-06-10-43,2000-01-01-00-00-00
a0002976,2976,Lautaro,Lautaro,46.184,2.854748308,2228.931216,OMB,DES=+2002976,1998-06-22-18-24-46,2000-01-01-00-00-00
a0001359,1359,Prieska,Prieska,46.096,2.905225941,2012.032033,MBA,DES=+2001359,1998-08-15-23-48-29,2000-01-01-00-00-00
a0003694,3694,Sharon,Шарон,46.036,3.122924509,2844.966798,OMB,DES=+2003694,1998-01-19-18-11-58,2000-01-01-00-00-00
a0001127,1127,Mimi,Мими,46.006,1.9083875,1526.762593,MBA,DES=+2001127,1998-12-15-07-25-28,2000-01-01-00-00-00
a0002067,2067,Aksnes,Aksnes,46.003,3.243903356,2883.192463,OMB,DES=+2002067,1998-01-10-04-50-43,2000-01-01-00-00-00
a0023958,23958,23958,23958,46.001,4.716207334,4370.412795,GRK,DES=+2023958,1997-01-03-09-31-25,2000-01-01-00-00-00
a0004828,4828,Misenus,Misenus,45.954,4.947033076,4287.467277,TJN,DES=+2004828,1997-01-24-03-11-48,2000-01-01-00-00-00
a0003025,3025,Higson,Хигсон,45.83,2.922414638,2088.778003,MBA,DES=+2003025,1998-07-27-19-19-56,2000-01-01-00-00-00
a0001211,1211,Bressole,Bressole,45.809,2.455241285,1829.008326,MBA,DES=+2001211,1998-09-30-17-57-01,2000-01-01-00-00-00
a0020424,20424,20424,20424,45.804,4.539915819,4347.90952,GRK,DES=+2020424,1997-01-09-00-32-36,2000-01-01-00-00-00
a0000482,482,Petrina,Петрина,45.751,2.707537282,1897.441015,MBA,DES=+2000482,1998-09-13-15-21-15,2000-01-01-00-00-00
a0005316,5316,Filatov,Филатов,45.693,3.09672237,2054.825803,MBA,DES=+2005316,1998-08-05-07-02-43,2000-01-01-00-00-00
a0000280,280,Philia,Philia,45.69,2.618118065,1842.226309,MBA,DES=+2000280,1998-09-27-10-38-32,2000-01-01-00-00-00
a0005603,5603,Rausudake,Rausudake,45.688,3.765334656,2898.370482,OMB,DES=+2005603,1998-01-06-09-46-38,2000-01-01-00-00-00
a0004057,4057,Demophon,Demophon,45.683,4.637360804,4407.430264,GRK,DES=+2004057,1996-12-25-03-25-08,2000-01-01-00-00-00
a0001258,1258,Sicilia,Sicilia,45.669,3.048379439,2077.703411,MBA,DES=+2001258,1998-07-30-13-46-47,2000-01-01-00-00-00
a0000543,543,Charlotte,Шарлотта,45.613,2.585373381,1952.329848,MBA,DES=+2000543,1998-08-30-22-01-16,2000-01-01-00-00-00
a0001596,1596,Itzigsohn,Itzigsohn,45.534,2.512773333,1794.101974,MBA,DES=+2001596,1998-10-09-11-23-18,2000-01-01-00-00-00
a0004501,4501,Eurypylos,Eurypylos,45.524,4.937705504,4344.401549,GRK,DES=+2004501,1997-01-09-21-35-28,2000-01-01-00-00-00
a0004007,4007,Euryalos,Euryalos,45.515,4.888677299,4302.594249,GRK,DES=+2004007,1997-01-20-08-26-06,2000-01-01-00-00-00
a0004112,4112,Hrabal,Hrabal,45.507,2.996503471,2010.75389,MBA,DES=+2004112,1998-08-16-07-28-36,2000-01-01-00-00-00
a0000234,234,Barbara,Барбара,45.476,1.800361567,1346.129541,MBA,DES=+2000234,1999-01-29-11-13-21,2000-01-01-00-00-00
a0000856,856,Backlunda,Backlunda,45.449,2.14626892,1388.683511,MBA,DES=+2000856,1999-01-18-19-53-56,2000-01-01-00-00-00
a0011397,11397,11397,11397,45.431,4.929094158,4394.174607,GRK,DES=+2011397,1996-12-28-10-57-10,2000-01-01-00-00-00
a0000931,931,Whittemora,Whittemora,45.298,2.432702574,2060.396041,MBA,DES=+2000931,1998-08-03-21-37-26,2000-01-01-00-00-00
a0000123,123,Brunhild,Брунхильда,45.209,2.37018992,1615.890139,MBA,DES=+2000123,1998-11-23-00-39-33,2000-01-01-00-00-00
a0000959,959,Arne,Arne,45.176,2.475970444,2069.716029,MBA,DES=+2000959,1998-08-01-13-42-14,2000-01-01-00-00-00
a0000507,507,Laodica,Laodica,45.17,2.837666977,2046.262625,MBA,DES=+2000507,1998-08-07-10-25-28,2000-01-01-00-00-00
a0000958,958,Asplinda,Asplinda,45.117,3.245562842,2904.027913,OMB,DES=+2000958,1998-01-04-23-49-58,2000-01-01-00-00-00
a0001524,1524,Joensuu,Joensuu,45.056,2.727975202,2000.993041,MBA,DES=+2001524,1998-08-18-18-02-31,2000-01-01-00-00-00
a0001748,1748,Mauderli,Mauderli,44.908,3.086221973,2876.600428,OMB,DES=+2001748,1998-01-11-20-23-51,2000-01-01-00-00-00
a0017365,17365,17365,17365,44.904,4.866218082,4421.400807,TJN,DES=+2017365,1996-12-21-15-35-44,2000-01-01-00-00-00
a0002731,2731,Cucula,Cucula,44.841,2.587036291,2081.531435,MBA,DES=+2002731,1998-07-29-14-48-42,2000-01-01-00-00-00
a0000526,526,Jena,Jena,44.84,2.703995252,2014.791943,MBA,DES=+2000526,1998-08-15-07-14-55,2000-01-01-00-00-00
a0000126,126,Velleda,Веледа,44.82,2.178675765,1390.776168,MBA,DES=+2000126,1999-01-18-07-20-34,2000-01-01-00-00-00
a0001113,1113,Katja,Katja,44.792,2.668807229,2002.950466,MBA,DES=+2001113,1998-08-18-06-17-50,2000-01-01-00-00-00
a0000888,888,Parysatis,Parysatis,44.749,2.182960804,1628.198684,MBA,DES=+2000888,1998-11-19-22-48-29,2000-01-01-00-00-00
a0005259,5259,Epeigeus,Epeigeus,44.741,4.820357111,4333.931161,GRK,DES=+2005259,1997-01-12-12-24-48,2000-01-01-00-00-00
a0002621,2621,Goto,Goto,44.723,2.538227633,1973.873055,MBA,DES=+2002621,1998-08-25-12-45-43,2000-01-01-00-00-00
a0000374,374,Burgundia,Burgundia,44.67,2.558612326,1693.122996,MBA,DES=+2000374,1998-11-03-17-15-44,2000-01-01-00-00-00
a0001057,1057,Wanda,Wanda,44.657,2.180380422,1797.725642,MBA,DES=+2001057,1998-10-08-13-38-47,2000-01-01-00-00-00
a0001859,1859,Kovalevskaya,Ковалевская,44.634,2.892981363,2100.911402,OMB,DES=+2001859,1998-07-24-18-31-54,2000-01-01-00-00-00
a0000073,73,Klytia,Клития,44.59,2.55040502,1588.892555,MBA,DES=+2000073,1998-11-29-18-38-41,2000-01-01-00-00-00
a0002152,2152,Hannibal,Hannibal,44.559,2.436837245,2017.993683,MBA,DES=+2002152,1998-08-14-12-02-17,2000-01-01-00-00-00
a0030705,30705,Idaios,Идей,44.546,4.893427183,4332.442724,TJN,DES=+2030705,1997-01-12-21-20-39,2000-01-01-00-00-00
a0000582,582,Olympia,Olympia,44.347,2.029516151,1540.395436,MBA,DES=+2000582,1998-12-11-21-37-39,2000-01-01-00-00-00
a0003431,3431,Nakano,Nakano,44.339,2.947659351,1988.296847,MBA,DES=+2003431,1998-08-21-22-13-09,2000-01-01-00-00-00
a0000339,339,Dorothea,Доротея,44.329,2.718542914,1910.356269,MBA,DES=+2000339,1998-09-10-09-51-45,2000-01-01-00-00-00
a0328884,328884,,,44.2,9.14353575,17572.13821,CEN,DES=+2328884,1990-01-01-00-00-00,2000-01-01-00-00-00
a0336756,336756,,,44.2,9.397313565,1804568.606,TNO,DES=+2336756,1990-01-01-00-00-00,2000-01-01-00-00-00
a0000395,395,Delia,Delia,44.189,2.546904897,1696.672632,MBA,DES=+2000395,1998-11-02-19-57-52,2000-01-01-00-00-00
a0000623,623,Chimaera,Chimaera,44.09,2.18262488,1409.983153,MBA,DES=+2000623,1999-01-13-12-06-03,2000-01-01-00-00-00
a0000726,726,Joella,Joella,44.02,1.835361381,1501.407926,MBA,DES=+2000726,1998-12-21-15-33-09,2000-01-01-00-00-00
a0000359,359,Georgia,Georgia,43.89,2.297866882,1645.050415,MBA,DES=+2000359,1998-11-15-17-41-52,2000-01-01-00-00-00
a0001540,1540,Kevola,Kevola,43.875,2.603254362,1754.936221,MBA,DES=+2001540,1998-10-19-06-22-58,2000-01-01-00-00-00
a0016560,16560,Daitor,Дайтор,43.861,4.847658409,4151.808869,TJN,DES=+2016560,1997-02-27-01-08-50,2000-01-01-00-00-00
a0000592,592,Bathseba,Bathseba,43.787,2.619476377,1918.426069,MBA,DES=+2000592,1998-09-08-09-26-37,2000-01-01-00-00-00
a0001304,1304,Arosa,Arosa,43.613,2.820087718,2086.914016,MBA,DES=+2001304,1998-07-28-06-30-58,2000-01-01-00-00-00
a0000461,461,Saskia,Saskia,43.603,2.688539245,2021.899979,MBA,DES=+2000461,1998-08-13-12-36-01,2000-01-01-00-00-00
a0000796,796,Sarita,Sarita,43.58,1.790088001,1561.197991,MBA,DES=+2000796,1998-12-06-16-48-44,2000-01-01-00-00-00
a0000842,842,Kerstin,Kerstin,43.576,2.860906845,2131.467585,OMB,DES=+2000842,1998-07-17-03-11-41,2000-01-01-00-00-00
a0001721,1721,Wells,Wells,43.576,2.99514592,2038.945037,MBA,DES=+2001721,1998-08-09-06-19-48,2000-01-01-00-00-00
a0015977,15977,,,43.53,4.936347606,4307.467338,TJN,DES=+2015977,1997-01-19-03-11-47,2000-01-01-00-00-00
a0000383,383,Janina,Janina,43.482,2.614734918,2032.059651,MBA,DES=+2000383,1998-08-10-23-38-32,2000-01-01-00-00-00
a0001421,1421,Esperanto,Esperanto,43.31,2.82804565,1983.27386,MBA,DES=+2001421,1998-08-23-04-21-25,2000-01-01-00-00-00
a0001024,1024,Hale,Hale,43.274,2.230966093,1776.247583,MBA,DES=+2001024,1998-10-13-22-30-53,2000-01-01-00-00-00
a0000936,936,Kunigunde,Kunigunde,43.227,2.57829441,2026.224874,MBA,DES=+2000936,1998-08-12-10-39-03,2000-01-01-00-00-00
a0000060,60,Echo,Эхо,43.218,1.950790244,1351.517772,MBA,DES=+2000060,1999-01-28-02-53-36,2000-01-01-00-00-00
a0000798,798,Ruth,Ruth,43.19,2.907805764,1912.537041,MBA,DES=+2000798,1998-09-09-20-46-40,2000-01-01-00-00-00
a0014690,14690,,,43.169,5.042621129,4337.3071,GRK,DES=+2014690,1997-01-11-16-09-28,2000-01-01-00-00-00
a0003036,3036,Krat,Krat,43.101,2.890380131,2101.670427,OMB,DES=+2003036,1998-07-24-13-58-39,2000-01-01-00-00-00
a0002356,2356,Hirons,Хирон,43.072,3.103444576,2123.276572,OMB,DES=+2002356,1998-07-19-04-20-27,2000-01-01-00-00-00
a0000767,767,Bondia,Bondia,43.039,2.554285273,2015.15078,MBA,DES=+2000767,1998-08-15-05-05-44,2000-01-01-00-00-00
a0000701,701,Oriola,Oriola,42.943,2.912952873,1911.388036,MBA,DES=+2000701,1998-09-10-03-40-19,2000-01-01-00-00-00
a0007543,7543,Prylis,Prylis,42.893,4.865431587,4322.616024,GRK,DES=+2007543,1997-01-15-08-18-15,2000-01-01-00-00-00
a0003578,3578,Carestia,Carestia,42.882,2.556383831,2106.23148,OMB,DES=+2003578,1998-07-23-10-36-41,2000-01-01-00-00-00
a0000132,132,Aethra,Эфра,42.87,1.591705274,1538.468545,MCA,DES=+2000132,1998-12-12-09-11-20,2000-01-01-00-00-00
a0076867,76867,,,42.849,5.017493341,4292.738186,TJN,DES=+2076867,1997-01-22-19-34-17,2000-01-01-00-00-00
a0000692,692,Hippodamia,Hippodamia,42.771,2.814247993,2275.93083,OMB,DES=+2000692,1998-06-11-00-24-55,2000-01-01-00-00-00
a0004827,4827,Dares,Dares,42.77,4.898063802,4236.668783,TJN,DES=+2004827,1997-02-05-19-59-16,2000-01-01-00-00-00
a0002025,2025,Nortia,Nortia,42.769,2.807805123,2055.363,MBA,DES=+2002025,1998-08-05-03-49-20,2000-01-01-00-00-00
a0018046,18046,,,42.736,4.906452723,4340.773001,TJN,DES=+2018046,1997-01-10-19-21-45,2000-01-01-00-00-00
a0001647,1647,Menelaus,Menelaus,42.716,5.100999293,4346.051699,GRK,DES=+2001647,1997-01-09-11-41-25,2000-01-01-00-00-00
a0000829,829,Academia,Academia,42.685,2.327329432,1515.203813,MBA,DES=+2000829,1998-12-18-04-46-38,2000-01-01-00-00-00
a0001678,1678,Hveen,Hveen,42.665,2.810502018,2050.773116,MBA,DES=+2001678,1998-08-06-07-21-41,2000-01-01-00-00-00
a0019020,19020,,,42.613,4.625095209,4347.407664,TJN,DES=+2019020,1997-01-09-03-33-16,2000-01-01-00-00-00
a0001082,1082,Pirola,Pirola,42.607,2.554685335,2013.269593,MBA,DES=+2001082,1998-08-15-16-22-57,2000-01-01-00-00-00
a0002326,2326,Tololo,Tololo,42.55,2.407304961,1767.093634,MBA,DES=+2002326,1998-10-16-05-26-18,2000-01-01-00-00-00
a0007815,7815,Dolon,Dolon,42.516,4.965503697,4423.615762,TJN,DES=+2007815,1996-12-21-02-18-21,2000-01-01-00-00-00
a0000882,882,Swetlana,Swetlana,42.44,2.292217174,2017.769314,MBA,DES=+2000882,1998-08-14-13-23-03,2000-01-01-00-00-00
a0001285,1285,Julietta,Julietta,42.43,2.831762621,1889.381009,MBA,DES=+2001285,1998-09-15-15-42-51,2000-01-01-00-00-00
a0001369,1369,Ostanina,Ostanina,42.401,2.462713855,2012.781488,MBA,DES=+2001369,1998-08-15-19-18-40,2000-01-01-00-00-00
a0001669,1669,Dagmar,Dagmar,42.377,2.794775977,2033.212221,MBA,DES=+2001669,1998-08-10-16-43-37,2000-01-01-00-00-00
a0001542,1542,Schalen,Schalen,42.374,2.734154109,1987.866576,MBA,DES=+2001542,1998-08-22-00-48-02,2000-01-01-00-00-00
a0001096,1096,Reunerta,Reunerta,42.333,2.094697627,1531.251671,MBA,DES=+2001096,1998-12-14-04-29-24,2000-01-01-00-00-00
a0009142,9142,Rhesus,Rhesus,42.306,4.4960952,4291.793201,TJN,DES=+2009142,1997-01-23-01-14-28,2000-01-01-00-00-00
a0000660,660,Crescentia,Crescentia,42.302,2.259420274,1472.457718,MBA,DES=+2000660,1998-12-28-21-15-14,2000-01-01-00-00-00
a0001162,1162,Larissa,Ларисса,42.243,3.511547683,2848.034806,OMB,DES=+2001162,1998-01-18-23-47-29,2000-01-01-00-00-00
a0015539,15539,,,42.208,5.074684067,4451.233004,GRK,DES=+2015539,1996-12-14-04-36-09,2000-01-01-00-00-00
a0000844,844,Leontina,Leontina,42.154,2.981538001,2093.471998,OMB,DES=+2000844,1998-07-26-15-10-05,2000-01-01-00-00-00
a0006372,6372,Walker,Walker,42.129,2.672540429,2074.100348,MBA,DES=+2006372,1998-07-31-11-23-53,2000-01-01-00-00-00
a0000542,542,Susanna,Susanna,42.117,2.496007763,1809.954087,MBA,DES=+2000542,1998-10-05-12-16-32,2000-01-01-00-00-00
a0001200,1200,Imperatrix,Imperatrix,42.006,2.742137326,1959.732295,MBA,DES=+2001200,1998-08-29-01-36-23,2000-01-01-00-00-00
a0005041,5041,Theotes,Theotes,41.899,5.004326728,4314.507733,GRK,DES=+2005041,1997-01-17-08-57-14,2000-01-01-00-00-00
a0001128,1128,Astrid,Astrid,41.851,2.660991992,1699.077165,MBA,DES=+2001128,1998-11-02-05-32-14,2000-01-01-00-00-00
a0001354,1354,Botha,Botha,41.732,2.447872518,2018.773817,MBA,DES=+2001354,1998-08-14-07-21-26,2000-01-01-00-00-00
a0002235,2235,Vittore,Vittore,41.688,2.515876799,2095.179899,OMB,DES=+2002235,1998-07-26-04-55-15,2000-01-01-00-00-00
a0001564,1564,Srbija,Srbija,41.681,2.546971351,2064.889501,MBA,DES=+2001564,1998-08-02-18-39-47,2000-01-01-00-00-00
a0000688,688,Melanie,Melanie,41.614,2.3207645,1618.787778,MBA,DES=+2000688,1998-11-22-07-16-25,2000-01-01-00-00-00
a0002376,2376,Martynov,Мартынов,41.583,2.827374426,2094.65219,OMB,DES=+2002376,1998-07-26-08-05-13,2000-01-01-00-00-00
a0011554,11554,Asios,Asios,41.561,4.934831741,4414.41828,TJN,DES=+2011554,1996-12-23-09-29-27,2000-01-01-00-00-00
a0000493,493,Griseldis,Griseldis,41.55,2.569992957,2010.896198,MBA,DES=+2000493,1998-08-16-06-37-23,2000-01-01-00-00-00
a0013183,13183,,,41.483,4.742343378,4348.890414,GRK,DES=+2013183,1997-01-08-18-39-29,2000-01-01-00-00-00
a0005638,5638,Deikoon,Deikoon,41.455,4.681870704,4388.345406,TJN,DES=+2005638,1996-12-29-21-55-41,2000-01-01-00-00-00
a0002291,2291,Kevo,Kevo,41.429,2.845355212,1939.493272,MBA,DES=+2002291,1998-09-03-03-02-26,2000-01-01-00-00-00
a0002829,2829,Bobhope,Bobhope,41.361,2.508934944,1982.480317,MBA,DES=+2002829,1998-08-23-09-07-06,2000-01-01-00-00-00
a0001194,1194,Aletta,Aletta,41.358,2.647385331,1816.797378,MBA,DES=+2001194,1998-10-03-19-12-57,2000-01-01-00-00-00
a0000714,714,Ulula,Ulula,41.343,2.390606084,1474.321714,MBA,DES=+2000714,1998-12-28-10-04-11,2000-01-01-00-00-00
a0000830,830,Petropolitana,Petropolitana,41.328,3.003567977,2101.144629,OMB,DES=+2000830,1998-07-24-17-07-57,2000-01-01-00-00-00
a0003176,3176,Paolicchi,Paolicchi,41.327,2.783752086,1780.768806,MBA,DES=+2003176,1998-10-12-19-23-14,2000-01-01-00-00-00
a0001599,1599,Giomus,Giomus,41.295,2.678748798,2020.427583,MBA,DES=+2001599,1998-08-13-21-26-05,2000-01-01-00-00-00
a0000755,755,Quintilla,Quintilla,41.21,2.744487735,2073.277773,MBA,DES=+2000755,1998-07-31-16-20-01,2000-01-01-00-00-00
a0000515,515,Athalia,Athalia,41.19,2.572666425,2012.81054,MBA,DES=+2000515,1998-08-15-19-08-13,2000-01-01-00-00-00
a0001284,1284,Latvia,Latvia,41.128,2.192105191,1571.24542,MBA,DES=+2001284,1998-12-04-04-31-39,2000-01-01-00-00-00
a0011252,11252,Laertes,Laertes,41.093,4.983775778,4257.580781,GRK,DES=+2011252,1997-01-31-14-30-57,2000-01-01-00-00-00
a0000237,237,Coelestina,Целестина,41.08,2.566806183,1677.798504,MBA,DES=+2000237,1998-11-07-13-12-33,2000-01-01-00-00-00
a0000309,309,Fraternitas,Fraternitas,41.075,2.36246517,1589.071059,MBA,DES=+2000309,1998-11-29-17-34-26,2000-01-01-00-00-00
a0001008,1008,LaPaz,ЛаПаз,41.061,2.852696665,1986.406746,MBA,DES=+2001008,1998-08-22-09-33-35,2000-01-01-00-00-00
a0000766,766,Moguntia,Moguntia,41.044,2.728466191,1917.056215,MBA,DES=+2000766,1998-09-08-17-39-46,2000-01-01-00-00-00
a0000161,161,Athor,Атхор,40.992,2.051356907,1340.298344,MBA,DES=+2000161,1999-01-30-22-12-35,2000-01-01-00-00-00
a0017171,17171,,,40.946,4.714532192,4252.21736,TJN,DES=+2017171,1997-02-01-22-41-47,2000-01-01-00-00-00
a0000497,497,Iva,Iva,40.932,1.995067438,1758.731538,MBA,DES=+2000497,1998-10-18-07-36-39,2000-01-01-00-00-00
a0001337,1337,Gerarda,Gerarda,40.875,2.623667275,1814.282218,MBA,DES=+2001337,1998-10-04-10-18-25,2000-01-01-00-00-00
a0001484,1484,Postrema,Postrema,40.871,2.181062201,1655.170129,MBA,DES=+2001484,1998-11-13-04-58-46,2000-01-01-00-00-00
a0002208,2208,Pushkin,Pushkin,40.85,3.389649295,2388.83987,OMB,DES=+2002208,1998-05-13-18-57-39,2000-01-01-00-00-00
a0000500,500,Selinur,Selinur,40.828,2.237647207,1544.19036,MBA,DES=+2000500,1998-12-10-22-51-29,2000-01-01-00-00-00
a0000242,242,Kriemhild,Kriemhild,40.802,2.513057043,1767.345525,MBA,DES=+2000242,1998-10-16-03-55-37,2000-01-01-00-00-00
a0000537,537,Pauly,Pauly,40.732,2.372487607,1970.390914,MBA,DES=+2000537,1998-08-26-09-39-17,2000-01-01-00-00-00
a0024451,24451,,,40.666,4.606603741,4442.481219,TJN,DES=+2024451,1996-12-16-09-06-47,2000-01-01-00-00-00
a0031344,31344,Agathon,Агафон,40.645,5.150014086,4518.981805,TJN,DES=+2031344,1996-11-27-06-06-35,2000-01-01-00-00-00
a0000695,695,Bella,Bella,40.62,2.134828325,1478.747672,MBA,DES=+2000695,1998-12-27-07-30-51,2000-01-01-00-00-00
a0051365,51365,,,40.606,4.923446984,4359.200147,TJN,DES=+2051365,1997-01-06-04-47-58,2000-01-01-00-00-00
a0002145,2145,Blaauw,Blaauw,40.549,2.905567832,2111.823298,OMB,DES=+2002145,1998-07-22-01-03-37,2000-01-01-00-00-00
a0006002,6002,,,40.408,4.749437568,4362.535526,TJN,DES=+2006002,1997-01-05-08-47-14,2000-01-01-00-00-00
a0000332,332,Siri,Siri,40.37,2.529602137,1686.951769,MBA,DES=+2000332,1998-11-05-06-17-22,2000-01-01-00-00-00
a0029943,29943,,,40.347,2.637818741,2014.570264,MBA,DES=+2029943,1998-08-15-08-34-43,2000-01-01-00-00-00
a0000418,418,Alemannia,Alemannia,40.33,2.282236662,1524.666071,MBA,DES=+2000418,1998-12-15-20-00-13,2000-01-01-00-00-00
a0001092,1092,Lilium,Lilium,40.276,2.654169868,1804.10036,MBA,DES=+2001092,1998-10-06-23-23-53,2000-01-01-00-00-00
a0001841,1841,Masaryk,Masaryk,40.24,3.079875914,2313.264142,OMB,DES=+2001841,1998-06-01-16-24-55,2000-01-01-00-00-00
a0000118,118,Peitho,Пейто,40.211,2.035757905,1389.36449,MBA,DES=+2000118,1999-01-18-15-48-47,2000-01-01-00-00-00
a0001017,1017,Jacqueline,Jacqueline,40.152,2.400545522,1535.955893,MBA,DES=+2001017,1998-12-13-00-15-53,2000-01-01-00-00-00
a0002307,2307,Garuda,Garuda,40.139,2.879984165,1943.46672,MBA,DES=+2002307,1998-09-02-03-11-59,2000-01-01-00-00-00
a0000661,661,Cloelia,Cloelia,40.081,2.9142895,1915.499158,MBA,DES=+2000661,1998-09-09-03-00-19,2000-01-01-00-00-00
a0000519,519,Sylvania,Sylvania,40.078,2.280329314,1703.542712,MBA,DES=+2000519,1998-11-01-02-44-38,2000-01-01-00-00-00
a0000208,208,Lacrimosa,Лакримоза,40.056,2.856633971,1796.501633,MBA,DES=+2000208,1998-10-08-20-59-25,2000-01-01-00-00-00
a0001838,1838,Ursa,Урсина,40.054,3.167711004,2106.291488,OMB,DES=+2001838,1998-07-23-10-15-04,2000-01-01-00-00-00
a0002826,2826,Ahti,Ahti,39.975,3.064565375,2112.920861,OMB,DES=+2002826,1998-07-21-18-28-30,2000-01-01-00-00-00
a0001776,1776,Kuiper,Kuiper,39.952,3.060350119,2000.176438,MBA,DES=+2001776,1998-08-18-22-56-29,2000-01-01-00-00-00
a0000167,167,Urda,Урда,39.935,2.745850964,1759.601122,MBA,DES=+2000167,1998-10-18-02-23-36,2000-01-01-00-00-00
a0005025,5025,,,39.843,4.807048412,4328.702337,GRK,DES=+2005025,1997-01-13-19-47-11,2000-01-01-00-00-00
a0001237,1237,Genevieve,Genevieve,39.81,2.413446258,1542.029467,MBA,DES=+2001237,1998-12-11-11-49-24,2000-01-01-00-00-00
a0005511,5511,Cloanthus,Cloanthus,39.773,4.631184192,4385.48776,TJN,DES=+2005511,1996-12-30-15-04-26,2000-01-01-00-00-00
a0007152,7152,Euneus,Euneus,39.77,4.826816481,4274.804023,GRK,DES=+2007152,1997-01-27-07-10-35,2000-01-01-00-00-00
a0015535,15535,,,39.767,4.74329013,4303.243875,GRK,DES=+2015535,1997-01-20-04-32-14,2000-01-01-00-00-00
a0022180,22180,,,39.753,4.814805896,4305.18499,TJN,DES=+2022180,1997-01-19-16-53-26,2000-01-01-00-00-00
a0000351,351,Yrsa,Yrsa,39.72,2.342253316,1682.098534,MBA,DES=+2000351,1998-11-06-11-24-32,2000-01-01-00-00-00
a0001112,1112,Polonia,Polonia,39.661,2.696250495,1916.993151,MBA,DES=+2001112,1998-09-08-18-02-28,2000-01-01-00-00-00
a0000155,155,Scylla,Сцилла,39.605,1.992201154,1671.150402,MBA,DES=+2000155,1998-11-09-05-05-52,2000-01-01-00-00-00
a0000678,678,Fredegundis,Fredegundis,39.585,2.008577047,1507.065821,MBA,DES=+2000678,1998-12-20-05-36-19,2000-01-01-00-00-00
a0000399,399,Persephone,Persephone,39.566,2.824809769,1949.570496,MBA,DES=+2000399,1998-08-31-14-34-38,2000-01-01-00-00-00
a0001603,1603,Neva,Нева,39.564,2.491743121,1669.846181,MBA,DES=+2001603,1998-11-09-12-55-23,2000-01-01-00-00-00
a0001517,1517,Beograd,Белград,39.524,2.593331644,1635.806681,MBA,DES=+2001517,1998-11-18-01-09-36,2000-01-01-00-00-00
a0000182,182,Elsa,Эльза,39.52,1.965687816,1371.352859,MBA,DES=+2000182,1999-01-23-03-52-58,2000-01-01-00-00-00
a0002421,2421,Nininger,Nininger,39.505,3.095597542,2124.058684,OMB,DES=+2002421,1998-07-18-23-38-53,2000-01-01-00-00-00
a0022014,22014,,,39.487,4.612921557,4273.583588,GRK,DES=+2022014,1997-01-27-14-29-56,2000-01-01-00-00-00
a0000297,297,Caecilia,Caecilia,39.48,2.719880974,2060.372952,MBA,DES=+2000297,1998-08-03-21-45-45,2000-01-01-00-00-00
a0000467,467,Laura,Laura,39.471,2.635082152,1850.323145,MBA,DES=+2000467,1998-09-25-10-03-41,2000-01-01-00-00-00
a0000657,657,Gunlod,Gunlod,39.401,2.316754699,1541.965624,MBA,DES=+2000657,1998-12-11-12-12-23,2000-01-01-00-00-00
a0036267,36267,,,39.393,4.699091917,4306.149956,GRK,DES=+2036267,1997-01-19-11-06-02,2000-01-01-00-00-00
a0000474,474,Prudentia,Prudentia,39.356,1.93799178,1403.741226,MBA,DES=+2000474,1999-01-15-01-33-09,2000-01-01-00-00-00
a0000396,396,Aeolia,Aeolia,39.242,2.301482055,1657.184759,MBA,DES=+2000396,1998-11-12-16-53-30,2000-01-01-00-00-00
a0012052,12052,Aretaon,Aretaon,39.151,4.876883908,4376.717097,TJN,DES=+2012052,1997-01-01-19-41-52,2000-01-01-00-00-00
a0001070,1070,Tunica,Tunica,39.131,2.974528206,2121.535142,OMB,DES=+2001070,1998-07-19-14-47-21,2000-01-01-00-00-00
a0309139,309139,,,39.1,9.861663696,22983.41629,CEN,DES=+2309139,1990-01-01-00-00-00,2000-01-01-00-00-00
a0024506,24506,,,39.052,5.165013371,4482.356728,GRK,DES=+2024506,1996-12-06-09-51-36,2000-01-01-00-00-00
a0000151,151,Abundantia,Абунданция,39.037,2.505289572,1523.804551,MBA,DES=+2000151,1998-12-16-01-10-22,2000-01-01-00-00-00
a0000282,282,Clorinde,Clorinde,39.03,2.151961887,1307.465028,MBA,DES=+2000282,1999-02-08-03-12-35,2000-01-01-00-00-00
a0000158,158,Koronis,Коронида,39.025,2.722866698,1776.792539,MBA,DES=+2000158,1998-10-13-19-14-42,2000-01-01-00-00-00
a0001353,1353,Maartje,Maartje,39.013,2.718450917,1906.238915,MBA,DES=+2001353,1998-09-11-10-34-00,2000-01-01-00-00-00
a0032499,32499,,,38.923,4.341534688,4304.17887,TJN,DES=+2032499,1997-01-19-22-55-38,2000-01-01-00-00-00
a0001247,1247,Memoria,Memoria,38.906,2.581431925,2022.882242,MBA,DES=+2001247,1998-08-13-06-42-24,2000-01-01-00-00-00
a0250112,250112,,,38.9,8.588391523,16181.80726,CEN,DES=+2250112,1990-01-01-00-00-00,2000-01-01-00-00-00
a0001639,1639,Bower,Bower,38.855,2.184692198,1506.378225,MBA,DES=+2001639,1998-12-20-09-43-51,2000-01-01-00-00-00
a0002219,2219,Mannucci,Mannucci,38.814,2.78187749,2045.124152,MBA,DES=+2002219,1998-08-07-17-15-19,2000-01-01-00-00-00
a0005711,5711,Eneev,Eneev,38.81,3.296560399,2861.74483,OMB,DES=+2005711,1998-01-15-13-31-52,2000-01-01-00-00-00
a0000612,612,Veronika,Veronika,38.767,2.338651195,2046.819043,MBA,DES=+2000612,1998-08-07-07-05-09,2000-01-01-00-00-00
a0003171,3171,Wangshouguan,Wangshouguan,38.766,2.718652298,2071.758309,MBA,DES=+2003171,1998-08-01-01-27-01,2000-01-01-00-00-00
a0004460,4460,Bihoro,Bihoro,38.742,2.386657894,1824.885461,MBA,DES=+2004460,1998-10-01-18-41-15,2000-01-01-00-00-00
a0001116,1116,Catriona,Catriona,38.741,2.253169948,1825.288128,MBA,DES=+2001116,1998-10-01-16-16-17,2000-01-01-00-00-00
a0000863,863,Benkoela,Benkoela,38.724,3.109211276,2093.393812,OMB,DES=+2000863,1998-07-26-15-38-14,2000-01-01-00-00-00
a0000783,783,Nora,Nora,38.719,1.804174719,1309.353596,MBA,DES=+2000783,1999-02-07-15-52-42,2000-01-01-00-00-00
a0005374,5374,Hokutosei,Hokutosei,38.657,2.862289113,2068.086654,MBA,DES=+2005374,1998-08-01-23-28-49,2000-01-01-00-00-00
a0004317,4317,Garibaldi,Garibaldi,38.611,3.350602184,2915.722499,OMB,DES=+2004317,1998-01-02-01-39-55,2000-01-01-00-00-00
a0016956,16956,,,38.583,4.645213732,4370.419207,TJN,DES=+2016956,1997-01-03-09-29-07,2000-01-01-00-00-00
a0000991,991,McDonalda,McDonalda,38.556,2.642992228,2033.767018,MBA,DES=+2000991,1998-08-10-13-23-53,2000-01-01-00-00-00
a0000302,302,Clarissa,Clarissa,38.53,2.137179723,1362.526733,MBA,DES=+2000302,1999-01-25-08-50-22,2000-01-01-00-00-00
a0002448,2448,Sholokhov,Sholokhov,38.519,2.462526376,1702.40899,MBA,DES=+2002448,1998-11-01-09-32-46,2000-01-01-00-00-00
a0003631,3631,Sigyn,Sigyn,38.505,2.855995436,1989.537033,MBA,DES=+2003631,1998-08-21-14-46-41,2000-01-01-00-00-00
a0000189,189,Phthia,Фтия,38.49,2.362268132,1401.932271,MBA,DES=+2000189,1999-01-15-12-24-22,2000-01-01-00-00-00
a0001724,1724,Vladimir,Владимир,38.476,2.554218995,1630.114987,MBA,DES=+2001724,1998-11-19-11-18-37,2000-01-01-00-00-00
a0002069,2069,Hubble,Хаббл,38.471,2.560137726,2045.668271,MBA,DES=+2002069,1998-08-07-13-59-26,2000-01-01-00-00-00
a0007605,7605,Cindygraber,Cindygraber,38.463,2.919194515,2046.070819,MBA,DES=+2007605,1998-08-07-11-34-31,2000-01-01-00-00-00
a0000877,877,Walkure,Walkure,38.41,2.086511713,1431.673938,MBA,DES=+2000877,1999-01-08-01-57-22,2000-01-01-00-00-00
a0032475,32475,,,38.365,4.714553598,4346.972623,TJN,DES=+2032475,1997-01-09-06-09-53,2000-01-01-00-00-00
a0009431,9431,,,38.358,4.676451915,4228.493586,GRK,DES=+2009431,1997-02-07-21-02-20,2000-01-01-00-00-00
a0042187,42187,,,38.322,5.030781815,4338.685477,GRK,DES=+2042187,1997-01-11-07-53-15,2000-01-01-00-00-00
a0001357,1357,Khama,Khama,38.321,2.680526057,2074.027684,MBA,DES=+2001357,1998-07-31-11-50-03,2000-01-01-00-00-00
a0001765,1765,Wrubel,Wrubel,38.299,2.612565363,2066.797445,MBA,DES=+2001765,1998-08-02-07-12-56,2000-01-01-00-00-00
a0001999,1999,Hirayama,Hirayama,38.277,2.74952439,2006.45128,MBA,DES=+2001999,1998-08-17-09-17-33,2000-01-01-00-00-00
a0000577,577,Rhea,Rhea,38.234,2.626924288,2003.845219,MBA,DES=+2000577,1998-08-18-00-55-44,2000-01-01-00-00-00
a0005914,5914,Kathywhaler,Kathywhaler,38.097,3.227802039,2435.896029,OMB,DES=+2005914,1998-05-02-00-37-26,2000-01-01-00-00-00
a0000370,370,Modestia,Модестия,38.093,2.11173937,1294.253596,MBA,DES=+2000370,1999-02-11-10-28-42,2000-01-01-00-00-00
a0004196,4196,Shuya,Shuya,38.069,3.805443853,2845.985674,OMB,DES=+2004196,1998-01-19-12-05-10,2000-01-01-00-00-00
a0001794,1794,Finsen,Finsen,38.05,2.658283415,2022.966794,MBA,DES=+2001794,1998-08-13-06-11-58,2000-01-01-00-00-00
a0003803,3803,Tuchkova,Tuchkova,38.019,2.89390565,1945.347291,MBA,DES=+2003803,1998-09-01-15-54-59,2000-01-01-00-00-00
a0000627,627,Charis,Charis,38.018,2.73211952,1804.624676,MBA,DES=+2000627,1998-10-06-20-15-08,2000-01-01-00-00-00
a0000944,944,Hidalgo,Hidalgo,38,1.947440289,5024.292807,CEN,DES=+2000944,1996-07-23-22-14-37,2000-01-01-00-00-00
a0002148,2148,Epeios,Epeios,37.98,4.916534024,4350.263818,GRK,DES=+2002148,1997-01-08-10-25-03,2000-01-01-00-00-00
a0019844,19844,,,37.972,4.936263213,4322.780898,TJN,DES=+2019844,1997-01-15-07-18-54,2000-01-01-00-00-00
a0008060,8060,Anius,Anius,37.873,4.719602714,4325.15307,GRK,DES=+2008060,1997-01-14-17-04-55,2000-01-01-00-00-00
a0003391,3391,Sinon,Sinon,37.862,4.866688178,4460.726276,GRK,DES=+2003391,1996-12-11-19-38-34,2000-01-01-00-00-00
a0012242,12242,Koon,Koon,37.861,4.76080973,4210.469104,TJN,DES=+2012242,1997-02-12-09-11-09,2000-01-01-00-00-00
a0001687,1687,Glarona,Glarona,37.85,2.606792556,2052.435303,MBA,DES=+2001687,1998-08-05-21-23-18,2000-01-01-00-00-00
a0001456,1456,Saldanha,Saldanha,37.815,2.499776447,2096.821134,OMB,DES=+2001456,1998-07-25-19-04-24,2000-01-01-00-00-00
a0001081,1081,Reseda,Reseda,37.81,2.638406036,1989.255488,MBA,DES=+2001081,1998-08-21-16-28-02,2000-01-01-00-00-00
a0001298,1298,Nocturna,Nocturna,37.802,2.670320908,2024.610259,MBA,DES=+2001298,1998-08-12-20-20-19,2000-01-01-00-00-00
a0001693,1693,Hertzsprung,Hertzsprung,37.772,2.029736622,1707.289536,MBA,DES=+2001693,1998-10-31-04-15-47,2000-01-01-00-00-00
a0004707,4707,Khryses,Khryses,37.766,4.566028677,4324.221805,TJN,DES=+2004707,1997-01-14-22-40-11,2000-01-01-00-00-00
a0054656,54656,,,37.743,4.873172623,4428.019814,TJN,DES=+2054656,1996-12-19-23-52-54,2000-01-01-00-00-00
a0002127,2127,Tanya,Tanya,37.736,3.108258473,2101.879682,OMB,DES=+2002127,1998-07-24-12-43-19,2000-01-01-00-00-00
a0000456,456,Abnoba,Abnoba,37.713,2.290286479,1701.323933,MBA,DES=+2000456,1998-11-01-16-03-24,2000-01-01-00-00-00
a0002378,2378,Pannekoek,Pannekoek,37.702,2.477114613,1793.432011,MBA,DES=+2002378,1998-10-09-15-24-29,2000-01-01-00-00-00
a0148975,148975,,,37.7,9.372220869,57336.87806,CEN,DES=+2148975,1990-01-01-00-00-00,2000-01-01-00-00-00
a0005436,5436,Eumelos,Eumelos,37.696,4.80203612,4333.526694,GRK,DES=+2005436,1997-01-12-14-50-25,2000-01-01-00-00-00
a0001036,1036,Ganymed,Ганимед,37.675,1.243530494,1588.310094,AMO,DES=+2001036,1998-11-29-22-08-22,2000-01-01-00-00-00
a0000219,219,Thusnelda,Туснельда,37.674,1.828188895,1319.066394,MBA,DES=+2000219,1999-02-05-05-36-05,2000-01-01-00-00-00
a0011429,11429,Demodokus,Demodokus,37.63,5.098377682,4392.653192,GRK,DES=+2011429,1996-12-28-20-04-53,2000-01-01-00-00-00
a0000673,673,Edda,Edda,37.622,2.783604644,1724.333824,MBA,DES=+2000673,1998-10-26-21-59-50,2000-01-01-00-00-00
a0000239,239,Adrastea,Адрастея,37.609,2.269279047,1866.727998,MBA,DES=+2000239,1998-09-21-07-37-56,2000-01-01-00-00-00
a0000289,289,Nenetta,Nenetta,37.586,2.297208999,1781.480439,MBA,DES=+2000289,1998-10-12-15-07-03,2000-01-01-00-00-00
a0006997,6997,Laomedon,Laomedon,37.549,4.648928147,4300.194181,TJN,DES=+2006997,1997-01-20-22-50-07,2000-01-01-00-00-00
a0013832,13832,,,37.543,2.9876166,2257.671328,OMB,DES=+2013832,1998-06-15-13-58-20,2000-01-01-00-00-00
a0000169,169,Zelia,Зелия,37.517,2.049372347,1322.564127,MBA,DES=+2000169,1999-02-04-08-36-54,2000-01-01-00-00-00
a0001438,1438,Wendeline,Wendeline,37.511,2.407993842,2049.58187,MBA,DES=+2001438,1998-08-06-14-30-32,2000-01-01-00-00-00
a0001952,1952,Hesburgh,Hesburgh,37.501,2.662383538,2000.473679,MBA,DES=+2001952,1998-08-18-21-09-29,2000-01-01-00-00-00
a0001087,1087,Arabis,Арабис,37.498,2.729907718,1910.220203,MBA,DES=+2001087,1998-09-10-10-40-44,2000-01-01-00-00-00
a0001940,1940,Whipple,Whipple,37.481,2.868316833,1956.691306,MBA,DES=+2001940,1998-08-29-19-51-08,2000-01-01-00-00-00
a0000550,550,Senta,Senta,37.434,2.009333748,1520.130791,MBA,DES=+2000550,1998-12-16-23-12-55,2000-01-01-00-00-00
a0001633,1633,Chimay,Chimay,37.428,2.797251379,2083.454891,MBA,DES=+2001633,1998-07-29-03-16-15,2000-01-01-00-00-00
a0006237,6237,Chikushi,Chikushi,37.4,3.649384723,2852.994841,OMB,DES=+2006237,1998-01-17-18-01-52,2000-01-01-00-00-00
a0001320,1320,Impala,Impala,37.331,2.30739932,1891.148787,MBA,DES=+2001320,1998-09-15-05-06-27,2000-01-01-00-00-00
a0020898,20898,Fountainhills,Фаунтинхилс,37.31,2.25718554,3167.94388,OMB,DES=+2020898,1997-10-31-00-20-13,2000-01-01-00-00-00
a0004169,4169,Celsius,Celsius,37.303,2.842109087,2297.446119,OMB,DES=+2004169,1998-06-05-15-19-24,2000-01-01-00-00-00
a0000495,495,Eulalia,Eulalia,37.287,2.16867076,1433.752895,MBA,DES=+2000495,1999-01-07-13-28-57,2000-01-01-00-00-00
a0001582,1582,Martir,Martir,37.252,2.753604819,2046.887394,MBA,DES=+2001582,1998-08-07-06-40-33,2000-01-01-00-00-00
a0001910,1910,Mikhailov,Михайлов,37.201,2.882832394,1939.488889,MBA,DES=+2001910,1998-09-03-03-04-00,2000-01-01-00-00-00
a0001294,1294,Antwerpia,Antwerpia,37.199,2.057248613,1607.506085,MBA,DES=+2001294,1998-11-25-02-57-49,2000-01-01-00-00-00
a0003024,3024,Hainan,Hainan,37.189,2.96827636,2302.517386,OMB,DES=+2003024,1998-06-04-08-53-45,2000-01-01-00-00-00
a0001321,1321,Majuba,Majuba,37.137,2.438275592,1839.780194,MBA,DES=+2001321,1998-09-28-01-19-08,2000-01-01-00-00-00
a0008917,8917,Tianjindaxue,Tianjindaxue,37.122,3.002387333,2294.569406,OMB,DES=+2008917,1998-06-06-08-35-01,2000-01-01-00-00-00
a0011396,11396,,,37.109,4.87660085,4346.601186,GRK,DES=+2011396,1997-01-09-08-23-36,2000-01-01-00-00-00
a0011089,11089,,,37.047,5.078040526,4317.709735,TJN,DES=+2011089,1997-01-16-13-44-31,2000-01-01-00-00-00
a0000450,450,Brigitta,Бригитта,37.038,2.723840508,1913.6113,MBA,DES=+2000450,1998-09-09-14-19-56,2000-01-01-00-00-00
a0007588,7588,,,37.034,2.742330559,2103.553806,OMB,DES=+2007588,1998-07-24-02-40-38,2000-01-01-00-00-00
a0002725,2725,David Bender,David Bender,36.974,2.57497212,1929.904652,MBA,DES=+2002725,1998-09-05-12-34-20,2000-01-01-00-00-00
a0001470,1470,Carla,Carla,36.97,2.939450548,2050.686337,MBA,DES=+2001470,1998-08-06-07-52-56,2000-01-01-00-00-00
a0005012,5012,Eurymedon,Eurymedon,36.96,4.809985332,4413.835829,GRK,DES=+2005012,1996-12-23-12-59-08,2000-01-01-00-00-00
a0000136,136,Austria,Австрия,36.893,2.091509937,1262.727053,MBA,DES=+2000136,1999-02-19-07-38-15,2000-01-01-00-00-00
a0004014,4014,Heizman,Heizman,36.83,3.315619518,2313.339044,OMB,DES=+2004014,1998-06-01-15-57-57,2000-01-01-00-00-00
a0001331,1331,Solvejg,Solvejg,36.824,2.507172916,1991.307077,MBA,DES=+2001331,1998-08-21-04-09-28,2000-01-01-00-00-00
a0016099,16099,,,36.774,4.758264922,4314.086633,GRK,DES=+2016099,1997-01-17-11-28-50,2000-01-01-00-00-00
a0000942,942,Romilda,Romilda,36.772,2.620108043,2050.699742,MBA,DES=+2000942,1998-08-06-07-48-06,2000-01-01-00-00-00
a0000458,458,Hercynia,Hercynia,36.698,2.269581191,1891.247396,MBA,DES=+2000458,1998-09-15-04-30-57,2000-01-01-00-00-00
a0005244,5244,Amphilochos,Amphilochos,36.689,5.026324679,4298.200539,GRK,DES=+2005244,1997-01-21-10-47-50,2000-01-01-00-00-00
a0001214,1214,Richilde,Richilde,36.668,2.392274974,1630.317026,MBA,DES=+2001214,1998-11-19-10-05-53,2000-01-01-00-00-00
a0003655,3655,Eupraksia,Eupraksia,36.66,3.209923197,2941.856115,OMB,DES=+2003655,1997-12-26-12-51-48,2000-01-01-00-00-00
a0003139,3139,Shantou,Shantou,36.648,3.124510315,2083.198981,MBA,DES=+2003139,1998-07-29-04-48-23,2000-01-01-00-00-00
a0001102,1102,Pepita,Pepita,36.632,2.72934779,1963.350994,MBA,DES=+2001102,1998-08-28-03-53-39,2000-01-01-00-00-00
a0003415,3415,Danby,Danby,36.582,2.978543507,2880.847646,OMB,DES=+2003415,1998-01-10-18-54-51,2000-01-01-00-00-00
a0000961,961,Gunnie,Gunnie,36.571,2.4489521,1614.879308,MBA,DES=+2000961,1998-11-23-06-43-27,2000-01-01-00-00-00
a0003118,3118,Claytonsmith,Claytonsmith,36.569,2.862097222,1933.086732,MBA,DES=+2003118,1998-09-04-17-28-47,2000-01-01-00-00-00
a0003248,3248,Farinella,Farinella,36.553,2.718915136,2095.049654,OMB,DES=+2003248,1998-07-26-05-42-08,2000-01-01-00-00-00
a0001463,1463,Nordenmarkia,Nordenmarkia,36.547,2.541714345,2042.907078,MBA,DES=+2001463,1998-08-08-06-33-28,2000-01-01-00-00-00
a0001276,1276,Ucclia,Ucclia,36.499,2.881793857,2070.255192,MBA,DES=+2001276,1998-08-01-10-28-08,2000-01-01-00-00-00
a0005567,5567,Durisen,Durisen,36.475,2.291968259,1841.179171,MBA,DES=+2005567,1998-09-27-16-55-30,2000-01-01-00-00-00
a0015527,15527,,,36.433,4.403850292,4343.133275,GRK,DES=+2015527,1997-01-10-05-12-03,2000-01-01-00-00-00
a0018060,18060,,,36.431,4.830401382,4238.965379,GRK,DES=+2018060,1997-02-05-06-12-29,2000-01-01-00-00-00
a0030102,30102,,,36.422,5.033710236,4398.779322,GRK,DES=+2030102,1996-12-27-07-19-28,2000-01-01-00-00-00
a0001984,1984,Fedynskij,Fedynskij,36.413,2.745589276,1911.305783,MBA,DES=+2001984,1998-09-10-04-09-56,2000-01-01-00-00-00
a0001232,1232,Cortusa,Cortusa,36.367,2.75354003,2073.46888,MBA,DES=+2001232,1998-07-31-15-11-13,2000-01-01-00-00-00
a0001569,1569,Evita,Evita,36.346,2.724720493,2037.63322,MBA,DES=+2001569,1998-08-09-14-12-03,2000-01-01-00-00-00
a0001312,1312,Vassar,Vassar,36.28,2.435397765,1991.653496,MBA,DES=+2001312,1998-08-21-02-04-45,2000-01-01-00-00-00
a0000556,556,Phyllis,Phyllis,36.279,2.208856718,1413.048049,MBA,DES=+2000556,1999-01-12-17-42-42,2000-01-01-00-00-00
a0018054,18054,,,36.222,5.141878104,4364.618625,TJN,DES=+2018054,1997-01-04-20-17-19,2000-01-01-00-00-00
a0000946,946,Poesia,Poesia,36.21,2.670853987,2011.102563,MBA,DES=+2000946,1998-08-16-05-23-05,2000-01-01-00-00-00
a0015663,15663,Periphas,Перифант,36.2,4.651025508,4323.438853,GRK,DES=+2015663,1997-01-15-03-22-02,2000-01-01-00-00-00
a0032615,32615,,,36.18,5.000551676,4291.09906,TJN,DES=+2032615,1997-01-23-05-24-22,2000-01-01-00-00-00
a0013060,13060,,,36.148,4.516103453,4279.701989,GRK,DES=+2013060,1997-01-26-01-47-19,2000-01-01-00-00-00
a0004003,4003,Schumann,Schumann,36.115,3.104435539,2318.045486,OMB,DES=+2004003,1998-05-31-11-43-38,2000-01-01-00-00-00
a0001259,1259,Ogyalla,Ogyalla,36.111,2.708436491,1998.008289,MBA,DES=+2001259,1998-08-19-11-57-01,2000-01-01-00-00-00
a0001692,1692,Subbotina,Субботина,36.075,2.401187766,1699.555766,MBA,DES=+2001692,1998-11-02-02-39-56,2000-01-01-00-00-00
a0000597,597,Bandusia,Bandusia,36.06,2.282620954,1593.980783,MBA,DES=+2000597,1998-11-28-12-06-56,2000-01-01-00-00-00
a0013385,13385,,,36.053,4.987211785,4366.313256,GRK,DES=+2013385,1997-01-04-10-07-15,2000-01-01-00-00-00
a0048438,48438,,,36.052,4.973744346,4245.274561,TJN,DES=+2048438,1997-02-03-16-21-11,2000-01-01-00-00-00
a0003141,3141,Buchar,Buchar,36.05,3.138716495,2287.373334,OMB,DES=+2003141,1998-06-08-03-45-36,2000-01-01-00-00-00
a0002032,2032,Ethel,Ethel,36.007,2.681656825,1963.380438,MBA,DES=+2002032,1998-08-28-03-43-03,2000-01-01-00-00-00
a0000400,400,Ducrosa,Ducrosa,36.001,2.760841734,2018.084085,MBA,DES=+2000400,1998-08-14-11-29-44,2000-01-01-00-00-00
a0052872,52872,Okyrhoe,Окироя,36,5.822974614,8840.411054,CEN,DES=+2052872,1993-12-12-21-32-05,2000-01-01-00-00-00
a0039264,39264,,,35.944,4.874072833,4385.419737,GRK,DES=+2039264,1996-12-30-15-28-55,2000-01-01-00-00-00
a0001655,1655,Comas Sola,Comas Sola,35.943,2.124936585,1692.416411,MBA,DES=+2001655,1998-11-03-21-30-06,2000-01-01-00-00-00
a0003202,3202,Graff,Graff,35.914,3.484670624,2850.079712,OMB,DES=+2003202,1998-01-18-11-31-19,2000-01-01-00-00-00
a0003089,3089,Oujianquan,Oujianquan,35.887,2.381817456,1832.124269,MBA,DES=+2003089,1998-09-29-23-15-16,2000-01-01-00-00-00
a0000670,670,Ottegebe,Ottegebe,35.886,2.258031519,1712.706532,MBA,DES=+2000670,1998-10-29-19-45-39,2000-01-01-00-00-00
a0002104,2104,Toronto,Торонто,35.874,2.798334793,2077.090416,MBA,DES=+2002104,1998-07-30-17-27-28,2000-01-01-00-00-00
a0004959,4959,Niinoama,Niinoama,35.842,3.116673711,2038.611694,MBA,DES=+2004959,1998-08-09-08-19-48,2000-01-01-00-00-00
a0001201,1201,Strenua,Strenua,35.825,2.594501021,1620.225411,MBA,DES=+2001201,1998-11-21-22-38-52,2000-01-01-00-00-00
a0000178,178,Belisana,Белисана,35.81,2.354400983,1410.053157,MBA,DES=+2000178,1999-01-13-11-40-51,2000-01-01-00-00-00
a0017314,17314,Aisakos,Эсак,35.761,4.783627096,4289.319545,TJN,DES=+2017314,1997-01-23-16-04-59,2000-01-01-00-00-00
a0000606,606,Brangane,Brangane,35.758,2.017627407,1520.02295,MBA,DES=+2000606,1998-12-16-23-51-45,2000-01-01-00-00-00
a0000188,188,Menippe,Мениппа,35.752,2.266621437,1675.804361,MBA,DES=+2000188,1998-11-08-01-10-26,2000-01-01-00-00-00
a0000979,979,Ilsewa,Ilsewa,35.741,2.723569528,2050.042359,MBA,DES=+2000979,1998-08-06-11-44-46,2000-01-01-00-00-00
a0002320,2320,Blarney,Blarney,35.739,2.746832913,2057.700448,MBA,DES=+2002320,1998-08-04-13-47-51,2000-01-01-00-00-00
a0003330,3330,Gantrisch,Gantrisch,35.717,2.519572196,2045.677617,MBA,DES=+2003330,1998-08-07-13-56-04,2000-01-01-00-00-00
a0000794,794,Irenaea,Irenaea,35.703,2.199963735,2021.686184,MBA,DES=+2000794,1998-08-13-13-52-59,2000-01-01-00-00-00
a0002774,2774,Tenojoki,Tenojoki,35.697,2.734152608,2074.149156,MBA,DES=+2002774,1998-07-31-11-06-19,2000-01-01-00-00-00
a0002184,2184,Fujian,Fujian,35.69,2.878176381,2076.14825,MBA,DES=+2002184,1998-07-30-23-06-38,2000-01-01-00-00-00
a0002483,2483,Guinevere,Guinevere,35.687,2.868684137,2887.228242,OMB,DES=+2002483,1998-01-09-04-37-50,2000-01-01-00-00-00
a0003990,3990,Heimdal,Heimdal,35.679,2.991050869,2857.525898,OMB,DES=+2003990,1998-01-16-14-50-41,2000-01-01-00-00-00
a0004930,4930,Rephiltim,Rephiltim,35.676,2.962062891,2013.989547,MBA,DES=+2004930,1998-08-15-12-03-46,2000-01-01-00-00-00
a0001069,1069,Planckia,Planckia,35.657,2.782286784,2019.439837,MBA,DES=+2001069,1998-08-14-03-21-40,2000-01-01-00-00-00
a0001877,1877,Marsden,Marsden,35.643,3.133031387,2872.156614,OMB,DES=+2001877,1998-01-12-23-03-38,2000-01-01-00-00-00
a0000408,408,Fama,Fama,35.62,2.707237038,2056.648325,MBA,DES=+2000408,1998-08-04-20-06-37,2000-01-01-00-00-00
a0032501,32501,,,35.619,4.852676241,4346.122125,TJN,DES=+2032501,1997-01-09-11-16-04,2000-01-01-00-00-00
a0001409,1409,Isko,Isko,35.54,2.525549534,1599.468143,MBA,DES=+2001409,1998-11-27-03-11-29,2000-01-01-00-00-00
a0015161,15161,,,35.539,2.565033207,2104.513667,OMB,DES=+2015161,1998-07-23-20-55-05,2000-01-01-00-00-00
a0001963,1963,Bezovec,Bezovec,35.536,1.910966169,1376.607687,MBA,DES=+2001963,1999-01-21-20-21-13,2000-01-01-00-00-00
a0001502,1502,Arenda,Arenda,35.518,2.488978468,1648.681714,MBA,DES=+2001502,1998-11-14-19-54-35,2000-01-01-00-00-00
a0015398,15398,,,35.516,4.998815135,4242.477296,GRK,DES=+2015398,1997-02-04-09-08-12,2000-01-01-00-00-00
a0001985,1985,Hopmann,Hopmann,35.51,2.638656317,2015.89821,MBA,DES=+2001985,1998-08-15-00-36-39,2000-01-01-00-00-00
a0000376,376,Geometria,Геометрия,35.465,1.894866118,1264.743426,MBA,DES=+2000376,1999-02-18-19-32-21,2000-01-01-00-00-00
a0001408,1408,Trusanda,Trusanda,35.423,2.815573109,2002.524589,MBA,DES=+2001408,1998-08-18-08-51-09,2000-01-01-00-00-00
a0001427,1427,Ruvuma,Ruvuma,35.406,2.167797329,1666.183877,MBA,DES=+2001427,1998-11-10-10-53-49,2000-01-01-00-00-00
a0016667,16667,,,35.39,4.168988819,4337.416374,TJN,DES=+2016667,1997-01-11-15-30-08,2000-01-01-00-00-00
a0005123,5123,,,35.387,4.702221936,4371.284628,GRK,DES=+2005123,1997-01-03-04-17-34,2000-01-01-00-00-00
a0024244,24244,,,35.342,4.951448421,4310.526014,GRK,DES=+2024244,1997-01-18-08-50-40,2000-01-01-00-00-00
a0000560,560,Delila,Delila,35.334,2.307001168,1665.628259,MBA,DES=+2000560,1998-11-10-14-13-50,2000-01-01-00-00-00
a0001006,1006,Lagrangea,Lagrangea,35.31,2.020505823,2035.585587,MBA,DES=+2001006,1998-08-10-02-29-12,2000-01-01-00-00-00
a0001889,1889,Pakhmutova,Пахмутова,35.243,2.736351224,1982.551254,MBA,DES=+2001889,1998-08-23-08-41-33,2000-01-01-00-00-00
a0000215,215,Oenone,Энона,35.21,2.672188539,1681.455305,MBA,DES=+2000215,1998-11-06-15-16-06,2000-01-01-00-00-00
a0001203,1203,Nanna,Nanna,35.18,2.165263721,1789.243056,MBA,DES=+2001203,1998-10-10-16-32-30,2000-01-01-00-00-00
a0001091,1091,Spiraea,Spiraea,35.178,3.182795547,2307.086165,OMB,DES=+2001091,1998-06-03-05-28-59,2000-01-01-00-00-00
a0021595,21595,,,35.178,4.504508619,4339.292353,GRK,DES=+2021595,1997-01-11-04-14-47,2000-01-01-00-00-00
a0001461,1461,Jean-Jacques,Jean-Jacques,35.145,2.97433516,2018.112677,MBA,DES=+2001461,1998-08-14-11-19-27,2000-01-01-00-00-00
a0005476,5476,,,35.096,4.733293299,4217.546497,TJN,DES=+2005476,1997-02-10-14-43-17,2000-01-01-00-00-00
a0000629,629,Bernardina,Бернандина,35.087,2.659422739,2035.572577,MBA,DES=+2000629,1998-08-10-02-33-53,2000-01-01-00-00-00
a0002891,2891,McGetchin,McGetchin,35.066,2.892214611,2242.746169,OMB,DES=+2002891,1998-06-19-07-31-23,2000-01-01-00-00-00
a0001302,1302,Werra,Werra,35.041,2.568848725,2007.134425,MBA,DES=+2001302,1998-08-17-05-11-37,2000-01-01-00-00-00
a0002137,2137,Priscilla,Priscilla,34.957,3.019552019,2077.064414,MBA,DES=+2002137,1998-07-30-17-36-49,2000-01-01-00-00-00
a0041340,41340,,,34.95,4.869164714,4284.285695,GRK,DES=+2041340,1997-01-24-22-17-10,2000-01-01-00-00-00
a0000930,930,Westphalia,Westphalia,34.922,2.082232747,1384.823237,MBA,DES=+2000930,1999-01-19-19-03-38,2000-01-01-00-00-00
a0003222,3222,Liller,Liller,34.919,2.893171309,1982.492395,MBA,DES=+2003222,1998-08-23-09-02-45,2000-01-01-00-00-00
a0060383,60383,,,34.916,4.889863816,4422.042243,GRK,DES=+2060383,1996-12-21-11-44-49,2000-01-01-00-00-00
a0003571,3571,Milanstefanik,Milanstefanik,34.898,3.498381825,2857.666506,OMB,DES=+2003571,1998-01-16-14-00-04,2000-01-01-00-00-00
a0000917,917,Lyka,Lyka,34.878,1.904543182,1342.515789,MBA,DES=+2000917,1999-01-30-08-54-18,2000-01-01-00-00-00
a0035673,35673,,,34.836,4.872093171,4196.168591,GRK,DES=+2035673,1997-02-15-22-59-20,2000-01-01-00-00-00
a0000249,249,Ilse,Ильза,34.83,1.858768909,1338.394607,MBA,DES=+2000249,1999-01-31-09-37-56,2000-01-01-00-00-00
a0005368,5368,Vitagliano,Vitagliano,34.812,3.641886337,2888.952143,OMB,DES=+2005368,1998-01-08-18-17-14,2000-01-01-00-00-00
a0000435,435,Ella,Элла,34.792,2.067590202,1399.840515,MBA,DES=+2000435,1999-01-16-00-57-24,2000-01-01-00-00-00
a0001760,1760,Sandra,Sandra,34.765,2.740507645,2037.536164,MBA,DES=+2001760,1998-08-09-14-46-59,2000-01-01-00-00-00
a0004224,4224,Susa,Susa,34.73,2.37422132,1819.912631,MBA,DES=+2004224,1998-10-03-00-31-28,2000-01-01-00-00-00
a0001702,1702,Kalahari,Kalahari,34.645,2.443950025,1762.344272,MBA,DES=+2001702,1998-10-17-09-56-04,2000-01-01-00-00-00
a0003346,3346,Gerla,Gerla,34.628,3.037884918,2075.447206,MBA,DES=+2003346,1998-07-31-03-19-01,2000-01-01-00-00-00
a0001013,1013,Tombecka,Tombecka,34.613,2.121383983,1604.874202,MBA,DES=+2001013,1998-11-25-18-45-18,2000-01-01-00-00-00
a0000731,731,Sorga,Sorga,34.597,2.567819109,1886.934653,MBA,DES=+2000731,1998-09-16-06-23-32,2000-01-01-00-00-00
a0024313,24313,,,34.591,4.814324464,4416.28683,GRK,DES=+2024313,1996-12-22-22-16-46,2000-01-01-00-00-00
a0003419,3419,Guth,Guth,34.589,3.005442342,2104.177079,OMB,DES=+2003419,1998-07-23-22-56-16,2000-01-01-00-00-00
a0001129,1129,Neujmina,Neujmina,34.576,2.770984926,1918.513098,MBA,DES=+2001129,1998-09-08-08-55-18,2000-01-01-00-00-00
a0000860,860,Ursina,Ursina,34.561,2.499576951,1708.923039,MBA,DES=+2000860,1998-10-30-18-27-43,2000-01-01-00-00-00
a0000923,923,Herluga,Herluga,34.553,2.101827228,1544.251136,MBA,DES=+2000923,1998-12-10-22-29-36,2000-01-01-00-00-00
a0002140,2140,Kemerovo,Кемерово,34.539,2.812984404,1885.644692,MBA,DES=+2002140,1998-09-16-14-07-55,2000-01-01-00-00-00
a0003794,3794,Sthenelos,Sthenelos,34.531,4.440269963,4335.584923,GRK,DES=+2003794,1997-01-12-02-29-27,2000-01-01-00-00-00
a0017172,17172,,,34.482,4.92013397,4351.049918,TJN,DES=+2017172,1997-01-08-05-42-03,2000-01-01-00-00-00
a0000873,873,Mechthild,Mechthild,34.471,2.234946323,1555.073813,MBA,DES=+2000873,1998-12-08-05-33-26,2000-01-01-00-00-00
a0001930,1930,Lucifer,Lucifer,34.437,2.488593079,1802.912742,MBA,DES=+2001930,1998-10-07-06-31-25,2000-01-01-00-00-00
a0000384,384,Burdigala,Burdigala,34.435,2.257114491,1576.56951,MBA,DES=+2000384,1998-12-02-20-34-59,2000-01-01-00-00-00
a0000872,872,Holda,Holda,34.431,2.516832322,1649.543977,MBA,DES=+2000872,1998-11-14-14-44-11,2000-01-01-00-00-00
a0005661,5661,Hildebrand,Hildebrand,34.37,3.035420309,2885.643999,OMB,DES=+2005661,1998-01-09-14-08-10,2000-01-01-00-00-00
a0030506,30506,,,34.356,4.713168013,4239.996481,TJN,DES=+2030506,1997-02-05-00-01-18,2000-01-01-00-00-00
a0004768,4768,Hartley,Hartley,34.349,2.420637022,2065.521629,MBA,DES=+2004768,1998-08-02-14-52-13,2000-01-01-00-00-00
a0002068,2068,Dangreen,Dangreen,34.322,2.505621304,1688.33337,MBA,DES=+2002068,1998-11-04-22-00-00,2000-01-01-00-00-00
a0001022,1022,Olympiada,Олимпиада,34.297,2.314571545,1715.239253,MBA,DES=+2001022,1998-10-29-04-33-53,2000-01-01-00-00-00
a0001186,1186,Turnera,Turnera,34.29,2.716632643,1918.040305,MBA,DES=+2001186,1998-09-08-11-45-30,2000-01-01-00-00-00
a0003801,3801,Thrasymedes,Thrasymedes,34.285,5.201200941,4486.531091,GRK,DES=+2003801,1996-12-05-08-48-50,2000-01-01-00-00-00
a0001958,1958,Chandra,Chandra,34.278,2.589659921,1999.130184,MBA,DES=+2001958,1998-08-19-05-13-09,2000-01-01-00-00-00
a0000462,462,Eriphyla,Eriphyla,34.274,2.61965639,1778.138282,MBA,DES=+2000462,1998-10-13-11-10-14,2000-01-01-00-00-00
a0000413,413,Edburga,Edburga,34.242,1.703187729,1518.538464,MBA,DES=+2000413,1998-12-17-08-46-10,2000-01-01-00-00-00
a0002264,2264,Sabrina,Сабрина,34.192,2.570878699,2017.844425,MBA,DES=+2002264,1998-08-14-12-56-01,2000-01-01-00-00-00
a0011351,11351,Leucus,Leucus,34.155,4.95193283,4443.128992,GRK,DES=+2011351,1996-12-16-05-13-35,2000-01-01-00-00-00
a0020720,20720,,,34.12,4.528842599,4448.536197,GRK,DES=+2020720,1996-12-14-20-47-00,2000-01-01-00-00-00
a0001872,1872,Helenos,Helenos,34.046,5.063976629,4482.203665,TJN,DES=+2001872,1996-12-06-10-46-42,2000-01-01-00-00-00
a0022054,22054,,,34,4.916015969,4321.685653,GRK,DES=+2022054,1997-01-15-13-53-11,2000-01-01-00-00-00
a0002239,2239,Paracelsus,Paracelsus,33.978,2.859337336,2086.365568,MBA,DES=+2002239,1998-07-28-09-48-24,2000-01-01-00-00-00
a0013184,13184,Augeias,Augeias,33.962,4.913754724,4291.069375,GRK,DES=+2013184,1997-01-23-05-35-03,2000-01-01-00-00-00
a0029976,29976,,,33.952,5.102151719,4274.597977,TJN,DES=+2029976,1997-01-27-08-24-45,2000-01-01-00-00-00
a0002040,2040,Chalonge,Chalonge,33.901,2.542566763,2015.614201,MBA,DES=+2002040,1998-08-15-02-18-54,2000-01-01-00-00-00
a0001039,1039,Sonneberga,Sonneberga,33.853,2.520740633,1604.175578,MBA,DES=+2001039,1998-11-25-22-56-48,2000-01-01-00-00-00
a0001690,1690,Mayrhofer,Mayrhofer,33.81,2.738059259,1933.016627,MBA,DES=+2001690,1998-09-04-17-54-01,2000-01-01-00-00-00
a0001481,1481,Tubingia,Tubingia,33.77,2.889005497,1913.425812,MBA,DES=+2001481,1998-09-09-15-26-43,2000-01-01-00-00-00
a0001101,1101,Clematis,Clematis,33.765,2.97490807,2119.727122,OMB,DES=+2001101,1998-07-20-01-38-15,2000-01-01-00-00-00
a0004140,4140,Branham,Branham,33.748,2.64658906,1904.576438,MBA,DES=+2004140,1998-09-11-20-32-29,2000-01-01-00-00-00
a0023075,23075,,,33.744,4.321313624,4348.209799,GRK,DES=+2023075,1997-01-08-22-44-30,2000-01-01-00-00-00
a0000720,720,Bohlinia,Bohlinia,33.73,2.831947682,1790.839609,MBA,DES=+2000720,1998-10-10-06-57-45,2000-01-01-00-00-00
a0002634,2634,James Bradley,ДжеймсБредли,33.726,3.290995871,2350.831189,OMB,DES=+2002634,1998-05-23-07-00-47,2000-01-01-00-00-00
a0000310,310,Margarita,Маргарита,33.708,2.448775168,1676.402496,MBA,DES=+2000310,1998-11-07-21-35-07,2000-01-01-00-00-00
a0001003,1003,Lilofee,Lilofee,33.678,2.639200129,2033.384255,MBA,DES=+2001003,1998-08-10-15-41-41,2000-01-01-00-00-00
a0001255,1255,Schilowa,Schilowa,33.669,2.598310185,2035.920313,MBA,DES=+2001255,1998-08-10-00-28-42,2000-01-01-00-00-00
a0018137,18137,,,33.664,5.031916707,4219.31141,TJN,DES=+2018137,1997-02-10-04-07-55,2000-01-01-00-00-00
a0001210,1210,Morosovia,Morosovia,33.663,2.826044312,1906.723232,MBA,DES=+2001210,1998-09-11-07-39-39,2000-01-01-00-00-00
a0001691,1691,Oort,Oort,33.644,2.608159161,2054.62656,MBA,DES=+2001691,1998-08-05-08-14-27,2000-01-01-00-00-00
a0003812,3812,Lidaksum,Lidaksum,33.611,2.795373026,2063.560018,MBA,DES=+2003812,1998-08-03-02-38-24,2000-01-01-00-00-00
a0002249,2249,Yamamoto,Yamamoto,33.606,2.933501077,2082.706778,MBA,DES=+2002249,1998-07-29-07-45-34,2000-01-01-00-00-00
a0003339,3339,Treshnikov,Трешников,33.541,2.751165055,2068.05462,MBA,DES=+2003339,1998-08-01-23-40-21,2000-01-01-00-00-00
a0000919,919,Ilsebill,Ilsebill,33.5,2.541272523,1685.786706,MBA,DES=+2000919,1998-11-05-13-16-48,2000-01-01-00-00-00
a0003150,3150,Tosa,Tosa,33.479,2.822357417,2091.417334,OMB,DES=+2003150,1998-07-27-03-29-46,2000-01-01-00-00-00
a0018493,18493,Demoleon,Демолеон,33.474,4.804915783,4450.858799,TJN,DES=+2018493,1996-12-14-06-50-51,2000-01-01-00-00-00
a0000938,938,Chlosinde,Chlosinde,33.466,2.532555389,2040.089753,MBA,DES=+2000938,1998-08-08-23-27-42,2000-01-01-00-00-00
a0001723,1723,Klemola,Klemola,33.449,2.887673473,1910.834534,MBA,DES=+2001723,1998-09-10-06-59-35,2000-01-01-00-00-00
a0009712,9712,Nauplius,Nauplius,33.423,4.571140254,4372.936983,GRK,DES=+2009712,1997-01-02-18-22-43,2000-01-01-00-00-00
a0000633,633,Zelima,Zelima,33.387,2.766702701,1915.796877,MBA,DES=+2000633,1998-09-09-01-13-08,2000-01-01-00-00-00
a0000642,642,Clara,Clara,33.36,2.805087257,2088.367221,MBA,DES=+2000642,1998-07-27-21-47-49,2000-01-01-00-00-00
a0003368,3368,Duncombe,Duncombe,33.331,3.083515695,2275.513378,OMB,DES=+2003368,1998-06-11-02-55-12,2000-01-01-00-00-00
a0001233,1233,Kobresia,Kobresia,33.323,2.412479066,1491.728963,MBA,DES=+2001233,1998-12-24-01-37-35,2000-01-01-00-00-00
a0001360,1360,Tarka,Tarka,33.316,2.071132681,1562.049497,MBA,DES=+2001360,1998-12-06-11-42-11,2000-01-01-00-00-00
a0034642,34642,,,33.306,4.70727444,4353.771632,TJN,DES=+2034642,1997-01-07-13-22-14,2000-01-01-00-00-00
a0013366,13366,,,33.302,4.686544201,4366.274086,GRK,DES=+2013366,1997-01-04-10-21-21,2000-01-01-00-00-00
a0015033,15033,,,33.292,4.133373081,4309.691767,GRK,DES=+2015033,1997-01-18-13-50-59,2000-01-01-00-00-00
a0005262,5262,Brucegoldberg,Brucegoldberg,33.25,2.576194821,1980.764591,MBA,DES=+2005262,1998-08-23-19-24-45,2000-01-01-00-00-00
a0000916,916,America,Америка,33.23,1.802873789,1327.482052,MBA,DES=+2000916,1999-02-03-03-06-27,2000-01-01-00-00-00
a0000982,982,Franklina,Franklina,33.227,2.346824398,1962.471975,MBA,DES=+2000982,1998-08-28-09-10-06,2000-01-01-00-00-00
a0039369,39369,,,33.218,4.855921968,4282.095671,GRK,DES=+2039369,1997-01-25-11-25-35,2000-01-01-00-00-00
a0010889,10889,,,33.2,3.667327593,2853.389851,OMB,DES=+2010889,1998-01-17-15-39-40,2000-01-01-00-00-00
a0025895,25895,,,33.195,4.812884986,4344.56006,GRK,DES=+2025895,1997-01-09-20-38-24,2000-01-01-00-00-00
a0002379,2379,Heiskanen,Heiskanen,33.157,2.28777362,2054.898317,MBA,DES=+2002379,1998-08-05-06-36-37,2000-01-01-00-00-00
a0024486,24486,,,33.157,4.781430775,4304.518256,GRK,DES=+2024486,1997-01-19-20-53-27,2000-01-01-00-00-00
a0017419,17419,,,33.138,4.877975554,4344.608626,TJN,DES=+2017419,1997-01-09-20-20-55,2000-01-01-00-00-00
a0000170,170,Maria,Мария,33.136,2.391312688,1490.648736,MBA,DES=+2000170,1998-12-24-08-06-28,2000-01-01-00-00-00
a0029977,29977,,,33.098,4.763646613,4366.842535,TJN,DES=+2029977,1997-01-04-06-56-43,2000-01-01-00-00-00
a0076857,76857,,,33.098,4.775379929,4415.862684,TJN,DES=+2076857,1996-12-23-00-49-28,2000-01-01-00-00-00
a0037519,37519,Amphios,Амфий,33.076,5.177249223,4340.29843,TJN,DES=+2037519,1997-01-10-22-12-35,2000-01-01-00-00-00
a0024470,24470,,,33.067,4.79145007,4364.553617,TJN,DES=+2024470,1997-01-04-20-40-43,2000-01-01-00-00-00
a0004226,4226,Damiaan,Damiaan,33.065,2.134112936,1771.980462,MBA,DES=+2004226,1998-10-15-00-07-03,2000-01-01-00-00-00
a0002330,2330,Ontake,Ontake,33.061,3.065607482,2070.592582,MBA,DES=+2002330,1998-08-01-08-26-41,2000-01-01-00-00-00
a0004547,4547,Massachusetts,Massachusetts,33.036,2.42988361,1542.462949,MBA,DES=+2004547,1998-12-11-09-13-21,2000-01-01-00-00-00
a0000848,848,Inna,Inna,33.027,2.603726982,2002.930978,MBA,DES=+2000848,1998-08-18-06-24-51,2000-01-01-00-00-00
a0332685,332685,,,33,7.034889079,16510.10382,CEN,DES=+2332685,1990-01-01-00-00-00,2000-01-01-00-00-00
a0004201,4201,Orosz,Orosz,32.985,2.436791418,2049.339266,MBA,DES=+2004201,1998-08-06-15-57-52,2000-01-01-00-00-00
a0023119,23119,,,32.954,4.560102134,4400.365762,GRK,DES=+2023119,1996-12-26-21-48-21,2000-01-01-00-00-00
a0000183,183,Istria,Истрия,32.927,1.812754983,1703.07573,MBA,DES=+2000183,1998-11-01-05-32-45,2000-01-01-00-00-00
a0001146,1146,Biarmia,Biarmia,32.925,2.265472484,1939.322022,MBA,DES=+2001146,1998-09-03-04-04-05,2000-01-01-00-00-00
a0000757,757,Portlandia,Portlandia,32.894,2.112872115,1335.198158,MBA,DES=+2000757,1999-02-01-04-48-39,2000-01-01-00-00-00
a0004236,4236,Lidov,Лидов,32.88,3.319583987,2335.963771,OMB,DES=+2004236,1998-05-27-00-13-03,2000-01-01-00-00-00
a0002967,2967,Vladisvyat,Vladisvyat,32.879,2.767202329,2089.362383,MBA,DES=+2002967,1998-07-27-15-49-33,2000-01-01-00-00-00
a0002959,2959,Scholl,Scholl,32.783,2.867907991,2864.49717,OMB,DES=+2002959,1998-01-14-21-01-02,2000-01-01-00-00-00
a0000278,278,Paulina,Paulina,32.773,2.393143074,1671.53242,MBA,DES=+2000278,1998-11-09-02-48-20,2000-01-01-00-00-00
a0009790,9790,,,32.771,4.953694532,4389.247525,GRK,DES=+2009790,1996-12-29-16-30-55,2000-01-01-00-00-00
a0002375,2375,Radek,Радек,32.744,2.513059475,2073.495632,MBA,DES=+2002375,1998-07-31-15-01-35,2000-01-01-00-00-00
a0000666,666,Desdemona,Desdemona,32.741,1.975156152,1524.491358,MBA,DES=+2000666,1998-12-15-21-03-07,2000-01-01-00-00-00
a0003561,3561,Devine,Devine,32.74,3.447981751,2879.10798,OMB,DES=+2003561,1998-01-11-05-21-08,2000-01-01-00-00-00
a0004617,4617,Zadunaisky,Zadunaisky,32.685,2.982458645,2098.968907,OMB,DES=+2004617,1998-07-25-06-11-12,2000-01-01-00-00-00
a0002524,2524,Budovicium,Budovicium,32.677,2.623171677,2010.83672,MBA,DES=+2002524,1998-08-16-06-58-47,2000-01-01-00-00-00
a0000562,562,Salome,Salome,32.651,2.713506683,1915.802914,MBA,DES=+2000562,1998-09-09-01-10-58,2000-01-01-00-00-00
a0000768,768,Struveana,Struveana,32.597,2.470208988,2029.863543,MBA,DES=+2000768,1998-08-11-12-49-08,2000-01-01-00-00-00
a0001277,1277,Dolores,Dolores,32.587,2.06000645,1620.947901,MBA,DES=+2001277,1998-11-21-18-18-46,2000-01-01-00-00-00
a0001261,1261,Legia,Legia,32.576,2.575509077,2028.644595,MBA,DES=+2001261,1998-08-11-20-07-57,2000-01-01-00-00-00
a0005022,5022,Roccapalumba,Roccapalumba,32.547,2.877713063,2039.648012,MBA,DES=+2005022,1998-08-09-02-06-43,2000-01-01-00-00-00
a0000981,981,Martina,Martina,32.545,2.464225616,1988.013153,MBA,DES=+2000981,1998-08-21-23-55-16,2000-01-01-00-00-00
a0030942,30942,Helicaon,Геликаон,32.544,4.847188126,4318.69717,TJN,DES=+2030942,1997-01-16-07-49-03,2000-01-01-00-00-00
a0003396,3396,Muazzez,Muazzez,32.519,2.773529669,2282.67806,OMB,DES=+2003396,1998-06-09-07-55-54,2000-01-01-00-00-00
a0029603,29603,,,32.512,4.971838121,4264.561595,TJN,DES=+2029603,1997-01-29-20-37-51,2000-01-01-00-00-00
a0004144,4144,Vladvasil'ev,Владвасильев,32.494,3.056800324,2053.089012,MBA,DES=+2004144,1998-08-05-17-27-58,2000-01-01-00-00-00
a0006144,6144,Kondojiro,Kondojiro,32.492,3.039933823,3794.891296,AST,DES=+2006144,1997-05-27-06-39-10,2000-01-01-00-00-00
a0007394,7394,Xanthomalitia,Xanthomalitia,32.472,3.79887091,2847.839616,OMB,DES=+2007394,1998-01-19-00-57-45,2000-01-01-00-00-00
a0000824,824,Anastasia,Anastasia,32.457,2.407625386,1704.294468,MBA,DES=+2000824,1998-10-31-22-14-00,2000-01-01-00-00-00
a0000984,984,Gretia,Gretia,32.449,2.249328889,1713.404212,MBA,DES=+2000984,1998-10-29-15-34-30,2000-01-01-00-00-00
a0001163,1163,Saga,Saga,32.429,3.079137144,2107.793776,OMB,DES=+2001163,1998-07-23-01-14-15,2000-01-01-00-00-00
a0000801,801,Helwerthia,Helwerthia,32.404,2.402642574,1535.733231,MBA,DES=+2000801,1998-12-13-01-36-03,2000-01-01-00-00-00
a0023970,23970,,,32.404,4.918872419,4411.536196,GRK,DES=+2023970,1996-12-24-02-47-00,2000-01-01-00-00-00
a0000677,677,Aaltje,Aaltje,32.403,2.805249754,1854.89711,MBA,DES=+2000677,1998-09-24-06-37-03,2000-01-01-00-00-00
a0001347,1347,Patria,Patria,32.4,2.394815401,1505.765372,MBA,DES=+2001347,1998-12-20-13-24-28,2000-01-01-00-00-00
a0023694,23694,,,32.389,5.034331969,4363.601332,TJN,DES=+2023694,1997-01-05-02-23-33,2000-01-01-00-00-00
a0001674,1674,Groeneveld,Groeneveld,32.386,2.812611376,2096.499682,OMB,DES=+2001674,1998-07-25-21-00-07,2000-01-01-00-00-00
a0004045,4045,Lowengrub,Lowengrub,32.369,2.901390881,2119.817203,OMB,DES=+2004045,1998-07-20-01-05-49,2000-01-01-00-00-00
a0002632,2632,Guizhou,Guizhou,32.364,2.706454939,1934.082376,MBA,DES=+2002632,1998-09-04-11-30-21,2000-01-01-00-00-00
a0011428,11428,Alcinoos,Alcinoos,32.354,5.257251941,4490.774386,GRK,DES=+2011428,1996-12-04-07-21-15,2000-01-01-00-00-00
a0001187,1187,Afra,Afra,32.348,2.052384326,1566.544531,MBA,DES=+2001187,1998-12-05-08-43-59,2000-01-01-00-00-00
a0000534,534,Nassovia,Nassovia,32.333,2.714708275,1788.486917,MBA,DES=+2000534,1998-10-10-21-04-43,2000-01-01-00-00-00
a0001604,1604,Tombaugh,Tombaugh,32.33,2.715183146,1920.456049,MBA,DES=+2001604,1998-09-07-21-15-50,2000-01-01-00-00-00
a0015638,15638,,,32.268,3.254405526,2912.797926,OMB,DES=+2015638,1998-01-02-19-12-45,2000-01-01-00-00-00
a0004829,4829,Sergestus,Sergestus,32.22,4.9152627,4281.448811,TJN,DES=+2004829,1997-01-25-15-18-27,2000-01-01-00-00-00
a0000427,427,Galene,Galene,32.193,2.611713003,1870.853432,MBA,DES=+2000427,1998-09-20-06-52-46,2000-01-01-00-00-00
a0009030,9030,,,32.186,5.169450728,4434.784612,TJN,DES=+2009030,1996-12-18-07-17-34,2000-01-01-00-00-00
a0012921,12921,,,32.174,4.759333801,4387.557808,GRK,DES=+2012921,1996-12-30-02-39-13,2000-01-01-00-00-00
a0000727,727,Nipponia,Nipponia,32.17,2.294567345,1501.607051,MBA,DES=+2000727,1998-12-21-14-21-28,2000-01-01-00-00-00
a0042367,42367,,,32.16,4.982781063,4345.207625,GRK,DES=+2042367,1997-01-09-16-45-17,2000-01-01-00-00-00
a0003759,3759,Piironen,Piironen,32.15,2.397931415,1637.857522,MBA,DES=+2003759,1998-11-17-12-51-18,2000-01-01-00-00-00
a0011487,11487,,,32.139,4.903541704,4265.03189,TJN,DES=+2011487,1997-01-29-17-48-33,2000-01-01-00-00-00
a0003761,3761,Romanskaya,Romanskaya,32.132,2.242306509,2017.569305,MBA,DES=+2003761,1998-08-14-14-35-04,2000-01-01-00-00-00
a0036624,36624,,,32.117,5.05258544,4287.323578,TJN,DES=+2036624,1997-01-24-04-03-32,2000-01-01-00-00-00
a0019018,19018,,,32.111,4.693942964,4344.583067,TJN,DES=+2019018,1997-01-09-20-30-07,2000-01-01-00-00-00
a0002813,2813,Zappala,Zappala,32.04,2.653136597,2026.166073,MBA,DES=+2002813,1998-08-12-11-00-13,2000-01-01-00-00-00
a0000529,529,Preziosa,Preziosa,32.01,2.723770001,1911.855809,MBA,DES=+2000529,1998-09-10-00-51-55,2000-01-01-00-00-00
a0000243,243,Ida,Ида,32,2.737695416,1767.279851,MBA,DES=+2000243,1998-10-16-04-19-16,2000-01-01-00-00-00
a0003971,3971,Voronikhin,Voronikhin,31.996,2.322432124,1755.708508,MBA,DES=+2003971,1998-10-19-01-44-57,2000-01-01-00-00-00
a0001043,1043,Beate,Beate,31.986,2.972296158,1985.828642,MBA,DES=+2001043,1998-08-22-13-01-42,2000-01-01-00-00-00
a0000775,775,Lumiere,Lumiere,31.958,2.797876712,1908.273048,MBA,DES=+2000775,1998-09-10-22-21-43,2000-01-01-00-00-00
a0006359,6359,Dubinin,Dubinin,31.902,2.892717608,2107.541214,OMB,DES=+2006359,1998-07-23-02-45-10,2000-01-01-00-00-00
a0003642,3642,Frieden,Frieden,31.899,2.56117822,1699.643419,MBA,DES=+2003642,1998-11-02-02-08-23,2000-01-01-00-00-00
a0000651,651,Antikleia,Antikleia,31.895,2.717632612,1919.388204,MBA,DES=+2000651,1998-09-08-03-40-15,2000-01-01-00-00-00
a0000523,523,Ada,Ada,31.89,2.437890326,1865.901346,MBA,DES=+2000523,1998-09-21-12-35-31,2000-01-01-00-00-00
a0024505,24505,,,31.888,4.975405918,4372.797428,GRK,DES=+2024505,1997-01-02-19-12-57,2000-01-01-00-00-00
a0002443,2443,Tomeileen,Tomeileen,31.878,2.831969737,1903.809079,MBA,DES=+2002443,1998-09-12-01-08-44,2000-01-01-00-00-00
a0022055,22055,,,31.816,5.114793322,4398.880367,GRK,DES=+2022055,1996-12-27-06-43-06,2000-01-01-00-00-00
a0002414,2414,Vibeke,Vibeke,31.782,2.785230078,2089.286387,MBA,DES=+2002414,1998-07-27-16-16-55,2000-01-01-00-00-00
a0000220,220,Stephania,Стефания,31.738,1.744848963,1314.734824,MBA,DES=+2000220,1999-02-06-07-35-27,2000-01-01-00-00-00
a0009694,9694,Lycomedes,Lycomedes,31.736,4.903272908,4199.489328,GRK,DES=+2009694,1997-02-15-03-03-52,2000-01-01-00-00-00
a0002332,2332,Kalm,Kalm,31.734,2.889616155,1969.446335,MBA,DES=+2002332,1998-08-26-15-19-20,2000-01-01-00-00-00
a0000197,197,Arete,Арета,31.729,2.287551773,1654.560456,MBA,DES=+2000197,1998-11-13-08-38-15,2000-01-01-00-00-00
a0000430,430,Hybris,Hybris,31.702,2.120487889,1752.517599,MBA,DES=+2000430,1998-10-19-20-53-40,2000-01-01-00-00-00
a0019725,19725,,,31.668,4.790163778,4282.465405,GRK,DES=+2019725,1997-01-25-09-12-29,2000-01-01-00-00-00
a0013244,13244,Dannymeyer,Dannymeyer,31.63,3.125370081,2058.548964,MBA,DES=+2013244,1998-08-04-08-42-23,2000-01-01-00-00-00
a0001947,1947,Iso-Heikkila,Iso-Heikkila,31.611,3.034038073,2044.102563,MBA,DES=+2001947,1998-08-07-23-23-05,2000-01-01-00-00-00
a0024380,24380,,,31.607,4.825166775,4398.094411,GRK,DES=+2024380,1996-12-27-11-26-02,2000-01-01-00-00-00
a0001498,1498,Lahti,Lahti,31.605,2.371548323,2000.557502,MBA,DES=+2001498,1998-08-18-20-39-18,2000-01-01-00-00-00
a0000561,561,Ingwelde,Ingwelde,31.562,2.80635996,2072.080432,MBA,DES=+2000561,1998-07-31-23-31-03,2000-01-01-00-00-00
a0003476,3476,Dongguan,Dongguan,31.53,2.544470621,2052.40107,MBA,DES=+2003476,1998-08-05-21-35-37,2000-01-01-00-00-00
a0001105,1105,Fragaria,Fragaria,31.518,2.689417164,1906.458431,MBA,DES=+2001105,1998-09-11-09-14-58,2000-01-01-00-00-00
a0005192,5192,Yabuki,Yabuki,31.503,2.913926272,2082.50439,MBA,DES=+2005192,1998-07-29-08-58-26,2000-01-01-00-00-00
a0001572,1572,Posnania,Posnania,31.5,2.468698726,2002.902562,MBA,DES=+2001572,1998-08-18-06-35-05,2000-01-01-00-00-00
a0000226,226,Weringia,Верингия,31.494,2.158943089,1631.094642,MBA,DES=+2000226,1998-11-19-05-25-56,2000-01-01-00-00-00
a0003278,3278,Behounek,Behounek,31.455,3.170397814,2106.08426,OMB,DES=+2003278,1998-07-23-11-29-40,2000-01-01-00-00-00
a0055419,55419,,,31.406,5.017577827,4408.990714,TJN,DES=+2055419,1996-12-24-18-03-22,2000-01-01-00-00-00
a0024446,24446,,,31.392,4.816261345,4373.757559,TJN,DES=+2024446,1997-01-02-13-27-18,2000-01-01-00-00-00
a0001288,1288,Santa,Santa,31.378,2.693779815,1788.539659,MBA,DES=+2001288,1998-10-10-20-45-44,2000-01-01-00-00-00
a0023968,23968,,,31.358,4.407569157,4396.247648,GRK,DES=+2023968,1996-12-27-22-30-52,2000-01-01-00-00-00
a0000131,131,Vala,Вала,31.337,2.267883358,1385.391465,MBA,DES=+2000131,1999-01-19-15-39-04,2000-01-01-00-00-00
a0011663,11663,,,31.327,4.484402024,4253.69123,TJN,DES=+2011663,1997-02-01-13-51-11,2000-01-01-00-00-00
a0004209,4209,Briggs,Briggs,31.303,2.897586748,2050.101472,MBA,DES=+2004209,1998-08-06-11-23-29,2000-01-01-00-00-00
a0005907,5907,,,31.248,4.639156017,4257.821539,TJN,DES=+2005907,1997-01-31-13-04-16,2000-01-01-00-00-00
a0002271,2271,Kiso,Kiso,31.229,2.595588396,1674.333691,MBA,DES=+2002271,1998-11-08-09-59-53,2000-01-01-00-00-00
a0001027,1027,Aesculapia,Aesculapia,31.225,2.745184016,2045.818422,MBA,DES=+2001027,1998-08-07-13-05-23,2000-01-01-00-00-00
a0011887,11887,Echemmon,Echemmon,31.19,4.707995635,4308.726788,TJN,DES=+2011887,1997-01-18-19-38-23,2000-01-01-00-00-00
a0001519,1519,Kajaani,Kajaani,31.166,2.369545088,2015.74122,MBA,DES=+2001519,1998-08-15-01-33-10,2000-01-01-00-00-00
a0024537,24537,,,31.158,4.74510882,4289.027275,GRK,DES=+2024537,1997-01-23-17-50-12,2000-01-01-00-00-00
a0000880,880,Herba,Herba,31.141,2.027498294,1894.568309,MBA,DES=+2000880,1998-09-14-08-35-25,2000-01-01-00-00-00
a0018063,18063,,,31.122,4.858368205,4269.671156,GRK,DES=+2018063,1997-01-28-13-58-25,2000-01-01-00-00-00
a0003254,3254,Bus,Bus,31.104,3.327961457,2888.060554,OMB,DES=+2003254,1998-01-08-23-38-13,2000-01-01-00-00-00
a0016785,16785,,,31.056,2.850814643,2050.410181,MBA,DES=+2016785,1998-08-06-09-32-21,2000-01-01-00-00-00
a0002534,2534,Houzeau,Houzeau,31.052,2.623912716,2046.574641,MBA,DES=+2002534,1998-08-07-08-33-08,2000-01-01-00-00-00
a0000555,555,Norma,Norma,31.04,2.712721373,2081.029751,MBA,DES=+2000555,1998-07-29-17-49-18,2000-01-01-00-00-00
a0001936,1936,Lugano,Lugano,31.037,2.313190865,1600.178652,MBA,DES=+2001936,1998-11-26-22-55-42,2000-01-01-00-00-00
a0003162,3162,Nostalgia,Nostalgia,31.021,2.663762618,2047.273565,MBA,DES=+2003162,1998-08-07-04-21-31,2000-01-01-00-00-00
a0000899,899,Jokaste,Jokaste,31.018,2.323353926,1810.385089,MBA,DES=+2000899,1998-10-05-09-41-23,2000-01-01-00-00-00
a0041379,41379,,,31.006,4.807455118,4225.751702,GRK,DES=+2041379,1997-02-08-13-29-25,2000-01-01-00-00-00
a0010664,10664,Phemios,Phemios,30.963,5.029283914,4314.818296,GRK,DES=+2010664,1997-01-17-07-05-26,2000-01-01-00-00-00
a0003152,3152,Jones,Jones,30.952,2.388563548,1554.242947,MBA,DES=+2003152,1998-12-08-10-32-33,2000-01-01-00-00-00
a0003687,3687,Dzus,Dzus,30.932,2.179771655,1644.330787,MBA,DES=+2003687,1998-11-15-22-00-55,2000-01-01-00-00-00
a0000808,808,Merxia,Merxia,30.923,2.391403293,1660.679803,MBA,DES=+2000808,1998-11-11-19-55-17,2000-01-01-00-00-00
a0013182,13182,,,30.901,4.624858359,4360.844555,GRK,DES=+2013182,1997-01-05-18-55-59,2000-01-01-00-00-00
a0004732,4732,Froeschle,Froeschle,30.872,2.932005636,2050.452901,MBA,DES=+2004732,1998-08-06-09-16-58,2000-01-01-00-00-00
a0000292,292,Ludovica,Ludovica,30.864,2.444231375,1470.321188,MBA,DES=+2000292,1998-12-29-10-04-23,2000-01-01-00-00-00
a0032435,32435,,,30.829,4.562077858,4361.823374,TJN,DES=+2032435,1997-01-05-13-03-37,2000-01-01-00-00-00
a0000533,533,Sara,Sara,30.819,2.843194871,1877.405987,MBA,DES=+2000533,1998-09-18-15-33-51,2000-01-01-00-00-00
a0000706,706,Hirundo,Hirundo,30.819,2.199305229,1646.93589,MBA,DES=+2000706,1998-11-15-06-23-05,2000-01-01-00-00-00
a0003156,3156,Ellington,Ellington,30.794,2.292673037,1763.200701,MBA,DES=+2003156,1998-10-17-04-47-45,2000-01-01-00-00-00
a0002132,2132,Zhukov,Жуков,30.787,2.549398204,1692.61292,MBA,DES=+2002132,1998-11-03-20-19-21,2000-01-01-00-00-00
a0005337,5337,Aoki,Aoki,30.782,2.900964572,2091.477067,OMB,DES=+2005337,1998-07-27-03-08-16,2000-01-01-00-00-00
a0003843,3843,OISCA,OISCA,30.768,3.416704409,2909.523023,OMB,DES=+2003843,1998-01-03-14-51-43,2000-01-01-00-00-00
a0032397,32397,,,30.763,5.196926016,4385.226467,TJN,DES=+2032397,1996-12-30-16-38-30,2000-01-01-00-00-00
a0001548,1548,Palomaa,Palomaa,30.761,2.567222589,1700.315619,MBA,DES=+2001548,1998-11-01-22-06-23,2000-01-01-00-00-00
a0036279,36279,,,30.752,4.785515636,4474.441789,GRK,DES=+2036279,1996-12-08-09-20-59,2000-01-01-00-00-00
a0000908,908,Buda,Буда,30.749,2.106753852,1419.993231,MBA,DES=+2000908,1999-01-11-00-02-26,2000-01-01-00-00-00
a0004436,4436,Ortizmoreno,Ortizmoreno,30.74,3.074555682,2143.09766,OMB,DES=+2004436,1998-07-14-05-24-51,2000-01-01-00-00-00
a0006137,6137,Johnfletcher,Johnfletcher,30.72,3.013848566,2106.489452,OMB,DES=+2006137,1998-07-23-09-03-48,2000-01-01-00-00-00
a0002983,2983,Poltava,Полтава,30.69,2.681267047,1756.221815,MBA,DES=+2002983,1998-10-18-22-40-09,2000-01-01-00-00-00
a0003939,3939,Huruhata,Huruhata,30.644,2.790709976,2002.46461,MBA,DES=+2003939,1998-08-18-09-12-45,2000-01-01-00-00-00
a0117447,117447,117447,117447,30.603,4.959545013,4398.7024,TJN,DES=+2117447,1996-12-27-07-47-10,2000-01-01-00-00-00
a0001815,1815,Beethoven,Бетховен,30.598,2.549547055,2043.489315,MBA,DES=+2001815,1998-08-08-03-03-51,2000-01-01-00-00-00
a0000590,590,Tomyris,Tomyris,30.577,2.758761628,1897.671643,MBA,DES=+2000590,1998-09-13-13-58-13,2000-01-01-00-00-00
a0000885,885,Ulrike,Ulrike,30.537,2.518779276,1988.928695,MBA,DES=+2000885,1998-08-21-18-25-41,2000-01-01-00-00-00
a0003157,3157,Novikov,Новиков,30.522,2.687815017,2042.324188,MBA,DES=+2003157,1998-08-08-10-03-18,2000-01-01-00-00-00
a0000672,672,Astarte,Astarte,30.454,2.212881879,1492.629919,MBA,DES=+2000672,1998-12-23-20-13-14,2000-01-01-00-00-00
a0000504,504,Cora,Cora,30.438,2.137101518,1640.922401,MBA,DES=+2000504,1998-11-16-18-27-57,2000-01-01-00-00-00
a0000277,277,Elvira,Эльвира,30.422,2.619612589,1789.698592,MBA,DES=+2000277,1998-10-10-13-48-31,2000-01-01-00-00-00
a0000835,835,Olivia,Оливия,30.418,2.937460309,2109.861664,OMB,DES=+2000835,1998-07-22-12-49-49,2000-01-01-00-00-00
a0004208,4208,Kiselev,Киселёв,30.413,2.96826311,2099.9536,OMB,DES=+2004208,1998-07-25-00-16-43,2000-01-01-00-00-00
a0005928,5928,Pindarus,Pindarus,30.402,3.501288213,2911.531721,OMB,DES=+2005928,1998-01-03-02-48-35,2000-01-01-00-00-00
a0001199,1199,Geldonia,Geldonia,30.395,2.933978664,1918.833667,MBA,DES=+2001199,1998-09-08-06-59-53,2000-01-01-00-00-00
a0001939,1939,Loretta,Loretta,30.365,2.730653759,2015.592497,MBA,DES=+2001939,1998-08-15-02-26-43,2000-01-01-00-00-00
a0002666,2666,Gramme,Gramme,30.364,2.461261718,2067.195736,MBA,DES=+2002666,1998-08-02-04-49-33,2000-01-01-00-00-00
a0003092,3092,Herodotus,Геродот,30.346,3.135667796,2436.226808,OMB,DES=+2003092,1998-05-01-22-38-21,2000-01-01-00-00-00
a0003811,3811,Karma,Карма,30.344,2.240697207,1510.558308,MBA,DES=+2003811,1998-12-19-08-39-01,2000-01-01-00-00-00
a0018062,18062,18062,18062,30.334,4.898554252,4268.033375,GRK,DES=+2018062,1997-01-28-23-48-01,2000-01-01-00-00-00
a0017428,17428,Charleroi,Шарлеруа,30.297,3.484345947,2856.194198,OMB,DES=+2017428,1998-01-16-22-50-06,2000-01-01-00-00-00
a0000327,327,Columbia,Колумбия,30.291,2.606811999,1689.360598,MBA,DES=+2000327,1998-11-04-15-50-12,2000-01-01-00-00-00
a0032464,32464,32464,32464,30.26,5.138834431,4372.952116,TJN,DES=+2032464,1997-01-02-18-17-16,2000-01-01-00-00-00
a0012238,12238,Actor,Актёр,30.252,4.531996457,4298.182836,GRK,DES=+2012238,1997-01-21-10-54-12,2000-01-01-00-00-00
a0001684,1684,Iguassu,Игуассу,30.21,2.70927801,1991.040797,MBA,DES=+2001684,1998-08-21-05-45-19,2000-01-01-00-00-00
a0001650,1650,Heckmann,Хекман,30.202,2.038252731,1387.837031,MBA,DES=+2001650,1999-01-19-00-58-40,2000-01-01-00-00-00
a0003095,3095,Omarkhayyam,Омархайям,30.178,3.215848301,2381.683851,OMB,DES=+2003095,1998-05-15-13-53-49,2000-01-01-00-00-00
a0004835,4835,4835,4835,30.175,3.895875714,4327.769808,GRK,DES=+2004835,1997-01-14-01-22-54,2000-01-01-00-00-00
a0012559,12559,12559,12559,30.143,3.099988048,2091.098382,OMB,DES=+2012559,1998-07-27-05-24-35,2000-01-01-00-00-00
a0008915,8915,Sawaishujiro,Савайсудзиро,30.135,3.730348122,2852.591753,OMB,DES=+2008915,1998-01-17-20-26-59,2000-01-01-00-00-00
a0000484,484,Pittsburghia,Питтсбургия,30.06,2.511680401,1590.679956,MBA,DES=+2000484,1998-11-29-07-55-13,2000-01-01-00-00-00
a0004967,4967,Glia,Глия,30.022,3.029842834,2041.09711,MBA,DES=+2004967,1998-08-08-17-25-03,2000-01-01-00-00-00
a0004449,4449,Sobinov,Собинов,30.02,2.838977556,2034.857196,MBA,DES=+2004449,1998-08-10-06-51-25,2000-01-01-00-00-00
a0000394,394,Arduina,Ардуина,30.01,2.137347121,1678.435149,MBA,DES=+2000394,1998-11-07-09-23-21,2000-01-01-00-00-00
a0002520,2520,Novorossijsk,Новороссийск,30,2.81558859,2002.974312,MBA,DES=+2002520,1998-08-18-06-09-15,2000-01-01-00-00-00
a0002444,2444,Lederle,Lederle,29.925,2.368016071,1645.873427,MBA,DES=+2002444,1998-11-15-12-45-34,2000-01-01-00-00-00
a0024534,24534,,,29.913,4.771017022,4333.218681,GRK,DES=+2024534,1997-01-12-16-41-18,2000-01-01-00-00-00
a0004186,4186,Tamashima,Tamashima,29.91,2.898964802,2000.85804,MBA,DES=+2004186,1998-08-18-18-51-07,2000-01-01-00-00-00
a0007131,7131,Longtom,Longtom,29.896,2.642851549,2067.930938,MBA,DES=+2007131,1998-08-02-00-24-52,2000-01-01-00-00-00
a0002525,2525,O'Steen,O'Steen,29.877,2.592213703,2044.23035,MBA,DES=+2002525,1998-08-07-22-37-05,2000-01-01-00-00-00
a0003037,3037,Alku,Alku,29.876,2.167392939,1596.003377,MBA,DES=+2003037,1998-11-27-23-58-48,2000-01-01-00-00-00
a0003923,3923,Radzievskij,Radzievskij,29.87,3.080393127,2876.293596,OMB,DES=+2003923,1998-01-11-22-14-19,2000-01-01-00-00-00
a0025883,25883,,,29.842,5.026588999,4246.853669,TJN,DES=+2025883,1997-02-03-06-52-42,2000-01-01-00-00-00
a0002747,2747,Cesky Krumlov,ЧешскийКрумлов,29.804,2.698136479,1991.415999,MBA,DES=+2002747,1998-08-21-03-30-15,2000-01-01-00-00-00
a0000732,732,Tjilaki,Tjilaki,29.791,2.349423313,1406.056353,MBA,DES=+2000732,1999-01-14-11-39-42,2000-01-01-00-00-00
a0000273,273,Atropos,Atropos,29.768,2.011138915,1353.787245,MBA,DES=+2000273,1999-01-27-13-16-35,2000-01-01-00-00-00
a0063273,63273,,,29.767,4.544491123,4341.27101,GRK,DES=+2063273,1997-01-10-16-22-28,2000-01-01-00-00-00
a0001245,1245,Calvinia,Calvinia,29.751,2.653571721,1796.251488,MBA,DES=+2001245,1998-10-08-22-29-28,2000-01-01-00-00-00
a0017297,17297,,,29.731,2.849044182,2065.534863,MBA,DES=+2017297,1998-08-02-14-47-27,2000-01-01-00-00-00
a0031819,31819,,,29.73,5.196511068,4357.909432,TJN,DES=+2031819,1997-01-06-12-32-38,2000-01-01-00-00-00
a0000621,621,Werdandi,Werdandi,29.726,2.698329007,2021.637053,MBA,DES=+2000621,1998-08-13-14-10-40,2000-01-01-00-00-00
a0003641,3641,Williams Bay,Williams Bay,29.71,2.610656533,1892.586918,MBA,DES=+2003641,1998-09-14-20-28-43,2000-01-01-00-00-00
a0023285,23285,,,29.69,4.826182559,4215.334133,GRK,DES=+2023285,1997-02-11-03-59-44,2000-01-01-00-00-00
a0011542,11542,Solikamsk,Соликамск,29.687,3.004622788,2869.419744,OMB,DES=+2011542,1998-01-13-15-28-54,2000-01-01-00-00-00
a0002908,2908,Shimoyama,Shimoyama,29.663,2.514941483,1874.985712,MBA,DES=+2002908,1998-09-19-06-05-09,2000-01-01-00-00-00
a0001686,1686,De Sitter,De Sitter,29.661,2.655838663,2054.348293,MBA,DES=+2001686,1998-08-05-09-54-37,2000-01-01-00-00-00
a0002222,2222,Lermontov,Лермонтов,29.644,2.618998707,2023.747075,MBA,DES=+2002222,1998-08-13-01-31-04,2000-01-01-00-00-00
a0006475,6475,Refugium,Refugium,29.642,2.629472195,2034.944293,MBA,DES=+2006475,1998-08-10-06-20-04,2000-01-01-00-00-00
a0000741,741,Botolphia,Botolphia,29.64,2.527710438,1637.91405,MBA,DES=+2000741,1998-11-17-12-30-57,2000-01-01-00-00-00
a0001609,1609,Brenda,Brenda,29.64,1.942948421,1517.88133,MBA,DES=+2001609,1998-12-17-12-42-44,2000-01-01-00-00-00
a0001361,1361,Leuschneria,Leuschneria,29.637,2.681449464,1975.077144,MBA,DES=+2001361,1998-08-25-05-32-14,2000-01-01-00-00-00
a0005670,5670,Rosstaylor,Rosstaylor,29.619,2.825540837,2067.677296,MBA,DES=+2005670,1998-08-02-01-56-11,2000-01-01-00-00-00
a0006924,6924,Fukui,Fukui,29.616,3.053026295,2280.404552,OMB,DES=+2006924,1998-06-09-21-34-22,2000-01-01-00-00-00
a0002269,2269,Efremiana,Efremiana,29.604,2.863565914,2019.808623,MBA,DES=+2002269,1998-08-14-01-08-54,2000-01-01-00-00-00
a0001605,1605,Milankovitch,Milankovitch,29.598,2.779562495,1909.216695,MBA,DES=+2001605,1998-09-10-16-42-00,2000-01-01-00-00-00
a0015562,15562,,,29.594,2.528117919,2040.627559,MBA,DES=+2015562,1998-08-08-20-14-05,2000-01-01-00-00-00
a0032480,32480,,,29.583,4.76700821,4392.128958,TJN,DES=+2032480,1996-12-28-23-13-36,2000-01-01-00-00-00
a0001283,1283,Komsomolia,Komsomolia,29.569,2.478515676,2073.343251,MBA,DES=+2001283,1998-07-31-15-56-26,2000-01-01-00-00-00
a0003475,3475,Fichte,Fichte,29.558,2.771485531,2066.240972,MBA,DES=+2003475,1998-08-02-10-33-15,2000-01-01-00-00-00
a0001581,1581,Abanderada,Abanderada,29.508,2.765387625,2047.721948,MBA,DES=+2001581,1998-08-07-01-40-06,2000-01-01-00-00-00
a0038610,38610,,,29.497,5.156014621,4365.818331,GRK,DES=+2038610,1997-01-04-13-05-26,2000-01-01-00-00-00
a0002251,2251,Tikhov,Тихов,29.488,2.305212716,1629.12057,MBA,DES=+2002251,1998-11-19-17-16-36,2000-01-01-00-00-00
a0001340,1340,Yvette,Yvette,29.451,2.77749223,2076.455192,MBA,DES=+2001340,1998-07-30-21-16-08,2000-01-01-00-00-00
a0001791,1791,Patsayev,Patsayev,29.446,2.360225212,1664.143168,MBA,DES=+2001791,1998-11-10-23-08-28,2000-01-01-00-00-00
a0001119,1119,Euboea,Euboea,29.443,2.204225978,1541.767252,MBA,DES=+2001119,1998-12-11-13-23-48,2000-01-01-00-00-00
a0024403,24403,,,29.392,5.124035975,4419.642355,GRK,DES=+2024403,1996-12-22-02-08-47,2000-01-01-00-00-00
a0090337,90337,,,29.391,4.818574913,4371.769952,GRK,DES=+2090337,1997-01-03-01-22-51,2000-01-01-00-00-00
a0006057,6057,Robbia,Robbia,29.368,2.988318943,2210.114531,OMB,DES=+2006057,1998-06-27-11-18-47,2000-01-01-00-00-00
a0001632,1632,Siebohme,Siebohme,29.351,2.289294469,1579.655116,MBA,DES=+2001632,1998-12-02-02-04-10,2000-01-01-00-00-00
a0001832,1832,Mrkos,Mrkos,29.351,2.880666648,2104.790005,OMB,DES=+2001832,1998-07-23-19-15-36,2000-01-01-00-00-00
a0003784,3784,Chopin,Chopin,29.346,2.615373889,2022.184109,MBA,DES=+2003784,1998-08-13-10-53-44,2000-01-01-00-00-00
a0000771,771,Libera,Libera,29.322,1.997259632,1578.884072,MBA,DES=+2000771,1998-12-02-06-41-45,2000-01-01-00-00-00
a0003967,3967,Shekhtelia,Shekhtelia,29.305,3.078618705,2134.590823,OMB,DES=+2003967,1998-07-16-08-27-19,2000-01-01-00-00-00
a0013694,13694,,,29.285,4.892979019,4398.475838,GRK,DES=+2013694,1996-12-27-09-08-43,2000-01-01-00-00-00
a0002932,2932,Kempchinsky,Kempchinsky,29.283,3.22453609,2518.921146,OMB,DES=+2002932,1998-04-11-06-28-24,2000-01-01-00-00-00
a0002245,2245,Hekatostos,Hekatostos,29.28,2.284648123,1563.965068,MBA,DES=+2002245,1998-12-06-00-12-35,2000-01-01-00-00-00
a0032440,32440,,,29.252,5.015172462,4260.634765,TJN,DES=+2032440,1997-01-30-20-11-31,2000-01-01-00-00-00
a0030504,30504,,,29.232,4.892768623,4354.788701,TJN,DES=+2030504,1997-01-07-07-16-06,2000-01-01-00-00-00
a0000669,669,Kypria,Kypria,29.227,2.783726497,1910.152038,MBA,DES=+2000669,1998-09-10-11-05-16,2000-01-01-00-00-00
a0003978,3978,Klepesta,Klepesta,29.223,2.868928812,1787.075037,MBA,DES=+2003978,1998-10-11-05-33-00,2000-01-01-00-00-00
a0023099,23099,,,29.213,2.799705786,2041.249177,MBA,DES=+2023099,1998-08-08-16-30-18,2000-01-01-00-00-00
a0000710,710,Gertrud,Gertrud,29.208,2.713045718,2022.378681,MBA,DES=+2000710,1998-08-13-09-43-41,2000-01-01-00-00-00
a0021370,21370,,,29.196,4.808191553,4316.803023,GRK,DES=+2021370,1997-01-16-19-10-56,2000-01-01-00-00-00
a0000614,614,Pia,Pia,29.191,2.395343192,1614.368601,MBA,DES=+2000614,1998-11-23-09-47-19,2000-01-01-00-00-00
a0001459,1459,Magnya,Magnya,29.188,2.419173066,2039.83757,MBA,DES=+2001459,1998-08-09-00-58-29,2000-01-01-00-00-00
a0001140,1140,Crimea,Crimea,29.179,2.459394034,1685.318634,MBA,DES=+2001140,1998-11-05-16-05-18,2000-01-01-00-00-00
a0001213,1213,Algeria,Алжир,29.175,2.734985536,2027.824258,MBA,DES=+2001213,1998-08-12-01-03-17,2000-01-01-00-00-00
a0001615,1615,Bardwell,Bardwell,29.139,2.550015051,2010.810761,MBA,DES=+2001615,1998-08-16-07-08-08,2000-01-01-00-00-00
a0004131,4131,Stasik,Стасик,29.13,2.834809917,2055.73424,MBA,DES=+2004131,1998-08-05-01-35-41,2000-01-01-00-00-00
a0000996,996,Hilaritas,Hilaritas,29.128,2.657290643,1983.620788,MBA,DES=+2000996,1998-08-23-02-16-31,2000-01-01-00-00-00
a0024471,24471,,,29.125,5.081943759,4481.378501,TJN,DES=+2024471,1996-12-06-15-43-46,2000-01-01-00-00-00
a0001157,1157,Arabia,Arabia,29.113,2.72172706,2073.932282,MBA,DES=+2001157,1998-07-31-12-24-23,2000-01-01-00-00-00
a0001046,1046,Edwin,Edwin,29.084,2.789762381,1881.587167,MBA,DES=+2001046,1998-09-17-14-28-38,2000-01-01-00-00-00
a0034785,34785,,,29.077,4.944746023,4265.751612,TJN,DES=+2034785,1997-01-29-13-29-27,2000-01-01-00-00-00
a0000655,655,Briseis,Briseis,29.057,2.740412484,1892.33944,MBA,DES=+2000655,1998-09-14-21-57-49,2000-01-01-00-00-00
a0000619,619,Triberga,Triberga,29.051,2.33119625,1461.451454,MBA,DES=+2000619,1998-12-31-15-17-29,2000-01-01-00-00-00
a0003976,3976,Lise,Lise,29.049,2.559814969,1672.075044,MBA,DES=+2003976,1998-11-08-23-33-00,2000-01-01-00-00-00
a0005233,5233,,,29.035,4.90862215,4259.896526,TJN,DES=+2005233,1997-01-31-00-37-17,2000-01-01-00-00-00
a0002108,2108,Otto Schmidt,Otto Schmidt,28.999,2.425008049,1389.29208,MBA,DES=+2002108,1999-01-18-16-14-51,2000-01-01-00-00-00
a0000288,288,Glauke,Glauke,28.981,2.194535442,1676.422405,MBA,DES=+2000288,1998-11-07-21-27-57,2000-01-01-00-00-00
a0015536,15536,,,28.974,4.462255891,4338.911112,GRK,DES=+2015536,1997-01-11-06-32-01,2000-01-01-00-00-00
a0006619,6619,Kolya,Kolya,28.971,2.580591734,2062.70759,MBA,DES=+2006619,1998-08-03-07-45-17,2000-01-01-00-00-00
a0001843,1843,Jarmila,Jarmila,28.965,2.204718332,1578.976654,MBA,DES=+2001843,1998-12-02-06-08-25,2000-01-01-00-00-00
a0013062,13062,Podarkes,Podarkes,28.958,5.111451263,4287.095935,GRK,DES=+2013062,1997-01-24-05-25-29,2000-01-01-00-00-00
a0034521,34521,,,28.921,4.725848561,4206.340018,TJN,DES=+2034521,1997-02-13-09-57-37,2000-01-01-00-00-00
a0000645,645,Agrippina,Agrippina,28.916,2.749798924,2105.507152,OMB,DES=+2000645,1998-07-23-14-57-26,2000-01-01-00-00-00
a0001493,1493,Sigrid,Sigrid,28.905,1.94117577,1383.525101,MBA,DES=+2001493,1999-01-20-02-50-57,2000-01-01-00-00-00
a0000572,572,Rebekka,Rebekka,28.903,2.021820445,1358.158949,MBA,DES=+2000572,1999-01-26-11-02-46,2000-01-01-00-00-00
a0018278,18278,Drymas,Дримант,28.885,4.823369088,4306.93727,TJN,DES=+2018278,1997-01-19-06-22-36,2000-01-01-00-00-00
a0002582,2582,Harimaya-Bashi,Harimaya-Bashi,28.87,2.993575516,2094.722766,OMB,DES=+2002582,1998-07-26-07-39-49,2000-01-01-00-00-00
a0032437,32437,,,28.865,4.559756698,4332.43833,TJN,DES=+2032437,1997-01-12-21-22-14,2000-01-01-00-00-00
a0000821,821,Fanny,Fanny,28.856,2.182096355,1684.990696,MBA,DES=+2000821,1998-11-05-18-03-21,2000-01-01-00-00-00
a0004663,4663,Falta,Falta,28.824,3.013126702,2100.478814,OMB,DES=+2004663,1998-07-24-21-07-38,2000-01-01-00-00-00
a0001244,1244,Deira,Deira,28.816,2.111449254,1309.728624,MBA,DES=+2001244,1999-02-07-13-37-41,2000-01-01-00-00-00
a0002217,2217,Eltigen,Eltigen,28.8,2.622941367,2045.480185,MBA,DES=+2002217,1998-08-07-15-07-09,2000-01-01-00-00-00
a0002192,2192,Pyatigoriya,Pyatigoriya,28.798,2.891509671,2031.602645,MBA,DES=+2002192,1998-08-11-02-23-03,2000-01-01-00-00-00
a0005922,5922,Shouichi,Shouichi,28.782,2.665654814,1900.517796,MBA,DES=+2005922,1998-09-12-20-53-36,2000-01-01-00-00-00
a0004712,4712,Iwaizumi,Iwaizumi,28.778,2.718813464,2041.016439,MBA,DES=+2004712,1998-08-08-17-54-05,2000-01-01-00-00-00
a0006103,6103,,,28.761,2.755556595,2316.996965,OMB,DES=+2006103,1998-05-31-18-01-06,2000-01-01-00-00-00
a0002352,2352,Kurchatov,Курчатов,28.76,2.768821278,2002.035229,MBA,DES=+2002352,1998-08-18-11-47-20,2000-01-01-00-00-00
a0017351,17351,Pheidippos,Фейдипп,28.749,4.662520651,4286.206544,GRK,DES=+2017351,1997-01-24-10-45-40,2000-01-01-00-00-00
a0051354,51354,,,28.731,4.598805084,4264.079459,TJN,DES=+2051354,1997-01-29-23-31-25,2000-01-01-00-00-00
a0024472,24472,,,28.723,4.94738662,4302.535937,TJN,DES=+2024472,1997-01-20-08-47-05,2000-01-01-00-00-00
a0001471,1471,Tornio,Tornio,28.719,2.39453993,1635.157658,MBA,DES=+2001471,1998-11-18-05-03-15,2000-01-01-00-00-00
a0001708,1708,Polit,Polit,28.706,2.016278528,1815.242639,MBA,DES=+2001708,1998-10-04-04-32-39,2000-01-01-00-00-00
a0001556,1556,Wingolfia,Wingolfia,28.65,3.051715558,2314.558587,OMB,DES=+2001556,1998-06-01-08-38-55,2000-01-01-00-00-00
a0025347,25347,,,28.649,4.8754741,4391.590218,TJN,DES=+2025347,1996-12-29-02-27-33,2000-01-01-00-00-00
a0004446,4446,Carolyn,Carolyn,28.645,2.868138591,2911.354526,OMB,DES=+2004446,1998-01-03-03-52-23,2000-01-01-00-00-00
a0055060,55060,,,28.643,4.866644228,4209.751554,TJN,DES=+2055060,1997-02-12-13-29-28,2000-01-01-00-00-00
a0021284,21284,Pandion,Пандион,28.55,4.684649611,4361.458119,GRK,DES=+2021284,1997-01-05-15-15-06,2000-01-01-00-00-00
a0002324,2324,Janice,Janice,28.532,2.527471822,1977.657597,MBA,DES=+2002324,1998-08-24-14-03-16,2000-01-01-00-00-00
a0014235,14235,,,28.53,4.701995065,4246.738034,GRK,DES=+2014235,1997-02-03-07-34-20,2000-01-01-00-00-00
a0004609,4609,Pizarro,Pizarro,28.518,2.784163402,2004.686221,MBA,DES=+2004609,1998-08-17-19-52-58,2000-01-01-00-00-00
a0007895,7895,Kaseda,Kaseda,28.51,2.675880952,2042.093025,MBA,DES=+2007895,1998-08-08-11-26-31,2000-01-01-00-00-00
a0413666,413666,,,28.5,11.31996853,77477.70687,TNO,DES=+2413666,1990-01-01-00-00-00,2000-01-01-00-00-00
a0005070,5070,Arai,Arai,28.47,2.9036663,2001.257749,MBA,DES=+2005070,1998-08-18-16-27-13,2000-01-01-00-00-00
a0001248,1248,Jugurtha,Jugurtha,28.468,2.676904094,1640.307663,MBA,DES=+2001248,1998-11-16-22-09-15,2000-01-01-00-00-00
a0004230,4230,van den Bergh,Ванденберг,28.461,3.418631727,2862.86387,OMB,DES=+2004230,1998-01-15-06-49-01,2000-01-01-00-00-00
a0080119,80119,,,28.432,4.435186445,4329.093833,TJN,DES=+2080119,1997-01-13-17-26-15,2000-01-01-00-00-00
a0003902,3902,Yoritomo,Yoritomo,28.402,3.015527613,2116.536586,OMB,DES=+2003902,1998-07-20-20-46-50,2000-01-01-00-00-00
a0053436,53436,,,28.399,5.006063373,4161.873608,GRK,DES=+2053436,1997-02-24-12-45-32,2000-01-01-00-00-00
a0005849,5849,Bhanji,Bhanji,28.39,3.153516389,2073.949433,MBA,DES=+2005849,1998-07-31-12-18-13,2000-01-01-00-00-00
a0024275,24275,,,28.389,4.902344958,4234.095327,GRK,DES=+2024275,1997-02-06-11-25-42,2000-01-01-00-00-00
a0006355,6355,Univermoscow,Univermoscow,28.38,2.946642552,2093.975713,OMB,DES=+2006355,1998-07-26-12-08-45,2000-01-01-00-00-00
a0000890,890,Waltraut,Waltraut,28.376,2.840703549,1921.280093,MBA,DES=+2000890,1998-09-07-16-19-11,2000-01-01-00-00-00
a0068444,68444,,,28.373,5.071730164,4352.31032,TJN,DES=+2068444,1997-01-07-22-08-19,2000-01-01-00-00-00
a0000295,295,Theresia,Theresia,28.34,2.315451042,1706.313405,MBA,DES=+2000295,1998-10-31-10-07-11,2000-01-01-00-00-00
a0024459,24459,,,28.326,4.646323684,4418.611575,TJN,DES=+2024459,1996-12-22-08-19-51,2000-01-01-00-00-00
a0002173,2173,Maresjev,Мересьев,28.324,2.778856029,2031.249716,MBA,DES=+2002173,1998-08-11-04-30-07,2000-01-01-00-00-00
a0013362,13362,,,28.324,5.039515223,4307.130391,GRK,DES=+2013362,1997-01-19-05-13-05,2000-01-01-00-00-00
a0021599,21599,,,28.312,4.603027718,4341.769437,GRK,DES=+2021599,1997-01-10-13-23-02,2000-01-01-00-00-00
a0000894,894,Erda,Erda,28.309,2.774811259,2011.914523,MBA,DES=+2000894,1998-08-16-00-30-47,2000-01-01-00-00-00
a0005771,5771,Somerville,Somerville,28.306,2.460493509,2038.760207,MBA,DES=+2005771,1998-08-09-07-26-20,2000-01-01-00-00-00
a0134720,134720,,,28.299,4.771038869,4365.634846,GRK,DES=+2134720,1997-01-04-14-11-29,2000-01-01-00-00-00
a0000625,625,Xenia,Xenia,28.287,2.040601021,1570.420154,MBA,DES=+2000625,1998-12-04-09-28-45,2000-01-01-00-00-00
a0003078,3078,Horrocks,Horrocks,28.284,2.82034228,2039.889148,MBA,DES=+2003078,1998-08-09-00-39-55,2000-01-01-00-00-00
a0001411,1411,Brauna,Brauna,28.272,2.832539522,1901.75135,MBA,DES=+2001411,1998-09-12-13-29-31,2000-01-01-00-00-00
a0002816,2816,Pien,Pien,28.256,2.214588726,1645.353979,MBA,DES=+2002816,1998-11-15-15-52-35,2000-01-01-00-00-00
a0057714,57714,,,28.255,5.080269452,4356.16203,TJN,DES=+2057714,1997-01-06-23-01-42,2000-01-01-00-00-00
a0032811,32811,Apisaon,Аписаон,28.249,4.852406132,4405.839598,TJN,DES=+2032811,1996-12-25-12-57-46,2000-01-01-00-00-00
a0003325,3325,TARDIS,TARDIS,28.238,3.131366783,2076.142548,MBA,DES=+2003325,1998-07-30-23-08-41,2000-01-01-00-00-00
a0024454,24454,,,28.224,4.902112807,4158.74324,TJN,DES=+2024454,1997-02-25-07-32-28,2000-01-01-00-00-00
a0023186,23186,,,28.211,3.504424206,2930.81035,OMB,DES=+2023186,1997-12-29-07-08-17,2000-01-01-00-00-00
a0001300,1300,Marcelle,Marcelle,28.194,2.768132133,1696.272042,MBA,DES=+2001300,1998-11-02-22-22-04,2000-01-01-00-00-00
a0005637,5637,Gyas,Gyas,28.168,4.55169417,4280.580858,TJN,DES=+2005637,1997-01-25-20-30-55,2000-01-01-00-00-00
a0001780,1780,Kippes,Kippes,28.164,2.850567293,1911.999944,MBA,DES=+2001780,1998-09-10-00-00-02,2000-01-01-00-00-00
a0002218,2218,Wotho,Wotho,28.158,2.558139644,1943.57729,MBA,DES=+2002218,1998-09-02-02-32-11,2000-01-01-00-00-00
a0001645,1645,Waterfield,Waterfield,28.146,2.725729576,1955.353405,MBA,DES=+2001645,1998-08-30-03-52-47,2000-01-01-00-00-00
a0003565,3565,Ojima,Ojima,28.129,2.812073352,2095.026672,OMB,DES=+2003565,1998-07-26-05-50-24,2000-01-01-00-00-00
a0004672,4672,Takuboku,Такубоку,28.115,3.032957413,2078.809217,MBA,DES=+2004672,1998-07-30-07-08-41,2000-01-01-00-00-00
a0009818,9818,Eurymachos,Eurymachos,28.076,5.191507644,4337.321175,GRK,DES=+2009818,1997-01-11-16-04-24,2000-01-01-00-00-00
a0001811,1811,Bruwer,Bruwer,28.072,2.794354114,2027.94033,MBA,DES=+2001811,1998-08-12-00-21-29,2000-01-01-00-00-00
a0005438,5438,Lorre,Lorre,28.072,1.986782801,1661.810745,MBA,DES=+2005438,1998-11-11-13-08-08,2000-01-01-00-00-00
a0005360,5360,Rozhdestvenskij,Rozhdestvenskij,28.062,3.184988573,2130.156689,OMB,DES=+2005360,1998-07-17-11-03-36,2000-01-01-00-00-00
a0048764,48764,,,28.043,4.72851198,4325.906985,TJN,DES=+2048764,1997-01-14-12-33-31,2000-01-01-00-00-00
a0000340,340,Eduarda,Eduarda,28.025,2.42808946,1662.412266,MBA,DES=+2000340,1998-11-11-09-31-36,2000-01-01-00-00-00
a0001659,1659,Punkaharju,Punkaharju,28.01,2.062736858,1697.20184,MBA,DES=+2001659,1998-11-02-16-47-21,2000-01-01-00-00-00
a0002613,2613,Plzen,Plzen,28.007,2.902815258,1935.240346,MBA,DES=+2002613,1998-09-04-04-33-29,2000-01-01-00-00-00
bK05TI9V,500026,,,28,31.97254789,89703.31816,TNO,DES=+3330235,1990-01-01-00-00-00,2000-01-01-00-00-00
bK10F92H,500033,,,28,5.788796729,44148.6364,CEN,DES=+3515797,1990-01-01-00-00-00,2000-01-01-00-00-00
a0000321,321,Florentina,Florentina,27.974,2.750744107,1790.203327,MBA,DES=+2000321,1998-10-10-10-46-49,2000-01-01-00-00-00
a0032339,32339,,,27.968,4.640731924,4352.640579,TJN,DES=+2032339,1997-01-07-20-09-25,2000-01-01-00-00-00
a0004973,4973,Showa,Showa,27.958,3.166206811,2318.754042,OMB,DES=+2004973,1998-05-31-07-28-33,2000-01-01-00-00-00
a0000998,998,Bodea,Bodea,27.943,2.454709761,2011.638736,MBA,DES=+2000998,1998-08-16-02-10-04,2000-01-01-00-00-00
a0015521,15521,,,27.941,4.868144564,4377.785266,GRK,DES=+2015521,1997-01-01-13-17-20,2000-01-01-00-00-00
a0024453,24453,,,27.932,4.886243155,4292.487315,TJN,DES=+2024453,1997-01-22-21-04-36,2000-01-01-00-00-00
a0006785,6785,,,27.93,2.879769535,2079.457302,MBA,DES=+2006785,1998-07-30-03-15-23,2000-01-01-00-00-00
a0000787,787,Moskva,Moskva,27.927,2.207118962,1477.124386,MBA,DES=+2000787,1998-12-27-17-15-14,2000-01-01-00-00-00
a0002576,2576,Yesenin,Yesenin,27.887,2.700526202,1986.237268,MBA,DES=+2002576,1998-08-22-10-34-36,2000-01-01-00-00-00
a0001095,1095,Tulipa,Tulipa,27.875,2.95995984,1922.19687,MBA,DES=+2001095,1998-09-07-10-49-08,2000-01-01-00-00-00
a0032482,32482,,,27.868,5.00097691,4252.854947,TJN,DES=+2032482,1997-02-01-18-52-15,2000-01-01-00-00-00
a0068519,68519,,,27.855,5.21074319,4444.065424,TJN,DES=+2068519,1996-12-15-23-36-28,2000-01-01-00-00-00
a0001623,1623,Vivian,Vivian,27.851,2.66871566,2045.058197,MBA,DES=+2001623,1998-08-07-17-39-03,2000-01-01-00-00-00
a0005023,5023,Agapenor,Agapenor,27.85,4.898808915,4295.11716,GRK,DES=+2005023,1997-01-22-05-17-51,2000-01-01-00-00-00
a0051364,51364,,,27.85,4.725358536,4407.758305,TJN,DES=+2051364,1996-12-25-01-27-02,2000-01-01-00-00-00
a0001159,1159,Granada,Granada,27.839,2.23993653,1340.66187,MBA,DES=+2001159,1999-01-30-20-01-43,2000-01-01-00-00-00
a0000378,378,Holmia,Holmia,27.831,2.414832503,1689.734431,MBA,DES=+2000378,1998-11-04-13-35-37,2000-01-01-00-00-00
a0001871,1871,Astyanax,Astyanax,27.828,5.062891428,4384.224429,TJN,DES=+2001871,1996-12-30-22-39-14,2000-01-01-00-00-00
a0006998,6998,Tithonus,Tithonus,27.828,4.814835453,4307.722767,TJN,DES=+2006998,1997-01-19-01-39-50,2000-01-01-00-00-00
a0044566,44566,,,27.818,2.656118979,2228.148271,OMB,DES=+2044566,1998-06-22-23-06-38,2000-01-01-00-00-00
a0001229,1229,Tilia,Tilia,27.795,2.691415366,2115.928366,OMB,DES=+2001229,1998-07-21-00-25-48,2000-01-01-00-00-00
a0002492,2492,Kutuzov,Кутузов,27.792,2.742481422,2083.771924,MBA,DES=+2002492,1998-07-29-01-22-07,2000-01-01-00-00-00
a0058931,58931,Palmys,Палмис,27.753,4.73621575,4410.217697,TJN,DES=+2058931,1996-12-24-10-41-39,2000-01-01-00-00-00
a0003237,3237,Victorplatt,Victorplatt,27.751,2.812788957,1912.715691,MBA,DES=+2003237,1998-09-09-19-42-22,2000-01-01-00-00-00
a0000470,470,Kilia,Kilia,27.75,2.179100917,1362.462274,MBA,DES=+2000470,1999-01-25-09-13-34,2000-01-01-00-00-00
a0002659,2659,Millis,Millis,27.746,2.804344648,2020.532601,MBA,DES=+2002659,1998-08-13-20-48-16,2000-01-01-00-00-00
a0000323,323,Brucia,Brucia,27.714,1.670695085,1344.289311,MBA,DES=+2000323,1999-01-29-22-15-50,2000-01-01-00-00-00
a0016461,16461,,,27.713,2.856503631,2075.014486,MBA,DES=+2016461,1998-07-31-05-54-48,2000-01-01-00-00-00
a0003727,3727,Maxhell,Maxhell,27.691,2.82027784,2209.003962,OMB,DES=+2003727,1998-06-27-17-58-35,2000-01-01-00-00-00
a0008376,8376,,,27.69,3.20243792,2912.331129,OMB,DES=+2008376,1998-01-02-22-00-48,2000-01-01-00-00-00
a0022052,22052,,,27.68,4.997619697,4313.905777,GRK,DES=+2022052,1997-01-17-12-33-57,2000-01-01-00-00-00
a0009661,9661,Hohmann,Hohmann,27.665,3.027849339,2860.784897,OMB,DES=+2009661,1998-01-15-19-17-27,2000-01-01-00-00-00
a0000717,717,Wisibada,Wisibada,27.656,2.314446041,2032.211666,MBA,DES=+2000717,1998-08-10-22-43-49,2000-01-01-00-00-00
a0001903,1903,Adzhimushkaj,Аджимушкай,27.642,2.86982244,1902.823522,MBA,DES=+2001903,1998-09-12-07-03-32,2000-01-01-00-00-00
a0001275,1275,Cimbria,Cimbria,27.622,2.233851964,1603.654149,MBA,DES=+2001275,1998-11-26-02-04-31,2000-01-01-00-00-00
a0001334,1334,Lundmarka,Lundmarka,27.621,2.639123687,1816.344935,MBA,DES=+2001334,1998-10-03-21-55-50,2000-01-01-00-00-00
a0023480,23480,,,27.621,4.750292258,4333.346983,GRK,DES=+2023480,1997-01-12-15-55-07,2000-01-01-00-00-00
a0055568,55568,,,27.608,4.94812236,4237.469177,GRK,DES=+2055568,1997-02-05-15-11-07,2000-01-01-00-00-00
a0000853,853,Nansenia,Nansenia,27.593,2.067886806,1284.1517,MBA,DES=+2000853,1999-02-13-23-05-23,2000-01-01-00-00-00
a0000992,992,Swasey,Swasey,27.585,2.770799564,1924.326217,MBA,DES=+2000992,1998-09-06-22-02-34,2000-01-01-00-00-00
a0004772,4772,Frankdrake,Frankdrake,27.57,2.944206686,2053.732854,MBA,DES=+2004772,1998-08-05-13-36-11,2000-01-01-00-00-00
a0017417,17417,,,27.569,4.741332766,4290.9069,TJN,DES=+2017417,1997-01-23-06-33-32,2000-01-01-00-00-00
a0013229,13229,Echion,Echion,27.554,4.860113326,4398.19077,GRK,DES=+2013229,1996-12-27-10-51-21,2000-01-01-00-00-00
a0001416,1416,Renauxa,Renauxa,27.552,2.693628451,1914.084349,MBA,DES=+2001416,1998-09-09-11-29-39,2000-01-01-00-00-00
a0001366,1366,Piccolo,Piccolo,27.55,2.472357397,1779.504807,MBA,DES=+2001366,1998-10-13-02-58-17,2000-01-01-00-00-00
a0005153,5153,Gierasch,Gierasch,27.548,2.197778372,1582.078347,MBA,DES=+2005153,1998-12-01-11-31-48,2000-01-01-00-00-00
a0018331,18331,,,27.533,2.843262529,1997.902564,MBA,DES=+2018331,1998-08-19-12-35-05,2000-01-01-00-00-00
a0009430,9430,Erichthonios,Erichthonios,27.532,4.980336134,4414.283209,TJN,DES=+2009430,1996-12-23-10-18-04,2000-01-01-00-00-00
a0012365,12365,Yoshitoki,Yoshitoki,27.53,3.074594324,2067.511908,MBA,DES=+2012365,1998-08-02-02-55-43,2000-01-01-00-00-00
a0001148,1148,Rarahu,Rarahu,27.512,2.689912995,1913.913624,MBA,DES=+2001148,1998-09-09-12-31-06,2000-01-01-00-00-00
a0000251,251,Sophia,София,27.495,2.792418926,1990.45095,MBA,DES=+2000251,1998-08-21-09-17-40,2000-01-01-00-00-00
a0003693,3693,Barringer,Barringer,27.494,2.504250278,2037.628006,MBA,DES=+2003693,1998-08-09-14-13-56,2000-01-01-00-00-00
a0003045,3045,Alois,Alois,27.493,2.785371755,2026.339169,MBA,DES=+2003045,1998-08-12-09-57-54,2000-01-01-00-00-00
a0051962,51962,,,27.479,4.89043756,4327.877894,TJN,DES=+2051962,1997-01-14-00-43-59,2000-01-01-00-00-00
a0020144,20144,,,27.467,5.129746373,4316.551655,GRK,DES=+2020144,1997-01-16-20-41-26,2000-01-01-00-00-00
a0006222,6222,,,27.451,2.844254695,2135.246296,OMB,DES=+2006222,1998-07-16-04-31-21,2000-01-01-00-00-00
a0013035,13035,,,27.438,3.340936356,2906.865823,OMB,DES=+2013035,1998-01-04-06-48-19,2000-01-01-00-00-00
a0001291,1291,Phryne,Phryne,27.418,2.727471185,1910.161873,MBA,DES=+2001291,1998-09-10-11-01-44,2000-01-01-00-00-00
a0003471,3471,Amelin,Amelin,27.406,3.026904146,2083.47246,MBA,DES=+2003471,1998-07-29-03-09-55,2000-01-01-00-00-00
a0003273,3273,Drukar,Drukar,27.397,3.320014159,2293.496787,OMB,DES=+2003273,1998-06-06-15-01-10,2000-01-01-00-00-00
a0042554,42554,,,27.397,4.973973742,4240.536054,GRK,DES=+2042554,1997-02-04-20-47-03,2000-01-01-00-00-00
a0001462,1462,Zamenhof,Zamenhof,27.366,2.802600472,2038.209401,MBA,DES=+2001462,1998-08-09-10-44-37,2000-01-01-00-00-00
a0001576,1576,Fabiola,Fabiola,27.357,2.624167926,2041.154945,MBA,DES=+2001576,1998-08-08-17-04-14,2000-01-01-00-00-00
a0000565,565,Marbachia,Marbachia,27.332,2.126893566,1394.684241,MBA,DES=+2000565,1999-01-17-07-53-40,2000-01-01-00-00-00
a0000274,274,Philagoria,Philagoria,27.307,2.681599713,1941.186149,MBA,DES=+2000274,1998-09-02-16-53-00,2000-01-01-00-00-00
a0000840,840,Zenobia,Zenobia,27.306,2.814774667,2022.447954,MBA,DES=+2000840,1998-08-13-09-18-45,2000-01-01-00-00-00
a0023624,23624,,,27.292,4.381187419,4360.203068,GRK,DES=+2023624,1997-01-05-22-46-55,2000-01-01-00-00-00
a0002846,2846,Ylppo,Ylppo,27.254,2.988890774,2115.080243,OMB,DES=+2002846,1998-07-21-05-31-07,2000-01-01-00-00-00
a0001132,1132,Hollandia,Hollandia,27.235,1.949070379,1609.090615,MBA,DES=+2001132,1998-11-24-17-27-23,2000-01-01-00-00-00
a0011911,11911,Angel,Ангел,27.233,2.692040081,2085.984564,MBA,DES=+2011911,1998-07-28-12-05-34,2000-01-01-00-00-00
a0001805,1805,Dirikis,Dirikis,27.228,2.790941421,2032.137775,MBA,DES=+2001805,1998-08-10-23-10-25,2000-01-01-00-00-00
a0051958,51958,,,27.223,4.554340227,4228.996478,TJN,DES=+2051958,1997-02-07-18-01-18,2000-01-01-00-00-00
a0001434,1434,Margot,Margot,27.178,2.818931752,1914.534947,MBA,DES=+2001434,1998-09-09-08-47-26,2000-01-01-00-00-00
a0020428,20428,,,27.176,4.449344234,4345.485049,GRK,DES=+2020428,1997-01-09-15-05-24,2000-01-01-00-00-00
a0008241,8241,Agrius,Agrius,27.174,4.922643831,4266.018121,GRK,DES=+2008241,1997-01-29-11-53-30,2000-01-01-00-00-00
a0000544,544,Jetta,Jetta,27.169,2.195265996,1523.751897,MBA,DES=+2000544,1998-12-16-01-29-20,2000-01-01-00-00-00
a0001371,1371,Resi,Resi,27.155,2.821647256,2092.558879,OMB,DES=+2001371,1998-07-26-20-38-49,2000-01-01-00-00-00
a0029564,29564,,,27.139,2.440434997,1993.291353,MBA,DES=+2029564,1998-08-20-16-15-07,2000-01-01-00-00-00
a0003660,3660,Lazarev,Лазарев,27.136,2.956205283,2110.835686,OMB,DES=+2003660,1998-07-22-06-59-10,2000-01-01-00-00-00
a0051350,51350,,,27.121,4.919553849,4326.708223,TJN,DES=+2051350,1997-01-14-07-45-04,2000-01-01-00-00-00
a0002165,2165,Young,Young,27.115,2.577338082,2020.377122,MBA,DES=+2002165,1998-08-13-21-44-15,2000-01-01-00-00-00
a0002793,2793,Valdaj,Валдай,27.103,3.071131654,2058.234125,MBA,DES=+2002793,1998-08-04-10-35-43,2000-01-01-00-00-00
a0037301,37301,,,27.099,4.906174281,4303.72555,GRK,DES=+2037301,1997-01-20-01-38-50,2000-01-01-00-00-00
a0008125,8125,Tyndareus,Tyndareus,27.088,4.943144332,4313.885728,GRK,DES=+2008125,1997-01-17-12-41-10,2000-01-01-00-00-00
a0005833,5833,Peterson,Peterson,27.077,3.382825893,2385.576617,OMB,DES=+2005833,1998-05-14-14-32-26,2000-01-01-00-00-00
a0159342,159342,,,27.048,4.794908656,4392.027992,TJN,DES=+2159342,1996-12-28-23-49-57,2000-01-01-00-00-00
a0020739,20739,,,27.043,4.492542558,4334.91869,GRK,DES=+2020739,1997-01-12-06-29-18,2000-01-01-00-00-00
a0002097,2097,Galle,Galle,27.042,2.345497972,2031.757727,MBA,DES=+2002097,1998-08-11-01-27-14,2000-01-01-00-00-00
a0017109,17109,,,27.04,2.299192899,1684.374599,MBA,DES=+2017109,1998-11-05-21-45-09,2000-01-01-00-00-00
a0000698,698,Ernestina,Ernestina,27.037,2.548371943,1772.44158,MBA,DES=+2000698,1998-10-14-21-21-02,2000-01-01-00-00-00
a0000862,862,Franzia,Franzia,27.033,2.573311486,1714.416806,MBA,DES=+2000862,1998-10-29-09-29-57,2000-01-01-00-00-00
a0001828,1828,Kashirina,Kashirina,27.016,2.737118003,1958.740195,MBA,DES=+2001828,1998-08-29-07-33-32,2000-01-01-00-00-00
a0001960,1960,Guisan,Guisan,27.004,2.216922945,1466.547789,MBA,DES=+2001960,1998-12-30-08-42-48,2000-01-01-00-00-00
a0030704,30704,Phegeus,Фегей,27.002,5.041321315,4377.910432,TJN,DES=+2030704,1997-01-01-12-32-16,2000-01-01-00-00-00
a0003730,3730,Hurban,Hurban,26.996,2.286385574,1644.24789,MBA,DES=+2003730,1998-11-15-22-30-46,2000-01-01-00-00-00
a0001764,1764,Cogshall,Cogshall,26.97,2.72121513,1988.419596,MBA,DES=+2001764,1998-08-21-21-28-57,2000-01-01-00-00-00
a0001362,1362,Griqua,Griqua,26.936,2.020548046,2106.292787,OMB,DES=+2001362,1998-07-23-10-14-36,2000-01-01-00-00-00
a0003132,3132,Landgraf,Landgraf,26.932,2.746674317,2039.230213,MBA,DES=+2003132,1998-08-09-04-37-08,2000-01-01-00-00-00
a0003054,3054,Strugatskia,Strugatskia,26.921,2.440392659,1986.733783,MBA,DES=+2003054,1998-08-22-07-35-51,2000-01-01-00-00-00
a0031835,31835,,,26.904,4.863291409,4239.497177,GRK,DES=+2031835,1997-02-05-03-01-02,2000-01-01-00-00-00
bK10E65S,500032,,,26.9,9.52457131,37092.08916,CEN,DES=+3512266,1990-01-01-00-00-00,2000-01-01-00-00-00
a0001209,1209,Pumma,Pumma,26.889,2.760511455,2059.542975,MBA,DES=+2001209,1998-08-04-02-44-32,2000-01-01-00-00-00
a0006983,6983,Komatsusakyo,Komatsusakyo,26.889,2.810045129,2105.219191,OMB,DES=+2006983,1998-07-23-16-41-06,2000-01-01-00-00-00
a0005651,5651,Traversa,Traversa,26.88,2.645289528,2032.63751,MBA,DES=+2005651,1998-08-10-20-10-30,2000-01-01-00-00-00
a0032451,32451,,,26.879,4.708015121,4362.854194,TJN,DES=+2032451,1997-01-05-06-52-31,2000-01-01-00-00-00
a0037297,37297,,,26.879,4.84188091,4386.580615,GRK,DES=+2037297,1996-12-30-08-31-00,2000-01-01-00-00-00
a0000272,272,Antonia,Antonia,26.87,2.705246302,1693.265587,MBA,DES=+2000272,1998-11-03-16-24-24,2000-01-01-00-00-00
a0010247,10247,Amphiaraos,Amphiaraos,26.826,5.228702044,4414.727863,GRK,DES=+2010247,1996-12-23-07-38-00,2000-01-01-00-00-00
a0006794,6794,Masuisakura,Masuisakura,26.82,2.425898308,1976.365563,MBA,DES=+2006794,1998-08-24-21-48-24,2000-01-01-00-00-00
a0004896,4896,Tomoegozen,Tomoegozen,26.803,2.578756349,1999.460048,MBA,DES=+2004896,1998-08-19-03-14-23,2000-01-01-00-00-00
a0001844,1844,Susilva,Susilva,26.8,2.858880907,1911.56207,MBA,DES=+2001844,1998-09-10-02-37-40,2000-01-01-00-00-00
a0002052,2052,Tamriko,Tamriko,26.799,2.752257235,1903.870723,MBA,DES=+2002052,1998-09-12-00-46-33,2000-01-01-00-00-00
a0011869,11869,,,26.794,5.01553453,4379.518674,TJN,DES=+2011869,1997-01-01-02-53-18,2000-01-01-00-00-00
a0001539,1539,Borrelly,Borrelly,26.791,2.546739295,2037.347881,MBA,DES=+2001539,1998-08-09-15-54-46,2000-01-01-00-00-00
a0001489,1489,Attila,Attila,26.789,2.735782755,2086.491262,MBA,DES=+2001489,1998-07-28-09-03-09,2000-01-01-00-00-00
a0047963,47963,,,26.772,5.112946978,4414.253197,TJN,DES=+2047963,1996-12-23-10-28-52,2000-01-01-00-00-00
a0003647,3647,Dermott,Dermott,26.754,2.51078492,1710.574758,MBA,DES=+2003647,1998-10-30-08-33-06,2000-01-01-00-00-00
a0000352,352,Gisela,Gisela,26.744,1.865678955,1187.077417,MBA,DES=+2000352,1999-03-10-05-32-07,2000-01-01-00-00-00
a0003747,3747,Belinskij,Belinskij,26.73,2.803488741,2082.564786,MBA,DES=+2003747,1998-07-29-08-36-41,2000-01-01-00-00-00
a0002263,2263,Shaanxi,Shaanxi,26.702,2.690983551,1914.991031,MBA,DES=+2002263,1998-09-09-06-03-14,2000-01-01-00-00-00
a0004438,4438,Sykes,Sykes,26.693,2.364727409,2055.916177,MBA,DES=+2004438,1998-08-05-00-30-11,2000-01-01-00-00-00
a0004843,4843,Megantic,Megantic,26.69,2.729688245,1989.145257,MBA,DES=+2004843,1998-08-21-17-07-43,2000-01-01-00-00-00
a0001098,1098,Hakone,Hakone,26.684,2.369163767,1609.568716,MBA,DES=+2001098,1998-11-24-14-35-16,2000-01-01-00-00-00
a0000920,920,Rogeria,Rogeria,26.656,2.344001044,1550.185251,MBA,DES=+2000920,1998-12-09-10-53-19,2000-01-01-00-00-00
a0001716,1716,Peter,Peter,26.656,2.4887468,1651.695862,MBA,DES=+2001716,1998-11-14-01-49-30,2000-01-01-00-00-00
a0003650,3650,Kunming,Kunming,26.645,2.366294273,2012.319868,MBA,DES=+2003650,1998-08-15-22-04-51,2000-01-01-00-00-00
a0000793,793,Arizona,Arizona,26.636,2.444312045,1706.325197,MBA,DES=+2000793,1998-10-31-10-02-56,2000-01-01-00-00-00
a0047957,47957,,,26.634,4.835185838,4437.12559,TJN,DES=+2047957,1996-12-17-17-14-49,2000-01-01-00-00-00
a0128299,128299,,,26.632,4.9202397,4429.684084,TJN,DES=+2128299,1996-12-19-13-53-45,2000-01-01-00-00-00
a0055563,55563,,,26.631,4.900752955,4246.52315,GRK,DES=+2055563,1997-02-03-08-51-41,2000-01-01-00-00-00
a0005024,5024,Bechmann,Bechmann,26.63,3.050460396,2114.926491,OMB,DES=+2005024,1998-07-21-06-26-28,2000-01-01-00-00-00
a0020734,20734,,,26.622,2.485012982,1987.640452,MBA,DES=+2020734,1998-08-22-02-09-27,2000-01-01-00-00-00
a0003768,3768,Monroe,Монро,26.601,2.431591041,1987.603764,MBA,DES=+2003768,1998-08-22-02-22-39,2000-01-01-00-00-00
a0002297,2297,Daghestan,Daghestan,26.579,2.768235721,2060.836902,MBA,DES=+2002297,1998-08-03-18-58-43,2000-01-01-00-00-00
a0001595,1595,Tanga,Tanga,26.572,2.350292672,1570.757078,MBA,DES=+2001595,1998-12-04-07-27-28,2000-01-01-00-00-00
a0002009,2009,Voloshina,Волошина,26.558,2.673224131,2008.548388,MBA,DES=+2002009,1998-08-16-20-42-35,2000-01-01-00-00-00
a0000852,852,Wladilena,Wladilena,26.541,1.71496915,1326.515242,MBA,DES=+2000852,1999-02-03-08-54-30,2000-01-01-00-00-00
a0003333,3333,Schaber,Schaber,26.538,2.439151318,2024.954559,MBA,DES=+2003333,1998-08-12-18-16-22,2000-01-01-00-00-00
a0001403,1403,Idelsonia,Idelsonia,26.531,1.916180546,1635.014062,MBA,DES=+2001403,1998-11-18-05-54-57,2000-01-01-00-00-00
a0001384,1384,Kniertje,Kniertje,26.517,2.187310414,1598.670465,MBA,DES=+2001384,1998-11-27-07-58-38,2000-01-01-00-00-00
a0003550,3550,Link,Link,26.515,2.475340062,1833.535333,MBA,DES=+2003550,1998-09-29-14-47-17,2000-01-01-00-00-00
a0001125,1125,China,China,26.513,2.447249188,2021.055606,MBA,DES=+2001125,1998-08-13-17-39-59,2000-01-01-00-00-00
a0001372,1372,Haremari,Haremari,26.491,2.356024011,1681.11015,MBA,DES=+2001372,1998-11-06-17-20-21,2000-01-01-00-00-00
a0001084,1084,Tamariwa,Tamariwa,26.476,2.330332182,1609.095444,MBA,DES=+2001084,1998-11-24-17-25-39,2000-01-01-00-00-00
a0062426,62426,,,26.466,4.818054593,4364.606182,TJN,DES=+2062426,1997-01-04-20-21-48,2000-01-01-00-00-00
a0012658,12658,Peiraios,Peiraios,26.458,4.873182945,4287.765544,GRK,DES=+2012658,1997-01-24-01-24-26,2000-01-01-00-00-00
a0001392,1392,Pierre,Pierre,26.44,2.078616016,1538.15044,MBA,DES=+2001392,1998-12-12-11-05-51,2000-01-01-00-00-00
a0001546,1546,Izsak,Izsak,26.438,2.775044002,2064.662312,MBA,DES=+2001546,1998-08-02-20-01-35,2000-01-01-00-00-00
a0024485,24485,,,26.422,4.923293514,4259.16143,GRK,DES=+2024485,1997-01-31-05-01-55,2000-01-01-00-00-00
a0005889,5889,Mickiewicz,Mickiewicz,26.414,2.565734973,1942.065927,MBA,DES=+2005889,1998-09-02-11-36-16,2000-01-01-00-00-00
a0032253,32253,,,26.399,2.885996497,2080.544728,MBA,DES=+2032253,1998-07-29-20-43-54,2000-01-01-00-00-00
a0004349,4349,Tiburcio,Tiburcio,26.397,1.986107165,1548.04739,MBA,DES=+2004349,1998-12-09-23-42-57,2000-01-01-00-00-00
a0002310,2310,Olshaniya,Olshaniya,26.395,2.636165033,2035.436195,MBA,DES=+2002310,1998-08-10-03-22-59,2000-01-01-00-00-00
a0013860,13860,Neely,Neely,26.385,2.491770978,2007.15202,MBA,DES=+2013860,1998-08-17-05-05-17,2000-01-01-00-00-00
a0020716,20716,,,26.367,4.557232878,4374.13211,GRK,DES=+2020716,1997-01-02-11-12-28,2000-01-01-00-00-00
a0001444,1444,Pannonia,Pannonia,26.363,2.714620048,2043.959544,MBA,DES=+2001444,1998-08-08-00-14-34,2000-01-01-00-00-00
a0002248,2248,Kanda,Kanda,26.361,2.741643507,1994.185529,MBA,DES=+2002248,1998-08-20-10-53-13,2000-01-01-00-00-00
a0051910,51910,,,26.35,4.726849999,4297.170348,TJN,DES=+2051910,1997-01-21-16-58-42,2000-01-01-00-00-00
a0001326,1326,Losaka,Losaka,26.336,2.064729659,1589.505578,MBA,DES=+2001326,1998-11-29-14-58-00,2000-01-01-00-00-00
a0001672,1672,Gezelle,Gezelle,26.335,2.29249876,2062.494142,MBA,DES=+2001672,1998-08-03-09-02-07,2000-01-01-00-00-00
a0003584,3584,Aisha,Aisha,26.325,2.771309076,1977.673006,MBA,DES=+2003584,1998-08-24-13-57-44,2000-01-01-00-00-00
a0004554,4554,Fanynka,Fanynka,26.315,2.805304197,2077.627,MBA,DES=+2004554,1998-07-30-14-14-17,2000-01-01-00-00-00
a0003495,3495,Colchagua,Colchagua,26.312,2.836226503,2110.970506,OMB,DES=+2003495,1998-07-22-06-10-38,2000-01-01-00-00-00
a0023463,23463,,,26.31,4.92742844,4300.062399,TJN,DES=+2023463,1997-01-20-23-37-34,2000-01-01-00-00-00
a0000193,193,Ambrosia,Амброзия,26.302,1.831222134,1534.021218,MBA,DES=+2000193,1998-12-13-11-52-22,2000-01-01-00-00-00
a0005435,5435,Kameoka,Kameoka,26.301,2.757099007,2049.261284,MBA,DES=+2005435,1998-08-06-16-25-57,2000-01-01-00-00-00
a0000311,311,Claudia,Клавдия,26.3,2.891559463,1803.002978,MBA,DES=+2000311,1998-10-07-05-58-56,2000-01-01-00-00-00
a0001296,1296,Andree,Andree,26.298,2.069774939,1372.326918,MBA,DES=+2001296,1999-01-22-22-02-18,2000-01-01-00-00-00
a0001901,1901,Moravia,Моравия,26.29,3.007468815,2129.925396,OMB,DES=+2001901,1998-07-17-12-26-52,2000-01-01-00-00-00
a0024519,24519,,,26.279,4.765462583,4354.030466,GRK,DES=+2024519,1997-01-07-11-49-03,2000-01-01-00-00-00
a0001624,1624,Rabe,Rabe,26.27,2.906573068,2083.921746,MBA,DES=+2001624,1998-07-29-00-28-11,2000-01-01-00-00-00
a0001973,1973,Colocolo,Colocolo,26.269,2.936704798,2075.062625,MBA,DES=+2001973,1998-07-31-05-37-28,2000-01-01-00-00-00
a0002258,2258,Viipuri,Viipuri,26.255,2.475294578,1614.412539,MBA,DES=+2002258,1998-11-23-09-31-30,2000-01-01-00-00-00
a0004041,4041,Miyamotoyohko,Miyamotoyohko,26.244,2.85395721,1910.004353,MBA,DES=+2004041,1998-09-10-11-58-26,2000-01-01-00-00-00
a0099334,99334,,,26.242,4.871085801,4484.735209,TJN,DES=+2099334,1996-12-05-19-35-21,2000-01-01-00-00-00
a0001698,1698,Christophe,Christophe,26.234,2.845751472,2058.653339,MBA,DES=+2001698,1998-08-04-08-04-48,2000-01-01-00-00-00
a0008317,8317,Eurysaces,Eurysaces,26.21,5.055118563,4456.82911,GRK,DES=+2008317,1996-12-12-19-01-33,2000-01-01-00-00-00
a0003106,3106,Morabito,Morabito,26.209,2.39354944,2036.536307,MBA,DES=+2003106,1998-08-09-20-46-56,2000-01-01-00-00-00
a0020995,20995,,,26.203,4.511094691,4196.829661,GRK,DES=+2020995,1997-02-15-19-01-21,2000-01-01-00-00-00
a0001075,1075,Helina,Helina,26.198,2.680820807,1914.098431,MBA,DES=+2001075,1998-09-09-11-24-34,2000-01-01-00-00-00
a0001516,1516,Henry,Henry,26.163,2.135749406,1551.045729,MBA,DES=+2001516,1998-12-09-05-43-33,2000-01-01-00-00-00
a0002374,2374,Vladvysotskij,Владвысоцкий,26.09,2.427314625,1980.744912,MBA,DES=+2002374,1998-08-23-19-31-50,2000-01-01-00-00-00
a0002228,2228,Soyuz-Apollo,Soyuz-Apollo,26.08,2.560175779,2027.697172,MBA,DES=+2002228,1998-08-12-01-49-02,2000-01-01-00-00-00
a0039474,39474,,,26.068,4.800377565,4416.695673,TJN,DES=+2039474,1996-12-22-19-49-35,2000-01-01-00-00-00
a0000947,947,Monterosa,Monterosa,26.06,2.074667818,1670.284382,MBA,DES=+2000947,1998-11-09-10-17-38,2000-01-01-00-00-00
a0134957,134957,,,26.039,5.00601606,4404.057852,GRK,DES=+2134957,1996-12-25-23-39-12,2000-01-01-00-00-00
a0001166,1166,Sakuntala,Sakuntala,26.011,2.004652856,1474.866178,MBA,DES=+2001166,1998-12-28-06-48-11,2000-01-01-00-00-00
a0002569,2569,Madeline,Madeline,26.004,2.199610052,1554.22178,MBA,DES=+2002569,1998-12-08-10-40-10,2000-01-01-00-00-00
a0001073,1073,Gellivara,Gellivara,25.992,2.58575623,2074.1655,MBA,DES=+2001073,1998-07-31-11-00-26,2000-01-01-00-00-00
a0004837,4837,Bickerton,Bickerton,25.984,2.75831498,2087.480591,MBA,DES=+2004837,1998-07-28-03-07-00,2000-01-01-00-00-00
a0004071,4071,Rostovdon,Rostovdon,25.982,2.678816716,2090.921143,OMB,DES=+2004071,1998-07-27-06-28-24,2000-01-01-00-00-00
a0016133,16133,,,25.982,3.038232182,1996.46946,MBA,DES=+2016133,1998-08-19-21-11-00,2000-01-01-00-00-00
a0002461,2461,Clavel,Clavel,25.943,2.650123878,2073.82021,MBA,DES=+2002461,1998-07-31-13-04-44,2000-01-01-00-00-00
a0014707,14707,,,25.942,5.01801244,4366.561657,GRK,DES=+2014707,1997-01-04-08-37-50,2000-01-01-00-00-00
a0009829,9829,Murillo,Murillo,25.941,3.456078866,2872.635506,OMB,DES=+2009829,1998-01-12-20-11-14,2000-01-01-00-00-00
a0024448,24448,,,25.907,4.89238437,4283.12534,TJN,DES=+2024448,1997-01-25-05-14-54,2000-01-01-00-00-00
a0000364,364,Isara,Isara,25.901,1.888551315,1208.555234,MBA,DES=+2000364,1999-03-04-20-40-06,2000-01-01-00-00-00
a0023123,23123,,,25.883,5.027261428,4502.491806,GRK,DES=+2023123,1996-12-01-09-02-58,2000-01-01-00-00-00
a0024530,24530,,,25.883,4.532363506,4258.375513,GRK,DES=+2024530,1997-01-31-09-44-50,2000-01-01-00-00-00
a0134749,134749,,,25.881,4.777276089,4434.942637,GRK,DES=+2134749,1996-12-18-06-20-41,2000-01-01-00-00-00
a0002594,2594,Acamas,Acamas,25.874,4.627218722,4156.650107,TJN,DES=+2002594,1997-02-25-20-05-59,2000-01-01-00-00-00
a0056968,56968,,,25.865,5.010969402,4336.930887,TJN,DES=+2056968,1997-01-11-18-24-54,2000-01-01-00-00-00
a0002214,2214,Carol,Carol,25.86,2.311130923,2048.460099,MBA,DES=+2002214,1998-08-06-21-14-22,2000-01-01-00-00-00
a0010007,10007,Malytheatre,Malytheatre,25.855,2.784150056,2034.890969,MBA,DES=+2010007,1998-08-10-06-39-16,2000-01-01-00-00-00
a0001477,1477,Bonsdorffia,Bonsdorffia,25.851,2.331954816,2098.102809,OMB,DES=+2001477,1998-07-25-11-23-00,2000-01-01-00-00-00
a0002707,2707,Ueferji,Ueferji,25.838,2.796579179,2083.465763,MBA,DES=+2002707,1998-07-29-03-12-20,2000-01-01-00-00-00
a0030505,30505,,,25.838,4.785026954,4338.083969,TJN,DES=+2030505,1997-01-11-11-29-48,2000-01-01-00-00-00
a0003845,3845,Neyachenko,Neyachenko,25.817,2.89280237,2320.855158,OMB,DES=+2003845,1998-05-30-18-52-09,2000-01-01-00-00-00
a0002848,2848,ASP,ASP,25.793,2.577620938,2091.747905,OMB,DES=+2002848,1998-07-27-01-30-46,2000-01-01-00-00-00
a0002270,2270,Yazhi,Yazhi,25.79,2.717352024,2043.535041,MBA,DES=+2002270,1998-08-08-02-47-24,2000-01-01-00-00-00
a0004318,4318,Bata,Bata,25.79,2.888106981,2113.487247,OMB,DES=+2004318,1998-07-21-15-04-36,2000-01-01-00-00-00
a0000459,459,Signe,Signe,25.784,2.068486843,1548.95761,MBA,DES=+2000459,1998-12-09-18-15-16,2000-01-01-00-00-00
a0001222,1222,Tina,Tina,25.781,2.095879704,1705.724204,MBA,DES=+2001222,1998-10-31-13-39-18,2000-01-01-00-00-00
a0012583,12583,Buckjean,Buckjean,25.76,2.778307062,1881.19381,MBA,DES=+2012583,1998-09-17-16-50-14,2000-01-01-00-00-00
a0024587,24587,Kapaneus,Капаней,25.738,5.126086338,4304.71168,GRK,DES=+2024587,1997-01-19-19-43-49,2000-01-01-00-00-00
a0001281,1281,Jeanne,Jeanne,25.716,2.023558942,1492.704157,MBA,DES=+2001281,1998-12-23-19-46-31,2000-01-01-00-00-00
a0003442,3442,Yashin,Yashin,25.708,2.705229104,2039.829434,MBA,DES=+2003442,1998-08-09-01-01-25,2000-01-01-00-00-00
a0000390,390,Alma,Alma,25.688,2.301162503,1576.514455,MBA,DES=+2000390,1998-12-02-20-54-48,2000-01-01-00-00-00
a0024458,24458,,,25.686,4.741861088,4341.684997,TJN,DES=+2024458,1997-01-10-13-53-26,2000-01-01-00-00-00
a0001890,1890,Konoshenkova,Коношенкова,25.68,2.766516913,2102.463765,OMB,DES=+2001890,1998-07-24-09-13-03,2000-01-01-00-00-00
a0001487,1487,Boda,Boda,25.671,2.755589883,2032.287803,MBA,DES=+2001487,1998-08-10-22-16-24,2000-01-01-00-00-00
a0007174,7174,Semois,Semois,25.668,3.290636164,2926.433539,OMB,DES=+2007174,1997-12-30-09-23-56,2000-01-01-00-00-00
a0001641,1641,Tana,Tana,25.66,2.721377233,1916.328433,MBA,DES=+2001641,1998-09-08-22-01-46,2000-01-01-00-00-00
a0002426,2426,Simonov,Симонов,25.654,2.582970379,1816.037279,MBA,DES=+2002426,1998-10-03-23-46-35,2000-01-01-00-00-00
a0001319,1319,Disa,Disa,25.651,2.370298852,1885.054218,MBA,DES=+2001319,1998-09-16-17-40-29,2000-01-01-00-00-00
a0001783,1783,Albitskij,Albitskij,25.642,2.308375585,1586.110765,MBA,DES=+2001783,1998-11-30-11-20-08,2000-01-01-00-00-00
a0008086,8086,Peterthomas,Peterthomas,25.629,3.12051434,2867.627197,OMB,DES=+2008086,1998-01-14-02-14-13,2000-01-01-00-00-00
a0001734,1734,Zhongolovich,Zhongolovich,25.62,2.135675861,1690.1793,MBA,DES=+2001734,1998-11-04-10-55-28,2000-01-01-00-00-00
a0000945,945,Barcelona,Barcelona,25.618,2.205726513,1562.900689,MBA,DES=+2000945,1998-12-06-06-35-46,2000-01-01-00-00-00
a0005263,5263,Arrius,Arrius,25.615,3.147346202,2086.839855,MBA,DES=+2005263,1998-07-28-06-57-40,2000-01-01-00-00-00
a0003028,3028,Zhangguoxi,Zhangguoxi,25.58,2.922429449,1914.678265,MBA,DES=+2003028,1998-09-09-07-55-50,2000-01-01-00-00-00
a0003259,3259,Brownlee,Brownlee,25.579,2.777029962,2058.898556,MBA,DES=+2003259,1998-08-04-06-36-32,2000-01-01-00-00-00
a0007215,7215,Gerhard,Gerhard,25.576,3.18678867,2099.934998,OMB,DES=+2007215,1998-07-25-00-23-25,2000-01-01-00-00-00
a0011275,11275,,,25.57,4.728298103,4322.995936,TJN,DES=+2011275,1997-01-15-06-01-29,2000-01-01-00-00-00
a0024312,24312,,,25.545,4.689887274,4387.830011,GRK,DES=+2024312,1996-12-30-01-01-13,2000-01-01-00-00-00
a0001786,1786,Raahe,Raahe,25.532,2.679830022,1914.436377,MBA,DES=+2001786,1998-09-09-09-22-55,2000-01-01-00-00-00
a0005495,5495,Rumyantsev,Rumyantsev,25.518,3.254095188,2304.984218,OMB,DES=+2005495,1998-06-03-18-05-41,2000-01-01-00-00-00
a0000966,966,Muschi,Muschi,25.509,2.360695641,1636.217263,MBA,DES=+2000966,1998-11-17-22-41-48,2000-01-01-00-00-00
a0000443,443,Photographica,Photographica,25.504,2.124811337,1204.247029,MBA,DES=+2000443,1999-03-05-22-31-04,2000-01-01-00-00-00
a0000715,715,Transvaalia,Transvaalia,25.458,2.538848155,1682.342558,MBA,DES=+2000715,1998-11-06-09-56-41,2000-01-01-00-00-00
a0012235,12235,Imranakperov,Imranakperov,25.452,2.84851267,2093.181166,OMB,DES=+2012235,1998-07-26-16-54-47,2000-01-01-00-00-00
a0013372,13372,,,25.42,4.989211109,4376.461322,GRK,DES=+2013372,1997-01-01-21-13-57,2000-01-01-00-00-00
a0015278,15278,Paquet,Пакет,25.42,3.128603404,2909.262748,OMB,DES=+2015278,1998-01-03-16-25-25,2000-01-01-00-00-00
a0002734,2734,Hasek,Hasek,25.409,3.110041577,2054.927641,MBA,DES=+2002734,1998-08-05-06-26-03,2000-01-01-00-00-00
a0002347,2347,Vinata,Вината,25.398,2.431126932,1983.704675,MBA,DES=+2002347,1998-08-23-01-46-20,2000-01-01-00-00-00
a0006574,6574,Gvishiani,Gvishiani,25.393,2.746004552,2291.851228,OMB,DES=+2006574,1998-06-07-00-53-34,2000-01-01-00-00-00
a0024390,24390,,,25.38,4.972317138,4406.73261,GRK,DES=+2024390,1996-12-25-07-36-17,2000-01-01-00-00-00
a0022059,22059,,,25.376,4.615170164,4313.406517,GRK,DES=+2022059,1997-01-17-15-33-41,2000-01-01-00-00-00
a0017305,17305,Caniff,Каниф,25.369,3.459842729,2930.366648,OMB,DES=+2017305,1997-12-29-09-48-01,2000-01-01-00-00-00
a0001561,1561,Fricke,Fricke,25.352,2.794005737,2089.882373,MBA,DES=+2001561,1998-07-27-12-42-21,2000-01-01-00-00-00
a0030708,30708,Echepolos,Эхепол,25.351,5.145752368,4340.675412,TJN,DES=+2030708,1997-01-10-19-56-53,2000-01-01-00-00-00
a0058008,58008,,,25.338,4.963744347,4307.386144,TJN,DES=+2058008,1997-01-19-03-41-01,2000-01-01-00-00-00
a0013463,13463,Antiphos,Antiphos,25.326,5.150211324,4310.206182,GRK,DES=+2013463,1997-01-18-10-45-48,2000-01-01-00-00-00
a0016970,16970,,,25.31,3.525509197,2907.129523,OMB,DES=+2016970,1998-01-04-05-13-23,2000-01-01-00-00-00
a0002718,2718,Handley,Handley,25.309,2.636930692,2013.512395,MBA,DES=+2002718,1998-08-15-14-55-33,2000-01-01-00-00-00
a0053418,53418,,,25.302,4.666127118,4271.161985,TJN,DES=+2053418,1997-01-28-05-01-43,2000-01-01-00-00-00
a0001136,1136,Mercedes,Mercedes,25.296,1.916721304,1502.288238,MBA,DES=+2001136,1998-12-21-10-16-15,2000-01-01-00-00-00
a0035276,35276,,,25.296,4.762426196,4272.509125,GRK,DES=+2035276,1997-01-27-20-56-44,2000-01-01-00-00-00
a0001108,1108,Demeter,Demeter,25.285,1.802837292,1380.974562,MBA,DES=+2001108,1999-01-20-18-09-09,2000-01-01-00-00-00
a0001196,1196,Sheba,Sheba,25.274,2.177780885,1578.633654,MBA,DES=+2001196,1998-12-02-08-11-54,2000-01-01-00-00-00
a0000520,520,Franziska,Franziska,25.261,2.673694962,1902.461634,MBA,DES=+2000520,1998-09-12-09-13-49,2000-01-01-00-00-00
a0005336,5336,,,25.26,2.657529311,2008.55107,MBA,DES=+2005336,1998-08-16-20-41-37,2000-01-01-00-00-00
a0002315,2315,Czechoslovakia,Чехословакия,25.258,2.68718156,1906.974347,MBA,DES=+2002315,1998-09-11-06-09-15,2000-01-01-00-00-00
a0003438,3438,Inarradas,Inarradas,25.252,2.43107456,1942.470489,MBA,DES=+2003438,1998-09-02-09-10-38,2000-01-01-00-00-00
a0001726,1726,Hoffmeister,Hoffmeister,25.25,2.669369573,1700.168242,MBA,DES=+2001726,1998-11-01-22-59-26,2000-01-01-00-00-00
a0017252,17252,,,25.232,2.428903105,2019.977773,MBA,DES=+2017252,1998-08-14-00-08-01,2000-01-01-00-00-00
a0001059,1059,Mussorgskia,Муссоргския,25.227,2.143512664,1567.901897,MBA,DES=+2001059,1998-12-05-00-35-20,2000-01-01-00-00-00
a0006392,6392,Takashimizuno,Takashimizuno,25.221,2.783974187,2108.755589,OMB,DES=+2006392,1998-07-22-19-28-00,2000-01-01-00-00-00
a0003615,3615,Safronov,Safronov,25.209,2.750748175,2051.844895,MBA,DES=+2003615,1998-08-06-00-55-51,2000-01-01-00-00-00
a0010608,10608,Mameta,Mameta,25.184,2.97380585,2910.862633,OMB,DES=+2010608,1998-01-03-06-49-28,2000-01-01-00-00-00
a0002204,2204,Lyyli,Lyyli,25.16,1.537694921,1523.597237,MCA,DES=+2002204,1998-12-16-02-25-00,2000-01-01-00-00-00
a0002345,2345,Fucik,Fucik,25.155,2.782199679,1912.251385,MBA,DES=+2002345,1998-09-09-22-29-31,2000-01-01-00-00-00
a0001994,1994,Shane,Shane,25.15,2.127866395,1603.383776,MBA,DES=+2001994,1998-11-26-03-41-51,2000-01-01-00-00-00
a0002612,2612,Kathryn,Kathryn,25.144,2.432614278,1802.991521,MBA,DES=+2002612,1998-10-07-06-03-04,2000-01-01-00-00-00
a0002183,2183,Neufang,Neufang,25.143,1.866428941,1891.640556,MBA,DES=+2002183,1998-09-15-02-09-24,2000-01-01-00-00-00
a0000600,600,Musa,Musa,25.115,2.510547157,1585.179777,MBA,DES=+2000600,1998-11-30-16-55-17,2000-01-01-00-00-00
a0001654,1654,Bojeva,Bojeva,25.115,2.75545645,1917.063853,MBA,DES=+2001654,1998-09-08-17-37-01,2000-01-01-00-00-00
a0012649,12649,Ascanios,Ascanios,25.102,4.394511075,4274.551245,TJN,DES=+2012649,1997-01-27-08-41-35,2000-01-01-00-00-00
a0005594,5594,Jimmiller,Jimmiller,25.075,3.000012443,2056.3881,MBA,DES=+2005594,1998-08-04-21-40-18,2000-01-01-00-00-00
a0052767,52767,Ophelestes,Офелест,25.07,5.166250958,4454.171749,TJN,DES=+2052767,1996-12-13-10-58-12,2000-01-01-00-00-00
a0037299,37299,,,25.017,4.641360158,4287.270721,GRK,DES=+2037299,1997-01-24-04-22-34,2000-01-01-00-00-00
a0024440,24440,,,25.004,2.557435244,2051.757754,MBA,DES=+2024440,1998-08-06-01-27-13,2000-01-01-00-00-00
a0000974,974,Lioba,Lioba,25.001,2.250168669,1472.232172,MBA,DES=+2000974,1998-12-28-22-36-26,2000-01-01-00-00-00
a0019913,19913,Aigyptios,Эгиптий,24.996,4.827529094,4230.965285,GRK,DES=+2019913,1997-02-07-06-12-31,2000-01-01-00-00-00
a0002865,2865,Laurel,Laurel,24.991,2.381218236,1497.099921,MBA,DES=+2002865,1998-12-22-17-24-02,2000-01-01-00-00-00
a0004211,4211,Rosniblett,Rosniblett,24.973,2.538709272,2080.185023,MBA,DES=+2004211,1998-07-29-22-53-24,2000-01-01-00-00-00
a0013782,13782,,,24.971,4.488616707,4309.057394,GRK,DES=+2013782,1997-01-18-17-39-22,2000-01-01-00-00-00
a0012742,12742,Delisle,Delisle,24.965,2.435426158,2015.741282,MBA,DES=+2012742,1998-08-15-01-33-09,2000-01-01-00-00-00
a0000214,214,Aschera,Ашера,24.957,2.529608204,1540.833644,MBA,DES=+2000214,1998-12-11-18-59-54,2000-01-01-00-00-00
a0082055,82055,,,24.934,4.854691651,4275.371919,TJN,DES=+2082055,1997-01-27-03-46-08,2000-01-01-00-00-00
a0000847,847,Agnia,Agnia,24.931,2.515902569,1695.163162,MBA,DES=+2000847,1998-11-03-05-01-16,2000-01-01-00-00-00
a0002702,2702,Batrakov,Batrakov,24.927,3.066797089,2298.932219,OMB,DES=+2002702,1998-06-05-06-24-25,2000-01-01-00-00-00
a0003507,3507,Vilas,Vilas,24.917,2.63705199,2024.788321,MBA,DES=+2003507,1998-08-12-19-16-13,2000-01-01-00-00-00
a0003224,3224,Irkutsk,Irkutsk,24.9,2.31482828,1694.375639,MBA,DES=+2003224,1998-11-03-09-44-47,2000-01-01-00-00-00
a0022008,22008,,,24.879,5.093727151,4265.498353,GRK,DES=+2022008,1997-01-29-15-00-37,2000-01-01-00-00-00
a0001755,1755,Lorbach,Lorbach,24.878,2.945375096,1985.580885,MBA,DES=+2001755,1998-08-22-14-30-53,2000-01-01-00-00-00
a0003766,3766,Junepatterson,Junepatterson,24.849,2.893152195,2124.97054,OMB,DES=+2003766,1998-07-18-18-10-37,2000-01-01-00-00-00
a0018971,18971,,,24.839,4.580882524,4333.624888,TJN,DES=+2018971,1997-01-12-14-15-04,2000-01-01-00-00-00
a0013862,13862,,,24.835,4.828613313,4433.814833,GRK,DES=+2013862,1996-12-18-13-06-41,2000-01-01-00-00-00
a0001668,1668,Hanna,Hanna,24.813,2.205766556,1718.688188,MBA,DES=+2001668,1998-10-28-07-52-16,2000-01-01-00-00-00
a0010938,10938,Lorenzalevy,Lorenzalevy,24.808,3.000350416,2111.612781,OMB,DES=+2010938,1998-07-22-02-19-24,2000-01-01-00-00-00
a0003044,3044,Saltykov,Салтыков,24.805,2.395383333,1759.165769,MBA,DES=+2003044,1998-10-18-05-00-20,2000-01-01-00-00-00
a0015505,15505,,,24.789,3.487961937,2872.487488,OMB,DES=+2015505,1998-01-12-21-04-31,2000-01-01-00-00-00
a0004093,4093,Bennett,Bennett,24.787,2.918497563,1914.805595,MBA,DES=+2004093,1998-09-09-07-10-00,2000-01-01-00-00-00
a0002570,2570,Porphyro,Porphyro,24.779,2.467813462,1679.485797,MBA,DES=+2002570,1998-11-07-03-05-07,2000-01-01-00-00-00
a0022056,22056,,,24.775,4.391285266,4254.756484,GRK,DES=+2022056,1997-02-01-07-27-41,2000-01-01-00-00-00
a0006052,6052,Junichi,Junichi,24.771,3.084689491,2134.633433,OMB,DES=+2006052,1998-07-16-08-11-58,2000-01-01-00-00-00
a0004162,4162,SAF,SAF,24.768,2.453979042,1744.734695,MBA,DES=+2004162,1998-10-21-19-35-31,2000-01-01-00-00-00
a0004004,4004,List'ev,List'ev,24.762,2.48956238,2001.476319,MBA,DES=+2004004,1998-08-18-15-08-32,2000-01-01-00-00-00
a0012974,12974,Halitherses,Halitherses,24.746,4.91329038,4307.91758,GRK,DES=+2012974,1997-01-19-00-29-42,2000-01-01-00-00-00
a0000475,475,Ocllo,Ocllo,24.741,1.612472171,1526.860256,MCA,DES=+2000475,1998-12-15-06-50-19,2000-01-01-00-00-00
a0008550,8550,Hesiodos,Hesiodos,24.724,2.921569617,2864.669749,OMB,DES=+2008550,1998-01-14-19-58-54,2000-01-01-00-00-00
a0022097,22097,,,24.72,2.591495297,2063.694495,MBA,DES=+2022097,1998-08-03-01-49-59,2000-01-01-00-00-00
a0007458,7458,,,24.718,3.087406261,2636.796023,OMB,DES=+2007458,1998-03-12-19-13-26,2000-01-01-00-00-00
a0000745,745,Mauritia,Mauritia,24.711,3.129357424,2149.83087,OMB,DES=+2000745,1998-07-12-13-00-54,2000-01-01-00-00-00
a0073677,73677,,,24.711,5.003677377,4442.286427,TJN,DES=+2073677,1996-12-16-10-16-55,2000-01-01-00-00-00
a0003405,3405,Daiwensai,Daiwensai,24.696,2.312481169,1540.078347,MBA,DES=+2003405,1998-12-11-23-31-48,2000-01-01-00-00-00
a0004292,4292,Aoba,Aoba,24.695,2.620203968,1666.741984,MBA,DES=+2004292,1998-11-10-07-32-54,2000-01-01-00-00-00
a0063195,63195,,,24.692,4.972706074,4343.261004,GRK,DES=+2063195,1997-01-10-04-26-04,2000-01-01-00-00-00
a0015514,15514,,,24.69,2.919642103,2049.988348,MBA,DES=+2015514,1998-08-06-12-04-12,2000-01-01-00-00-00
a0002408,2408,Astapovich,Астапович,24.683,2.002813957,1565.68627,MBA,DES=+2002408,1998-12-05-13-52-57,2000-01-01-00-00-00
a0009807,9807,,,24.683,4.411392896,4346.76683,GRK,DES=+2009807,1997-01-09-07-23-58,2000-01-01-00-00-00
a0005839,5839,GOI,GOI,24.675,2.530836978,1676.014666,MBA,DES=+2005839,1998-11-07-23-54-44,2000-01-01-00-00-00
a0004932,4932,Texstapa,Texstapa,24.671,3.064591666,2004.242356,MBA,DES=+2004932,1998-08-17-22-32-46,2000-01-01-00-00-00
a0012562,12562,Briangrazer,Briangrazer,24.668,2.839670238,2051.327236,MBA,DES=+2012562,1998-08-06-04-02-12,2000-01-01-00-00-00
a0001488,1488,Aura,Aura,24.665,2.675761987,1934.275338,MBA,DES=+2001488,1998-09-04-10-20-53,2000-01-01-00-00-00
a0002010,2010,Chebyshev,Чебышев,24.649,2.504226283,1984.289816,MBA,DES=+2002010,1998-08-22-22-15-40,2000-01-01-00-00-00
a0011668,11668,Balios,Balios,24.636,4.426363394,4291.745302,GRK,DES=+2011668,1997-01-23-01-31-43,2000-01-01-00-00-00
a0025910,25910,,,24.636,5.058534479,4307.461296,GRK,DES=+2025910,1997-01-19-03-13-58,2000-01-01-00-00-00
a0004730,4730,Xingmingzhou,Xingmingzhou,24.628,2.987294368,2017.764783,MBA,DES=+2004730,1998-08-14-13-24-41,2000-01-01-00-00-00
a0026601,26601,,,24.609,4.788053871,4418.957412,GRK,DES=+2026601,1996-12-22-06-15-21,2000-01-01-00-00-00
a0022203,22203,Prothoenor,Prothoenor,24.605,4.672211433,4328.943917,GRK,DES=+2022203,1997-01-13-18-20-13,2000-01-01-00-00-00
a0011388,11388,,,24.603,3.475279158,2856.073481,OMB,DES=+2011388,1998-01-16-23-33-33,2000-01-01-00-00-00
a0016786,16786,,,24.595,2.834421729,2064.279861,MBA,DES=+2016786,1998-08-02-22-19-16,2000-01-01-00-00-00
a0005092,5092,Manara,Manara,24.573,3.010042769,2089.182775,MBA,DES=+2005092,1998-07-27-16-54-13,2000-01-01-00-00-00
a0036259,36259,,,24.562,4.759842784,4369.106772,GRK,DES=+2036259,1997-01-03-17-21-35,2000-01-01-00-00-00
a0001544,1544,Vinterhansenia,Vinterhansenia,24.561,2.122882559,1335.376771,MBA,DES=+2001544,1999-02-01-03-44-21,2000-01-01-00-00-00
a0001398,1398,Donnera,Donnera,24.553,2.840515114,2056.501559,MBA,DES=+2001398,1998-08-04-20-59-27,2000-01-01-00-00-00
a0024501,24501,,,24.543,4.647744951,4317.83056,GRK,DES=+2024501,1997-01-16-13-01-01,2000-01-01-00-00-00
a0003015,3015,Candy,Candy,24.517,2.797580793,2277.12974,OMB,DES=+2003015,1998-06-10-17-13-18,2000-01-01-00-00-00
a0001510,1510,Charlois,Charlois,24.507,2.275464721,1595.075444,MBA,DES=+2001510,1998-11-28-05-32-51,2000-01-01-00-00-00
a0012917,12917,,,24.505,4.717800528,4320.386381,GRK,DES=+2012917,1997-01-15-21-40-56,2000-01-01-00-00-00
a0023939,23939,,,24.482,4.878081362,4193.928023,GRK,DES=+2023939,1997-02-16-12-25-56,2000-01-01-00-00-00
a0002630,2630,Hermod,Hermod,24.48,2.687564338,1969.002677,MBA,DES=+2002630,1998-08-26-17-59-03,2000-01-01-00-00-00
a0002563,2563,Boyarchuk,Boyarchuk,24.478,2.731363936,2082.229186,MBA,DES=+2002563,1998-07-29-10-37-30,2000-01-01-00-00-00
a0020707,20707,,,24.46,3.036372545,2061.136939,MBA,DES=+2020707,1998-08-03-17-10-43,2000-01-01-00-00-00
a0009072,9072,,,24.454,2.962532909,2097.065105,OMB,DES=+2009072,1998-07-25-17-36-34,2000-01-01-00-00-00
a0001124,1124,Stroobantia,Stroobantia,24.45,2.838850473,1829.40494,MBA,DES=+2001124,1998-09-30-15-34-14,2000-01-01-00-00-00
a0001339,1339,Desagneauxa,Desagneauxa,24.45,2.847560636,1917.245852,MBA,DES=+2001339,1998-09-08-16-31-30,2000-01-01-00-00-00
a0001611,1611,Beyer,Beyer,24.444,2.661666543,2064.375052,MBA,DES=+2001611,1998-08-02-21-44-59,2000-01-01-00-00-00
a0001532,1532,Inari,Inari,24.439,2.848583438,1901.363637,MBA,DES=+2001532,1998-09-12-15-49-06,2000-01-01-00-00-00
a0004495,4495,Dassanowsky,Dassanowsky,24.429,3.388479005,2879.644683,OMB,DES=+2004495,1998-01-11-02-07-55,2000-01-01-00-00-00
a0003021,3021,Lucubratio,Lucubratio,24.426,2.413450675,2087.946519,MBA,DES=+2003021,1998-07-28-00-19-16,2000-01-01-00-00-00
a0018037,18037,,,24.424,4.812380465,4384.930225,TJN,DES=+2018037,1996-12-30-18-25-09,2000-01-01-00-00-00
a0000968,968,Petunia,Petunia,24.422,2.47390047,1772.476906,MBA,DES=+2000968,1998-10-14-21-08-19,2000-01-01-00-00-00
a0007217,7217,Dacke,Dacke,24.418,2.679876916,2104.538299,OMB,DES=+2007217,1998-07-23-20-46-13,2000-01-01-00-00-00
a0065000,65000,,,24.406,5.071109718,4259.303327,GRK,DES=+2065000,1997-01-31-04-10-50,2000-01-01-00-00-00
a0002240,2240,Tsai,Tsai,24.395,2.667404435,2041.534811,MBA,DES=+2002240,1998-08-08-14-47-29,2000-01-01-00-00-00
a0002244,2244,Tesla,Тесла,24.377,2.302173566,1721.75667,MBA,DES=+2002244,1998-10-27-13-27-36,2000-01-01-00-00-00
a0002163,2163,Korczak,Korczak,24.368,2.551253017,2034.976054,MBA,DES=+2002163,1998-08-10-06-08-38,2000-01-01-00-00-00
a0014962,14962,Masanoriabe,Masanoriabe,24.363,3.122816956,2087.393928,MBA,DES=+2014962,1998-07-28-03-38-12,2000-01-01-00-00-00
a0015651,15651,Tlepolemos,Тлеполемос,24.341,5.083355987,4449.05043,GRK,DES=+2015651,1996-12-14-17-41-52,2000-01-01-00-00-00
a0000897,897,Lysistrata,Lysistrata,24.337,2.300702657,1480.694384,MBA,DES=+2000897,1998-12-26-19-50-02,2000-01-01-00-00-00
a0005576,5576,Albanese,Albanese,24.332,2.557555,1673.970826,MBA,DES=+2005576,1998-11-08-12-10-31,2000-01-01-00-00-00
a0003829,3829,Gunma,Gunma,24.33,2.321125944,1697.953411,MBA,DES=+2003829,1998-11-02-12-16-47,2000-01-01-00-00-00
a0007999,7999,Nesvorny,Nesvorny,24.33,2.784403357,1946.486733,MBA,DES=+2007999,1998-09-01-09-04-47,2000-01-01-00-00-00
a0105808,105808,,,24.314,5.140542509,4373.227568,TJN,DES=+2105808,1997-01-02-16-38-06,2000-01-01-00-00-00
a0002182,2182,Semirot,Semirot,24.313,2.713744359,2022.131074,MBA,DES=+2002182,1998-08-13-11-12-49,2000-01-01-00-00-00
a0001533,1533,Saimaa,Saimaa,24.298,2.896397392,1910.97391,MBA,DES=+2001533,1998-09-10-06-09-24,2000-01-01-00-00-00
a0026369,26369,,,24.286,2.888070689,1843.913347,MBA,DES=+2026369,1998-09-27-00-31-12,2000-01-01-00-00-00
a0002765,2765,Dinant,Dinant,24.284,2.973519368,2039.681196,MBA,DES=+2002765,1998-08-09-01-54-47,2000-01-01-00-00-00
a0013383,13383,,,24.267,4.823427038,4272.399656,GRK,DES=+2013383,1997-01-27-21-36-09,2000-01-01-00-00-00
a0001175,1175,Margo,Margo,24.266,2.994819237,2105.018171,OMB,DES=+2001175,1998-07-23-17-53-28,2000-01-01-00-00-00
a0015102,15102,,,24.261,3.120707886,2130.228268,OMB,DES=+2015102,1998-07-17-10-37-50,2000-01-01-00-00-00
a0001349,1349,Bechuana,Bechuana,24.249,2.542177993,1909.987044,MBA,DES=+2001349,1998-09-10-12-04-40,2000-01-01-00-00-00
a0001406,1406,Komppa,Komppa,24.243,2.439049046,1619.25303,MBA,DES=+2001406,1998-11-22-04-28-55,2000-01-01-00-00-00
a0002835,2835,Ryoma,Ryoma,24.23,2.52654661,1662.288392,MBA,DES=+2002835,1998-11-11-10-16-11,2000-01-01-00-00-00
a0004135,4135,Svetlanov,Svetlanov,24.207,2.137012373,1700.24186,MBA,DES=+2004135,1998-11-01-22-32-56,2000-01-01-00-00-00
a0024018,24018,,,24.206,4.978053712,4362.542778,TJN,DES=+2024018,1997-01-05-08-44-38,2000-01-01-00-00-00
a0000637,637,Chrysothemis,Chrysothemis,24.194,2.779262658,2064.709958,MBA,DES=+2000637,1998-08-02-19-44-25,2000-01-01-00-00-00
a0007635,7635,Carolinesmith,Carolinesmith,24.186,2.768920063,1981.196221,MBA,DES=+2007635,1998-08-23-16-49-22,2000-01-01-00-00-00
a0001715,1715,Salli,Salli,24.165,1.820341756,1356.682309,MBA,DES=+2001715,1999-01-26-19-54-22,2000-01-01-00-00-00
a0057013,57013,,,24.126,4.969868713,4407.481192,TJN,DES=+2057013,1996-12-25-03-06-48,2000-01-01-00-00-00
a0002058,2058,Roka,Roka,24.122,2.66914059,2018.081788,MBA,DES=+2002058,1998-08-14-11-30-34,2000-01-01-00-00-00
a0023269,23269,,,24.114,5.088404501,4347.462697,GRK,DES=+2023269,1997-01-09-03-13-27,2000-01-01-00-00-00
a0000867,867,Kovacia,Kovacia,24.113,2.67325656,1960.353773,MBA,DES=+2000867,1998-08-28-21-52-39,2000-01-01-00-00-00
a0001305,1305,Pongola,Pongola,24.11,2.793620718,1911.077235,MBA,DES=+2001305,1998-09-10-05-32-12,2000-01-01-00-00-00
a0002255,2255,Qinghai,Qinghai,24.11,2.640410044,1998.989558,MBA,DES=+2002255,1998-08-19-06-03-46,2000-01-01-00-00-00
a0001881,1881,Shao,Shao,24.083,2.834337216,2057.624472,MBA,DES=+2001881,1998-08-04-14-15-12,2000-01-01-00-00-00
a0020762,20762,,,24.079,2.565926474,2032.784752,MBA,DES=+2020762,1998-08-10-19-17-30,2000-01-01-00-00-00
a0055267,55267,,,24.077,4.991223227,4259.066649,TJN,DES=+2055267,1997-01-31-05-36-02,2000-01-01-00-00-00
a0000953,953,Painleva,Painleva,24.062,2.255606563,1699.756634,MBA,DES=+2000953,1998-11-02-01-27-37,2000-01-01-00-00-00
a0003751,3751,Kiang,Kiang,24.054,2.826881302,2040.511575,MBA,DES=+2003751,1998-08-08-20-55-50,2000-01-01-00-00-00
a0007536,7536,Fahrenheit,Fahrenheit,24.053,2.418527688,1757.88766,MBA,DES=+2007536,1998-10-18-12-40-27,2000-01-01-00-00-00
a0007366,7366,Agata,Агата,24.046,2.696785464,2042.528936,MBA,DES=+2007366,1998-08-08-08-49-35,2000-01-01-00-00-00
a0000355,355,Gabriella,Габриелла,24.04,2.268143375,1476.304217,MBA,DES=+2000355,1998-12-27-22-10-29,2000-01-01-00-00-00
a0003310,3310,Patsy,Patsy,24.032,2.826185077,1906.197209,MBA,DES=+2003310,1998-09-11-10-49-01,2000-01-01-00-00-00
a0001145,1145,Robelmonte,Robelmonte,24.029,2.136172336,1378.410866,MBA,DES=+2001145,1999-01-21-09-32-05,2000-01-01-00-00-00
a0024127,24127,,,24.026,2.970097952,2083.47173,MBA,DES=+2024127,1998-07-29-03-10-11,2000-01-01-00-00-00
a0004424,4424,Arkhipova,Arkhipova,24.019,2.540211747,1672.186151,MBA,DES=+2004424,1998-11-08-22-53-00,2000-01-01-00-00-00
a0038613,38613,,,24.016,3.416308099,2896.323057,OMB,DES=+2038613,1998-01-06-22-03-42,2000-01-01-00-00-00
a0047962,47962,,,24.011,4.799133833,4423.543308,TJN,DES=+2047962,1996-12-21-02-44-26,2000-01-01-00-00-00
a0055457,55457,,,24.008,4.219727152,4261.77072,TJN,DES=+2055457,1997-01-30-13-22-34,2000-01-01-00-00-00
bK08H21Y,500030,,,24,5.399085406,13230.18061,CEN,DES=+3410920,1990-12-11-10-55-05,2000-01-01-00-00-00
a0023382,23382,Epistrophos,Эпистроф,23.995,4.676660295,4357.295147,GRK,DES=+2023382,1997-01-06-16-13-46,2000-01-01-00-00-00
a0002856,2856,Roser,Roser,23.99,2.998392694,1923.240918,MBA,DES=+2002856,1998-09-07-04-33-17,2000-01-01-00-00-00
a0000453,453,Tea,Tea,23.985,1.945561644,1178.251811,MBA,DES=+2000453,1999-03-12-10-29-20,2000-01-01-00-00-00
a0020038,20038,Arasaki,Arasaki,23.979,3.026408188,2906.160086,OMB,DES=+2020038,1998-01-04-11-02-23,2000-01-01-00-00-00
a0002046,2046,Leningrad,Ленинград,23.968,2.589782617,2049.351278,MBA,DES=+2002046,1998-08-06-15-53-33,2000-01-01-00-00-00
a0000263,263,Dresda,Dresda,23.952,2.662876691,1791.585238,MBA,DES=+2000263,1998-10-10-02-29-19,2000-01-01-00-00-00
a0005468,5468,Hamatonbetsu,Hamatonbetsu,23.936,2.229037303,1778.832542,MBA,DES=+2005468,1998-10-13-07-00-18,2000-01-01-00-00-00
a0007331,7331,Balindblad,Balindblad,23.929,3.067402503,2074.560801,MBA,DES=+2007331,1998-07-31-08-38-07,2000-01-01-00-00-00
a0013230,13230,,,23.927,4.765196215,4173.912766,GRK,DES=+2013230,1997-02-21-12-31-26,2000-01-01-00-00-00
a0011569,11569,Virgilsmith,Virgilsmith,23.923,2.581405173,1994.891236,MBA,DES=+2011569,1998-08-20-06-39-10,2000-01-01-00-00-00
a0007466,7466,,,23.913,2.883951851,2237.742101,OMB,DES=+2007466,1998-06-20-13-32-51,2000-01-01-00-00-00
a0029555,29555,MACEK,МАСЕК,23.913,2.781178076,2055.340309,MBA,DES=+2029555,1998-08-05-03-57-30,2000-01-01-00-00-00
a0002474,2474,Ruby,Ruby,23.897,2.088687925,1604.580293,MBA,DES=+2002474,1998-11-25-20-31-06,2000-01-01-00-00-00
a0001795,1795,Woltjer,Woltjer,23.894,2.252491664,1697.484031,MBA,DES=+2001795,1998-11-02-15-05-45,2000-01-01-00-00-00
a0009043,9043,,,23.892,2.67634945,1962.559512,MBA,DES=+2009043,1998-08-28-08-38-35,2000-01-01-00-00-00
a0009936,9936,Al-Biruni,Al-Biruni,23.89,2.509772094,1974.039609,MBA,DES=+2009936,1998-08-25-11-45-45,2000-01-01-00-00-00
a0001341,1341,Edmee,Edmee,23.859,2.523392202,1657.529116,MBA,DES=+2001341,1998-11-12-14-49-32,2000-01-01-00-00-00
a0004431,4431,Holeungholee,Holeungholee,23.856,2.765300346,1962.668401,MBA,DES=+2004431,1998-08-28-07-59-23,2000-01-01-00-00-00
a0027396,27396,Shuji,Сюдзи,23.853,2.925725461,2086.964292,MBA,DES=+2027396,1998-07-28-06-12-52,2000-01-01-00-00-00
a0006869,6869,Funada,Funada,23.851,3.023398643,2081.279656,MBA,DES=+2006869,1998-07-29-16-19-20,2000-01-01-00-00-00
a0001535,1535,Paijanne,Paijanne,23.836,2.558219193,2057.75906,MBA,DES=+2001535,1998-08-04-13-26-45,2000-01-01-00-00-00
a0007027,7027,Toshihanda,Toshihanda,23.834,3.190029463,2882.869774,OMB,DES=+2007027,1998-01-10-06-46-53,2000-01-01-00-00-00
a0001560,1560,Strattonia,Strattonia,23.825,2.109092314,1605.2107,MBA,DES=+2001560,1998-11-25-16-44-09,2000-01-01-00-00-00
a0001853,1853,McElroy,McElroy,23.807,2.920527953,1962.601312,MBA,DES=+2001853,1998-08-28-08-23-32,2000-01-01-00-00-00
a0007950,7950,Berezov,Berezov,23.803,2.799897895,1996.90773,MBA,DES=+2007950,1998-08-19-18-33-14,2000-01-01-00-00-00
a0008478,8478,,,23.802,2.756508969,1957.940635,MBA,DES=+2008478,1998-08-29-12-21-23,2000-01-01-00-00-00
a0019646,19646,,,23.802,2.738160824,1925.989883,MBA,DES=+2019646,1998-09-06-12-03-39,2000-01-01-00-00-00
a0030482,30482,,,23.801,2.845676128,2074.108288,MBA,DES=+2030482,1998-07-31-11-21-01,2000-01-01-00-00-00
a0470430,470430,,,23.8,2.635323187,1823.527215,MBA,DES=+2470430,1998-10-02-02-50-13,2000-01-01-00-00-00
bK07VU5H,500029,,,23.8,8.187682915,43221.19985,CEN,DES=+3404094,1990-01-01-00-00-00,2000-01-01-00-00-00
a0031806,31806,,,23.794,4.702135939,4324.88385,TJN,DES=+2031806,1997-01-14-18-41-50,2000-01-01-00-00-00
a0001343,1343,Nicole,Nicole,23.793,2.276729205,1503.424311,MBA,DES=+2001343,1998-12-21-03-27-15,2000-01-01-00-00-00
a0005832,5832,Martaprincipe,Martaprincipe,23.787,2.312374772,1552.908325,MBA,DES=+2005832,1998-12-08-18-33-01,2000-01-01-00-00-00
a0017421,17421,,,23.785,4.627260647,4255.492564,TJN,DES=+2017421,1997-02-01-03-02-42,2000-01-01-00-00-00
a0007305,7305,Ossakajusto,Ossakajusto,23.779,2.127841481,1659.883016,MBA,DES=+2007305,1998-11-12-00-42-07,2000-01-01-00-00-00
a0038606,38606,,,23.778,4.829880674,4260.823937,GRK,DES=+2038606,1997-01-30-19-03-24,2000-01-01-00-00-00
a0007574,7574,,,23.774,2.865733753,2341.882834,OMB,DES=+2007574,1998-05-25-12-42-11,2000-01-01-00-00-00
a0022279,22279,,,23.771,2.380227505,2034.926406,MBA,DES=+2022279,1998-08-10-06-26-30,2000-01-01-00-00-00
a0003568,3568,ASCII,ASCII,23.752,2.408640958,2040.36502,MBA,DES=+2003568,1998-08-08-21-48-36,2000-01-01-00-00-00
a0001183,1183,Jutta,Jutta,23.751,2.072524152,1344.289241,MBA,DES=+2001183,1999-01-29-22-15-52,2000-01-01-00-00-00
a0007611,7611,Hashitatsu,Hashitatsu,23.74,2.524301137,1881.889091,MBA,DES=+2007611,1998-09-17-12-39-56,2000-01-01-00-00-00
a0022035,22035,,,23.739,4.711995632,4369.314559,GRK,DES=+2022035,1997-01-03-16-06-47,2000-01-01-00-00-00
a0005852,5852,Nanette,Nanette,23.738,2.152703257,1655.761157,MBA,DES=+2005852,1998-11-13-01-26-00,2000-01-01-00-00-00
a0000149,149,Medusa,Медуза,23.719,2.034302975,1171.787015,MBA,DES=+2000149,1999-03-14-01-16-40,2000-01-01-00-00-00
a0001616,1616,Filipoff,Filipoff,23.715,2.851915526,1812.797545,MBA,DES=+2001616,1998-10-04-19-12-54,2000-01-01-00-00-00
a0002466,2466,Golson,Golson,23.709,2.207766662,1564.876076,MBA,DES=+2002466,1998-12-05-18-44-37,2000-01-01-00-00-00
a0131447,131447,,,23.709,5.020062788,4361.494942,TJN,DES=+2131447,1997-01-05-15-01-51,2000-01-01-00-00-00
a0051969,51969,,,23.705,5.113249032,4367.404091,TJN,DES=+2051969,1997-01-04-03-34-33,2000-01-01-00-00-00
a0010840,10840,,,23.704,2.948215876,1976.040476,MBA,DES=+2010840,1998-08-24-23-45-26,2000-01-01-00-00-00
a0002945,2945,Zanstra,Zanstra,23.701,2.300550337,1593.510227,MBA,DES=+2002945,1998-11-28-14-56-20,2000-01-01-00-00-00
a0000725,725,Amanda,Amanda,23.687,2.002933927,1507.144022,MBA,DES=+2000725,1998-12-20-05-08-10,2000-01-01-00-00-00
a0020602,20602,,,23.684,2.503346368,2034.820086,MBA,DES=+2020602,1998-08-10-07-04-47,2000-01-01-00-00-00
a0001138,1138,Attica,Attica,23.681,2.910812195,2039.338737,MBA,DES=+2001138,1998-08-09-03-58-04,2000-01-01-00-00-00
a0003109,3109,Machin,Machin,23.671,2.234784297,1401.925112,MBA,DES=+2003109,1999-01-15-12-26-57,2000-01-01-00-00-00
a0002428,2428,Kamenyar,Kamenyar,23.652,2.860122663,2055.947979,MBA,DES=+2002428,1998-08-05-00-18-44,2000-01-01-00-00-00
a0003369,3369,Freuchen,Freuchen,23.648,2.615879298,1936.785752,MBA,DES=+2003369,1998-09-03-19-17-08,2000-01-01-00-00-00
a0029769,29769,,,23.635,2.153787929,1601.3959,MBA,DES=+2029769,1998-11-26-15-37-29,2000-01-01-00-00-00
a0001792,1792,Reni,Reni,23.625,2.002087541,1689.777631,MBA,DES=+2001792,1998-11-04-13-20-04,2000-01-01-00-00-00
a0024444,24444,,,23.619,4.872935018,4281.247234,TJN,DES=+2024444,1997-01-25-16-31-01,2000-01-01-00-00-00
a0008130,8130,Seeberg,Seeberg,23.617,3.467093763,2917.203983,OMB,DES=+2008130,1998-01-01-16-46-34,2000-01-01-00-00-00
a0020635,20635,,,23.612,3.018990151,2105.743248,OMB,DES=+2020635,1998-07-23-13-32-26,2000-01-01-00-00-00
a0005704,5704,Schumacher,Schumacher,23.597,2.855328617,2108.058543,OMB,DES=+2005704,1998-07-22-23-38-56,2000-01-01-00-00-00
a0001267,1267,Geertruida,Geertruida,23.572,2.024637958,1416.493828,MBA,DES=+2001267,1999-01-11-21-02-13,2000-01-01-00-00-00
a0010989,10989,Dolios,Dolios,23.564,4.721010912,4293.066749,GRK,DES=+2010989,1997-01-22-17-36-00,2000-01-01-00-00-00
a0013353,13353,,,23.551,4.484797308,4295.776413,GRK,DES=+2013353,1997-01-22-01-20-31,2000-01-01-00-00-00
a0002651,2651,Karen,Karen,23.545,2.004513957,1879.622238,MBA,DES=+2002651,1998-09-18-02-16-00,2000-01-01-00-00-00
a0051345,51345,,,23.542,4.444906685,4359.159938,TJN,DES=+2051345,1997-01-06-05-02-27,2000-01-01-00-00-00
a0023174,23174,,,23.54,2.939670988,2865.241138,OMB,DES=+2023174,1998-01-14-16-33-12,2000-01-01-00-00-00
a0017871,17871,,,23.532,3.255889542,2418.591834,OMB,DES=+2017871,1998-05-06-08-26-57,2000-01-01-00-00-00
a0002007,2007,McCuskey,McCuskey,23.517,2.110654599,1344.820793,MBA,DES=+2002007,1999-01-29-19-04-30,2000-01-01-00-00-00
a0056976,56976,,,23.483,5.061734827,4382.204278,TJN,DES=+2056976,1996-12-31-10-46-29,2000-01-01-00-00-00
a0047969,47969,,,23.48,4.991662153,4438.1501,TJN,DES=+2047969,1996-12-17-11-05-59,2000-01-01-00-00-00
a0002333,2333,Porthan,Porthan,23.473,2.282097913,1571.335202,MBA,DES=+2002333,1998-12-04-03-59-20,2000-01-01-00-00-00
a0003957,3957,Sugie,Sugie,23.46,2.470116743,1977.012351,MBA,DES=+2003957,1998-08-24-17-55-34,2000-01-01-00-00-00
a0005361,5361,Goncharov,Goncharov,23.459,2.847700155,2020.668157,MBA,DES=+2005361,1998-08-13-19-59-28,2000-01-01-00-00-00
a0034553,34553,,,23.459,5.005585367,4430.984126,TJN,DES=+2034553,1996-12-19-06-05-44,2000-01-01-00-00-00
a0015231,15231,Ehdita,Ehdita,23.458,2.78715633,2855.506856,OMB,DES=+2015231,1998-01-17-02-57-32,2000-01-01-00-00-00
a0000723,723,Hammonia,Hammonia,23.456,2.829145818,1891.196865,MBA,DES=+2000723,1998-09-15-04-49-08,2000-01-01-00-00-00
a0003728,3728,IRAS,IRAS,23.45,2.086465864,1575.30535,MBA,DES=+2003728,1998-12-03-04-10-05,2000-01-01-00-00-00
a0000180,180,Garumna,Гарумна,23.44,2.268386483,1640.566762,MBA,DES=+2000180,1998-11-16-20-35-58,2000-01-01-00-00-00
a0051347,51347,,,23.412,4.436692448,4288.210456,TJN,DES=+2051347,1997-01-23-22-44-16,2000-01-01-00-00-00
a0023126,23126,,,23.411,5.09304845,4373.855315,GRK,DES=+2023126,1997-01-02-12-52-07,2000-01-01-00-00-00
a0007284,7284,,,23.41,3.322888938,2898.58662,OMB,DES=+2007284,1998-01-06-08-28-50,2000-01-01-00-00-00
a0003062,3062,Wren,Wren,23.409,2.674373475,1915.916549,MBA,DES=+2003062,1998-09-09-00-30-03,2000-01-01-00-00-00
a0001383,1383,Limburgia,Limburgia,23.399,2.49307073,1972.713668,MBA,DES=+2001383,1998-08-25-19-43-05,2000-01-01-00-00-00
a0008174,8174,,,23.389,2.724853905,2066.437636,MBA,DES=+2008174,1998-08-02-09-22-28,2000-01-01-00-00-00
a0004110,4110,Keats,Keats,23.377,2.738370078,1992.797751,MBA,DES=+2004110,1998-08-20-19-12-49,2000-01-01-00-00-00
a0017442,17442,,,23.374,5.007023359,4389.798243,TJN,DES=+2017442,1996-12-29-13-12-39,2000-01-01-00-00-00
a0005036,5036,Tuttle,Tuttle,23.37,2.568905106,2036.529034,MBA,DES=+2005036,1998-08-09-20-49-33,2000-01-01-00-00-00
a0000320,320,Katharina,Katharina,23.362,2.65759095,1907.409143,MBA,DES=+2000320,1998-09-11-03-32-43,2000-01-01-00-00-00
a0019752,19752,,,23.358,3.381460056,2911.221374,OMB,DES=+2019752,1998-01-03-04-40-19,2000-01-01-00-00-00
a0067246,67246,,,23.327,3.194571321,2867.776735,OMB,DES=+2067246,1998-01-14-01-20-23,2000-01-01-00-00-00
a0001464,1464,Armisticia,Armisticia,23.313,2.864981709,1901.096884,MBA,DES=+2001464,1998-09-12-17-25-08,2000-01-01-00-00-00
a0018169,18169,Amaldi,Амальди,23.311,2.651544591,2045.691212,MBA,DES=+2018169,1998-08-07-13-51-10,2000-01-01-00-00-00
a0003866,3866,Langley,Langley,23.31,2.56856548,2042.396447,MBA,DES=+2003866,1998-08-08-09-37-17,2000-01-01-00-00-00
a0001099,1099,Figneria,Figneria,23.309,2.29499239,2069.640225,MBA,DES=+2001099,1998-08-01-14-09-32,2000-01-01-00-00-00
a0000668,668,Dora,Dora,23.3,2.134272194,1704.525361,MBA,DES=+2000668,1998-10-31-20-50-53,2000-01-01-00-00-00
a0025344,25344,,,23.288,4.953886136,4470.958714,TJN,DES=+2025344,1996-12-09-06-14-53,2000-01-01-00-00-00
a0051935,51935,,,23.273,4.732784933,4339.675268,TJN,DES=+2051935,1997-01-11-01-56-56,2000-01-01-00-00-00
a0018228,18228,Hyperenor,Гиперенор,23.245,4.614791719,4434.340125,TJN,DES=+2018228,1996-12-18-09-57-35,2000-01-01-00-00-00
a0001104,1104,Syringa,Syringa,23.244,1.72542755,1557.221871,MBA,DES=+2001104,1998-12-07-16-40-08,2000-01-01-00-00-00
a0007167,7167,Laupheim,Laupheim,23.229,2.474013846,2019.177503,MBA,DES=+2007167,1998-08-14-04-56-06,2000-01-01-00-00-00
a0051378,51378,,,23.229,4.896441935,4275.680765,GRK,DES=+2051378,1997-01-27-01-54-57,2000-01-01-00-00-00
a0076830,76830,,,23.221,4.844795575,4301.745927,TJN,DES=+2076830,1997-01-20-13-31-29,2000-01-01-00-00-00
a0105694,105694,,,23.211,4.667215795,4368.897784,TJN,DES=+2105694,1997-01-03-18-36-49,2000-01-01-00-00-00
a0002404,2404,Antarctica,Антарктика,23.209,2.707772766,2017.709519,MBA,DES=+2002404,1998-08-14-13-44-35,2000-01-01-00-00-00
a0010610,10610,,,23.207,3.092620194,2875.625971,OMB,DES=+2010610,1998-01-12-02-14-40,2000-01-01-00-00-00
a0346889,346889,Rhiphonos,Рифонос,23.2,6.003234967,12909.00194,CEN,DES=+2346889,1991-03-01-17-59-24,2000-01-01-00-00-00
a0001555,1555,Dejan,Dejan,23.199,1.944639238,1610.201275,MBA,DES=+2001555,1998-11-24-10-47-33,2000-01-01-00-00-00
a0013323,13323,,,23.198,4.639165462,4202.343323,GRK,DES=+2013323,1997-02-14-09-56-26,2000-01-01-00-00-00
a0002153,2153,Akiyama,Akiyama,23.166,2.661257713,2025.461681,MBA,DES=+2002153,1998-08-12-15-13-48,2000-01-01-00-00-00
a0062128,62128,,,23.166,2.441013236,2037.787745,MBA,DES=+2062128,1998-08-09-13-16-25,2000-01-01-00-00-00
a0004860,4860,Gubbio,Gubbio,23.151,2.251105967,1559.865585,MBA,DES=+2004860,1998-12-07-00-48-24,2000-01-01-00-00-00
a0002103,2103,Laverna,Laverna,23.116,2.537528773,2034.316183,MBA,DES=+2002103,1998-08-10-10-06-11,2000-01-01-00-00-00
a0092233,92233,,,23.115,2.709031206,2022.100774,MBA,DES=+2092233,1998-08-13-11-23-44,2000-01-01-00-00-00
a0001097,1097,Vicia,Vicia,23.11,1.870645916,1569.82258,MBA,DES=+2001097,1998-12-04-13-03-53,2000-01-01-00-00-00
a0001826,1826,Miller,Miller,23.099,2.74264916,1894.086856,MBA,DES=+2001826,1998-09-14-11-28-44,2000-01-01-00-00-00
a0003094,3094,Chukokkala,Chukokkala,23.099,2.451781089,1573.539535,MBA,DES=+2003094,1998-12-03-14-45-47,2000-01-01-00-00-00
a0027226,27226,,,23.098,3.103043227,2107.518519,OMB,DES=+2027226,1998-07-23-02-53-20,2000-01-01-00-00-00
a0001061,1061,Paeonia,Paeonia,23.092,2.448535076,2016.185168,MBA,DES=+2001061,1998-08-14-22-53-21,2000-01-01-00-00-00
a0000512,512,Taurinensis,Taurinensis,23.09,1.632045139,1182.984512,MCA,DES=+2000512,1999-03-11-06-05-34,2000-01-01-00-00-00
a0038600,38600,,,23.077,5.003642783,4305.356842,GRK,DES=+2038600,1997-01-19-15-51-34,2000-01-01-00-00-00
a0006338,6338,Isaosato,Isaosato,23.065,2.879465335,2058.97029,MBA,DES=+2006338,1998-08-04-06-10-42,2000-01-01-00-00-00
a0007612,7612,,,23.056,2.914016386,2057.632909,MBA,DES=+2007612,1998-08-04-14-12-10,2000-01-01-00-00-00
a0162861,162861,,,23.056,4.412868147,4340.741495,GRK,DES=+2162861,1997-01-10-19-33-05,2000-01-01-00-00-00
a0006570,6570,Tomohiro,Tomohiro,23.041,2.602627125,2027.189852,MBA,DES=+2006570,1998-08-12-04-51-40,2000-01-01-00-00-00
a0011004,11004,Stenmark,Stenmark,23.041,2.6968044,2106.660334,OMB,DES=+2011004,1998-07-23-08-02-17,2000-01-01-00-00-00
a0002147,2147,Kharadze,Kharadze,23.035,2.99537019,2064.606659,MBA,DES=+2002147,1998-08-02-20-21-37,2000-01-01-00-00-00
a0026325,26325,,,23.033,2.789809071,2090.779312,MBA,DES=+2026325,1998-07-27-07-19-27,2000-01-01-00-00-00
a0020718,20718,,,23.03,3.014259312,2315.495513,OMB,DES=+2020718,1998-06-01-03-01-37,2000-01-01-00-00-00
a0002091,2091,Sampo,Sampo,23.024,2.830166665,1910.304072,MBA,DES=+2002091,1998-09-10-10-10-33,2000-01-01-00-00-00
a0065257,65257,,,23.01,4.900723022,4287.52796,GRK,DES=+2065257,1997-01-24-02-49-58,2000-01-01-00-00-00
a0013851,13851,,,23.003,2.575564899,2051.43382,MBA,DES=+2013851,1998-08-06-03-23-50,2000-01-01-00-00-00
a0008067,8067,Helfenstein,Helfenstein,23,2.205090107,1510.006361,MBA,DES=+2008067,1998-12-19-11-57-43,2000-01-01-00-00-00
a0012972,12972,Eumaios,Eumaios,22.991,4.362171553,4261.300778,GRK,DES=+2012972,1997-01-30-16-11-45,2000-01-01-00-00-00
a0000477,477,Italia,Italia,22.988,1.962200835,1371.381516,MBA,DES=+2000477,1999-01-23-03-42-39,2000-01-01-00-00-00
a0051340,51340,,,22.988,4.808737105,4264.407825,TJN,DES=+2051340,1997-01-29-21-33-12,2000-01-01-00-00-00
a0018399,18399,Tentoumushi,Тентоумуси,22.987,2.518645724,2047.659052,MBA,DES=+2018399,1998-08-07-02-02-45,2000-01-01-00-00-00
a0001503,1503,Kuopio,Kuopio,22.985,2.351683552,1554.070468,MBA,DES=+2001503,1998-12-08-11-34-38,2000-01-01-00-00-00
a0125045,125045,,,22.962,5.13589096,4340.181273,TJN,DES=+2125045,1997-01-10-22-54-46,2000-01-01-00-00-00
a0026382,26382,,,22.946,2.716791061,2056.589058,MBA,DES=+2026382,1998-08-04-20-27-57,2000-01-01-00-00-00
a0099943,99943,,,22.942,4.703119237,4429.391363,TJN,DES=+2099943,1996-12-19-15-39-08,2000-01-01-00-00-00
a0001002,1002,Olbersia,Olbersia,22.938,2.354432632,1698.123299,MBA,DES=+2001002,1998-11-02-11-15-37,2000-01-01-00-00-00
a0013297,13297,,,22.936,3.034226625,2106.987578,OMB,DES=+2013297,1998-07-23-06-04-29,2000-01-01-00-00-00
a0054672,54672,,,22.933,4.554978758,4437.649861,TJN,DES=+2054672,1996-12-17-14-06-05,2000-01-01-00-00-00
a0001711,1711,Sandrine,Sandrine,22.929,2.665300216,1909.010413,MBA,DES=+2001711,1998-09-10-17-56-16,2000-01-01-00-00-00
a0017973,17973,,,22.922,2.188713246,1698.67623,MBA,DES=+2017973,1998-11-02-07-56-34,2000-01-01-00-00-00
a0015410,15410,,,22.904,2.808319987,2004.010445,MBA,DES=+2015410,1998-08-17-23-56-15,2000-01-01-00-00-00
a0001969,1969,Alain,Alain,22.895,2.598750171,1981.24393,MBA,DES=+2001969,1998-08-23-16-32-12,2000-01-01-00-00-00
a0000817,817,Annika,Annika,22.891,2.123228519,1522.095299,MBA,DES=+2000817,1998-12-16-11-25-42,2000-01-01-00-00-00
a0009817,9817,Thersander,Thersander,22.879,5.05431261,4413.807735,GRK,DES=+2009817,1996-12-23-13-09-14,2000-01-01-00-00-00
a0001234,1234,Elyna,Elyna,22.876,2.754727865,1912.366493,MBA,DES=+2001234,1998-09-09-21-48-04,2000-01-01-00-00-00
a0004223,4223,Shikoku,Shikoku,22.869,2.677941146,1903.354461,MBA,DES=+2004223,1998-09-12-03-52-24,2000-01-01-00-00-00
a0006925,6925,Susumu,Susumu,22.86,2.547781143,1742.362689,MBA,DES=+2006925,1998-10-22-09-49-26,2000-01-01-00-00-00
a0016029,16029,,,22.853,2.60993831,2033.859071,MBA,DES=+2016029,1998-08-10-12-50-45,2000-01-01-00-00-00
a0026718,26718,,,22.817,3.10575051,2093.292117,OMB,DES=+2026718,1998-07-26-16-14-51,2000-01-01-00-00-00
a0002390,2390,Nezarka,Nezarka,22.81,2.243313357,1549.499122,MBA,DES=+2002390,1998-12-09-15-00-19,2000-01-01-00-00-00
a0024449,24449,,,22.792,4.969934856,4362.583811,TJN,DES=+2024449,1997-01-05-08-29-51,2000-01-01-00-00-00
a0002325,2325,Chernykh,Chernykh,22.789,2.587202775,2032.460142,MBA,DES=+2002325,1998-08-10-21-14-21,2000-01-01-00-00-00
a0001223,1223,Neckar,Neckar,22.783,2.69740964,1774.937525,MBA,DES=+2001223,1998-10-14-06-22-30,2000-01-01-00-00-00
a0000486,486,Cremona,Cremona,22.781,1.971198217,1317.891675,MBA,DES=+2000486,1999-02-05-12-38-59,2000-01-01-00-00-00
a0002111,2111,Tselina,Tselina,22.773,2.72950536,1913.915591,MBA,DES=+2002111,1998-09-09-12-30-24,2000-01-01-00-00-00
a0000265,265,Anna,Anna,22.767,1.77281714,1374.888498,MBA,DES=+2000265,1999-01-22-06-40-08,2000-01-01-00-00-00
a0002458,2458,Veniakaverin,Veniakaverin,22.764,2.681929553,2019.837482,MBA,DES=+2002458,1998-08-14-00-58-31,2000-01-01-00-00-00
a0003230,3230,Vampilov,Вампилов,22.759,2.129899903,2038.525068,MBA,DES=+2003230,1998-08-09-08-50-59,2000-01-01-00-00-00
a0051359,51359,,,22.755,4.569185764,4296.633859,TJN,DES=+2051359,1997-01-21-20-11-50,2000-01-01-00-00-00
a0003300,3300,McGlasson,McGlasson,22.752,2.523315363,2056.221116,MBA,DES=+2003300,1998-08-04-22-40-24,2000-01-01-00-00-00
a0012003,12003,Hideosugai,Hideosugai,22.751,3.05957216,2254.287575,OMB,DES=+2012003,1998-06-16-10-16-29,2000-01-01-00-00-00
a0006862,6862,Virgiliomarcon,Virgiliomarcon,22.747,3.119940904,2064.991963,MBA,DES=+2006862,1998-08-02-18-02-54,2000-01-01-00-00-00
a0117404,117404,,,22.747,4.971569942,4229.811492,TJN,DES=+2117404,1997-02-07-13-07-53,2000-01-01-00-00-00
a0030724,30724,Peterburgtrista,Петербургтриста,22.744,3.043218254,2065.612862,MBA,DES=+2030724,1998-08-02-14-19-23,2000-01-01-00-00-00
a0018996,18996,Torasan,Торасан,22.734,3.096002855,2095.248709,OMB,DES=+2018996,1998-07-26-04-30-28,2000-01-01-00-00-00
a0002224,2224,Tucson,Tucson,22.73,2.752195391,1785.609585,MBA,DES=+2002224,1998-10-11-14-20-33,2000-01-01-00-00-00
a0020001,20001,,,22.717,2.732233952,2005.517328,MBA,DES=+2020001,1998-08-17-14-53-46,2000-01-01-00-00-00
a0054808,54808,,,22.709,2.37457605,2046.474209,MBA,DES=+2054808,1998-08-07-09-09-18,2000-01-01-00-00-00
a0009338,9338,,,22.697,2.497545177,2013.071633,MBA,DES=+2009338,1998-08-15-17-34-13,2000-01-01-00-00-00
a0006362,6362,Tunis,Tunis,22.678,2.65453043,2088.20335,MBA,DES=+2006362,1998-07-27-22-46-48,2000-01-01-00-00-00
a0025869,25869,Jacoby,Якоби,22.676,3.404483667,2891.834244,OMB,DES=+2025869,1998-01-08-00-59-41,2000-01-01-00-00-00
a0005133,5133,Phillipadams,Phillipadams,22.674,2.099849558,1630.371131,MBA,DES=+2005133,1998-11-19-09-46-24,2000-01-01-00-00-00
a0018219,18219,,,22.669,3.033170661,2074.604034,MBA,DES=+2018219,1998-07-31-08-22-33,2000-01-01-00-00-00
a0002158,2158,Tietjen,Tietjen,22.658,2.510979944,1964.516735,MBA,DES=+2002158,1998-08-27-20-53-59,2000-01-01-00-00-00
a0002394,2394,Nadeev,Nadeev,22.658,2.495986196,2065.349258,MBA,DES=+2002394,1998-08-02-15-54-17,2000-01-01-00-00-00
a0003318,3318,Blixen,Blixen,22.658,2.860968024,1906.375962,MBA,DES=+2003318,1998-09-11-09-44-40,2000-01-01-00-00-00
a0005592,5592,Oshima,Oshima,22.657,2.96073822,2064.240104,MBA,DES=+2005592,1998-08-02-22-33-34,2000-01-01-00-00-00
a0008889,8889,Mockturtle,Mockturtle,22.656,2.61525054,1933.508677,MBA,DES=+2008889,1998-09-04-14-56-53,2000-01-01-00-00-00
a0001869,1869,Philoctetes,Philoctetes,22.655,4.842422549,4337.576661,GRK,DES=+2001869,1997-01-11-14-32-26,2000-01-01-00-00-00
a0004250,4250,Perun,Перун,22.646,2.793756811,2057.395012,MBA,DES=+2004250,1998-08-04-15-37-48,2000-01-01-00-00-00
a0137879,137879,,,22.644,4.902110819,4414.32279,GRK,DES=+2137879,1996-12-23-10-03-49,2000-01-01-00-00-00
a0024233,24233,,,22.641,5.085712822,4445.418282,GRK,DES=+2024233,1996-12-15-15-29-27,2000-01-01-00-00-00
a0003061,3061,Cook,Cook,22.639,2.506902698,1990.223965,MBA,DES=+2003061,1998-08-21-10-39-23,2000-01-01-00-00-00
a0004266,4266,Waltari,Waltari,22.638,2.610433466,2062.244783,MBA,DES=+2004266,1998-08-03-10-31-53,2000-01-01-00-00-00
a0038607,38607,,,22.631,5.079362388,4377.030354,GRK,DES=+2038607,1997-01-01-17-49-06,2000-01-01-00-00-00
a0003262,3262,Miune,Miune,22.627,2.807129816,1904.907993,MBA,DES=+2003262,1998-09-11-18-33-08,2000-01-01-00-00-00
a0002672,2672,Pisek,Pisek,22.624,2.226103498,1543.585111,MBA,DES=+2002672,1998-12-11-02-29-22,2000-01-01-00-00-00
a0000557,557,Violetta,Violetta,22.621,2.199514555,1394.462614,MBA,DES=+2000557,1999-01-17-09-13-27,2000-01-01-00-00-00
a0012054,12054,,,22.617,4.819938138,4264.798847,GRK,DES=+2012054,1997-01-29-19-12-26,2000-01-01-00-00-00
a0076812,76812,,,22.611,4.645193574,4328.565927,TJN,DES=+2076812,1997-01-13-20-36-17,2000-01-01-00-00-00
a0016927,16927,,,22.595,3.4260603,2904.651468,OMB,DES=+2016927,1998-01-04-20-05-29,2000-01-01-00-00-00
a0005780,5780,Lafontaine,Lafontaine,22.593,2.907670274,2237.15035,OMB,DES=+2005780,1998-06-20-17-05-53,2000-01-01-00-00-00
a0063241,63241,,,22.593,5.001312789,4397.536409,GRK,DES=+2063241,1996-12-27-14-46-55,2000-01-01-00-00-00
a0004091,4091,Lowe,Lowe,22.571,2.806126626,2074.28749,MBA,DES=+2004091,1998-07-31-10-16-31,2000-01-01-00-00-00
a0013808,13808,Davewilliams,Davewilliams,22.569,2.91046105,2085.8229,MBA,DES=+2013808,1998-07-28-13-03-46,2000-01-01-00-00-00
a0002114,2114,Wallenquist,Wallenquist,22.558,2.749361808,2091.304308,OMB,DES=+2002114,1998-07-27-04-10-27,2000-01-01-00-00-00
a0000826,826,Henrika,Henrika,22.556,2.153378705,1631.479964,MBA,DES=+2000826,1998-11-19-03-07-13,2000-01-01-00-00-00
a0000750,750,Oskar,Oskar,22.526,2.130323444,1396.104314,MBA,DES=+2000750,1999-01-16-23-22-26,2000-01-01-00-00-00
a0000858,858,El Djezair,El Djezair,22.519,2.522173487,1720.776596,MBA,DES=+2000858,1998-10-27-19-20-26,2000-01-01-00-00-00
a0013402,13402,,,22.511,4.622400306,4399.52174,TJN,DES=+2013402,1996-12-27-02-52-12,2000-01-01-00-00-00
a0003291,3291,Dunlap,Dunlap,22.496,2.820463356,2039.335012,MBA,DES=+2003291,1998-08-09-03-59-24,2000-01-01-00-00-00
a0003776,3776,Vartiovuori,Vartiovuori,22.496,2.969970542,2075.524125,MBA,DES=+2003776,1998-07-31-02-51-19,2000-01-01-00-00-00
a0004603,4603,Bertaud,Bertaud,22.496,1.999631107,1556.976376,MBA,DES=+2004603,1998-12-07-18-08-31,2000-01-01-00-00-00
a0005017,5017,Tenchi,Tenchi,22.488,2.90472604,2041.411516,MBA,DES=+2005017,1998-08-08-15-31-52,2000-01-01-00-00-00
a0031822,31822,,,22.488,3.262374231,2303.805917,OMB,DES=+2031822,1998-06-04-01-09-53,2000-01-01-00-00-00
a0000789,789,Lena,Lena,22.483,2.287983852,1606.980458,MBA,DES=+2000789,1998-11-25-06-07-03,2000-01-01-00-00-00
a0002957,2957,Tatsuo,Tatsuo,22.473,2.737639077,1915.74987,MBA,DES=+2002957,1998-09-09-01-30-03,2000-01-01-00-00-00
a0002464,2464,Nordenskiold,Nordenskiold,22.47,2.536692472,2072.97379,MBA,DES=+2002464,1998-07-31-18-09-27,2000-01-01-00-00-00
a0016428,16428,,,22.468,4.85902483,4358.426264,TJN,DES=+2016428,1997-01-06-09-26-34,2000-01-01-00-00-00
a0002407,2407,Haug,Haug,22.461,2.272294295,1822.864332,MBA,DES=+2002407,1998-10-02-06-48-51,2000-01-01-00-00-00
a0015615,15615,,,22.459,3.012394151,2890.934772,OMB,DES=+2015615,1998-01-08-06-23-29,2000-01-01-00-00-00
a0004848,4848,Tutenchamun,Tutenchamun,22.453,2.738015259,2034.753447,MBA,DES=+2004848,1998-08-10-07-28-46,2000-01-01-00-00-00
a0003501,3501,Olegiya,Olegiya,22.446,2.658728457,1823.80289,MBA,DES=+2003501,1998-10-02-01-10-58,2000-01-01-00-00-00
a0002016,2016,Heinemann,Heinemann,22.435,2.527367911,2020.316681,MBA,DES=+2002016,1998-08-13-22-06-00,2000-01-01-00-00-00
a0000876,876,Scott,Scott,22.42,2.667414563,1906.999857,MBA,DES=+2000876,1998-09-11-06-00-04,2000-01-01-00-00-00
a0001297,1297,Quadea,Quadea,22.42,2.80371045,1917.111745,MBA,DES=+2001297,1998-09-08-17-19-47,2000-01-01-00-00-00
a0012214,12214,Miroshnikov,Мирошников,22.418,2.696192596,2092.028051,OMB,DES=+2012214,1998-07-26-23-49-55,2000-01-01-00-00-00
a0002450,2450,Ioannisiani,Ioannisiani,22.403,2.803105705,2015.857837,MBA,DES=+2002450,1998-08-15-00-51-11,2000-01-01-00-00-00
a0006374,6374,Beslan,Beslan,22.393,2.926922092,2065.310216,MBA,DES=+2006374,1998-08-02-16-08-20,2000-01-01-00-00-00
a0002550,2550,Houssay,Houssay,22.379,2.645825848,2082.552168,MBA,DES=+2002550,1998-07-29-08-41-14,2000-01-01-00-00-00
a0001732,1732,Heike,Heike,22.378,2.677419264,1910.159581,MBA,DES=+2001732,1998-09-10-11-02-34,2000-01-01-00-00-00
a0007253,7253,Nara,Нара,22.369,3.023523287,2073.572255,MBA,DES=+2007253,1998-07-31-14-34-00,2000-01-01-00-00-00
a0002116,2116,Mtskheta,Mtskheta,22.363,2.433481395,1520.523238,MBA,DES=+2002116,1998-12-16-20-51-39,2000-01-01-00-00-00
a0002405,2405,Welch,Welch,22.36,2.765852078,2095.188222,OMB,DES=+2002405,1998-07-26-04-52-15,2000-01-01-00-00-00
a0003560,3560,Chenqian,Chenqian,22.356,2.658139687,1913.033946,MBA,DES=+2003560,1998-09-09-17-47-47,2000-01-01-00-00-00
a0002531,2531,Cambridge,Cambridge,22.349,2.840370294,1906.855837,MBA,DES=+2002531,1998-09-11-06-51-54,2000-01-01-00-00-00
a0001040,1040,Klumpkea,Klumpkea,22.34,2.514000936,2004.885128,MBA,DES=+2001040,1998-08-17-18-41-22,2000-01-01-00-00-00
a0001236,1236,Thais,Thais,22.34,1.84373708,1384.261934,MBA,DES=+2001236,1999-01-19-22-25-42,2000-01-01-00-00-00
a0014791,14791,Atreus,Atreus,22.33,4.314963189,4262.382596,GRK,DES=+2014791,1997-01-30-09-42-17,2000-01-01-00-00-00
a0001327,1327,Namaqua,Namaqua,22.318,2.335989225,1695.027308,MBA,DES=+2001327,1998-11-03-05-50-11,2000-01-01-00-00-00
a0010143,10143,Kamogawa,Kamogawa,22.314,2.336907579,1884.179687,MBA,DES=+2010143,1998-09-16-22-55-19,2000-01-01-00-00-00
a0053419,53419,,,22.313,4.71491223,4291.87372,TJN,DES=+2053419,1997-01-23-00-45-29,2000-01-01-00-00-00
a0057108,57108,,,22.31,2.449892204,1814.664348,MBA,DES=+2057108,1998-10-04-08-00-51,2000-01-01-00-00-00
a0085807,85807,,,22.309,4.727394702,4307.375282,GRK,DES=+2085807,1997-01-19-03-44-55,2000-01-01-00-00-00
a0003667,3667,Anne-Marie,Анна-Мария,22.307,2.366725571,1974.934811,MBA,DES=+2003667,1998-08-25-06-23-29,2000-01-01-00-00-00
a0001076,1076,Viola,Viola,22.298,2.112820389,1421.045419,MBA,DES=+2001076,1999-01-10-17-43-38,2000-01-01-00-00-00
a0018895,18895,,,22.297,2.648404153,2099.235269,OMB,DES=+2018895,1998-07-25-04-35-19,2000-01-01-00-00-00
a0012916,12916,Eteoneus,Eteoneus,22.289,5.045050329,4265.565181,GRK,DES=+2012916,1997-01-29-14-36-34,2000-01-01-00-00-00
a0002505,2505,Hebei,Hebei,22.288,2.596761877,2035.170175,MBA,DES=+2002505,1998-08-10-04-58-45,2000-01-01-00-00-00
a0057041,57041,,,22.282,4.924067685,4477.393012,GRK,DES=+2057041,1996-12-07-15-38-32,2000-01-01-00-00-00
a0001505,1505,Koranna,Koranna,22.277,2.304918192,1584.274771,MBA,DES=+2001505,1998-11-30-22-21-05,2000-01-01-00-00-00
a0037298,37298,,,22.269,5.038917984,4222.869714,GRK,DES=+2037298,1997-02-09-06-46-56,2000-01-01-00-00-00
a0065097,65097,,,22.263,4.794870119,4248.184011,GRK,DES=+2065097,1997-02-02-22-53-47,2000-01-01-00-00-00
a0025977,25977,,,22.255,2.700239912,1999.778775,MBA,DES=+2025977,1998-08-19-01-19-39,2000-01-01-00-00-00
a0006038,6038,,,22.248,2.463904636,1943.903392,MBA,DES=+2006038,1998-09-02-00-34-47,2000-01-01-00-00-00
a0002372,2372,Proskurin,Проскурин,22.245,2.57559074,2013.767362,MBA,DES=+2002372,1998-08-15-13-23-45,2000-01-01-00-00-00
a0002361,2361,Gogol,Гоголь,22.244,2.694374443,2030.66147,MBA,DES=+2002361,1998-08-11-08-01-53,2000-01-01-00-00-00
a0001836,1836,Komarov,Комаров,22.24,2.252550606,1697.909937,MBA,DES=+2001836,1998-11-02-12-32-26,2000-01-01-00-00-00
a0003246,3246,Bidstrup,Bidstrup,22.225,3.089042271,2084.10458,MBA,DES=+2003246,1998-07-28-23-22-22,2000-01-01-00-00-00
a0011875,11875,Rhone,Rhone,22.222,2.709954697,2060.453549,MBA,DES=+2011875,1998-08-03-21-16-44,2000-01-01-00-00-00
a0057904,57904,,,22.222,4.881129123,4397.175116,GRK,DES=+2057904,1996-12-27-16-56-59,2000-01-01-00-00-00
a0010672,10672,Kostyukova,Костюкова,22.209,2.67148923,1927.123914,MBA,DES=+2010672,1998-09-06-05-15-24,2000-01-01-00-00-00
a0003981,3981,Stodola,Stodola,22.204,2.630422129,2060.125733,MBA,DES=+2003981,1998-08-03-23-14-45,2000-01-01-00-00-00
a0011488,11488,,,22.193,4.989147872,4293.568017,TJN,DES=+2011488,1997-01-22-14-35-32,2000-01-01-00-00-00
a0001358,1358,Gaika,Gaika,22.183,2.066274636,1423.773524,MBA,DES=+2001358,1999-01-10-01-21-31,2000-01-01-00-00-00
a0018071,18071,,,22.183,4.989337062,4435.502379,GRK,DES=+2018071,1996-12-18-02-59-10,2000-01-01-00-00-00
a0004174,4174,Pikulia,Pikulia,22.181,2.742533746,2074.618096,MBA,DES=+2004174,1998-07-31-08-17-30,2000-01-01-00-00-00
a0030498,30498,,,22.172,4.815332292,4439.554026,TJN,DES=+2030498,1996-12-17-02-40-35,2000-01-01-00-00-00
a0000975,975,Perseverantia,Perseverantia,22.169,2.740170727,1741.825759,MBA,DES=+2000975,1998-10-22-13-02-44,2000-01-01-00-00-00
a0042195,42195,,,22.164,2.385219584,1995.266208,MBA,DES=+2042195,1998-08-20-04-24-10,2000-01-01-00-00-00
a0003342,3342,Fivesparks,Fivesparks,22.163,2.870482791,2026.423533,MBA,DES=+2003342,1998-08-12-09-27-32,2000-01-01-00-00-00
a0006850,6850,,,22.14,2.856523104,2040.165247,MBA,DES=+2006850,1998-08-08-23-00-31,2000-01-01-00-00-00
a0063955,63955,,,22.136,4.50556024,4289.941484,TJN,DES=+2063955,1997-01-23-12-21-05,2000-01-01-00-00-00
a0001142,1142,Aetolia,Aetolia,22.135,2.928265728,2076.863538,MBA,DES=+2001142,1998-07-30-18-49-08,2000-01-01-00-00-00
a0001466,1466,Mundleria,Mundleria,22.131,2.003663154,1338.707544,MBA,DES=+2001466,1999-01-31-07-45-17,2000-01-01-00-00-00
a0000662,662,Newtonia,Newtonia,22.127,2.000919766,1490.064092,MBA,DES=+2000662,1998-12-24-11-36-56,2000-01-01-00-00-00
a0001534,1534,Nasi,Nasi,22.12,2.041270993,1646.519773,MBA,DES=+2001534,1998-11-15-08-52-53,2000-01-01-00-00-00
a0016583,16583,Oersted,Эрстед,22.102,3.061553972,2120.915864,OMB,DES=+2016583,1998-07-19-18-30-18,2000-01-01-00-00-00
a0005439,5439,Couturier,Couturier,22.099,3.321353287,2861.999528,OMB,DES=+2005439,1998-01-15-12-00-11,2000-01-01-00-00-00
a0010291,10291,,,22.098,2.652917967,1880.541036,MBA,DES=+2010291,1998-09-17-20-45-14,2000-01-01-00-00-00
a0119528,119528,,,22.097,4.642501106,4302.796458,TJN,DES=+2119528,1997-01-20-07-13-18,2000-01-01-00-00-00
a0002465,2465,Wilson,Wilson,22.087,2.552038459,1669.338871,MBA,DES=+2002465,1998-11-09-15-58-01,2000-01-01-00-00-00
a0033800,33800,Gross,Гросс,22.086,3.047729673,2095.127085,OMB,DES=+2033800,1998-07-26-05-14-15,2000-01-01-00-00-00
a0015136,15136,,,22.077,3.077610908,2122.043088,OMB,DES=+2015136,1998-07-19-11-44-30,2000-01-01-00-00-00
a0013475,13475,Orestes,Orestes,22.073,4.79841307,4303.407215,GRK,DES=+2013475,1997-01-20-03-33-26,2000-01-01-00-00-00
a0003526,3526,Jeffbell,Jeffbell,22.055,2.532421589,1702.859371,MBA,DES=+2003526,1998-11-01-06-50-38,2000-01-01-00-00-00
a0055578,55578,,,22.045,4.999221451,4480.152538,GRK,DES=+2055578,1996-12-06-23-05-07,2000-01-01-00-00-00
a0003502,3502,Huangpu,Huangpu,22.044,2.593450584,2026.40406,MBA,DES=+2003502,1998-08-12-09-34-33,2000-01-01-00-00-00
a0005505,5505,Rundetaarn,Rundetaarn,22.042,2.467243416,1782.569383,MBA,DES=+2005505,1998-10-12-08-35-02,2000-01-01-00-00-00
a0003514,3514,Hooke,Hooke,22.037,3.197592462,2876.332763,OMB,DES=+2003514,1998-01-11-22-00-13,2000-01-01-00-00-00
a0049630,49630,,,22.037,2.818236202,2088.015348,MBA,DES=+2049630,1998-07-27-23-54-29,2000-01-01-00-00-00
a0003846,3846,Hazel,Hazel,22.034,2.688817121,1841.879194,MBA,DES=+2003846,1998-09-27-12-43-30,2000-01-01-00-00-00
a0006039,6039,Parmenides,Parmenides,22.03,3.233000693,2308.962115,OMB,DES=+2006039,1998-06-02-18-13-39,2000-01-01-00-00-00
a0011251,11251,Icarion,Icarion,22.012,5.150398046,4284.358889,GRK,DES=+2011251,1997-01-24-21-50-49,2000-01-01-00-00-00
a0001541,1541,Estonia,Estonia,22,2.573774527,1681.475464,MBA,DES=+2001541,1998-11-06-15-08-50,2000-01-01-00-00-00
a0002323,2323,Zverev,Зверев,21.999,2.662578067,2034.470628,MBA,DES=+2002323,1998-08-10-09-10-35,2000-01-01-00-00-00
a0022754,22754,Olympus,Олимпус,21.999,2.911757025,2024.19823,MBA,DES=+2022754,1998-08-12-22-48-39,2000-01-01-00-00-00
a0003915,3915,Fukushima,Фукусима,21.993,2.340069662,1390.768331,MBA,DES=+2003915,1999-01-18-07-23-24,2000-01-01-00-00-00
a0000833,833,Monica,Monica,21.99,2.65251273,1910.011634,MBA,DES=+2000833,1998-09-10-11-55-49,2000-01-01-00-00-00
a0026482,26482,,,21.987,3.037839108,2124.160809,OMB,DES=+2026482,1998-07-18-23-02-07,2000-01-01-00-00-00
a0019615,19615,,,21.986,2.711338191,1886.472375,MBA,DES=+2019615,1998-09-16-09-09-57,2000-01-01-00-00-00
a0001953,1953,Rupertwildt,Rupertwildt,21.97,2.540749464,2001.458845,MBA,DES=+2001953,1998-08-18-15-14-49,2000-01-01-00-00-00
a0117385,117385,,,21.969,5.067345946,4445.678731,TJN,DES=+2117385,1996-12-15-13-55-41,2000-01-01-00-00-00
a0048269,48269,,,21.961,4.925648636,4280.359996,GRK,DES=+2048269,1997-01-25-21-50-26,2000-01-01-00-00-00
a0001801,1801,Titicaca,Titicaca,21.957,2.818798396,1921.395022,MBA,DES=+2001801,1998-09-07-15-37-48,2000-01-01-00-00-00
a0001970,1970,Sumeria,Sumeria,21.951,2.341842375,1693.608608,MBA,DES=+2001970,1998-11-03-14-20-55,2000-01-01-00-00-00
a0001491,1491,Balduinus,Balduinus,21.941,2.7942943,2124.891712,OMB,DES=+2001491,1998-07-18-18-39-00,2000-01-01-00-00-00
a0002934,2934,Aristophanes,Aristophanes,21.941,3.005432784,2060.65957,MBA,DES=+2002934,1998-08-03-20-02-34,2000-01-01-00-00-00
a0002321,2321,Luznice,Luznice,21.933,2.81235927,1902.077449,MBA,DES=+2002321,1998-09-12-11-32-08,2000-01-01-00-00-00
a0006350,6350,Schluter,Schluter,21.93,2.802032226,2013.569125,MBA,DES=+2006350,1998-08-15-14-35-07,2000-01-01-00-00-00
a0001207,1207,Ostenia,Ostenia,21.925,2.758828888,1918.410048,MBA,DES=+2001207,1998-09-08-09-32-23,2000-01-01-00-00-00
a0002342,2342,Lebedev,Лебедев,21.925,2.781580656,2109.816932,OMB,DES=+2002342,1998-07-22-13-05-55,2000-01-01-00-00-00
a0004746,4746,Doi,Doi,21.925,2.657073373,2104.168727,OMB,DES=+2004746,1998-07-23-22-59-16,2000-01-01-00-00-00
a0021593,21593,,,21.922,4.836175545,4195.274226,GRK,DES=+2021593,1997-02-16-04-21-18,2000-01-01-00-00-00
a0022009,22009,,,21.915,5.079645271,4353.397138,GRK,DES=+2022009,1997-01-07-15-37-03,2000-01-01-00-00-00
a0103989,103989,,,21.913,4.964993152,4515.001362,GRK,DES=+2103989,1996-11-28-05-59-32,2000-01-01-00-00-00
a0002882,2882,Tedesco,Tedesco,21.912,2.542030822,2044.461452,MBA,DES=+2002882,1998-08-07-21-13-53,2000-01-01-00-00-00
a0000658,658,Asteria,Asteria,21.894,2.666589775,1760.243689,MBA,DES=+2000658,1998-10-17-22-32-17,2000-01-01-00-00-00
a0016467,16467,,,21.886,3.005981667,2037.523328,MBA,DES=+2016467,1998-08-09-14-51-37,2000-01-01-00-00-00
a0005362,5362,Johnyoung,Johnyoung,21.882,3.296054654,2274.19468,OMB,DES=+2005362,1998-06-11-10-49-55,2000-01-01-00-00-00
a0003622,3622,Ilinsky,Ильинский,21.88,3.243362884,2281.200211,OMB,DES=+2003622,1998-06-09-16-47-56,2000-01-01-00-00-00
a0000622,622,Esther,Esther,21.874,1.82722302,1370.234009,MBA,DES=+2000622,1999-01-23-10-35-45,2000-01-01-00-00-00
a0001782,1782,Schneller,Schneller,21.872,2.636096974,2008.204548,MBA,DES=+2001782,1998-08-16-22-46-22,2000-01-01-00-00-00
a0003649,3649,Guillermina,Guillermina,21.854,2.995965983,2036.139951,MBA,DES=+2003649,1998-08-09-23-09-38,2000-01-01-00-00-00
a0024357,24357,,,21.845,4.996330707,4488.11386,GRK,DES=+2024357,1996-12-04-23-19-02,2000-01-01-00-00-00
a0000933,933,Susi,Susi,21.82,1.976066557,1331.729728,MBA,DES=+2000933,1999-02-02-01-37-17,2000-01-01-00-00-00
a0004368,4368,Pillmore,Pillmore,21.82,3.115953892,2077.681935,MBA,DES=+2004368,1998-07-30-13-54-31,2000-01-01-00-00-00
a0048767,48767,Skamander,Скамандр,21.815,4.870385965,4355.111325,TJN,DES=+2048767,1997-01-07-05-19-57,2000-01-01-00-00-00
a0129133,129133,,,21.802,4.951305123,4307.292296,TJN,DES=+2129133,1997-01-19-04-14-48,2000-01-01-00-00-00
a0001080,1080,Orchis,Orchis,21.797,1.792487383,1373.995669,MBA,DES=+2001080,1999-01-22-12-01-33,2000-01-01-00-00-00
a0038701,38701,,,21.793,3.397126048,2876.85904,OMB,DES=+2038701,1998-01-11-18-50-45,2000-01-01-00-00-00
a0065210,65210,Stichius,Стихий,21.791,4.868071517,4269.982098,GRK,DES=+2065210,1997-01-28-12-06-28,2000-01-01-00-00-00
a0010314,10314,,,21.783,3.029650594,2106.134957,OMB,DES=+2010314,1998-07-23-11-11-25,2000-01-01-00-00-00
a0001849,1849,Kresak,Kresak,21.776,2.9958711,1947.581331,MBA,DES=+2001849,1998-09-01-02-30-44,2000-01-01-00-00-00
a0002879,2879,Shimizu,Shimizu,21.762,2.377373407,1683.259241,MBA,DES=+2002879,1998-11-06-04-26-41,2000-01-01-00-00-00
a0023687,23687,,,21.746,2.2036982,2045.962,MBA,DES=+2023687,1998-08-07-12-13-41,2000-01-01-00-00-00
a0114694,114694,,,21.731,4.324058259,4347.165289,GRK,DES=+2114694,1997-01-09-05-00-31,2000-01-01-00-00-00
a0024420,24420,,,21.723,4.985582857,4445.074896,GRK,DES=+2024420,1996-12-15-17-33-04,2000-01-01-00-00-00
a0009714,9714,,,21.717,2.937409953,2004.859388,MBA,DES=+2009714,1998-08-17-18-50-38,2000-01-01-00-00-00
a0037685,37685,,,21.699,4.569439081,4373.959344,GRK,DES=+2037685,1997-01-02-12-14-40,2000-01-01-00-00-00
a0010388,10388,Zhuguangya,Zhuguangya,21.698,2.946998456,2105.655354,OMB,DES=+2010388,1998-07-23-14-04-05,2000-01-01-00-00-00
a0001253,1253,Frisia,Frisia,21.682,2.500966003,2056.624667,MBA,DES=+2001253,1998-08-04-20-15-08,2000-01-01-00-00-00
a0001287,1287,Lorcia,Lorcia,21.678,2.821712041,1908.173965,MBA,DES=+2001287,1998-09-10-22-57-23,2000-01-01-00-00-00
a0003543,3543,Ningbo,Ningbo,21.677,2.634097285,2072.383039,MBA,DES=+2003543,1998-07-31-21-42-07,2000-01-01-00-00-00
a0009228,9228,Nakahiroshi,Nakahiroshi,21.676,3.015559748,1980.260578,MBA,DES=+2009228,1998-08-23-22-26-12,2000-01-01-00-00-00
a0066187,66187,,,21.658,3.35329031,2911.115898,OMB,DES=+2066187,1998-01-03-05-18-17,2000-01-01-00-00-00
a0022041,22041,,,21.644,4.86873288,4269.787769,GRK,DES=+2022041,1997-01-28-13-16-26,2000-01-01-00-00-00
a0013650,13650,Perimedes,Perimedes,21.64,4.711797089,4351.822494,GRK,DES=+2013650,1997-01-08-01-03-56,2000-01-01-00-00-00
a0011221,11221,,,21.635,2.862515233,2110.163981,OMB,DES=+2011221,1998-07-22-11-00-59,2000-01-01-00-00-00
a0017414,17414,,,21.627,4.955322611,4242.82572,TJN,DES=+2017414,1997-02-04-07-02-46,2000-01-01-00-00-00
a0030020,30020,,,21.625,5.027986012,4425.804406,GRK,DES=+2030020,1996-12-20-13-10-26,2000-01-01-00-00-00
a0006546,6546,Kaye,Kaye,21.624,2.886993718,2114.32027,OMB,DES=+2006546,1998-07-21-10-04-43,2000-01-01-00-00-00
a0001719,1719,Jens,Jens,21.61,2.064374893,1580.997258,MBA,DES=+2001719,1998-12-01-18-01-00,2000-01-01-00-00-00
a0032498,32498,,,21.61,4.701697524,4328.017396,GRK,DES=+2032498,1997-01-13-23-53-46,2000-01-01-00-00-00
a0002336,2336,Xinjiang,Xinjiang,21.606,2.675159017,2077.364344,MBA,DES=+2002336,1998-07-30-15-48-51,2000-01-01-00-00-00
a0005193,5193,Tanakawataru,Tanakawataru,21.601,2.679297534,2072.307926,MBA,DES=+2005193,1998-07-31-22-09-09,2000-01-01-00-00-00
a0008866,8866,Tanegashima,Tanegashima,21.589,2.58003572,2008.561008,MBA,DES=+2008866,1998-08-16-20-38-03,2000-01-01-00-00-00
a0029538,29538,,,21.583,3.209462948,2285.163229,OMB,DES=+2029538,1998-06-08-17-01-15,2000-01-01-00-00-00
a0052511,52511,,,21.583,4.893815177,4383.280448,TJN,DES=+2052511,1996-12-31-04-19-04,2000-01-01-00-00-00
a0033743,33743,,,21.578,2.603378732,2080.126135,MBA,DES=+2033743,1998-07-29-23-14-36,2000-01-01-00-00-00
a0028958,28958,,,21.577,4.856467354,4450.163245,GRK,DES=+2028958,1996-12-14-11-01-15,2000-01-01-00-00-00
a0052567,52567,,,21.577,4.794391107,4286.576638,TJN,DES=+2052567,1997-01-24-08-32-26,2000-01-01-00-00-00
a0038548,38548,,,21.57,2.835227455,2043.237132,MBA,DES=+2038548,1998-08-08-04-34-38,2000-01-01-00-00-00
a0002296,2296,Kugultinov,Kugultinov,21.566,2.654243142,2074.103252,MBA,DES=+2002296,1998-07-31-11-22-50,2000-01-01-00-00-00
a0005461,5461,Autumn,Autumn,21.565,2.70553356,2045.823117,MBA,DES=+2005461,1998-08-07-13-03-41,2000-01-01-00-00-00
a0000918,918,Itha,Itha,21.561,2.319581516,1769.562645,MBA,DES=+2000918,1998-10-15-14-37-27,2000-01-01-00-00-00
a0007286,7286,,,21.561,2.481950476,2023.181604,MBA,DES=+2007286,1998-08-13-04-54-38,2000-01-01-00-00-00
a0125159,125159,,,21.54,4.886895179,4372.75306,TJN,DES=+2125159,1997-01-02-19-28-55,2000-01-01-00-00-00
a0046564,46564,,,21.536,2.764347159,2073.966417,MBA,DES=+2046564,1998-07-31-12-12-06,2000-01-01-00-00-00
a0000687,687,Tinette,Tinette,21.533,1.979015814,1639.30442,MBA,DES=+2000687,1998-11-17-04-10-25,2000-01-01-00-00-00
a0015066,15066,,,21.533,3.016742491,2054.811528,MBA,DES=+2015066,1998-08-05-07-07-52,2000-01-01-00-00-00
a0016035,16035,Sasandford,Сасандфорд,21.532,2.533544144,1697.375957,MBA,DES=+2016035,1998-11-02-15-44-40,2000-01-01-00-00-00
a0001289,1289,Kutaissi,Kutaissi,21.531,2.677848488,1766.707209,MBA,DES=+2001289,1998-10-16-07-45-25,2000-01-01-00-00-00
a0202783,202783,,,21.531,5.037843733,4346.679525,GRK,DES=+2202783,1997-01-09-07-55-24,2000-01-01-00-00-00
a0002688,2688,Halley,Halley,21.525,2.715706145,2062.549353,MBA,DES=+2002688,1998-08-03-08-42-14,2000-01-01-00-00-00
a0031817,31817,,,21.521,3.382704717,2890.763553,OMB,DES=+2031817,1998-01-08-07-25-08,2000-01-01-00-00-00
a0009247,9247,,,21.518,2.895726896,2004.642079,MBA,DES=+2009247,1998-08-17-20-08-52,2000-01-01-00-00-00
a0002203,2203,van Rhijn,van Rhijn,21.501,2.521443499,1998.70346,MBA,DES=+2002203,1998-08-19-07-46-46,2000-01-01-00-00-00
a0001161,1161,Thessalia,Thessalia,21.498,2.890671087,2060.039656,MBA,DES=+2001161,1998-08-03-23-45-44,2000-01-01-00-00-00
a0038619,38619,,,21.498,4.372800333,4309.738725,GRK,DES=+2038619,1997-01-18-13-34-05,2000-01-01-00-00-00
a0010766,10766,,,21.495,2.642501193,2032.629664,MBA,DES=+2010766,1998-08-10-20-13-20,2000-01-01-00-00-00
a0018150,18150,Lopez-Moreno,Лопес-Морено,21.485,3.090176522,2327.263796,OMB,DES=+2018150,1998-05-29-04-25-03,2000-01-01-00-00-00
a0003372,3372,Bratijchuk,Bratijchuk,21.481,2.317535214,1616.941405,MBA,DES=+2003372,1998-11-22-18-21-06,2000-01-01-00-00-00
a0001286,1286,Banachiewicza,Banachiewicza,21.474,2.754627839,1921.223417,MBA,DES=+2001286,1998-09-07-16-39-35,2000-01-01-00-00-00
a0037732,37732,,,21.474,5.094498999,4375.188163,GRK,DES=+2037732,1997-01-02-04-52-17,2000-01-01-00-00-00
a0055474,55474,,,21.469,4.711276139,4327.77492,TJN,DES=+2055474,1997-01-14-01-21-03,2000-01-01-00-00-00
a0202752,202752,,,21.469,4.478110617,4396.593672,GRK,DES=+2202752,1996-12-27-20-26-18,2000-01-01-00-00-00
a0006462,6462,Myougi,Myougi,21.465,3.017069102,2100.894988,OMB,DES=+2006462,1998-07-24-18-37-49,2000-01-01-00-00-00
a0002439,2439,Ulugbek,Улугбек,21.457,2.646248213,2027.817095,MBA,DES=+2002439,1998-08-12-01-05-51,2000-01-01-00-00-00
a0047955,47955,,,21.452,4.757607433,4206.79684,TJN,DES=+2047955,1997-02-13-07-13-10,2000-01-01-00-00-00
a0007496,7496,Miroslavholub,Miroslavholub,21.449,2.038161042,1990.561102,MBA,DES=+2007496,1998-08-21-08-38-01,2000-01-01-00-00-00
a0001336,1336,Zeelandia,Zeelandia,21.441,2.663270249,1756.528137,MBA,DES=+2001336,1998-10-18-20-49-53,2000-01-01-00-00-00
a0002803,2803,Vilho,Vilho,21.441,2.579463476,2033.803261,MBA,DES=+2002803,1998-08-10-13-10-50,2000-01-01-00-00-00
a0001301,1301,Yvonne,Yvonne,21.438,2.019650798,1680.527364,MBA,DES=+2001301,1998-11-06-20-50-09,2000-01-01-00-00-00
a0003046,3046,Moliere,Moliere,21.438,2.693086742,2036.263435,MBA,DES=+2003046,1998-08-09-22-25-10,2000-01-01-00-00-00
a0003859,3859,Borngen,Borngen,21.433,2.746800681,2087.008657,MBA,DES=+2003859,1998-07-28-05-56-54,2000-01-01-00-00-00
a0000708,708,Raphaela,Raphaela,21.43,2.440907803,1594.056939,MBA,DES=+2000708,1998-11-28-11-39-31,2000-01-01-00-00-00
a0000990,990,Yerkes,Yerkes,21.428,2.088731779,1592.312848,MBA,DES=+2000990,1998-11-28-22-07-23,2000-01-01-00-00-00
a0007102,7102,Neilbone,Neilbone,21.426,2.329660167,1987.116185,MBA,DES=+2007102,1998-08-22-05-18-11,2000-01-01-00-00-00
a0018940,18940,,,21.423,4.862132638,4394.257234,TJN,DES=+2018940,1996-12-28-10-27-25,2000-01-01-00-00-00
a0065111,65111,,,21.421,5.120209617,4357.077959,GRK,DES=+2065111,1997-01-06-17-31-58,2000-01-01-00-00-00
a0006079,6079,Gerokurat,Gerokurat,21.414,2.964505834,2097.270039,OMB,DES=+2006079,1998-07-25-16-22-48,2000-01-01-00-00-00
a0192221,192221,,,21.404,4.94693174,4317.83763,GRK,DES=+2192221,1997-01-16-12-58-29,2000-01-01-00-00-00
a0054649,54649,,,21.398,4.671627921,4394.278268,TJN,DES=+2054649,1996-12-28-10-19-51,2000-01-01-00-00-00
a0002115,2115,Irakli,Irakli,21.393,2.859201026,1908.518126,MBA,DES=+2002115,1998-09-10-20-53-29,2000-01-01-00-00-00
a0001257,1257,Mora,Mora,21.392,2.281944848,1433.352515,MBA,DES=+2001257,1999-01-07-15-53-05,2000-01-01-00-00-00
a0002696,2696,Magion,Magion,21.388,2.172144219,1401.709249,MBA,DES=+2002696,1999-01-15-13-44-40,2000-01-01-00-00-00
a0029314,29314,Eurydamas,Эвридамант,21.386,4.899482192,4438.773933,TJN,DES=+2029314,1996-12-17-07-21-25,2000-01-01-00-00-00
a0001852,1852,Carpenter,Carpenter,21.378,2.8329156,1913.769053,MBA,DES=+2001852,1998-09-09-13-23-09,2000-01-01-00-00-00
a0015249,15249,Capodimonte,Capodimonte,21.37,2.772810106,2045.926514,MBA,DES=+2015249,1998-08-07-12-26-28,2000-01-01-00-00-00
a0002180,2180,Marjaleena,Marjaleena,21.357,2.77364018,1909.303078,MBA,DES=+2002180,1998-09-10-16-10-54,2000-01-01-00-00-00
a0001388,1388,Aphrodite,Aphrodite,21.355,2.748495607,1916.011847,MBA,DES=+2001388,1998-09-08-23-55-45,2000-01-01-00-00-00
a0002237,2237,Melnikov,Мельников,21.353,2.458667125,2034.093882,MBA,DES=+2002237,1998-08-10-11-26-13,2000-01-01-00-00-00
a0001068,1068,Nofretete,Nofretete,21.346,2.626757649,1812.152892,MBA,DES=+2001068,1998-10-04-23-04-58,2000-01-01-00-00-00
a0001737,1737,Severny,Severny,21.334,2.867360901,1909.896417,MBA,DES=+2001737,1998-09-10-12-37-18,2000-01-01-00-00-00
a0001670,1670,Minnaert,Minnaert,21.333,2.597371776,1804.582843,MBA,DES=+2001670,1998-10-06-20-30-11,2000-01-01-00-00-00
a0018263,18263,Anchialos,Анхиал,21.331,4.986333455,4315.332705,GRK,DES=+2018263,1997-01-17-04-00-15,2000-01-01-00-00-00
a0002909,2909,Hoshi-no-ie,Hoshi-no-ie,21.312,2.658081924,1914.383514,MBA,DES=+2002909,1998-09-09-09-41-57,2000-01-01-00-00-00
a0013379,13379,,,21.3,4.821475657,4274.124842,GRK,DES=+2013379,1997-01-27-11-15-05,2000-01-01-00-00-00
a0038615,38615,,,21.294,4.338868544,4300.828636,GRK,DES=+2038615,1997-01-20-19-01-43,2000-01-01-00-00-00
a0001617,1617,Alschmitt,Alschmitt,21.283,2.793409531,2091.54169,OMB,DES=+2001617,1998-07-27-02-45-00,2000-01-01-00-00-00
a0002670,2670,Chuvashia,Chuvashia,21.278,2.937200442,2061.634132,MBA,DES=+2002670,1998-08-03-14-11-43,2000-01-01-00-00-00
a0248186,248186,,,21.267,4.89990641,4306.657032,TJN,DES=+2248186,1997-01-19-08-03-30,2000-01-01-00-00-00
a0013561,13561,Kudogou,Kudogou,21.26,2.671253626,2070.371897,MBA,DES=+2013561,1998-08-01-09-46-08,2000-01-01-00-00-00
a0026705,26705,,,21.26,4.760114373,4356.88919,GRK,DES=+2026705,1997-01-06-18-39-55,2000-01-01-00-00-00
a0023622,23622,,,21.258,4.94921764,4230.282352,GRK,DES=+2023622,1997-02-07-10-18-23,2000-01-01-00-00-00
a0076826,76826,,,21.258,5.066214974,4348.494422,TJN,DES=+2076826,1997-01-08-21-02-02,2000-01-01-00-00-00
a0014394,14394,,,21.248,2.998451158,2114.698632,OMB,DES=+2014394,1998-07-21-07-48-30,2000-01-01-00-00-00
a0004192,4192,Breysacher,Breysacher,21.245,2.671305523,2098.703195,OMB,DES=+2004192,1998-07-25-07-46-51,2000-01-01-00-00-00
a0000367,367,Amicitia,Amicitia,21.243,2.007603691,1208.156699,MBA,DES=+2000367,1999-03-04-23-03-35,2000-01-01-00-00-00
a0000807,807,Ceraskia,Ceraskia,21.241,2.820024066,1914.431733,MBA,DES=+2000807,1998-09-09-09-24-35,2000-01-01-00-00-00
a0002657,2657,Bashkiria,Bashkiria,21.229,2.669722002,2063.351663,MBA,DES=+2002657,1998-08-03-03-53-25,2000-01-01-00-00-00
a0001378,1378,Leonce,Leonce,21.228,2.019332688,1336.87427,MBA,DES=+2001378,1999-01-31-18-45-15,2000-01-01-00-00-00
a0002667,2667,Oikawa,Oikawa,21.225,2.6175684,2115.588028,OMB,DES=+2002667,1998-07-21-02-28-19,2000-01-01-00-00-00
a0131451,131451,,,21.208,4.70664495,4201.913382,TJN,DES=+2131451,1997-02-14-12-31-12,2000-01-01-00-00-00
a0003425,3425,Hurukawa,Hurukawa,21.207,2.756162782,1903.590754,MBA,DES=+2003425,1998-09-12-02-27-20,2000-01-01-00-00-00
a0000797,797,Montana,Montana,21.197,2.380152637,1473.896326,MBA,DES=+2000797,1998-12-28-12-37-20,2000-01-01-00-00-00
a0001364,1364,Safara,Safara,21.197,2.814136552,1911.1249,MBA,DES=+2001364,1998-09-10-05-15-03,2000-01-01-00-00-00
a0000869,869,Mellena,Mellena,21.193,2.096682025,1611.503293,MBA,DES=+2000869,1998-11-24-02-58-49,2000-01-01-00-00-00
a0006720,6720,Gifu,Gifu,21.191,2.62567346,1985.53042,MBA,DES=+2006720,1998-08-22-14-49-03,2000-01-01-00-00-00
a0001380,1380,Volodia,Volodia,21.188,2.828431522,2043.608939,MBA,DES=+2001380,1998-08-08-02-20-47,2000-01-01-00-00-00
a0004889,4889,Praetorius,Praetorius,21.181,2.486296614,1986.695076,MBA,DES=+2004889,1998-08-22-07-49-47,2000-01-01-00-00-00
a0030499,30499,,,21.18,4.881916451,4296.3514,TJN,DES=+2030499,1997-01-21-21-53-31,2000-01-01-00-00-00
a0003899,3899,Wichterle,Wichterle,21.174,2.62142387,2077.636705,MBA,DES=+2003899,1998-07-30-14-10-48,2000-01-01-00-00-00
a0000616,616,Elly,Elly,21.17,2.404566179,1491.282628,MBA,DES=+2000616,1998-12-24-04-18-16,2000-01-01-00-00-00
a0006432,6432,Temirkanov,Temirkanov,21.168,2.730717702,1973.694637,MBA,DES=+2006432,1998-08-25-13-49-56,2000-01-01-00-00-00
a0024467,24467,,,21.164,4.722387862,4395.445177,TJN,DES=+2024467,1996-12-28-03-19-46,2000-01-01-00-00-00
a0004907,4907,Zoser,Zoser,21.162,2.883967019,2069.456071,MBA,DES=+2004907,1998-08-01-15-15-49,2000-01-01-00-00-00
a0001683,1683,Castafiore,Castafiore,21.159,2.25543817,1653.788214,MBA,DES=+2001683,1998-11-13-13-16-15,2000-01-01-00-00-00
a0004840,4840,Otaynang,Otaynang,21.151,2.866888741,2074.957934,MBA,DES=+2004840,1998-07-31-06-15-09,2000-01-01-00-00-00
a0025306,25306,,,21.138,2.711892402,2088.043509,MBA,DES=+2025306,1998-07-27-23-44-21,2000-01-01-00-00-00
a0000298,298,Baptistina,Baptistina,21.135,2.046231652,1244.191093,MBA,DES=+2000298,1999-02-23-22-51-12,2000-01-01-00-00-00
a0032720,32720,Simoeisios,Симойсей,21.13,5.115858641,4321.72548,TJN,DES=+2032720,1997-01-15-13-38-51,2000-01-01-00-00-00
a0021271,21271,,,21.115,5.104244236,4255.70489,GRK,DES=+2021271,1997-02-01-01-46-16,2000-01-01-00-00-00
a0005883,5883,Josephblack,Josephblack,21.092,2.627894462,2062.338778,MBA,DES=+2005883,1998-08-03-09-58-03,2000-01-01-00-00-00
a0001410,1410,Margret,Margret,21.083,2.700325677,1916.178532,MBA,DES=+2001410,1998-09-08-22-55-44,2000-01-01-00-00-00
a0032434,32434,,,21.082,4.436293031,4333.179369,TJN,DES=+2032434,1997-01-12-16-55-27,2000-01-01-00-00-00
a0051291,51291,,,21.079,2.705223196,2076.742763,MBA,DES=+2051291,1998-07-30-19-32-37,2000-01-01-00-00-00
a0009141,9141,Kapur,Kapur,21.078,2.579686627,2064.677004,MBA,DES=+2009141,1998-08-02-19-56-17,2000-01-01-00-00-00
a0015094,15094,Polymele,Polymele,21.075,4.678424277,4291.059668,GRK,DES=+2015094,1997-01-23-05-38-33,2000-01-01-00-00-00
a0014195,14195,,,21.065,3.455346371,2885.58845,OMB,DES=+2014195,1998-01-09-14-28-10,2000-01-01-00-00-00
a0032536,32536,,,21.065,2.99077849,2007.08916,MBA,DES=+2032536,1998-08-17-05-27-55,2000-01-01-00-00-00
a0003012,3012,Minsk,Minsk,21.061,2.998584295,2114.13357,OMB,DES=+2003012,1998-07-21-11-11-55,2000-01-01-00-00-00
a0036289,36289,,,21.06,2.797352229,2068.604502,MBA,DES=+2036289,1998-08-01-20-22-23,2000-01-01-00-00-00
a0048254,48254,,,21.049,4.628012566,4298.744434,TJN,DES=+2048254,1997-01-21-07-32-02,2000-01-01-00-00-00
a0005295,5295,Masayo,Masayo,21.045,2.870522456,2041.196173,MBA,DES=+2005295,1998-08-08-16-49-23,2000-01-01-00-00-00
a0004157,4157,Izu,Izu,21.01,2.247019556,1598.076824,MBA,DES=+2004157,1998-11-27-11-32-21,2000-01-01-00-00-00
a0006174,6174,Polybius,Polybius,21.008,2.375119862,1946.831985,MBA,DES=+2006174,1998-09-01-07-00-30,2000-01-01-00-00-00
a0004049,4049,Noragal',Noragal',21.003,2.229323808,1964.436429,MBA,DES=+2004049,1998-08-27-21-22-54,2000-01-01-00-00-00
a0005528,5528,,,21.001,3.098344381,2137.01296,OMB,DES=+2005528,1998-07-15-17-55-21,2000-01-01-00-00-00
a0382004,382004,,,21,6.156374744,32035.8416,CEN,DES=+2382004,1990-01-01-00-00-00,2000-01-01-00-00-00
a0001788,1788,Kiess,Kiess,20.993,2.638299204,2010.750731,MBA,DES=+2001788,1998-08-16-07-29-45,2000-01-01-00-00-00
a0024022,24022,,,20.991,4.834256105,4470.940941,TJN,DES=+2024022,1996-12-09-06-21-17,2000-01-01-00-00-00
a0182746,182746,,,20.982,4.690886455,4296.125486,TJN,DES=+2182746,1997-01-21-23-14-51,2000-01-01-00-00-00
a0003735,3735,Trebon,Trebon,20.974,2.629596594,1994.653764,MBA,DES=+2003735,1998-08-20-08-04-39,2000-01-01-00-00-00
a0005301,5301,Novobranets,Novobranets,20.97,3.018673115,2252.448253,OMB,DES=+2005301,1998-06-16-21-18-38,2000-01-01-00-00-00
a0047967,47967,,,20.964,4.613353679,4339.938459,TJN,DES=+2047967,1997-01-11-00-22-11,2000-01-01-00-00-00
a0030545,30545,,,20.936,2.633249503,2080.115235,MBA,DES=+2030545,1998-07-29-23-18-31,2000-01-01-00-00-00
a0005931,5931,Zhvanetskij,Жванетский,20.927,2.562543498,2072.020537,MBA,DES=+2005931,1998-07-31-23-52-37,2000-01-01-00-00-00
a0000753,753,Tiflis,Тифлис,20.922,1.813185885,1297.987336,MBA,DES=+2000753,1999-02-10-12-04-33,2000-01-01-00-00-00
a0004891,4891,Blaga,Blaga,20.922,2.967451813,2056.522658,MBA,DES=+2004891,1998-08-04-20-51-51,2000-01-01-00-00-00
a0114141,114141,,,20.914,4.766196551,4244.63269,TJN,DES=+2114141,1997-02-03-20-12-15,2000-01-01-00-00-00
a0001452,1452,Hunnia,Hunnia,20.91,2.482154701,2004.531496,MBA,DES=+2001452,1998-08-17-20-48-40,2000-01-01-00-00-00
a0000463,463,Lola,Лола,20.908,1.87296368,1356.722494,MBA,DES=+2000463,1999-01-26-19-39-54,2000-01-01-00-00-00
a0001012,1012,Sarema,Sarema,20.905,2.147980782,1427.919146,MBA,DES=+2001012,1999-01-09-00-29-06,2000-01-01-00-00-00
a0005450,5450,Sokrates,Сократ,20.903,2.467679577,1722.445233,MBA,DES=+2005450,1998-10-27-09-19-43,2000-01-01-00-00-00
a0023030,23030,Jimkennedy,Джимкеннеди,20.899,2.584701642,1860.60301,MBA,DES=+2023030,1998-09-22-20-22-55,2000-01-01-00-00-00
a0085030,85030,Admetos,Адметос,20.898,4.813231631,4394.595867,GRK,DES=+2085030,1996-12-28-08-25-31,2000-01-01-00-00-00
a0016018,16018,,,20.892,2.447585915,1480.548847,MBA,DES=+2016018,1998-12-26-20-42-25,2000-01-01-00-00-00
a0207749,207749,,,20.892,4.944333248,4409.961818,GRK,DES=+2207749,1996-12-24-12-13-46,2000-01-01-00-00-00
a0003966,3966,Cherednichenko,Чередниченко,20.885,3.162827777,2123.864922,OMB,DES=+2003966,1998-07-19-00-48-38,2000-01-01-00-00-00
a0002559,2559,Svoboda,Свобода,20.884,2.356321863,1699.960328,MBA,DES=+2002559,1998-11-02-00-14-17,2000-01-01-00-00-00
a0005757,5757,Ticha,Ticha,20.878,2.403429519,1841.037454,MBA,DES=+2005757,1998-09-27-17-46-31,2000-01-01-00-00-00
a0001547,1547,Nele,Nele,20.877,1.97190281,1570.022319,MBA,DES=+2001547,1998-12-04-11-51-58,2000-01-01-00-00-00
a0010422,10422,,,20.874,2.258434898,1761.377655,MBA,DES=+2010422,1998-10-17-15-44-03,2000-01-01-00-00-00
a0101492,101492,,,20.862,4.870260963,4292.01197,GRK,DES=+2101492,1997-01-22-23-55-43,2000-01-01-00-00-00
a0002489,2489,Suvorov,Суворов,20.854,2.623258667,1999.951806,MBA,DES=+2002489,1998-08-19-00-17-21,2000-01-01-00-00-00
a0002542,2542,Calpurnia,Calpurnia,20.854,2.8984781,2022.219521,MBA,DES=+2002542,1998-08-13-10-40-59,2000-01-01-00-00-00
a0001874,1874,Kacivelia,Kacivelia,20.852,2.274760297,2054.377655,MBA,DES=+2001874,1998-08-05-09-44-03,2000-01-01-00-00-00
a0001887,1887,Virton,Virton,20.848,2.660574085,1903.204881,MBA,DES=+2001887,1998-09-12-04-46-15,2000-01-01-00-00-00
a0004522,4522,Britastra,Britastra,20.843,2.118418835,1592.904928,MBA,DES=+2004522,1998-11-28-18-34-14,2000-01-01-00-00-00
a0003179,3179,Beruti,Beruti,20.835,2.589557158,1982.000259,MBA,DES=+2003179,1998-08-23-11-59-55,2000-01-01-00-00-00
a0051346,51346,,,20.832,4.977007071,4242.204936,TJN,DES=+2051346,1997-02-04-10-46-15,2000-01-01-00-00-00
a0002413,2413,van de Hulst,ВандеГульст,20.829,2.667314173,1912.522998,MBA,DES=+2002413,1998-09-09-20-51-44,2000-01-01-00-00-00
a0001350,1350,Rosselia,Rosselia,20.822,2.601049762,1763.543769,MBA,DES=+2001350,1998-10-17-02-44-15,2000-01-01-00-00-00
a0200029,200029,,,20.82,4.844972317,4365.881546,GRK,DES=+2200029,1997-01-04-12-42-40,2000-01-01-00-00-00
a0003097,3097,Tacitus,Tacitus,20.81,2.664109116,1832.217767,MBA,DES=+2003097,1998-09-29-22-41-37,2000-01-01-00-00-00
a0312802,312802,,,20.81,4.955547726,4311.535029,GRK,DES=+2312802,1997-01-18-02-47-25,2000-01-01-00-00-00
a0145486,145486,,,20.8,8.294416242,27127.50341,CEN,DES=+2145486,1990-01-01-00-00-00,2000-01-01-00-00-00
a0008188,8188,Okegaya,Okegaya,20.799,2.730806629,2047.420122,MBA,DES=+2008188,1998-08-07-03-28-46,2000-01-01-00-00-00
a0001397,1397,Umtata,Umtata,20.798,1.995347633,1602.893832,MBA,DES=+2001397,1998-11-26-06-38-14,2000-01-01-00-00-00
a0116969,116969,,,20.798,4.562494883,4350.129421,GRK,DES=+2116969,1997-01-08-11-13-26,2000-01-01-00-00-00
a0002533,2533,Fechtig,Fechtig,20.796,2.571883401,1989.260022,MBA,DES=+2002533,1998-08-21-16-26-24,2000-01-01-00-00-00
a0039286,39286,,,20.796,4.917572491,4435.428183,GRK,DES=+2039286,1996-12-18-03-25-53,2000-01-01-00-00-00
a0010583,10583,Kanetugu,Kanetugu,20.792,2.406344113,2003.746273,MBA,DES=+2010583,1998-08-18-01-31-21,2000-01-01-00-00-00
a0000994,994,Otthild,Otthild,20.786,2.234911881,1469.17055,MBA,DES=+2000994,1998-12-29-16-58-37,2000-01-01-00-00-00
a0001029,1029,LaPlata,ЛаПлата,20.78,2.807386701,1793.475908,MBA,DES=+2001029,1998-10-09-15-08-41,2000-01-01-00-00-00
a0031539,31539,,,20.775,2.643352142,2104.79034,OMB,DES=+2031539,1998-07-23-19-15-29,2000-01-01-00-00-00
a0003327,3327,Campins,Campins,20.773,2.882711346,2066.150622,MBA,DES=+2003327,1998-08-02-11-05-47,2000-01-01-00-00-00
a0003389,3389,Sinzot,Sinzot,20.768,2.386798438,1685.38497,MBA,DES=+2003389,1998-11-05-15-41-25,2000-01-01-00-00-00
a0027321,27321,,,20.765,2.38399039,1663.512926,MBA,DES=+2027321,1998-11-11-02-55-21,2000-01-01-00-00-00
a0000761,761,Brendelia,Brendelia,20.763,2.682190812,1770.687873,MBA,DES=+2000761,1998-10-15-07-52-22,2000-01-01-00-00-00
a0032478,32478,,,20.757,4.344430224,4355.790606,TJN,DES=+2032478,1997-01-07-01-15-24,2000-01-01-00-00-00
a0029595,29595,,,20.748,2.833798834,2079.96927,MBA,DES=+2029595,1998-07-30-00-11-04,2000-01-01-00-00-00
a0003345,3345,Tarkovskij,Тарковский,20.746,2.00360659,1420.998362,MBA,DES=+2003345,1999-01-10-18-00-35,2000-01-01-00-00-00
a0001673,1673,van Houten,ВанГоутен,20.733,2.537329171,1993.140449,MBA,DES=+2001673,1998-08-20-17-09-27,2000-01-01-00-00-00
a0039275,39275,,,20.731,4.792308185,4370.644981,GRK,DES=+2039275,1997-01-03-08-07-50,2000-01-01-00-00-00
a0029665,29665,,,20.728,2.2643354,1775.18299,MBA,DES=+2029665,1998-10-14-04-54-08,2000-01-01-00-00-00
a0002781,2781,Kleczek,Kleczek,20.727,2.571724049,2041.750785,MBA,DES=+2002781,1998-08-08-13-29-44,2000-01-01-00-00-00
a0247967,247967,,,20.717,5.125614189,4330.311111,TJN,DES=+2247967,1997-01-13-10-08-02,2000-01-01-00-00-00
a0002295,2295,Matusovskij,Матусовский,20.701,2.622642613,1804.838718,MBA,DES=+2002295,1998-10-06-18-58-04,2000-01-01-00-00-00
a0001079,1079,Mimosa,Мимоза,20.7,2.73403122,1779.372744,MBA,DES=+2001079,1998-10-13-03-45-49,2000-01-01-00-00-00
a0002476,2476,Andersen,Андерсен,20.695,2.682165687,1922.195068,MBA,DES=+2002476,1998-09-07-10-49-47,2000-01-01-00-00-00
a0020713,20713,,,20.69,2.793973041,2031.205563,MBA,DES=+2020713,1998-08-11-04-46-00,2000-01-01-00-00-00
a0007965,7965,Katsuhiko,Katsuhiko,20.684,1.733401081,1389.879641,MBA,DES=+2007965,1999-01-18-12-43-19,2000-01-01-00-00-00
a0005733,5733,,,20.67,2.699997481,2095.729395,OMB,DES=+2005733,1998-07-26-01-37-26,2000-01-01-00-00-00
a0030807,30807,,,20.67,4.887499458,4303.095032,TJN,DES=+2030807,1997-01-20-05-25-49,2000-01-01-00-00-00
a0014274,14274,Landstreet,Landstreet,20.659,2.771272372,2077.608443,MBA,DES=+2014274,1998-07-30-14-20-58,2000-01-01-00-00-00
a0022044,22044,,,20.654,3.133138256,2129.971554,OMB,DES=+2022044,1998-07-17-12-10-15,2000-01-01-00-00-00
a0001448,1448,Lindbladia,Lindbladia,20.65,1.936789913,1335.766543,MBA,DES=+2001448,1999-02-01-01-24-02,2000-01-01-00-00-00
a0010864,10864,Yamagatashi,Yamagatashi,20.641,2.755662779,2059.878299,MBA,DES=+2010864,1998-08-04-00-43-49,2000-01-01-00-00-00
a0014220,14220,Alexgibbs,Alexgibbs,20.626,2.227780264,1590.734277,MBA,DES=+2014220,1998-11-29-07-35-40,2000-01-01-00-00-00
a0024531,24531,,,20.624,4.790037203,4397.885078,GRK,DES=+2024531,1996-12-27-12-41-24,2000-01-01-00-00-00
a0001778,1778,Alfven,Alfven,20.623,2.742484429,2037.941316,MBA,DES=+2001778,1998-08-09-12-21-08,2000-01-01-00-00-00
a0024456,24456,,,20.613,4.981046113,4325.219745,TJN,DES=+2024456,1997-01-14-16-40-55,2000-01-01-00-00-00
a0001238,1238,Predappia,Predappia,20.606,2.291024792,1590.125039,MBA,DES=+2001238,1998-11-29-11-15-00,2000-01-01-00-00-00
a0010465,10465,Olkin,Olkin,20.606,2.780610756,2018.903779,MBA,DES=+2010465,1998-08-14-06-34-39,2000-01-01-00-00-00
a0019028,19028,,,20.6,3.088138814,2024.559113,MBA,DES=+2019028,1998-08-12-20-38-44,2000-01-01-00-00-00
a0006371,6371,Heinlein,Хайнлайн,20.586,2.646788635,1960.564486,MBA,DES=+2006371,1998-08-28-20-36-48,2000-01-01-00-00-00
a0023987,23987,,,20.585,4.319449648,4318.353965,TJN,DES=+2023987,1997-01-16-09-52-36,2000-01-01-00-00-00
a0008030,8030,Williamknight,Williamknight,20.579,3.0107518,2127.062897,OMB,DES=+2008030,1998-07-18-05-37-22,2000-01-01-00-00-00
a0020210,20210,,,20.579,2.332271247,1686.263127,MBA,DES=+2020210,1998-11-05-10-25-17,2000-01-01-00-00-00
a0069437,69437,,,20.576,4.894154915,4409.467831,TJN,DES=+2069437,1996-12-24-15-11-36,2000-01-01-00-00-00
a0017839,17839,,,20.575,2.581572202,1950.743339,MBA,DES=+2017839,1998-08-31-07-32-24,2000-01-01-00-00-00
a0022185,22185,Stiavnica,Стефания,20.568,3.182683404,2089.587494,MBA,DES=+2022185,1998-07-27-14-28-31,2000-01-01-00-00-00
a0002587,2587,Gardner,Гарднер,20.564,2.671895016,2059.264518,MBA,DES=+2002587,1998-08-04-04-24-47,2000-01-01-00-00-00
a0006343,6343,,,20.564,2.868087305,2061.031003,MBA,DES=+2006343,1998-08-03-17-48-51,2000-01-01-00-00-00
a0001922,1922,Zulu,Зулу,20.561,1.674489596,2124.232,OMB,DES=+2001922,1998-07-18-22-36-29,2000-01-01-00-00-00
a0002979,2979,Murmansk,Murmansk,20.558,2.627437391,2013.818149,MBA,DES=+2002979,1998-08-15-13-05-28,2000-01-01-00-00-00
a0005457,5457,Queens,Куинс,20.553,3.00013846,1968.534795,MBA,DES=+2005457,1998-08-26-20-47-29,2000-01-01-00-00-00
a0002519,2519,Annagerman,Аннагерман,20.552,2.617205082,2037.912445,MBA,DES=+2002519,1998-08-09-12-31-32,2000-01-01-00-00-00
a0003256,3256,Daguerre,Daguerre,20.551,2.502532667,1691.080943,MBA,DES=+2003256,1998-11-04-05-30-52,2000-01-01-00-00-00
a0020743,20743,,,20.546,3.066261388,2125.267605,OMB,DES=+2020743,1998-07-18-16-23-40,2000-01-01-00-00-00
a0002387,2387,Xi'an,Xi'an,20.538,2.80105029,1919.800533,MBA,DES=+2002387,1998-09-08-01-11-49,2000-01-01-00-00-00
a0004315,4315,Pronik,Pronik,20.534,2.093538234,1872.970072,MBA,DES=+2004315,1998-09-19-18-10-47,2000-01-01-00-00-00
a0001420,1420,Radcliffe,Radcliffe,20.524,2.539552146,1665.148715,MBA,DES=+2001420,1998-11-10-17-06-28,2000-01-01-00-00-00
a0006724,6724,,,20.506,2.634893284,1959.800637,MBA,DES=+2006724,1998-08-29-01-11-47,2000-01-01-00-00-00
a0005249,5249,Giza,Giza,20.502,2.707356469,2058.815465,MBA,DES=+2005249,1998-08-04-07-06-26,2000-01-01-00-00-00
a0017445,17445,Avatcha,Аватча,20.495,2.325502155,2052.769873,MBA,DES=+2017445,1998-08-05-19-22-51,2000-01-01-00-00-00
a0001181,1181,Lilith,Lilith,20.492,2.139914071,1586.854558,MBA,DES=+2001181,1998-11-30-06-52-22,2000-01-01-00-00-00
a0046670,46670,,,20.49,2.912201023,2070.449357,MBA,DES=+2046670,1998-08-01-09-18-14,2000-01-01-00-00-00
a0153083,153083,,,20.484,4.839764362,4436.953432,TJN,DES=+2153083,1996-12-17-18-16-47,2000-01-01-00-00-00
a0002206,2206,Gabrova,Gabrova,20.479,2.855893967,1911.603793,MBA,DES=+2002206,1998-09-10-02-22-39,2000-01-01-00-00-00
a0008066,8066,Poldimeri,Poldimeri,20.473,2.878523964,2080.146868,MBA,DES=+2008066,1998-07-29-23-07-08,2000-01-01-00-00-00
a0024388,24388,,,20.46,2.528084621,1936.456581,MBA,DES=+2024388,1998-09-03-21-15-38,2000-01-01-00-00-00
a0005919,5919,Patrickmartin,Patrickmartin,20.45,2.799499642,2088.906825,MBA,DES=+2005919,1998-07-27-18-33-33,2000-01-01-00-00-00
a0002933,2933,Amber,Amber,20.449,2.486457133,1539.601386,MBA,DES=+2002933,1998-12-12-02-23-31,2000-01-01-00-00-00
a0009402,9402,,,20.436,2.936051902,2237.745854,OMB,DES=+2009402,1998-06-20-13-31-30,2000-01-01-00-00-00
a0000988,988,Appella,Appella,20.431,2.40092679,2034.635684,MBA,DES=+2000988,1998-08-10-08-11-10,2000-01-01-00-00-00
a0006349,6349,Acapulco,Acapulco,20.429,2.294452322,1589.966575,MBA,DES=+2006349,1998-11-29-12-12-02,2000-01-01-00-00-00
a0191115,191115,,,20.428,4.610917786,4409.011698,GRK,DES=+2191115,1996-12-24-17-55-49,2000-01-01-00-00-00
a0099308,99308,,,20.427,5.00680676,4236.607053,TJN,DES=+2099308,1997-02-05-20-21-29,2000-01-01-00-00-00
a0010259,10259,Osipovyurij,Osipovyurij,20.42,2.354661337,2008.818787,MBA,DES=+2010259,1998-08-16-19-05-15,2000-01-01-00-00-00
a0002109,2109,Dhotel,Dhotel,20.408,1.986575459,1611.201012,MBA,DES=+2002109,1998-11-24-04-47-39,2000-01-01-00-00-00
a0003128,3128,Obruchev,Обручев,20.396,2.616673101,2005.717957,MBA,DES=+2003128,1998-08-17-13-41-33,2000-01-01-00-00-00
a0000681,681,Gorgo,Gorgo,20.39,2.789823302,2002.80643,MBA,DES=+2000681,1998-08-18-07-09-42,2000-01-01-00-00-00
a0000839,839,Valborg,Valborg,20.39,2.217860557,1544.806636,MBA,DES=+2000839,1998-12-10-19-09-37,2000-01-01-00-00-00
a0002996,2996,Bowman,Bowman,20.381,2.69287968,1694.096086,MBA,DES=+2002996,1998-11-03-11-25-25,2000-01-01-00-00-00
a0018827,18827,,,20.371,2.696986135,1947.0328,MBA,DES=+2018827,1998-09-01-05-48-12,2000-01-01-00-00-00
a0023709,23709,,,20.368,4.720616886,4273.84591,GRK,DES=+2023709,1997-01-27-12-55-30,2000-01-01-00-00-00
a0027561,27561,,,20.368,3.187592311,2902.757691,OMB,DES=+2027561,1998-01-05-07-27-14,2000-01-01-00-00-00
a0000608,608,Adolfine,Adolfine,20.365,2.64352163,1917.736761,MBA,DES=+2000608,1998-09-08-13-34-46,2000-01-01-00-00-00
a0002395,2395,Aho,Aho,20.363,2.947652001,1977.630811,MBA,DES=+2002395,1998-08-24-14-12-55,2000-01-01-00-00-00
a0003871,3871,Reiz,Reiz,20.357,2.889269291,2079.423922,MBA,DES=+2003871,1998-07-30-03-27-24,2000-01-01-00-00-00
a0018268,18268,Dardanos,Дардан,20.352,4.666826418,4283.052829,TJN,DES=+2018268,1997-01-25-05-41-00,2000-01-01-00-00-00
a0064030,64030,,,20.349,5.003589427,4322.980273,TJN,DES=+2064030,1997-01-15-06-07-08,2000-01-01-00-00-00
a0052278,52278,,,20.336,4.729058955,4304.26446,TJN,DES=+2052278,1997-01-19-22-24-49,2000-01-01-00-00-00
a0028385,28385,,,20.334,2.996273571,2113.562685,OMB,DES=+2028385,1998-07-21-14-37-26,2000-01-01-00-00-00
a0001445,1445,Konkolya,Konkolya,20.332,2.550229593,2011.907673,MBA,DES=+2001445,1998-08-16-00-33-15,2000-01-01-00-00-00
a0054626,54626,,,20.327,4.831220546,4268.659254,TJN,DES=+2054626,1997-01-28-20-02-42,2000-01-01-00-00-00
a0024279,24279,,,20.315,4.794102426,4297.500646,GRK,DES=+2024279,1997-01-21-14-59-48,2000-01-01-00-00-00
a0018052,18052,,,20.311,3.06433021,2115.152892,OMB,DES=+2018052,1998-07-21-05-04-58,2000-01-01-00-00-00
a0001407,1407,Lindelof,Lindelof,20.31,1.982135617,1677.787029,MBA,DES=+2001407,1998-11-07-13-16-41,2000-01-01-00-00-00
a0022177,22177,Saotome,Саотоме,20.306,2.731381293,2062.065271,MBA,DES=+2022177,1998-08-03-11-36-31,2000-01-01-00-00-00
a0030791,30791,,,20.305,4.908195231,4361.106932,TJN,DES=+2030791,1997-01-05-17-21-32,2000-01-01-00-00-00
a0003666,3666,Holman,Гольман,20.304,2.714038858,2008.440313,MBA,DES=+2003666,1998-08-16-21-21-30,2000-01-01-00-00-00
a0161003,161003,,,20.297,5.068008111,4383.297097,GRK,DES=+2161003,1996-12-31-04-13-04,2000-01-01-00-00-00
a0001537,1537,Transylvania,Transylvania,20.288,2.157229643,1957.225497,MBA,DES=+2001537,1998-08-29-16-38-50,2000-01-01-00-00-00
a0007142,7142,Spinoza,Спиноза,20.287,2.829941389,2055.769613,MBA,DES=+2007142,1998-08-05-01-22-57,2000-01-01-00-00-00
a0114208,114208,,,20.275,4.876364742,4263.173723,TJN,DES=+2114208,1997-01-30-04-57-29,2000-01-01-00-00-00
a0000997,997,Priska,Priska,20.274,2.180868599,1593.024854,MBA,DES=+2000997,1998-11-28-17-51-04,2000-01-01-00-00-00
a0009828,9828,Antimachos,Antimachos,20.272,4.74664925,4311.190933,GRK,DES=+2009828,1997-01-18-04-51-17,2000-01-01-00-00-00
a0004521,4521,Akimov,Акимов,20.271,2.845936931,2009.769457,MBA,DES=+2004521,1998-08-16-13-23-00,2000-01-01-00-00-00
a0048373,48373,Gorgythion,Горгифион,20.267,5.193786881,4404.805016,TJN,DES=+2048373,1996-12-25-19-10-13,2000-01-01-00-00-00
a0065590,65590,Archeptolemos,Архептолем,20.267,5.049467504,4349.052554,TJN,DES=+2065590,1997-01-08-17-41-06,2000-01-01-00-00-00
a0002708,2708,Burns,Burns,20.263,2.534102407,1975.391087,MBA,DES=+2002708,1998-08-25-03-39-13,2000-01-01-00-00-00
a0012115,12115,Robertgrimm,Robertgrimm,20.254,2.950177606,2120.628988,OMB,DES=+2012115,1998-07-19-20-13-34,2000-01-01-00-00-00
a0004381,4381,Uenohara,Uenohara,20.242,2.795491175,1926.662842,MBA,DES=+2004381,1998-09-06-08-01-23,2000-01-01-00-00-00
a0011536,11536,,,20.235,2.877122686,2008.301216,MBA,DES=+2011536,1998-08-16-22-11-34,2000-01-01-00-00-00
a0015153,15153,,,20.225,2.640915627,1996.988037,MBA,DES=+2015153,1998-08-19-18-04-19,2000-01-01-00-00-00
a0000995,995,Sternberga,Sternberga,20.222,2.173092957,1543.945273,MBA,DES=+2000995,1998-12-11-00-19-43,2000-01-01-00-00-00
a0001768,1768,Appenzella,Appenzella,20.221,2.011112686,1400.598917,MBA,DES=+2001768,1999-01-15-20-24-23,2000-01-01-00-00-00
a0003140,3140,Stellafane,Стеллафани,20.213,2.682973194,1912.952821,MBA,DES=+2003140,1998-09-09-18-17-00,2000-01-01-00-00-00
a0002573,2573,Hannu Olavi,Hannu Olavi,20.2,2.696917456,1912.854565,MBA,DES=+2002573,1998-09-09-18-52-22,2000-01-01-00-00-00
a0002197,2197,Shanghai,Shanghai,20.198,2.746661261,2041.722635,MBA,DES=+2002197,1998-08-08-13-39-52,2000-01-01-00-00-00
a0008340,8340,Mumma,Mumma,20.198,2.928382477,1868.670645,MBA,DES=+2008340,1998-09-20-19-58-35,2000-01-01-00-00-00
a0089940,89940,,,20.198,4.813423229,4383.665094,GRK,DES=+2089940,1996-12-31-02-00-35,2000-01-01-00-00-00
a0000428,428,Monachia,Monachia,20.184,1.898660085,1281.590291,MBA,DES=+2000428,1999-02-14-14-27-29,2000-01-01-00-00-00
a0062114,62114,,,20.182,4.259664107,4320.121074,TJN,DES=+2062114,1997-01-15-23-16-26,2000-01-01-00-00-00
a0001700,1700,Zvezdara,Zvezdara,20.176,1.828376418,1325.195964,MBA,DES=+2001700,1999-02-03-16-49-27,2000-01-01-00-00-00
a0002003,2003,Harding,Harding,20.173,2.670021516,1953.599528,MBA,DES=+2002003,1998-08-30-14-24-11,2000-01-01-00-00-00
a0002918,2918,Salazar,Salazar,20.156,2.690931969,2064.601446,MBA,DES=+2002918,1998-08-02-20-23-29,2000-01-01-00-00-00
a0003223,3223,Forsius,Forsius,20.149,2.231872838,1537.208365,MBA,DES=+2003223,1998-12-12-16-45-00,2000-01-01-00-00-00
a0032467,32467,,,20.142,5.074299352,4350.019905,TJN,DES=+2032467,1997-01-08-11-52-52,2000-01-01-00-00-00
a0021224,21224,,,20.138,3.026083385,2053.727838,MBA,DES=+2021224,1998-08-05-13-37-59,2000-01-01-00-00-00
a0002142,2142,Landau,Ландау,20.134,2.793033332,2055.659899,MBA,DES=+2002142,1998-08-05-02-02-27,2000-01-01-00-00-00
a0160679,160679,,,20.132,4.821228448,4347.149518,GRK,DES=+2160679,1997-01-09-05-06-12,2000-01-01-00-00-00
a0016213,16213,,,20.131,2.980701191,2131.696073,OMB,DES=+2016213,1998-07-17-01-49-25,2000-01-01-00-00-00
a0003815,3815,Konig,Konig,20.129,2.298581772,1505.147282,MBA,DES=+2003815,1998-12-20-17-06-59,2000-01-01-00-00-00
a0039278,39278,,,20.12,4.846377196,4416.138407,GRK,DES=+2039278,1996-12-22-23-10-12,2000-01-01-00-00-00
a0003208,3208,Lunn,Lunn,20.114,2.802433799,2015.92118,MBA,DES=+2003208,1998-08-15-00-28-23,2000-01-01-00-00-00
a0003522,3522,Becker,Becker,20.113,2.265452862,2071.469649,MBA,DES=+2003522,1998-08-01-03-10-56,2000-01-01-00-00-00
a0008027,8027,Robertrushworth,Robertrushworth,20.111,2.66716721,2085.080158,MBA,DES=+2008027,1998-07-28-17-31-09,2000-01-01-00-00-00
a0033997,33997,,,20.109,2.923898185,2070.591192,MBA,DES=+2033997,1998-08-01-08-27-11,2000-01-01-00-00-00
a0004379,4379,Snelling,Snelling,20.107,2.771742761,2053.158287,MBA,DES=+2004379,1998-08-05-17-03-01,2000-01-01-00-00-00
a0002517,2517,Orma,Orma,20.087,2.63018216,2073.559715,MBA,DES=+2002517,1998-07-31-14-38-31,2000-01-01-00-00-00
a0003556,3556,Lixiaohua,Lixiaohua,20.085,2.495586853,2062.80713,MBA,DES=+2003556,1998-08-03-07-09-26,2000-01-01-00-00-00
a0001250,1250,Galanthus,Galanthus,20.062,1.856244808,1488.046487,MBA,DES=+2001250,1998-12-24-23-43-16,2000-01-01-00-00-00
a0041397,41397,,,20.059,3.008602978,2124.087193,OMB,DES=+2041397,1998-07-18-23-28-37,2000-01-01-00-00-00
a0013249,13249,Marcallen,Marcallen,20.021,2.228709433,1598.410163,MBA,DES=+2013249,1998-11-27-09-32-21,2000-01-01-00-00-00
a0004870,4870,Shcherban',Shcherban',20.018,2.955250732,2103.588666,OMB,DES=+2004870,1998-07-24-02-28-05,2000-01-01-00-00-00
a0005572,5572,Bliskunov,Bliskunov,20.015,2.638740517,2023.159793,MBA,DES=+2005572,1998-08-13-05-02-29,2000-01-01-00-00-00
a0073795,73795,,,20.014,4.842536172,4298.025648,TJN,DES=+2073795,1997-01-21-11-50-47,2000-01-01-00-00-00
a0007501,7501,Farra,Farra,20.013,2.96105648,2216.837197,OMB,DES=+2007501,1998-06-25-18-58-37,2000-01-01-00-00-00
a0001067,1067,Lunaria,Lunaria,20.011,2.319375126,1776.466354,MBA,DES=+2001067,1998-10-13-21-12-07,2000-01-01-00-00-00
a0020097,20097,,,20.01,2.771397835,2061.127834,MBA,DES=+2020097,1998-08-03-17-13-59,2000-01-01-00-00-00
a0001064,1064,Aethusa,Aethusa,20.007,2.092084692,1481.542986,MBA,DES=+2001064,1998-12-26-14-44-32,2000-01-01-00-00-00
a0002724,2724,Orlov,Орлов,20.004,2.575027746,1828.325419,MBA,DES=+2002724,1998-09-30-22-02-51,2000-01-01-00-00-00
