ID,X,Y,Z
0,18.56152,0.13404,63.11661
1,57.85193,0.42402,108.88979
2,59.03044,0.52629,-2.85223
3,130.82803,1.37167,20.62123
4,112.53923,2.13055,-63.08489
5,105.72001,2.38205,106.59583
6,78.56845,1.7887,56.20413
7,57.08265,1.33538,-87.7747
8,101.91631,2.52673,100.07419
9,91.85878,2.38565,108.05546
10,139.37305,4.30043,16.81378
11,136.16426,4.39048,-27.99706
12,74.15988,2.51874,-30.7486
13,22.07351,0.77139,-109.52702
14,104.16445,3.65064,63.59936
15,129.71771,4.54767,-75.03432
16,83.66049,3.28669,99.27925
17,101.76085,3.99936,54.71469
18,20.84145,0.84896,114.94517
19,63.02035,2.71523,-120.13133
20,95.57253,4.19495,100.42381
21,50.44602,2.29148,82.37144
22,86.00641,3.96968,111.46511
23,89.759,4.37255,105.39261
24,123.48891,6.2522,82.40092
25,79.44739,4.5218,94.5883
26,54.7441,3.15908,103.30791
27,96.49054,5.73941,104.35989
28,67.38461,4.04815,-76.79768
29,75.03477,4.60184,49.20503
30,85.39445,5.52378,-21.61765
31,100.58289,6.56221,41.30739
32,61.97783,4.0586,9.63558
33,111.96991,7.42521,57.87793
34,135.90616,9.47657,10.12684
35,132.73475,9.33398,18.97457
36,67.19876,4.80459,64.1449
37,126.82614,9.18372,-30.30235
38,97.11793,7.03758,27.62191
39,69.67284,5.08409,98.51878
40,111.47248,8.14564,83.09796
41,96.80514,7.09222,24.05128
42,60.43946,4.51589,48.5243
43,130.17057,9.79177,57.02442
44,96.87333,7.47299,96.2998
45,60.34989,4.66577,-108.30215
46,34.54457,2.76853,25.91166
47,109.52156,8.86483,53.92552
48,76.43273,6.24317,75.70323
49,76.52017,6.35054,93.79079
50,21.3133,1.94242,-0.3254
51,123.40167,11.33394,28.08973
52,83.09049,7.69128,60.35774
53,55.18608,5.20606,-126.30266
54,79.28841,7.50448,58.32677
55,150.86953,14.68488,-13.77345
56,65.12582,6.43387,-118.2317
57,116.2995,11.6238,66.00392
58,121.95263,12.81608,-7.44691
59,85.8411,9.43083,105.61402
60,117.17116,13.18065,49.91672
61,81.34079,9.33921,-103.44542
62,16.90162,1.94078,-16.24626
63,123.92463,14.95094,35.85252
64,108.00397,13.08217,-39.8871
65,95.87133,11.68792,101.97119
66,57.55905,7.12509,56.78527
67,59.30332,7.34495,-133.66338
68,127.0816,15.87192,81.39356
69,98.55376,12.91248,104.32157
70,48.84767,6.45743,28.16357
71,50.16701,6.68877,-22.30913
72,133.63691,17.88588,60.32958
73,81.97004,11.03216,-117.99055
74,112.57948,15.21442,32.65583
75,20.61146,2.79086,137.12778
76,103.91069,14.08245,92.84363
77,139.16662,18.9388,-24.97903
78,34.39456,4.74423,-39.66556
79,72.21493,9.99025,14.87504
80,23.75862,3.29212,-47.00435
81,59.74396,8.28416,-110.38201
82,100.40332,13.96738,-3.17441
83,130.04195,18.10535,8.62003
84,84.31635,11.93771,59.61432
85,20.859,2.99931,-41.41519
86,47.78488,7.0109,-142.40918
87,124.75273,18.35834,-1.33978
88,132.04962,19.53402,49.73288
89,88.89464,13.41371,-82.18093
90,70.8457,11.04833,117.82949
91,67.43424,10.52505,94.64404
92,123.78517,19.35617,-59.49133
93,59.169,9.39726,85.0814
94,45.23652,7.18803,-19.29396
95,117.09376,19.22557,24.00524
96,80.44121,13.47558,-99.77003
97,81.92614,13.86209,103.59707
98,37.72463,6.42765,-126.25386
99,96.09892,16.46299,-46.7047
100,79.46256,13.6999,99.6723
101,104.48855,18.44012,-85.75581
102,103.10729,18.32953,46.73504
103,81.68999,14.80501,128.68262
104,69.07845,12.55754,90.50753
105,126.6418,23.24288,59.0286
106,124.26257,22.89029,64.89804
107,35.49861,6.5427,-54.5389
108,38.92764,7.45297,-62.12566
109,35.78083,6.86896,39.10459
110,63.30557,12.2684,42.37489
111,66.82751,13.0624,-79.40492
112,133.11982,26.42487,-53.20232
113,48.04118,9.54553,-45.16028
114,60.27013,12.06688,88.50887
115,22.58874,4.56,85.93168
116,98.20814,20.18221,101.76444
117,133.66659,27.80093,-61.40536
118,110.11314,23.86328,72.95783
119,56.93775,12.52402,64.21355
120,47.3458,10.43424,104.36335
121,68.80389,15.27317,-66.6366
122,62.68076,13.98311,64.22656
123,23.5071,5.312,112.93057
124,64.41189,14.86166,78.83316
125,125.01892,29.13939,31.17174
126,99.14827,23.23474,103.41552
127,103.7389,24.48926,-33.91849
128,50.30007,12.02773,67.86354
129,88.54,21.25147,-42.54172
130,72.24579,17.51118,111.54747
131,103.3536,25.09315,37.01306
132,8.00582,1.95454,74.73498
133,138.57752,33.92391,55.00397
134,90.03967,22.08879,28.18513
135,43.47521,10.68799,94.05512
136,96.82733,23.82886,42.66374
137,81.99671,20.22376,45.96846
138,86.59924,21.36701,75.865
139,72.27366,18.01159,38.29506
140,31.70681,8.01593,26.01355
141,118.6968,30.04486,-58.04302
142,82.6802,21.09042,121.64577
143,27.47597,7.01511,127.60604
144,119.86792,30.79312,-42.61068
145,36.52572,9.42997,145.80134
146,54.4673,14.12733,-15.79844
147,98.71734,25.65614,104.14556
148,118.24809,30.75447,47.89369
149,44.76532,11.68482,105.65464
150,82.72583,21.94857,72.21276
151,100.53818,27.09406,74.79665
152,34.2653,9.26384,102.98714
153,113.18247,30.60433,90.91838
154,57.03502,15.93509,-36.36364
155,108.51692,30.3658,92.81019
156,76.14768,21.44165,69.60949
157,67.32824,18.99631,76.01402
158,137.78136,39.36877,16.99784
159,82.31607,23.7949,100.76992
160,65.29865,19.24386,26.7788
161,60.84974,17.93635,24.94481
162,138.93533,41.27238,-49.44922
163,30.48178,9.08384,61.78657
164,93.12213,27.75636,-106.39746
165,105.87193,31.71267,17.24493
166,94.30277,28.33627,14.98398
167,35.11474,10.55438,106.075
168,75.19761,22.69566,118.10985
169,62.64781,18.91884,-29.13158
170,43.48106,13.25141,-40.19716
171,44.21131,13.50659,17.50453
172,41.45493,12.67641,41.77801
173,43.76805,13.39452,-85.62069
174,57.02122,17.58659,-63.25131
175,112.58866,35.28329,-24.38802
176,33.61656,10.70489,90.85664
177,22.93101,7.35118,34.58282
178,117.0779,37.89467,90.75657
179,92.20502,29.90231,106.89535
180,14.22449,4.6407,82.12051
181,88.54123,28.90386,117.19763
182,55.07333,18.0955,-45.0576
183,45.59177,15.01136,60.56573
184,72.76276,24.12391,89.06142
185,42.57204,14.18866,5.96796
186,117.95141,39.91034,-38.64034
187,126.63644,43.35348,2.1318
188,86.93061,29.88813,-40.8761
189,113.57292,39.69415,63.92841
190,39.00532,13.63298,-94.56635
191,95.862,33.80812,-13.67043
192,63.45631,22.40867,4.25107
193,69.58993,24.63824,-94.84929
194,132.39559,47.05103,6.25925
195,75.99063,27.06761,-34.2631
196,104.6257,37.45297,84.9211
197,79.69521,28.79668,43.66944
198,113.65736,41.25834,-1.07418
199,28.48294,10.40057,-97.64992
200,104.00446,38.30969,-2.53574
201,29.37135,10.84824,66.11341
202,24.70197,9.177,95.54054
203,75.63348,28.10792,89.86448
204,30.61558,11.41847,-74.73504
205,102.51908,38.40882,-82.65205
206,76.26411,29.11572,-36.94925
207,47.88862,18.30507,39.64575
208,90.97709,34.91022,81.54697
209,101.13448,39.23457,-13.29228
210,90.79116,35.31114,-10.14673
211,107.95669,42.15375,42.98482
212,14.08244,5.53374,26.45755
213,132.05751,51.99902,26.06618
214,50.98572,20.38038,116.21646
215,39.0487,15.66669,36.70517
216,91.52054,37.02816,108.70021
217,67.29116,27.43541,-48.58144
218,78.04094,31.84727,-38.94327
219,58.38615,24.06553,-25.04081
220,120.51043,49.7238,54.87094
221,101.86548,42.13182,36.57547
222,120.88029,50.1468,74.06871
223,114.17131,47.37075,67.10063
224,32.38653,13.55868,79.22362
225,98.85116,41.39335,72.75995
226,76.26377,32.20181,-28.54167
227,85.72955,36.21963,-20.22069
228,63.14776,26.69098,-69.94869
229,128.71236,54.50008,-25.29384
230,87.7219,37.29304,-41.73991
231,123.60631,52.66453,3.68737
232,112.57356,48.39947,-19.44013
233,50.63637,21.90297,47.79279
234,1.55261,0.67355,98.50763
235,32.87749,14.29511,-68.79899
236,94.52998,41.29785,83.07622
237,54.0375,23.67264,-16.55656
238,74.47093,32.71379,18.11992
239,131.94307,58.12901,-5.87994
240,46.72171,20.58802,-121.08163
241,102.20091,45.57755,82.91802
242,121.37519,55.60793,33.10975
243,62.04892,28.48887,66.26731
244,115.74086,53.3228,51.27597
245,96.52395,44.7121,1.13646
246,54.21586,25.47141,56.44361
247,53.48219,25.35589,136.05066
248,82.39799,39.16375,-108.87461
249,67.44614,32.18831,-55.97333
250,113.11523,54.05795,5.05283
251,45.9463,21.99917,126.35763
252,85.21504,40.91845,17.08462
253,70.17621,33.782,-109.98757
254,38.17336,18.67999,66.80404
255,54.2858,26.5883,38.53302
256,98.40896,48.34037,82.43571
257,67.60252,33.26263,36.41666
258,83.21653,41.0514,-56.60861
259,69.76855,34.53529,55.96529
260,113.8375,56.59037,8.148
261,30.3267,15.13724,-45.84304
262,86.00438,43.33676,-23.81321
263,84.64899,43.38938,27.82643
264,86.37183,44.48701,2.25827
265,121.20189,62.54072,62.79989
266,60.53943,31.26659,75.40042
267,127.11239,66.18248,-16.87745
268,42.37367,22.27215,-57.46835
269,99.98953,52.73092,51.87925
270,75.15878,39.74444,-6.27327
271,47.52205,25.18538,55.32714
272,40.62852,21.53291,47.29462
273,134.57113,72.02813,3.34993
274,83.28806,44.68001,118.71545
275,105.65638,56.76719,-77.22818
276,52.0289,28.11122,20.70282
277,36.49949,19.77798,60.62384
278,28.74563,15.62401,-147.47175
279,73.1707,39.86573,109.20286
280,61.36483,33.44596,-64.03318
281,14.98444,8.19007,6.48963
282,44.3804,24.38811,85.99836
283,129.25261,71.35492,9.23168
284,98.70247,54.60263,66.0592
285,68.36768,38.22397,-73.49825
286,107.74495,60.58977,-89.99947
287,117.55504,66.18482,-16.15297
288,92.84559,52.49183,108.91262
289,130.99629,74.10644,-5.41224
290,50.95635,28.92025,99.97024
291,36.70447,21.03095,99.87003
292,105.54433,60.52265,-60.48091
293,69.91518,40.13458,17.56966
294,29.27626,16.84023,71.19757
295,83.55808,48.3625,-5.68217
296,39.54842,23.0194,79.12896
297,10.09924,5.94648,33.85844
298,36.6961,21.62572,2.0562
299,103.5714,61.29542,-68.55097
300,82.11799,48.79244,-3.96626
301,31.73696,18.85806,78.8146
302,81.55412,48.50328,62.29189
303,26.60685,15.85695,106.96431
304,104.25931,62.14026,-56.04959
305,75.94804,45.27117,0.19822
306,54.11479,32.33366,104.22099
307,12.8857,7.69945,47.38084
308,36.83226,22.27666,92.74746
309,86.12903,52.79478,89.48044
310,45.15502,27.82444,22.13075
311,52.67211,32.53703,34.69956
312,31.83088,19.72696,138.4986
313,109.10526,68.03438,-35.28654
314,55.03419,34.42089,-58.20207
315,79.68664,49.86326,-49.08296
316,40.57426,25.47335,37.24046
317,8.74984,5.5434,67.65798
318,26.36625,16.72317,21.85198
319,74.43894,47.35696,5.81258
320,103.97139,66.40771,81.23024
321,101.89781,65.39188,-27.7892
322,105.7235,68.04806,-33.85573
323,105.92624,68.40661,77.35084
324,97.64612,63.24472,7.0192
325,99.8925,64.80914,89.61913
326,19.13726,12.48611,125.65312
327,18.83315,12.32795,123.75577
328,73.22756,47.96792,-52.02654
329,53.40159,35.04913,105.46962
330,64.58339,42.5398,66.7305
331,82.24714,54.64324,67.76499
332,109.28573,73.63033,26.47402
333,98.9977,66.71553,89.2122
334,62.22575,41.94741,49.40546
335,93.67626,63.18017,-89.75273
336,24.73358,16.89013,20.08589
337,46.54365,31.85865,90.33366
338,119.96278,82.52486,34.76847
339,85.88557,59.08974,59.81857
340,91.99738,63.30241,40.42738
341,90.95938,62.64237,-45.94129
342,77.46599,53.71494,51.48718
343,43.37835,30.07871,107.98046
344,79.43892,55.09126,41.3697
345,78.3328,54.43295,100.42124
346,43.531,30.2776,57.62416
347,53.69562,37.37513,115.56938
348,44.85949,31.34804,-136.0315
349,80.61139,57.28466,97.52124
350,12.30271,8.75524,-38.6487
351,83.26944,59.69909,31.07131
352,31.28012,22.50001,-47.73979
353,84.08656,60.51445,98.06849
354,110.99138,79.89746,43.37659
355,75.72167,54.64941,97.17438
356,37.26254,26.9081,59.00547
357,27.33616,19.80329,116.2643
358,86.54398,63.39055,-97.13401
359,91.94295,67.95911,-50.52772
360,50.86601,37.64102,-17.35991
361,73.81596,55.04627,70.78519
362,86.8095,65.10652,94.48868
363,56.11303,42.20025,-131.96131
364,31.07758,23.42463,-26.0635
365,40.88027,30.82572,-106.38434
366,111.43339,84.42851,-23.96111
367,13.27264,10.09883,40.07058
368,59.17293,45.08876,32.2996
369,62.79417,48.14962,-33.07335
370,92.33052,70.92551,76.78885
371,74.12263,56.97541,87.72794
372,72.4489,55.69623,73.87426
373,94.6197,72.89397,-10.51507
374,51.56442,39.79585,23.52128
375,66.66711,51.50478,0.37623
376,75.5537,58.38865,69.6737
377,62.48201,48.49281,83.04031
378,82.74138,64.38919,-54.58862
379,102.12924,79.9943,70.63226
380,61.53672,48.29465,-39.86288
381,62.77737,49.55378,130.32046
382,63.21476,50.10697,27.58627
383,83.02694,66.14662,-65.11235
384,84.78013,67.61502,76.35569
385,96.61223,77.1022,0.77995
386,96.89358,77.3713,25.46346
387,97.10962,78.06566,-68.20838
388,94.28483,75.9478,-19.93591
389,85.41362,69.19242,12.39301
390,20.91055,17.14626,-35.29617
391,55.28745,45.35472,-75.74259
392,28.17583,23.25969,141.5599
393,75.82631,62.96152,39.7431
394,77.5001,64.35248,-47.75864
395,47.84273,39.81102,119.94856
396,22.33201,18.70537,-27.06218
397,96.47732,81.06175,37.87
398,101.53195,85.42864,75.98163
399,48.70928,41.12025,32.56542
400,55.01589,46.74024,127.87271
401,89.65487,76.35612,59.85199
402,49.64471,42.39118,136.22308
403,93.23409,79.84849,-35.24864
404,74.01675,63.42063,35.49896
405,97.35463,83.50382,24.33199
406,19.85346,17.046,48.38262
407,18.99188,16.40812,1.4191
408,97.82099,84.57368,-64.50659
409,44.22558,38.30554,55.59611
410,96.67025,83.80097,49.48759
411,73.43901,63.75753,46.67626
412,56.87257,49.51556,-98.52387
413,68.04227,59.32674,-57.56558
414,35.40678,31.00389,115.46551
415,28.07984,24.61636,8.24163
416,74.32434,65.35668,-36.81088
417,25.83238,22.76273,-83.60372
418,83.65277,73.91319,96.73386
419,66.92874,59.40942,109.01556
420,18.97151,16.88373,97.55491
421,107.10386,95.4944,31.18351
422,28.56968,25.51287,27.37672
423,50.03995,45.02533,98.36087
424,76.89199,69.24349,-65.3795
425,94.69772,85.83991,60.11171
426,16.11517,14.62838,58.62976
427,17.14373,15.57538,-45.08205
428,91.8456,83.74002,-74.12984
429,70.14248,63.96175,63.8753
430,103.01057,94.68809,-12.20782
431,93.60502,86.09949,79.38823
432,76.33727,70.32662,97.86094
433,56.24195,51.89687,-64.05994
434,76.3271,70.45438,-44.15054
435,73.23477,67.82445,-103.34372
436,33.61163,31.27905,74.38306
437,73.21189,68.66951,114.7265
438,27.42293,25.73078,137.81898
439,70.67716,66.32715,-85.42727
440,72.33025,67.9491,-16.50277
441,25.23139,23.72704,61.14612
442,62.52925,59.17162,117.63698
443,90.58147,86.11587,11.04092
444,43.38616,41.47005,-39.76236
445,66.11584,63.24768,29.26146
446,54.70953,52.46946,130.397
447,56.06898,53.92095,54.00291
448,81.76173,79.04128,-55.95721
449,89.82912,86.92453,8.84712
450,41.43172,40.22876,-3.74681
451,100.21726,97.42949,54.85489
452,56.06627,54.53031,130.5756
453,37.68316,36.68461,-136.18353
454,54.18283,52.86203,0.59164
455,89.69216,87.53854,-71.93799
456,31.83899,31.12331,-19.69505
457,62.33939,61.01728,-68.622
458,63.27092,62.12294,93.96756
459,26.87063,26.46612,-31.99074
460,80.42007,79.48648,-8.32086
461,69.63362,68.84904,-4.75966
462,54.61834,54.03088,63.69945
463,63.05238,62.38924,-15.28395
464,29.88499,29.57266,-86.47488
465,93.03709,92.13549,51.88914
466,59.27208,58.866,32.63756
467,75.60256,75.36431,-68.02606
468,29.97713,30.04935,113.53759
469,86.12794,86.52353,39.67915
470,74.67494,75.28077,90.30058
471,46.85041,47.56543,99.07916
472,41.1906,41.8802,29.23946
473,78.16072,79.69422,48.36888
474,16.93647,17.29393,-10.58753
475,46.42849,47.41397,92.56581
476,98.73617,102.20915,18.1587
477,29.6167,30.74262,-5.69646
478,68.35476,71.60253,86.41904
479,62.64207,65.6902,100.85257
480,82.84285,86.92091,45.85833
481,75.21628,78.9741,106.83756
482,79.70972,83.90248,-88.28683
483,44.70693,47.46872,38.45171
484,97.21423,103.95266,18.09578
485,34.90829,37.36553,55.43119
486,34.7863,37.25376,-26.90874
487,61.68975,66.079,39.66009
488,102.3801,109.72975,19.10832
489,78.83319,84.50275,-67.56825
490,41.12072,44.08182,114.651
491,93.56715,100.42305,41.76864
492,23.59771,25.40055,17.16003
493,82.61484,89.18838,86.58461
494,19.1567,20.69389,-59.29589
495,87.14988,94.46458,-64.68541
496,70.81199,76.87479,105.92544
497,99.88936,108.49449,-8.3336
498,58.42199,63.7104,119.77579
499,19.00068,20.74862,113.66593
500,61.30736,67.17686,26.06207
501,85.81603,94.14469,0.47265
502,64.71083,71.06255,-77.97273
503,49.72746,54.7472,98.66072
504,22.37165,24.63216,71.02285
505,54.37956,59.99237,81.02417
506,46.51627,51.44824,123.26944
507,6.16115,6.82552,61.31061
508,8.93628,9.91929,47.7982
509,75.79477,84.14604,64.94192
510,83.36315,92.92192,37.0177
511,98.34028,109.99699,6.9454
512,66.03373,74.38652,-24.13632
513,36.49393,41.18961,-44.26059
514,85.49606,96.7545,36.0267
515,64.19899,73.14175,37.44473
516,58.28714,66.52623,-71.75645
517,75.37459,86.2065,67.6051
518,52.36142,60.1346,98.31166
519,23.87204,27.42144,-5.6412
520,36.05391,41.48644,38.04251
521,37.96109,43.8292,132.5941
522,44.31815,51.22772,-48.65855
523,35.12666,40.80414,127.40294
524,54.51825,63.35512,9.96661
525,77.85849,90.64188,87.94971
526,54.23586,63.34552,100.66409
527,70.48032,82.39734,45.65119
528,14.76474,17.28471,-53.36458
529,79.63676,93.33149,10.66807
530,74.18986,87.044,-28.15422
531,76.03207,89.36031,-52.48835
532,56.18946,66.10535,85.91429
533,56.31329,66.27108,-108.53927
534,28.26152,33.43247,-97.0825
535,11.02903,13.18196,79.05947
536,84.58939,101.11736,47.28215
537,75.71398,90.51585,51.77561
538,22.77656,27.28371,-79.03123
539,11.84371,14.23184,43.43243
540,18.89805,22.73045,-75.17221
541,22.09791,26.67467,32.67594
542,91.16079,110.26156,-18.8316
543,51.41371,62.20289,-29.89144
544,57.32432,69.66393,83.60718
545,79.01655,96.08633,-59.57155
546,36.24538,44.39873,82.55773
547,54.54557,67.62035,33.00783
548,75.13204,93.25734,48.48315
549,52.25802,64.86577,-85.25062
550,52.633,65.34743,-103.84969
551,13.54069,16.81363,-91.65383
552,83.51873,103.82436,35.63835
553,57.27332,71.24378,49.9478
554,70.03613,87.32289,21.7111
555,64.81265,80.88224,22.95028
556,51.90635,64.7973,-62.91052
557,34.43372,43.14492,59.23887
558,11.35477,14.23118,-16.96924
559,92.82479,116.42244,15.48032
560,28.58259,35.86815,62.94487
561,55.19,69.33812,118.99301
562,50.38187,63.29915,-58.60813
563,62.88869,79.20096,-89.9065
564,88.33976,111.45943,-39.07625
565,75.32687,95.59738,41.33003
566,40.74736,51.73944,133.93789
567,71.67219,91.10403,4.61565
568,62.92514,80.04347,23.0112
569,77.0893,98.39478,-32.01605
570,55.32414,70.93385,-65.00705
571,53.6881,68.93106,58.50759
572,92.78002,119.52207,11.52854
573,68.66968,89.04202,-102.92544
574,76.71075,99.61128,-28.27528
575,27.93422,36.37826,-42.22667
576,52.07164,67.8401,-61.56264
577,20.2238,26.35708,48.2513
578,24.37375,31.80238,-145.41005
579,32.04483,41.83045,88.98039
580,76.15074,99.60817,25.13689
581,46.62962,61.10772,-83.51915
582,62.28664,81.65615,-7.67389
583,49.51612,65.12455,42.99615
584,57.11,75.17835,114.45397
585,57.65458,75.98764,112.49844
586,71.73246,94.56024,55.9917
587,56.57424,74.72944,108.6236
588,61.11653,80.74066,87.28508
589,65.03037,86.12981,79.81172
590,40.0743,53.12902,-31.90463
591,88.18102,117.4749,32.19747
592,30.152,40.46308,-137.67076
593,25.0109,33.67221,35.07075
594,83.72913,112.77427,-18.27983
595,23.25566,31.32854,55.66963
596,26.6786,36.1901,-99.87559
597,31.97849,43.4694,-103.9195
598,68.32201,93.14463,57.86668
599,55.88395,77.05126,54.9174
600,34.10715,47.23127,32.59185
601,71.99282,99.9742,52.83112
602,67.04992,93.2042,-84.31682
603,69.74832,97.02199,-68.51642
604,41.45455,58.00837,19.67983
605,66.98345,94.06532,40.57651
606,59.77404,84.04331,102.42103
607,58.89579,82.85741,100.95155
608,67.72228,95.54014,48.89053
609,65.36556,92.31421,-59.99932
610,81.6835,115.58061,54.09036
611,76.26877,108.02962,60.83178
612,68.76369,97.49664,47.82394
613,67.3711,95.8618,-84.9405
614,37.1112,52.87873,97.17122
615,62.67339,89.32923,-12.96802
616,59.62489,85.3606,13.8659
617,44.84958,64.26629,30.72136
618,69.21967,100.12754,-43.30684
619,43.73109,63.2667,-68.65156
620,42.26439,61.35703,-82.09766
621,30.54501,44.4212,121.75476
622,62.14037,90.83668,40.3846
623,17.92459,26.22715,139.48993
624,78.89333,115.4597,21.23531
625,64.76788,94.91493,15.95085
626,69.76129,102.48133,81.51065
627,18.04434,26.60406,-112.17073
628,23.66543,34.94187,-7.81066
629,54.14038,80.03422,42.314
630,50.68779,74.94986,42.3473
631,56.12131,83.22558,79.4883
632,38.88812,57.9097,26.67715
633,45.59698,67.93438,60.45415
634,58.76665,88.33273,58.01042
635,56.12931,84.41538,91.29895
636,46.03065,69.23773,32.32704
637,52.49266,79.16761,40.60905
638,27.68166,41.76013,71.72274
639,58.66321,88.61822,50.46054
640,54.50271,82.3822,45.07469
641,48.45419,73.52447,-49.49123
642,70.71373,107.7895,21.64333
643,59.93846,91.72591,48.33538
644,51.03488,78.12438,39.46112
645,55.04182,84.34602,45.4509
646,41.66706,63.95395,-33.78458
647,41.82103,64.19481,96.41896
648,24.5319,37.66166,-122.74864
649,64.75366,99.50301,56.33526
650,58.81393,90.5492,-5.3968
651,42.43993,65.46212,30.46268
652,65.64724,101.46937,75.40854
653,71.67164,110.89503,59.74493
654,21.2389,32.89232,-30.17417
655,26.95975,41.96809,48.10769
656,17.66454,27.52284,94.28985
657,41.19998,64.3886,49.81532
658,50.27534,78.61752,75.51954
659,17.15713,26.83053,63.31315
660,28.51355,44.89346,25.45786
661,17.63164,27.77175,97.36806
662,49.6493,78.59331,41.31474
663,54.88047,87.56882,-112.06021
664,23.97204,38.26281,127.56276
665,64.97773,103.73594,5.91688
666,57.14867,91.52295,65.26597
667,56.86351,91.25271,-1.23036
668,55.80036,89.70402,-102.6136
669,59.18189,95.44013,19.75862
670,44.68619,72.09206,-34.74559
671,64.78121,105.23202,59.55149
672,69.25292,112.54084,63.54709
673,14.50496,23.60513,44.29572
674,63.0792,102.88927,-30.07866
675,66.63746,109.05034,-67.00748
676,65.00525,106.41152,80.80482
677,33.80727,55.47529,-85.24878
678,33.54624,55.0791,-67.76191
679,57.12934,93.92287,17.7613
680,28.41472,46.79593,85.74155
681,24.8048,40.98566,-10.26959
682,50.18772,83.10894,-71.34416
683,54.49804,91.12139,45.3979
684,41.30952,69.08421,-65.0939
685,9.62075,16.09192,57.09674
686,52.2295,87.44864,-85.21278
687,38.33704,64.45686,7.93552
688,41.10602,69.23038,-36.91606
689,40.16043,67.68611,70.56884
690,44.89496,75.78446,83.05409
691,25.52284,43.35173,34.98253
692,67.93796,115.46054,30.361
693,36.23295,62.02416,112.5409
694,47.52331,81.82567,92.92872
695,72.36902,124.78329,11.62302
696,66.67769,115.25861,-0.04677
697,46.39342,80.29475,-41.31937
698,30.76622,53.41118,-120.46428
699,68.07308,118.55406,24.51758
700,47.15612,82.23691,-55.81943
701,16.27976,28.40516,-95.99014
702,39.41685,68.78904,-130.19998
703,40.88838,71.58702,-115.17896
704,57.78066,101.20228,-74.4974
705,45.26344,79.3933,68.84078
706,39.493,69.34502,118.48938
707,64.77465,113.82914,71.11609
708,51.69918,91.16279,103.16412
709,55.01642,97.72787,91.13292
710,65.85205,117.15651,-1.87903
711,60.09557,106.97623,59.63694
712,37.917,67.80008,94.58841
713,61.86251,110.62267,-47.39846
714,19.22988,34.39241,4.13402
715,55.68231,99.61243,89.3355
716,43.31301,77.86342,-98.47677
717,52.95369,95.27554,-82.34877
718,45.2263,81.38304,-92.24166
719,36.98674,66.64533,-110.48794
720,54.58503,98.44083,43.36834
721,48.25023,87.0326,96.06045
722,26.08611,47.25071,43.39049
723,63.3233,115.27127,-76.61373
724,65.35024,118.98226,-5.75379
725,44.68056,81.41035,70.202
726,34.92698,64.00861,-118.89023
727,67.11022,123.23853,-28.87498
728,38.47402,70.81727,-12.55734
729,37.02066,68.2085,83.00778
730,32.2034,59.67356,81.82483
731,27.58594,51.15076,127.64546
732,61.13991,113.74957,-52.16017
733,63.04914,117.72548,32.15601
734,33.12335,61.91467,134.26189
735,61.69134,115.40175,-13.77071
736,51.22966,96.6397,-70.64345
737,52.96723,99.93651,71.94511
738,45.82138,86.59444,60.11312
739,42.9588,81.46882,110.54516
740,47.51503,90.14401,31.72224
741,48.4739,92.04511,108.58591
742,51.97412,99.5527,50.17222
743,68.07524,130.51943,-9.19312
744,37.70462,72.80152,-22.01251
745,18.31057,35.49148,-35.95107
746,32.70171,63.90677,-26.63527
747,59.67754,117.23732,-30.91125
748,58.19849,115.2355,45.81441
749,33.50086,66.49413,-47.97465
750,17.24037,34.29699,-107.92415
751,40.95143,81.70756,14.29639
752,31.68459,63.31586,-113.40264
753,59.13609,118.86537,-59.68063
754,39.33985,79.08806,87.56351
755,54.10578,109.73448,23.22448
756,46.93635,95.22208,-89.2546
757,50.99826,103.54359,6.54708
758,63.58984,129.14984,9.95891
759,62.99372,128.03326,-41.44622
760,54.72532,111.52483,8.70732
761,46.6896,95.33841,0.00723
762,42.89388,87.72344,-41.92861
763,41.39698,84.74639,-38.39656
764,25.23263,51.93498,-103.94577
765,46.79775,96.46809,-86.4666
766,27.96453,57.7949,87.12294
767,40.40058,83.70226,-51.29381
768,11.63639,24.19524,10.08013
769,33.82301,70.39815,121.08951
770,29.56577,61.9362,113.28221
771,26.77175,56.2816,75.05862
772,47.22897,99.28957,69.75108
773,36.29013,76.62029,-35.93428
774,19.15049,40.45211,-59.09306
775,29.24888,61.87818,-94.6735
776,41.10108,87.19425,-64.78654
777,7.6815,16.30665,-97.45506
778,29.69334,63.09654,-114.90345
779,21.71227,46.15123,60.88896
780,29.1873,62.04695,126.73138
781,13.60589,29.0047,116.59763
782,38.16799,81.49054,35.94378
783,52.53827,112.20971,6.47644
784,37.38673,80.61821,-2.04196
785,55.75689,120.46179,-49.99836
786,40.70397,88.109,15.76285
787,36.37963,78.8096,88.21957
788,50.56952,109.57231,-83.66279
789,38.1265,82.6859,67.5584
790,35.99187,78.11907,125.29407
791,32.07678,69.63048,-87.60705
792,45.97559,99.89852,20.45673
793,28.8005,62.68099,119.00445
794,19.40332,42.26305,63.3101
795,52.9783,115.69693,-18.12976
796,63.25384,138.1985,-16.73687
797,51.33846,112.33456,29.8458
798,21.76117,47.67536,79.19719
799,18.38216,40.36281,11.12162
800,10.81166,23.75604,134.28588
801,45.44477,99.91609,-8.9799
802,61.33239,134.90428,-26.83762
803,5.0592,11.21159,-98.7393
804,24.10754,53.49503,100.07627
805,30.35166,67.59904,14.91164
806,51.67377,115.10931,-79.30948
807,18.50016,41.26902,13.63499
808,25.9984,58.17555,-4.17125
809,45.58303,102.04046,-90.95326
810,56.1936,125.8629,15.40968
811,40.78312,91.4449,-24.99272
812,48.81396,109.46304,19.97277
813,15.75975,35.36805,-90.06896
814,17.33764,38.98441,13.40684
815,28.99307,65.20743,-110.95897
816,28.39987,64.13314,62.55845
817,42.7229,96.75143,18.73815
818,17.45555,39.84434,17.8354
819,16.39527,37.44522,16.68179
820,17.29403,39.53209,13.96015
821,17.39079,40.14285,18.40227
822,36.7276,85.10489,-79.24859
823,40.06392,93.19401,-45.33692
824,46.60086,108.57219,38.86325
825,24.82665,57.86048,-122.50876
826,49.40876,115.4805,-12.85605
827,28.68675,67.09451,-98.26961
828,39.4144,92.36945,46.96146
829,50.24389,118.14951,22.6868
830,17.41954,41.04385,17.67142
831,41.12444,96.9413,18.70472
832,52.12002,123.08946,54.91123
833,42.33831,100.10505,57.25903
834,17.05254,40.49776,12.49298
835,18.5624,44.17711,11.10482
836,40.53717,97.06238,54.53392
837,7.45821,17.92023,121.61344
838,53.08941,127.66206,29.83209
839,23.52888,56.786,119.12462
840,37.01311,89.85043,-91.29461
841,37.94923,92.17209,103.76426
842,16.20818,39.40181,12.37319
843,49.59068,120.55861,-55.39983
844,16.22651,39.48927,11.99401
845,54.08222,131.7842,0.28057
846,9.39452,23.01027,-123.62984
847,22.41489,55.05963,-102.00518
848,44.88613,110.30782,-28.90814
849,45.67916,113.34894,-3.21605
850,36.86285,91.65686,46.45755
851,47.14728,117.62412,-59.64384
852,39.03225,97.86667,-83.16131
853,18.75331,47.07624,123.13653
854,12.65786,31.93361,109.13822
855,16.59033,42.035,11.97739
856,11.31419,28.72103,-44.1596
857,40.98594,104.09222,74.82843
858,39.30468,99.88431,74.60368
859,45.58375,115.92565,12.14494
860,15.96455,40.83213,-141.05409
861,48.06918,122.95047,-4.80087
862,32.49118,83.20064,-78.27556
863,51.18969,131.82806,-21.62345
864,37.22239,95.99089,83.04789
865,42.36333,109.26865,-20.10873
866,16.33462,42.36183,8.13714
867,17.48072,45.44725,144.20798
868,21.0477,55.12128,122.38944
869,40.49096,106.65281,87.34456
870,36.84958,97.06972,-61.69021
871,28.88342,76.55978,-73.34973
872,52.67074,139.64919,0.75503
873,40.89202,108.97492,-58.74312
874,15.6616,41.97633,9.94148
875,47.17089,126.4388,61.65373
876,46.13984,124.12135,74.57621
877,30.73867,82.74266,-31.50169
878,51.81041,139.77737,17.97311
879,23.50997,63.5739,-129.53662
880,23.62799,63.95472,-14.64521
881,41.19303,111.57125,-63.00255
882,30.42903,82.46121,65.15053
883,17.61542,47.81402,7.04439
884,15.46934,42.018,12.67011
885,16.17579,44.00848,13.37209
886,34.7492,94.68215,47.49925
887,17.31715,47.55733,68.33154
888,36.78344,101.93344,-52.32141
889,22.03023,61.20171,-96.54708
890,30.33433,84.87093,49.17071
891,21.34455,59.77858,71.24519
892,20.18797,56.90122,-66.64647
893,44.17384,124.9939,-3.85336
894,18.62922,53.19215,44.7131
895,19.96395,57.09191,57.12536
896,49.85811,143.02685,-17.17973
897,19.73627,57.15991,39.06909
898,27.84127,81.00903,-28.9385
899,11.14357,32.52549,-58.91436
900,36.63359,106.96724,44.89772
901,27.7096,81.1457,85.0509
902,8.78349,25.96566,150.19087
903,30.6001,90.90404,-88.05848
904,28.87189,86.07901,-4.6131
905,47.822,142.58683,7.94577
906,25.37506,75.86926,16.57542
907,37.1998,111.3565,-27.05178
908,26.80434,80.57978,-4.38274
909,15.99817,48.11276,-27.05857
910,23.58229,72.45916,77.51316
911,8.41897,25.91231,41.5685
912,9.2797,28.57048,40.03275
913,24.78257,76.30543,106.94052
914,3.38589,10.5518,44.25403
915,12.31846,38.46217,-98.54122
916,26.33932,82.67852,55.46841
917,15.86613,50.44912,106.65593
918,17.49214,55.99901,9.18733
919,38.33719,123.00421,2.58142
920,16.16563,52.36308,18.69864
921,21.21019,68.80588,-50.24012
922,42.17283,137.24716,-21.20548
923,35.76067,117.39515,84.16546
924,40.16415,132.13101,-7.65547
925,25.81952,85.49621,106.6188
926,19.96735,66.23393,-6.60354
927,19.81924,65.86219,98.39154
928,38.74451,129.22405,20.2969
929,21.88818,74.55909,-101.3543
930,20.32342,69.48016,14.63084
931,30.46533,104.22273,44.19424
932,21.0141,71.92525,72.51551
933,10.20271,34.94435,6.51795
934,25.64459,88.22482,115.93843
935,21.96578,75.98136,-38.11206
936,34.37576,119.4184,73.34904
937,41.22049,143.68834,14.12792
938,22.12488,77.18037,2.27785
939,37.51969,130.95467,27.07893
940,24.35252,85.09258,116.90102
941,40.81706,142.77397,5.29848
942,23.94223,84.86474,-79.34978
943,34.30926,121.62771,7.25579
944,27.76171,98.56185,113.24095
945,13.62557,48.40015,-107.90785
946,18.40836,65.58541,92.91084
947,21.93507,79.30528,38.45751
948,34.66834,125.37938,-39.22567
949,37.08571,134.13974,-5.3775
950,12.31247,44.75675,35.39948
951,38.02867,138.54486,-37.91644
952,30.0506,109.792,65.30645
953,21.30197,78.2303,122.94832
954,10.08434,37.1526,29.95873
955,38.25405,141.38977,-23.63489
956,33.52654,125.17971,23.76298
957,34.75238,130.22346,51.54272
958,12.68491,47.89503,-1.78736
959,38.29603,147.13322,-7.22477
960,20.74855,80.24697,2.33177
961,27.6171,107.67309,14.55747
962,36.73835,144.74437,-22.753
963,11.41976,45.04372,18.38896
964,13.25937,53.06953,-24.79967
965,28.79583,115.64166,6.15378
966,9.58478,38.63602,40.90531
967,28.33227,114.84846,32.5922
968,23.70914,96.19166,62.67922
969,23.14426,94.04358,25.69568
970,26.11208,106.3781,36.12798
971,32.11553,130.83825,67.81961
972,31.50643,130.07082,48.2004
973,15.56508,64.85258,48.34325
974,8.82004,36.84744,-124.22046
975,24.05287,101.06085,87.28481
976,18.67746,78.72687,80.15828
977,11.25455,48.56235,18.55712
978,6.12089,26.43386,-2.41502
979,13.24111,57.21826,8.77581
980,32.23289,139.91215,9.40697
981,15.89313,69.00063,-82.31295
982,31.26717,136.06253,55.87729
983,15.3929,68.12816,80.69408
984,11.65519,51.85184,9.20811
985,8.52303,38.18491,75.09299
986,10.50257,47.13156,25.70805
987,10.50095,47.13047,25.71071
988,8.04562,36.30786,145.70494
989,26.94346,121.91391,-76.06014
990,21.12726,96.39377,9.18042
991,19.44564,88.99511,-66.85401
992,18.49714,84.69676,-97.83536
993,23.05458,106.63673,-61.96728
994,10.22425,47.68314,134.92962
995,14.05259,67.63027,129.09455
996,7.86709,38.18072,30.99129
997,7.59916,36.95599,73.07123
998,13.49819,65.68364,-41.74577
999,12.65384,61.67412,-39.44377
1000,14.49497,71.24355,-18.94705
1001,26.09388,128.47057,-52.03606
1002,22.61761,111.40705,44.14759
1003,8.3123,40.97487,100.84701
1004,5.94077,29.59115,125.45275
1005,14.88643,75.14408,-41.30815
1006,26.45908,133.63862,10.17251
1007,4.09305,20.76346,13.57848
1008,13.40426,68.01865,44.48581
1009,6.00859,30.49556,-105.52884
1010,22.59609,115.22932,-45.53743
1011,15.17903,77.60444,-33.39343
1012,26.06203,133.31779,-61.29815
1013,19.14718,98.01139,-69.73553
1014,21.08276,108.63602,22.19572
1015,21.71307,112.56811,-74.63847
1016,24.23984,126.19906,-49.5865
1017,21.19731,110.59853,-14.23242
1018,14.96196,81.09497,13.38062
1019,5.74164,31.14662,105.35341
1020,12.90717,70.07933,39.14222
1021,25.32589,137.70968,-56.07316
1022,25.40344,138.32612,1.45578
1023,23.24954,127.63561,69.24525
1024,20.32364,112.39214,76.31153
1025,21.41175,119.58458,-62.88881
1026,10.55157,58.9314,40.35971
1027,24.39174,137.1069,39.36979
1028,16.25602,92.22345,55.18442
1029,12.20351,69.64434,61.65061
1030,22.51139,129.14591,-50.95233
1031,21.04397,121.30454,-70.8468
1032,18.79105,108.98928,5.65838
1033,13.54326,78.58514,13.66601
1034,12.50012,73.15079,42.1062
1035,22.57953,132.25285,-17.61557
1036,19.2867,113.14085,-31.07767
1037,17.70658,104.40492,-103.60483
1038,21.97507,130.18207,29.67629
1039,13.59363,80.73696,-37.7839
1040,13.32106,79.43255,-111.97315
1041,23.16418,139.33053,50.94595
1042,5.15257,31.07995,-117.65789
1043,21.12082,128.84365,6.37722
1044,11.20367,68.48936,60.39045
1045,13.64224,83.9344,-106.20597
1046,8.88316,55.24912,87.9884
1047,11.84891,73.80624,6.96479
1048,20.67888,129.20619,39.25542
1049,22.38557,139.8982,-58.12951
1050,21.36479,133.86083,-19.75017
1051,21.31539,134.65401,63.45765
1052,16.11133,102.11534,-70.82583
1053,21.83706,138.93794,-16.7972
1054,9.95029,63.67661,-19.67431
1055,13.89285,89.49817,-117.23881
1056,10.06997,67.52337,-111.67539
1057,15.43864,104.55553,-39.96887
1058,13.48086,91.97826,11.19804
1059,13.01381,89.75426,11.40951
1060,10.27552,71.06255,-62.29259
1061,19.4441,135.06474,37.22208
1062,20.56587,143.35144,5.60353
1063,10.21152,71.33341,-36.06153
1064,4.62964,32.58814,119.14638
1065,16.02162,114.79768,-74.76476
1066,9.90371,71.04304,-54.50712
1067,13.10882,95.01665,23.34474
1068,14.13399,102.85173,2.22368
1069,16.39504,122.98144,-0.04595
1070,15.82716,118.98824,-1.68119
1071,1.25905,9.63893,-106.50919
1072,13.09858,100.97849,27.97171
1073,5.90022,45.97287,-71.81098
1074,9.78419,77.25213,-29.67864
1075,8.56733,67.75521,-62.14327
1076,7.98484,64.48908,127.45194
1077,0.86493,6.99382,99.25262
1078,15.57002,127.19984,-55.53405
1079,13.04451,109.75173,81.24753
1080,8.43574,71.11354,-78.67045
1081,8.84633,76.04034,49.33766
1082,11.80644,102.18497,71.29497
1083,16.93082,148.97743,8.00872
1084,11.82518,104.92724,6.95217
1085,10.79628,96.4643,-70.14734
1086,10.52695,94.74659,10.23314
1087,10.52719,94.87556,-109.6088
1088,9.77099,90.90892,71.1834
1089,9.4556,89.86757,41.65519
1090,5.14862,49.34064,-27.16889
1091,13.40134,131.55847,-60.83258
1092,6.43719,64.33894,-13.47931
1093,4.92596,49.46346,102.61978
1094,3.1091,31.24235,72.89076
1095,10.70542,108.02017,14.61653
1096,5.84705,59.3401,128.70227
1097,8.96474,92.41529,0.51422
1098,9.43072,99.09623,-7.14969
1099,11.00317,117.68924,69.60558
1100,9.71077,104.66457,14.84452
1101,4.29726,46.51032,-5.91117
1102,3.68678,41.1458,-2.5735
1103,12.44988,144.37084,2.45948
1104,5.90802,69.21048,130.3587
1105,12.33247,146.11084,17.83027
1106,7.47717,90.19704,-3.64273
1107,8.98633,110.14436,-78.0924
1108,7.51314,93.01501,68.91961
1109,7.49143,92.8273,-104.34476
1110,6.67653,83.30798,-4.22863
1111,8.66933,109.18608,-23.90317
1112,6.64208,84.13931,60.49506
1113,8.22396,106.47824,-56.08641
1114,9.98129,129.79504,48.96363
1115,9.7015,127.27458,-82.90978
1116,10.91953,143.37636,-44.01026
1117,7.98766,106.56051,75.88278
1118,11.21781,149.68912,14.72697
1119,7.10174,95.86603,45.5698
1120,10.62206,144.53972,20.78874
1121,4.75889,65.43305,-22.02458
1122,0.77234,10.91908,144.51355
1123,7.96953,117.73455,8.95395
1124,9.18484,136.06838,-16.41728
1125,10.045,150.48788,8.41628
1126,1.21362,18.24031,-40.55419
1127,6.78714,103.70206,23.77954
1128,7.07127,108.47038,-97.12786
1129,2.88487,46.58503,39.87379
1130,5.86708,95.24954,113.03136
1131,3.03012,49.88167,-121.90695
1132,1.94236,32.95152,49.15128
1133,4.41314,75.96979,-55.7591
1134,1.18339,20.76953,-5.50497
1135,5.05094,88.99852,-88.5222
1136,6.99034,125.2193,32.4073
1137,0.67181,12.09655,-14.99668
1138,8.14053,147.68294,-14.21247
1139,2.51868,45.83808,131.90444
1140,7.64522,145.92663,16.53075
1141,5.01196,102.0914,-2.67997
1142,4.56983,94.50392,-99.06246
1143,7.13932,149.44795,-4.96055
1144,2.75213,57.70567,112.45028
1145,5.32016,111.8999,-21.94374
1146,5.29085,120.28366,74.60967
1147,6.0468,145.05062,-24.77493
1148,3.03572,73.69762,113.22963
1149,3.99187,97.50317,94.27445
1150,3.50229,85.55821,-115.37304
1151,4.06179,101.08709,49.46211
1152,2.08768,56.38029,-113.31362
1153,5.03634,138.30123,59.40108
1154,3.2107,90.86631,-42.82241
1155,3.42006,97.17179,-70.40931
1156,3.94313,114.7664,-18.27419
1157,2.8336,91.18443,-92.19488
1158,2.23239,74.19728,75.25963
1159,2.11359,71.69291,-133.98606
1160,3.46242,118.88975,62.21289
1161,3.16733,118.67,-91.20125
1162,2.18259,91.55473,19.071
1163,2.17628,93.26082,-46.83727
1164,1.94368,85.16604,-115.44344
1165,0.93563,41.60148,61.0167
1166,1.36938,62.30615,107.45962
1167,1.46388,66.87025,41.31292
1168,2.13881,106.89442,-9.02599
1169,0.7648,39.20413,94.7726
1170,1.8855,97.96706,-8.20826
1171,1.3277,77.88917,124.98623
1172,0.93001,55.09048,109.46431
1173,1.56201,93.64272,-36.18124
1174,1.38468,86.71322,117.43353
1175,1.51722,121.25297,46.49371
1176,0.68686,74.13015,-50.90485
1177,0.87252,112.67702,3.65216
1178,1.03723,138.55332,14.12939
1179,0.7517,108.16686,3.46952
1180,0.57666,112.60589,1.08683
1181,0.43863,94.04524,54.26234
1182,0.65331,148.57007,-23.22563
1183,0.40219,99.30609,-16.72188
1184,0.36904,148.25645,-33.41401
1185,0.03658,17.81857,17.78594
1186,0.05155,42.29392,32.11771
1187,0.06146,59.64117,86.20056
1188,0.07639,150.56307,25.28677
1189,-0.13909,53.53643,-86.01738
1190,-0.14165,39.59384,-49.27427
1191,-0.34345,67.41508,40.56289
1192,-0.53411,100.46606,-47.74353
1193,-0.33322,61.01344,134.04213
1194,-0.66695,113.3959,38.96039
1195,-1.00114,150.85938,7.66688
1196,-1.35014,140.93978,-50.44227
1197,-0.47702,45.8727,7.79822
1198,-0.88672,66.56441,-51.16822
1199,-2.14767,144.2093,29.81794
1200,-1.79604,102.46309,53.50749
1201,-2.16217,120.9761,47.64716
1202,-2.39722,126.40256,-64.31451
1203,-1.46885,75.04724,94.61425
1204,-1.33824,67.42911,39.31301
1205,-1.54565,77.6576,79.27924
1206,-1.8069,90.31321,-22.57669
1207,-2.45876,108.76085,30.06574
1208,-2.45691,108.51663,-69.76695
1209,-1.56166,65.62471,-46.84656
1210,-1.79168,70.36935,-67.82581
1211,-1.88358,70.84231,-40.51801
1212,-1.3557,50.46337,-13.4654
1213,-1.11068,41.33984,-93.05773
1214,-3.82254,134.0195,-57.21721
1215,-2.62403,91.30364,72.61135
1216,-2.12929,72.98426,-66.43602
1217,-3.83814,128.23606,-54.70526
1218,-2.08948,68.62468,-7.46167
1219,-1.43844,46.80036,102.27777
1220,-2.04232,59.36741,-53.77609
1221,-3.26779,91.91888,-43.70581
1222,-2.76892,75.30524,-14.84747
1223,-4.8656,127.2106,-17.74708
1224,-2.83062,72.33026,-29.87553
1225,-5.46764,134.93939,-42.04172
1226,-1.82488,39.01515,-127.85718
1227,-3.32407,69.63455,76.09237
1228,-2.77908,56.5003,62.62074
1229,-2.54609,51.34049,-139.41372
1230,-6.47925,130.58,-36.97866
1231,-5.80582,115.96239,-59.30821
1232,-6.41102,128.04572,31.10777
1233,-4.40378,87.62848,85.12795
1234,-3.1851,62.82262,71.62938
1235,-3.1226,60.77428,79.73083
1236,-7.07326,129.1321,-53.25154
1237,-8.07008,144.98554,-6.35222
1238,-6.99248,123.27367,-66.93841
1239,-7.36298,127.40863,-73.93849
1240,-7.7525,131.85911,23.88051
1241,-4.03958,67.51552,-85.54245
1242,-7.8552,126.85506,5.71507
1243,-5.0555,80.69262,67.05943
1244,-8.33087,131.71463,42.6439
1245,-6.20455,96.83397,95.63453
1246,-5.84451,89.70325,-53.70082
1247,-5.37561,82.23337,24.79605
1248,-6.31705,96.19884,-54.24521
1249,-1.79024,26.93572,-117.41872
1250,-9.7878,145.49721,-30.74226
1251,-4.47817,66.13754,-5.70002
1252,-6.70744,92.47973,-75.79631
1253,-8.00624,109.35006,-104.572
1254,-7.60732,101.77784,-74.06394
1255,-5.71736,76.43872,13.4366
1256,-7.39412,98.72958,-40.75544
1257,-3.69815,49.30034,-37.59887
1258,-4.38636,58.17953,60.47768
1259,-11.21229,148.62767,-13.94157
1260,-9.4881,120.57132,64.32555
1261,-6.66656,82.50302,-127.4575
1262,-8.12831,99.77622,57.28883
1263,-1.56374,18.97328,50.4349
1264,-12.03572,145.98959,-12.97989
1265,-11.33434,136.65426,-55.49892
1266,-3.55762,41.50368,111.82509
1267,-2.01238,23.44555,39.18031
1268,-6.62465,75.78589,41.1796
1269,-10.01438,113.81363,-15.79693
1270,-10.39557,117.14656,-22.60943
1271,-10.17309,114.60329,-84.68031
1272,-4.75276,52.14043,67.37218
1273,-6.29473,69.03107,-5.57152
1274,-6.18357,67.55478,-129.50757
1275,-9.30874,100.5457,-71.03158
1276,-8.3358,89.86355,51.14576
1277,-10.30937,110.24648,42.94785
1278,-9.55893,101.93148,4.05573
1279,-4.30325,45.03262,-56.34033
1280,-13.70538,142.28391,-23.90484
1281,-6.33387,65.60186,111.31876
1282,-4.29658,44.45821,79.84776
1283,-10.64718,108.45129,54.74535
1284,-11.33637,113.80617,8.41968
1285,-2.78417,27.7332,-41.9039
1286,-12.16616,120.79292,63.04755
1287,-11.24093,110.58126,-77.81967
1288,-9.24918,90.63823,-24.13212
1289,-12.12622,118.45564,-9.7635
1290,-4.06421,39.04817,3.15377
1291,-5.28902,50.78645,-83.46776
1292,-4.60128,43.35728,-76.38263
1293,-5.99434,56.3384,-125.34149
1294,-9.86584,92.42507,-27.04735
1295,-14.89071,132.91099,55.28269
1296,-9.27671,82.60359,-58.28787
1297,-14.46107,128.52775,2.66144
1298,-6.29555,55.69498,122.76271
1299,-15.3944,135.78829,26.87544
1300,-8.37152,73.34484,132.05257
1301,-5.31822,45.9096,69.25972
1302,-8.13627,69.6282,-1.84457
1303,-14.48479,123.54748,-16.40304
1304,-4.46669,36.62902,-69.83993
1305,-7.88105,64.5362,70.71615
1306,-7.53094,59.19233,11.61937
1307,-18.59617,145.40203,3.47456
1308,-13.37111,103.43625,-70.59882
1309,-9.72883,75.2031,-130.1189
1310,-17.79868,133.6036,35.84923
1311,-6.63691,48.51293,9.74491
1312,-7.15203,52.11543,-127.50607
1313,-11.87405,85.87008,-33.9821
1314,-13.56753,97.70085,28.10446
1315,-8.77793,62.84655,12.96154
1316,-5.92489,41.93803,-92.15252
1317,-10.04122,70.43573,45.24756
1318,-10.17307,71.01242,-69.81242
1319,-16.48666,114.87041,-32.92284
1320,-18.23473,126.55998,-40.83224
1321,-12.61311,85.26754,-119.1497
1322,-16.71881,112.84192,74.14841
1323,-9.04068,60.56442,79.69298
1324,-15.14071,101.12582,41.55752
1325,-16.62344,110.94351,-54.78328
1326,-15.56052,103.75121,42.65186
1327,-14.70553,98.03108,13.91702
1328,-16.16402,107.72137,-61.9536
1329,-22.05325,145.91801,17.32346
1330,-16.43862,108.31768,-37.32251
1331,-16.62846,108.75597,14.62604
1332,-5.6589,36.99985,-74.299
1333,-17.71344,114.89822,-49.26339
1334,-10.97408,71.05536,16.16199
1335,-18.50059,119.50305,64.35833
1336,-13.51474,86.41309,-25.0926
1337,-9.26362,59.18024,95.81026
1338,-22.70463,143.47988,-43.87011
1339,-16.06301,101.45158,64.91092
1340,-17.3852,109.53919,27.0248
1341,-18.76443,116.88647,33.38788
1342,-6.40722,39.45298,112.89367
1343,-18.37685,112.83568,-7.17896
1344,-8.83282,53.29705,82.73848
1345,-12.9027,77.77601,114.10987
1346,-5.04957,30.40998,9.07235
1347,-12.56622,75.10501,86.09943
1348,-12.47776,73.93964,34.09449
1349,-22.6516,133.25055,-40.99709
1350,-18.06033,105.87671,101.40183
1351,-16.33822,95.68253,-28.31251
1352,-13.16623,75.20295,-102.99378
1353,-14.92487,85.08726,19.91654
1354,-3.43931,19.48123,-122.32645
1355,-25.76253,145.76315,-6.10477
1356,-3.61547,20.36053,112.6655
1357,-8.79789,49.23777,93.76319
1358,-15.19725,84.97305,-58.69131
1359,-19.74386,108.01692,-21.96613
1360,-13.29132,71.8831,80.60168
1361,-13.12672,70.3573,-56.72432
1362,-7.48904,40.01214,12.94861
1363,-25.20865,128.66933,-42.2057
1364,-27.64275,140.56768,54.11347
1365,-1.82812,9.2955,68.4079
1366,-16.44244,82.94738,-28.40949
1367,-21.32516,107.35738,46.09465
1368,-0.49439,2.4768,-0.75836
1369,-11.6685,58.43894,35.56087
1370,-19.25755,96.18643,104.69736
1371,-19.62828,97.65056,78.89588
1372,-23.53062,115.68249,-31.18189
1373,-7.14406,34.93014,60.38654
1374,-17.97433,87.56151,-111.175
1375,-22.49696,109.23316,-28.89186
1376,-18.43653,88.90279,81.86147
1377,-29.66761,141.63662,47.92237
1378,-25.79992,122.98529,41.30001
1379,-30.89894,146.01762,0.88612
1380,-14.2118,67.05284,-79.01661
1381,-18.72559,88.11793,-6.6975
1382,-2.97877,13.95645,-26.77402
1383,-20.97151,98.02475,-96.13254
1384,-22.36812,104.45712,-99.81219
1385,-30.32437,141.50718,-34.64714
1386,-17.77066,82.85488,-65.25315
1387,-15.01654,69.75041,-116.28129
1388,-24.62612,113.01681,59.42135
1389,-18.85786,86.44392,-93.92098
1390,-20.0686,91.90355,-52.08663
1391,-21.75572,97.71827,9.94562
1392,-23.85622,106.99411,-34.12632
1393,-21.97016,97.67778,-14.14375
1394,-6.76659,29.82436,-139.96429
1395,-20.59171,90.74835,-32.06612
1396,-24.68555,108.32139,69.85237
1397,-28.24376,123.90041,-79.97526
1398,-20.38121,88.88884,4.84649
1399,-9.94781,43.34102,-32.58158
1400,-24.46111,106.186,54.09255
1401,-28.22377,122.32336,60.3171
1402,-26.0842,112.07506,-91.91756
1403,-16.76498,71.53776,-123.951
1404,-11.41402,48.67446,33.67292
1405,-31.3107,132.70562,64.48576
1406,-17.94064,76.0035,77.65753
1407,-33.6858,142.24578,-29.01257
1408,-22.01325,92.91605,-32.9403
1409,-30.6549,129.26585,-45.57037
1410,-20.1613,85.00944,-40.15566
1411,-30.69006,128.01969,-60.10256
1412,-34.93953,144.39253,-2.92242
1413,-34.51835,142.60328,-37.8104
1414,-22.8016,93.57435,89.64901
1415,-20.08531,82.03142,124.96792
1416,-24.39439,98.61531,14.86403
1417,-26.44246,106.27116,36.62445
1418,-27.72816,110.56907,53.17694
1419,-32.70251,127.63567,6.64691
1420,-27.9632,109.04416,-34.1798
1421,-22.8427,89.04031,32.96628
1422,-12.11988,47.18782,48.87972
1423,-22.68313,87.98992,-83.57528
1424,-29.34852,113.35595,0.755
1425,-29.1444,111.71009,-23.34338
1426,-20.71332,79.35713,-36.68695
1427,-32.80087,125.48445,-57.42357
1428,-18.32603,70.04284,9.68904
1429,-23.00871,87.86693,-93.29635
1430,-24.34245,92.45943,-102.6131
1431,-30.18996,113.69398,88.97369
1432,-30.84579,115.52695,85.23432
1433,-8.68625,32.32573,-20.22516
1434,-36.10346,132.64182,-62.61809
1435,-29.19589,106.56931,70.16256
1436,-30.19556,108.73143,-19.66825
1437,-36.03742,129.68254,63.9849
1438,-24.39851,87.59521,-85.99957
1439,-26.35968,94.50342,46.51207
1440,-21.33035,75.5231,-66.68971
1441,-21.38474,75.44791,12.61468
1442,-37.16181,130.6821,47.37139
1443,-10.50743,36.70767,-44.83864
1444,-19.71893,68.71512,-65.13499
1445,-13.14573,45.61517,-72.4055
1446,-18.19436,61.7557,84.69082
1447,-29.85212,100.8387,-95.78497
1448,-19.19177,64.43008,-64.04417
1449,-9.40312,30.70313,-50.07762
1450,-36.95245,120.17855,82.48971
1451,-40.55231,131.43336,1.10392
1452,-39.67994,128.1299,-20.46226
1453,-37.04743,119.2736,-17.41731
1454,-36.44329,116.24582,14.62646
1455,-18.28647,58.11235,-17.7394
1456,-31.67902,100.1579,-36.57857
1457,-10.36589,32.62807,-107.5494
1458,-39.84915,125.14685,-4.22586
1459,-24.46473,75.99689,-64.88742
1460,-32.7042,101.5804,54.03829
1461,-43.10779,133.27833,-53.44268
1462,-35.45316,109.3338,-0.98856
1463,-12.63647,38.85146,-24.37506
1464,-31.40007,96.2625,-86.47561
1465,-31.28992,95.86032,73.60536
1466,-40.66119,123.18228,80.94931
1467,-14.05044,42.47509,49.00717
1468,-12.31967,37.23878,-39.47444
1469,-6.04931,18.101,95.96804
1470,-28.57613,84.46449,-95.11888
1471,-23.5088,68.7761,-118.80623
1472,-26.68044,77.21956,-22.78869
1473,-28.84641,83.46156,-122.55769
1474,-26.46533,76.43664,88.70486
1475,-23.80839,68.52275,-31.25771
1476,-28.69056,82.34448,-40.95683
1477,-41.7022,119.4945,-75.7368
1478,-42.81737,122.6745,-17.16918
1479,-44.61122,127.74173,22.55329
1480,-29.85327,85.13363,101.84228
1481,-20.7297,58.50879,53.73738
1482,-9.26169,26.12036,8.23048
1483,-19.90615,55.80049,69.28042
1484,-6.09492,17.08169,5.85614
1485,-37.471,105.00071,-90.95952
1486,-15.71471,43.5886,-74.30227
1487,-36.78096,101.97399,-43.90771
1488,-28.17608,77.95791,97.58669
1489,-22.26652,61.55265,-102.54409
1490,-16.24294,44.71527,67.7457
1491,-18.58155,51.1441,77.50175
1492,-43.65493,119.85814,-84.73449
1493,-31.28824,85.87274,-7.98228
1494,-13.38,36.57096,-58.3792
1495,-27.75602,75.70092,-40.55273
1496,-29.55914,80.30388,-107.2115
1497,-35.98525,97.67051,-39.22615
1498,-38.9717,105.55913,54.07851
1499,-8.43765,22.78174,24.48834
1500,-12.74062,34.14639,136.87387
1501,-40.12052,107.12244,93.10853
1502,-12.38294,32.99392,60.79891
1503,-27.08382,71.73434,70.66814
1504,-30.44558,80.46794,124.44038
1505,-31.35953,82.26331,37.27096
1506,-32.91918,86.12392,-54.20054
1507,-46.91074,122.51542,24.79177
1508,-42.60253,110.98272,22.90597
1509,-44.37884,115.17363,-40.93527
1510,-8.89035,22.97463,-73.50089
1511,-20.96689,54.13954,129.41797
1512,-34.51618,88.79283,19.67578
1513,-51.20064,131.46959,-37.49634
1514,-42.77046,109.1538,43.82088
1515,-40.67087,103.1041,68.9803
1516,-9.22408,23.35207,118.5832
1517,-35.0519,88.45942,17.82088
1518,-18.40704,46.30523,57.75193
1519,-44.16494,109.29096,58.07316
1520,-29.33637,72.47872,82.45867
1521,-31.51441,77.62709,-65.01014
1522,-34.78598,85.68113,-65.37816
1523,-54.03049,132.56471,5.70843
1524,-38.50583,93.89992,22.98322
1525,-31.93436,77.78094,-57.08036
1526,-43.78671,106.63245,6.80875
1527,-16.75866,40.7903,23.56476
1528,-28.54656,68.51413,-90.38987
1529,-51.63336,123.66255,50.08159
1530,-25.42278,60.6661,84.18776
1531,-28.64038,67.53172,59.18099
1532,-50.18886,118.17315,6.11179
1533,-33.69515,78.27409,-39.21557
1534,-43.97289,101.60525,31.38417
1535,-46.8842,107.9898,-64.10154
1536,-50.55565,116.15495,23.63457
1537,-29.31984,67.25887,-48.49664
1538,-13.90297,31.88146,104.49579
1539,-37.28116,85.25118,-45.6168
1540,-5.38337,12.29279,8.34945
1541,-57.50355,131.04279,6.81249
1542,-37.79681,85.49507,51.024
1543,-39.6923,89.76027,13.06038
1544,-52.85032,119.32006,-65.43165
1545,-33.44252,74.86018,-70.10375
1546,-48.37685,108.13456,38.90708
1547,-19.57599,43.49686,-121.15697
1548,-41.11786,91.32725,-45.21603
1549,-25.44666,56.13538,109.10868
1550,-28.66943,63.22151,-107.78524
1551,-30.89388,67.94419,60.17978
1552,-21.94767,48.21665,60.45939
1553,-57.22235,124.19681,-50.50152
1554,-60.37642,130.72405,19.80384
1555,-51.00313,110.38073,54.70421
1556,-38.92992,83.27044,80.36749
1557,-38.12875,81.48304,-45.0311
1558,-7.65271,16.35069,-87.85036
1559,-40.02171,85.25134,-13.54671
1560,-54.15544,115.12735,-48.72534
1561,-3.99786,8.43379,-130.72884
1562,-42.13952,88.65211,75.12886
1563,-32.13164,67.54611,-30.83643
1564,-26.19114,54.89871,-38.12612
1565,-60.12199,125.24952,-9.77964
1566,-51.50052,106.96568,3.33566
1567,-16.41092,34.02047,62.14937
1568,-42.11641,87.26667,-50.80457
1569,-61.47875,126.28388,23.7652
1570,-18.7279,38.30525,-116.02264
1571,-37.84549,77.07376,-26.72842
1572,-58.66464,118.75677,49.03931
1573,-6.5609,13.269,-104.89289
1574,-53.04336,106.99692,-31.29919
1575,-47.26818,95.34051,-27.89849
1576,-50.13418,100.89536,77.59271
1577,-42.08594,84.1626,17.89636
1578,-45.23749,89.66876,70.22352
1579,-5.61328,11.07528,-84.04957
1580,-31.53146,61.70719,-8.23099
1581,-40.67765,79.442,66.38867
1582,-66.77344,129.18973,-29.40014
1583,-45.42808,87.66997,76.14087
1584,-26.95824,51.79431,-25.75094
1585,-27.82641,53.37963,105.71718
1586,-29.85108,57.11162,66.24875
1587,-57.85123,110.52922,-7.84382
1588,-20.48506,39.02294,-126.40581
1589,-24.8303,47.17491,34.93016
1590,-38.97296,73.34049,-14.13035
1591,-34.03023,63.95788,74.84668
1592,-54.07242,101.54424,-6.13822
1593,-36.32983,67.8917,110.82918
1594,-33.09758,61.27833,35.12836
1595,-45.95508,85.02701,-72.66318
1596,-64.1181,118.13979,38.63568
1597,-57.04582,104.4388,3.26265
1598,-47.31572,85.6548,35.39209
1599,-23.81433,43.10351,35.01284
1600,-64.7598,115.12833,-1.46598
1601,-47.98167,85.20227,62.67188
1602,-30.55839,53.43065,-4.66303
1603,-17.98539,31.38427,-120.14326
1604,-44.24684,77.02078,-48.09423
1605,-54.24429,94.3609,-93.79227
1606,-34.62129,60.04593,-23.05586
1607,-57.33134,99.24977,-49.48342
1608,-47.71099,82.44571,-57.68099
1609,-38.00679,65.66727,-87.22532
1610,-59.77983,103.28435,-86.67633
1611,-53.98609,93.21107,17.01093
1612,-68.43818,117.30973,-34.21009
1613,-37.1227,63.52602,103.00204
1614,-53.37774,91.31595,9.03028
1615,-64.93347,111.07911,-61.13197
1616,-24.67846,42.01794,85.51599
1617,-66.86504,113.50405,-21.70655
1618,-66.80104,113.355,-6.85073
1619,-36.45392,61.52101,-33.40184
1620,-57.13021,96.26944,-98.38018
1621,-33.04861,55.67344,89.5427
1622,-69.23812,114.92092,25.73147
1623,-22.9147,37.9399,-105.48274
1624,-30.63908,50.69137,80.57066
1625,-50.62869,83.72889,-44.31042
1626,-9.57224,15.80776,99.51319
1627,-32.63447,53.7402,14.65226
1628,-41.90557,68.34074,129.11264
1629,-55.60309,89.70841,99.32113
1630,-63.76712,102.04321,-84.91749
1631,-38.34923,61.29166,-53.34039
1632,-56.35371,89.90869,71.66014
1633,-22.11826,35.23958,52.31822
1634,-51.44331,81.29052,-118.85047
1635,-34.83524,54.91245,-96.72154
1636,-27.41669,42.94882,74.9886
1637,-52.95421,82.86095,87.42386
1638,-59.13332,91.27919,21.50234
1639,-58.09603,88.93705,27.6476
1640,-69.78231,106.67364,-73.33116
1641,-78.97703,120.6026,24.32562
1642,-54.84184,83.55425,-22.559
1643,-61.40173,93.461,-48.65148
1644,-49.12904,74.44079,38.11282
1645,-53.13048,80.13027,30.63901
1646,-77.18503,115.89777,2.8132
1647,-17.83617,26.76653,-110.7646
1648,-65.42088,97.97947,45.41343
1649,-18.81153,28.08286,-66.09776
1650,-42.28039,62.77658,133.12825
1651,-43.46304,64.50879,-81.43205
1652,-3.22239,4.76434,-95.61259
1653,-55.02461,81.15113,97.82732
1654,-39.87448,58.25148,-116.09189
1655,-26.70791,38.91832,80.3596
1656,-31.85701,46.14446,78.79714
1657,-13.00552,18.82506,-17.02962
1658,-30.8234,44.21309,37.80311
1659,-26.67969,38.11548,-59.42542
1660,-22.05541,31.49567,-114.95198
1661,-53.47447,75.8336,-23.76121
1662,-53.75234,76.19938,67.20211
1663,-47.19592,66.88049,-71.33474
1664,-72.62986,102.85566,-52.02781
1665,-26.09083,36.91493,-58.33613
1666,-85.39489,120.4535,-4.12937
1667,-74.93097,105.67842,-47.35388
1668,-29.93084,42.19355,-42.82758
1669,-66.44814,93.28387,48.5044
1670,-74.85457,105.0401,40.91857
1671,-18.11964,25.38514,-104.6204
1672,-37.70216,52.6117,-7.00766
1673,-26.20832,36.43258,-57.70021
1674,-76.73963,106.65209,-9.74836
1675,-67.29088,93.16007,38.07836
1676,-60.89826,84.23091,-106.18413
1677,-21.95136,30.31457,-131.96942
1678,-18.06418,24.90688,41.15826
1679,-57.23964,78.71289,-68.06608
1680,-17.78662,24.34739,141.11474
1681,-67.64838,92.28364,-31.29008
1682,-38.29357,52.0491,-94.89972
1683,-22.70044,30.77292,-2.61119
1684,-58.68174,79.35695,-26.3161
1685,-57.28629,77.40527,-17.87659
1686,-25.61895,34.48944,-56.61756
1687,-31.5969,42.5244,-3.69279
1688,-45.22453,60.68188,38.4539
1689,-50.54327,67.81683,-122.43581
1690,-90.90064,121.72999,19.2495
1691,-17.85242,23.84651,-82.26159
1692,-29.13434,38.86398,20.76989
1693,-30.47339,40.64699,21.71643
1694,-18.02063,24.00893,-114.90829
1695,-22.52487,29.99735,-49.94157
1696,-48.2707,64.20813,98.86907
1697,-54.59716,72.52191,-44.53543
1698,-51.40024,67.91033,-3.74403
1699,-29.87924,39.42892,-126.34503
1700,-55.23578,72.88764,23.15953
1701,-67.02178,87.96278,89.14897
1702,-89.2614,116.8149,24.4337
1703,-40.05828,52.08211,-81.53158
1704,-42.68404,55.20395,-46.44107
1705,-54.88145,70.87515,30.81009
1706,-68.7085,88.59627,94.82969
1707,-69.47036,89.50849,54.62835
1708,-42.30109,53.87278,-18.39206
1709,-75.16861,95.20223,80.07807
1710,-62.21688,78.19823,-3.75437
1711,-62.30067,78.30261,-46.87181
1712,-66.2105,83.15642,50.09491
1713,-12.72513,15.91155,43.98334
1714,-49.4532,61.76539,58.37717
1715,-60.91607,75.97324,110.19798
1716,-51.14749,63.4613,-11.42944
1717,-34.84421,43.15327,126.91365
1718,-84.36939,104.41875,48.2546
1719,-35.47687,43.70909,51.72916
1720,-83.12224,102.38128,48.89106
1721,-91.78409,112.7956,-27.12598
1722,-13.97102,17.12819,80.9284
1723,-88.26922,107.9434,23.72353
1724,-57.74966,70.5708,-122.15724
1725,-74.25075,90.49896,-82.9517
1726,-34.69403,42.21588,5.45775
1727,-77.0741,93.64849,76.64047
1728,-42.25816,51.32277,-32.79217
1729,-24.12773,29.28626,-137.51416
1730,-69.82673,84.68586,-22.81778
1731,-71.79689,87.0296,19.03114
1732,-53.72728,64.94574,-114.83672
1733,-64.68849,78.17316,-19.40207
1734,-90.5381,108.91962,-17.01015
1735,-15.7432,18.91479,-69.06006
1736,-35.42424,42.52942,95.63477
1737,-42.49518,50.99492,-116.45863
1738,-66.31904,79.51735,-86.26683
1739,-51.98539,62.2388,-26.76778
1740,-40.39032,48.11372,-85.99504
1741,-42.24523,50.20326,-55.57257
1742,-90.00604,106.94613,49.08471
1743,-49.75103,59.10627,-70.51926
1744,-24.0778,28.51093,-58.67998
1745,-54.86486,64.92509,-126.81972
1746,-83.63919,98.77469,-20.62003
1747,-89.13728,105.164,-49.94716
1748,-73.9381,86.44519,-24.10822
1749,-80.48077,94.08074,42.47192
1750,-45.04506,52.52163,-75.56632
1751,-34.51734,40.13336,-56.38498
1752,-77.18766,89.6718,44.99004
1753,-69.65183,80.90885,-18.45116
1754,-94.6647,109.95775,42.84061
1755,-71.10892,82.5623,-79.00202
1756,-12.11107,14.03018,-95.9785
1757,-29.56035,34.21977,17.78382
1758,-55.12412,63.66651,-107.80467
1759,-86.64077,99.86944,-66.35102
1760,-50.83842,58.35534,48.47905
1761,-16.33354,18.70687,-55.32466
1762,-80.06998,91.689,11.26213
1763,-9.29987,10.63221,-19.95657
1764,-81.04493,92.61703,21.88156
1765,-48.09162,54.8769,-28.25517
1766,-41.58285,47.40726,6.27267
1767,-30.92677,35.03867,-68.91088
1768,-56.24116,63.69102,97.32809
1769,-65.43767,74.07991,-46.90892
1770,-73.36052,82.77911,27.7051
1771,-78.53553,88.50523,44.51492
1772,-87.8811,98.91147,54.40614
1773,-76.45272,85.76415,-77.6926
1774,-39.73468,44.54466,12.80772
1775,-69.33715,77.51526,-3.44473
1776,-87.74101,98.04439,36.06617
1777,-31.76423,35.26153,-140.34077
1778,-101.01479,112.03729,11.44939
1779,-68.98199,76.32178,10.51852
1780,-59.10043,65.22673,-71.87374
1781,-56.23042,61.53968,-12.66365
1782,-50.50196,55.23455,-28.80151
1783,-40.84734,44.62654,-49.23872
1784,-82.97398,90.34982,-72.01791
1785,-72.92205,79.15947,-8.84786
1786,-58.02946,62.89406,-118.27364
1787,-86.02768,92.95078,-30.94894
1788,-100.22155,108.06037,5.71565
1789,-54.51334,58.73323,-73.44009
1790,-101.0935,108.81432,-18.70339
1791,-84.69586,90.78017,9.69737
1792,-55.11869,58.89493,-116.67488
1793,-36.03427,38.44748,33.53645
1794,-58.41457,62.27025,-109.79058
1795,-34.22304,36.36001,-75.86955
1796,-83.77259,88.4612,29.9936
1797,-37.19192,39.24579,-59.04896
1798,-83.34507,87.08387,-7.49003
1799,-63.69625,66.30646,-94.12363
1800,-95.04322,98.88792,68.11479
1801,-67.02835,69.71763,-13.54232
1802,-42.62699,44.32492,-32.26097
1803,-44.61373,46.22622,-28.3595
1804,-42.40012,43.78375,-122.05396
1805,-35.00666,35.95294,32.47636
1806,-77.81548,79.84851,84.76233
1807,-67.16744,68.831,117.67512
1808,-33.0424,33.84546,12.96005
1809,-48.57426,49.72722,44.19212
1810,-102.14779,104.37932,-18.99551
1811,-50.87741,51.94364,131.62928
1812,-44.17261,45.06932,-127.70896
1813,-78.42956,79.91316,-38.31188
1814,-74.42482,75.6447,2.85592
1815,-88.72569,90.04782,41.82828
1816,-36.58503,37.07142,10.93576
1817,-90.89477,91.88648,57.45482
1818,-83.92271,84.8183,-74.46075
1819,-32.34644,32.66592,-49.70498
1820,-84.66949,85.30626,50.52093
1821,-6.89599,6.94345,10.88464
1822,-41.55286,41.79126,-118.03114
1823,-64.73217,64.75138,45.5188
1824,-94.78301,94.56104,-62.90768
1825,-56.68914,56.41463,-23.16494
1826,-105.26205,104.65054,-34.72491
1827,-97.37739,96.50171,-22.25273
1828,-101.33057,100.35903,3.18702
1829,-72.80822,72.07501,-35.96188
1830,-104.84429,103.36015,-3.79429
1831,-35.95222,35.429,41.92597
1832,-58.55024,57.66642,-105.90272
1833,-36.98349,36.40241,27.47931
1834,-108.26957,106.41494,7.0828
1835,-85.07748,83.58372,-85.66453
1836,-59.60936,58.36726,-119.28041
1837,-10.90483,10.67445,-34.92125
1838,-54.90762,53.68707,-46.174
1839,-91.22179,89.06798,57.97557
1840,-60.34272,58.75886,100.19159
1841,-79.11254,76.8874,-73.29816
1842,-87.32829,84.81036,-9.45575
1843,-49.63428,48.18919,-109.7122
1844,-100.71522,97.70911,-59.55693
1845,-63.34328,61.36999,95.09931
1846,-90.75997,87.83262,-54.96046
1847,-43.33753,41.84811,83.78939
1848,-82.09416,78.82048,7.04268
1849,-69.77415,66.89129,-102.98878
1850,-48.4016,46.36737,42.49901
1851,-64.69439,61.95501,-15.9913
1852,-107.02432,101.81871,-19.72488
1853,-26.1932,24.77544,91.27242
1854,-58.62959,55.32368,53.09382
1855,-85.98494,80.85382,50.89615
1856,-50.0159,46.88564,-114.7742
1857,-51.39308,48.06508,-117.9703
1858,-61.65672,57.55263,40.45836
1859,-58.37894,54.14581,-63.98234
1860,-74.93224,69.43296,-51.5301
1861,-13.35995,12.36354,22.97024
1862,-55.69236,51.44958,-25.11711
1863,-65.45439,60.16891,52.81659
1864,-41.43228,37.98559,-32.93231
1865,-91.37133,83.62147,88.06438
1866,-86.47317,78.97216,-50.13608
1867,-84.3852,76.96427,-6.83861
1868,-103.71262,94.3692,-45.03543
1869,-12.31854,11.19766,33.40954
1870,-37.63631,33.90925,4.84993
1871,-56.26439,50.68838,91.67146
1872,-101.79445,91.69726,44.63257
1873,-85.49301,76.83303,7.76963
1874,-61.04853,54.75925,-10.22913
1875,-35.83098,32.04629,89.18707
1876,-44.48024,39.77274,110.73299
1877,-8.8216,7.85948,-31.96982
1878,-64.94716,57.75735,5.81028
1879,-106.06599,94.15226,55.24787
1880,-75.74802,67.141,-37.30025
1881,-103.59281,91.79443,-50.32252
1882,-84.02103,73.96595,-100.41128
1883,-77.53639,67.74906,-27.63733
1884,-82.97198,72.36735,-47.85544
1885,-16.10496,13.97665,29.37349
1886,-87.84665,76.15335,-49.66101
1887,-59.48703,51.50498,26.80262
1888,-59.68235,51.6713,-19.44003
1889,-23.05772,19.86371,132.60686
1890,-45.96972,39.49631,80.17218
1891,-16.15227,13.86123,-77.98843
1892,-58.42904,50.11539,82.02183
1893,-79.9042,68.51723,1.01951
1894,-43.4017,37.17891,-30.83152
1895,-95.20806,81.19185,-41.25503
1896,-47.73859,40.64369,-107.06237
1897,-95.44842,81.22103,-46.53723
1898,-56.30354,47.86195,-59.93485
1899,-53.60396,45.49673,126.2514
1900,-103.87817,88.12493,-25.0344
1901,-22.83251,19.35576,22.39491
1902,-109.76746,92.82181,-6.17071
1903,-41.42924,35.02385,-81.5464
1904,-103.30008,87.01338,-27.02517
1905,-74.82457,62.8669,8.9217
1906,-58.02681,48.4789,98.36625
1907,-51.66312,42.80675,56.86683
1908,-94.12497,77.98805,36.43644
1909,-98.27654,81.42122,-76.09742
1910,-63.45438,52.46728,51.97916
1911,-2.417,1.99572,125.58903
1912,-36.87742,30.44398,-69.61766
1913,-19.57765,16.13448,94.10628
1914,-95.09545,78.12319,-13.06698
1915,-105.91518,86.65362,-23.73279
1916,-63.80159,51.82284,-53.78885
1917,-89.05794,72.32963,10.48074
1918,-62.61868,50.84792,-125.31446
1919,-61.8828,50.22415,-61.72513
1920,-60.87205,49.36822,-55.3848
1921,-73.65815,59.42164,7.88859
1922,-67.56232,54.222,-62.72167
1923,-38.55616,30.86804,-107.23635
1924,-102.71713,82.21018,-1.92263
1925,-54.32047,43.42135,-7.80592
1926,-26.63613,21.2907,-63.99873
1927,-105.3183,84.04698,56.17736
1928,-75.57977,60.15609,-36.62003
1929,-110.83442,88.18314,1.48992
1930,-84.85016,67.38182,-62.64403
1931,-54.83557,43.43325,-59.74893
1932,-101.80991,80.56746,44.85664
1933,-101.79949,80.49584,-58.23776
1934,-22.6934,17.9324,-61.82865
1935,-81.26362,64.17481,26.76786
1936,-100.18448,79.11008,-44.34149
1937,-55.85477,44.02316,78.35878
1938,-88.21787,69.30743,-84.17147
1939,-100.63136,79.04343,-10.21002
1940,-73.9278,57.94577,-65.78918
1941,-29.44034,23.0302,140.46053
1942,-25.65407,19.95138,-75.46919
1943,-108.63844,84.12187,-51.19416
1944,-38.66548,29.86499,-38.72795
1945,-72.30588,55.83004,-5.0521
1946,-35.40319,27.27568,-85.34562
1947,-88.43164,67.61536,44.55327
1948,-80.98156,61.78118,101.04104
1949,-77.09384,58.74677,-60.30569
1950,-45.62718,34.63978,138.54877
1951,-99.50263,75.46497,64.69802
1952,-31.76657,24.08671,-44.20179
1953,-98.40232,74.49668,-53.68015
1954,-77.74873,58.83475,-60.62237
1955,-57.77563,43.70111,-90.26686
1956,-110.97743,83.78528,-18.29717
1957,-112.2951,84.63407,-2.90782
1958,-69.88196,52.52405,-94.22794
1959,-81.26423,61.04791,-35.7938
1960,-59.18409,44.32113,-104.93646
1961,-72.68439,54.31461,-47.5894
1962,-47.4712,35.40872,69.19034
1963,-85.46306,63.69021,-107.36411
1964,-98.25902,73.17685,-47.99302
1965,-65.04471,48.43635,43.79107
1966,-69.47194,51.42217,87.30155
1967,-40.59351,29.8121,64.5835
1968,-66.18815,48.28131,-29.14583
1969,-82.55493,60.15141,-99.29014
1970,-37.03881,26.98641,-114.63611
1971,-28.45808,20.65946,-75.24428
1972,-93.14727,67.50711,-46.4716
1973,-101.37402,73.32475,23.97136
1974,-55.59404,40.12719,105.45742
1975,-17.40848,12.5522,-25.00037
1976,-110.51103,79.4712,-53.34544
1977,-34.49039,24.78129,-57.74928
1978,-74.74594,53.69249,-53.58746
1979,-92.27291,65.9033,-18.82151
1980,-107.12243,76.14408,17.79086
1981,-27.50349,19.48173,-78.86293
1982,-82.81478,58.6566,19.31838
1983,-62.61592,44.25167,-24.35818
1984,-25.00803,17.59378,98.45394
1985,-95.90787,67.13361,-68.95864
1986,-29.30798,20.38664,-57.09738
1987,-33.57391,23.25809,7.12265
1988,-13.92003,9.58936,126.09857
1989,-63.71586,43.78089,-70.30186
1990,-73.1643,49.94736,99.88756
1991,-84.45581,57.64258,59.30067
1992,-98.96448,67.46826,-78.9828
1993,-44.19893,30.06107,74.56262
1994,-35.01989,23.72038,24.3954
1995,-53.11668,35.92721,-87.91088
1996,-86.45375,58.20289,-54.87828
1997,-71.74378,47.98981,-94.13103
1998,-30.9255,20.46925,-130.32743
1999,-0.92655,0.61135,147.70631
2000,-96.61475,63.30346,-70.14103
2001,-73.63666,48.07952,18.00124
2002,-66.82943,43.51045,-94.84606
2003,-95.04334,61.60485,-99.9497
2004,-84.20998,54.47247,-96.91909
2005,-91.28474,58.86033,103.67075
2006,-62.36736,40.09766,50.17277
2007,-75.73853,48.39345,-123.98955
2008,-54.15563,34.57498,38.72403
2009,-95.60912,60.9738,100.48846
2010,-88.89918,56.62103,-88.97169
2011,-32.7587,20.79042,85.50566
2012,-89.02442,56.42812,-77.31728
2013,-83.34619,52.6671,-79.3893
2014,-51.74444,32.57457,-4.53657
2015,-31.0074,19.39745,16.58785
2016,-66.64576,41.60204,108.39035
2017,-86.85322,54.20758,-98.17213
2018,-52.01045,32.41815,53.21987
2019,-67.42084,41.92177,-11.30602
2020,-102.59293,62.91816,-78.85972
2021,-70.29104,43.0802,43.27485
2022,-110.64847,67.45366,-53.64391
2023,-79.13971,48.22616,-0.65508
2024,-53.47575,32.49638,-75.22256
2025,-37.72204,22.72918,52.15146
2026,-97.29169,58.60326,-17.65694
2027,-53.39421,31.83517,-31.06147
2028,-84.41579,49.99123,54.76786
2029,-71.51028,42.28035,-127.26059
2030,-61.12043,36.06636,-133.09044
2031,-106.12697,61.98154,-30.96883
2032,-22.81041,13.31967,-19.11457
2033,-76.96873,44.76639,-93.15698
2034,-108.09883,62.80025,-30.56949
2035,-79.14239,45.93758,35.71709
2036,-55.69508,32.24215,-108.26144
2037,-106.25815,61.17308,-36.32695
2038,-79.6064,45.75259,-85.28152
2039,-14.3853,8.24423,-121.27083
2040,-116.77701,66.56589,-56.40708
2041,-109.8626,62.52874,74.72077
2042,-74.23884,42.17766,-1.51738
2043,-102.32398,57.9752,-64.32427
2044,-50.96201,28.83065,-39.75247
2045,-127.00299,71.79309,-39.17051
2046,-122.6816,69.03962,4.48206
2047,-118.77305,66.79183,34.83367
2048,-88.3115,49.6508,-37.72583
2049,-120.43688,67.52548,3.58153
2050,-55.26109,30.83901,-67.00536
2051,-126.02314,69.75543,29.64193
2052,-102.83885,56.67771,62.03394
2053,-110.22473,60.72325,-40.74192
2054,-54.20041,29.68208,80.16033
2055,-24.01762,13.14497,-141.67884
2056,-71.24257,38.84476,101.61557
2057,-73.60933,39.99485,69.25909
2058,-118.7131,64.04029,30.60083
2059,-108.69036,58.46393,-38.78093
2060,-122.53949,65.56995,-18.85216
2061,-20.12691,10.7661,16.12827
2062,-77.77995,41.38321,-0.57146
2063,-90.16286,47.9245,-63.95149
2064,-80.4212,42.58792,-63.75246
2065,-53.2134,27.95607,-133.74017
2066,-68.99,35.93632,-16.66966
2067,-69.01247,35.72814,-78.552
2068,-64.65119,33.44964,-24.50181
2069,-130.91455,67.21167,-18.89493
2070,-99.75089,50.10148,-56.9475
2071,-27.89691,14.00303,-38.86829
2072,-53.98379,27.07214,-76.6224
2073,-33.36059,16.72187,-85.30473
2074,-54.18628,27.09588,73.48438
2075,-135.42857,66.9994,-7.59027
2076,-117.34093,58.05075,-78.09527
2077,-20.95998,10.36613,-21.14477
2078,-107.4368,53.12016,10.79635
2079,-54.09328,26.72333,-53.80526
2080,-65.14346,31.79127,-105.54683
2081,-37.3455,18.20367,-71.68032
2082,-61.88884,30.10457,38.63797
2083,-90.16217,43.84482,32.07407
2084,-21.68799,10.54439,123.45284
2085,-77.98213,37.80427,-30.36261
2086,-27.18509,13.09809,28.05545
2087,-38.36999,18.43805,-45.38805
2088,-83.1208,39.79366,-36.46639
2089,-27.36932,13.07743,88.39846
2090,-18.75329,8.95932,60.553
2091,-29.06881,13.85953,69.40363
2092,-130.57925,62.22326,-16.28355
2093,-102.36391,48.72889,58.8045
2094,-83.14987,39.57129,-113.0038
2095,-95.19746,44.91923,33.60571
2096,-34.60932,16.30707,-80.85023
2097,-58.85611,27.67008,-14.45159
2098,-80.4674,37.58123,-98.50025
2099,-122.48224,57.03862,-10.26215
2100,-99.00058,46.04484,-71.25449
2101,-125.25051,58.08465,-47.43647
2102,-86.25261,39.92399,-10.31306
2103,-92.11653,42.59386,-9.5613
2104,-68.05107,31.42453,131.14834
2105,-41.41093,19.07818,117.23189
2106,-96.45062,44.38395,-16.2649
2107,-89.67583,41.22597,-24.21797
2108,-95.33579,43.7094,-46.06203
2109,-109.64076,50.19853,-50.01868
2110,-128.28793,58.57324,37.72424
2111,-53.92068,24.51729,-131.12712
2112,-65.85533,29.9048,-103.49409
2113,-60.52069,27.23439,46.84677
2114,-53.37505,24.01412,39.34155
2115,-42.33247,19.02075,-26.96994
2116,-29.11229,13.03929,-24.93097
2117,-93.51053,41.80717,-37.76369
2118,-34.86831,15.5005,83.98909
2119,-46.70295,20.73397,-127.30161
2120,-127.01361,56.07494,-54.77059
2121,-34.1355,15.06573,-129.88185
2122,-122.63349,53.9749,30.26928
2123,-24.48981,10.67485,-132.46811
2124,-114.11057,49.52592,8.55134
2125,-125.94298,54.33093,14.54247
2126,-56.70484,24.43834,-128.59745
2127,-102.00781,43.74085,-100.12225
2128,-26.60522,11.37233,-64.09543
2129,-45.57049,19.46849,43.9988
2130,-107.03492,45.62679,20.01924
2131,-103.60104,43.76122,-2.206
2132,-88.29019,37.15522,22.6241
2133,-68.74318,28.92074,-4.87812
2134,-22.68083,9.35594,-75.47755
2135,-35.63292,14.67878,79.92524
2136,-102.30588,42.06117,12.84899
2137,-7.26739,2.97978,-114.9393
2138,-122.74165,50.16317,-59.53507
2139,-97.14858,39.45443,-106.53085
2140,-58.72661,23.77,40.17443
2141,-81.55302,32.75176,85.40894
2142,-92.31475,36.76534,114.99088
2143,-24.28226,9.659,22.26087
2144,-63.04697,24.97655,-72.67958
2145,-105.16034,41.53589,48.8125
2146,-13.41107,5.22163,102.73125
2147,-130.70393,50.80401,21.33414
2148,-111.3422,43.06229,-11.20446
2149,-47.0511,18.17763,-137.22195
2150,-63.76753,24.5906,-22.95937
2151,-103.16495,39.29688,-60.62
2152,-113.0707,43.06536,-79.39541
2153,-16.52874,6.2371,-19.77655
2154,-109.4532,40.96566,-37.37578
2155,-23.34496,8.67873,-134.51257
2156,-81.11117,30.00362,-74.31338
2157,-100.76089,37.25225,-23.70508
2158,-22.95526,8.46517,-92.32412
2159,-58.02556,21.39468,-132.47414
2160,-60.14074,21.85182,68.23726
2161,-102.79006,37.06936,-104.63029
2162,-94.16488,33.57416,-71.91898
2163,-59.88187,21.3271,-130.94711
2164,-99.85175,35.41967,-51.78096
2165,-64.73451,22.94449,-59.05656
2166,-58.32087,20.65399,-124.13194
2167,-62.99722,22.03955,81.83064
2168,-38.46441,13.42626,20.15787
2169,-92.26292,32.03821,7.34673
2170,-55.23989,19.17789,25.04806
2171,-57.72154,19.95348,94.7644
2172,-20.03611,6.89909,142.94653
2173,-57.9164,19.87336,21.99496
2174,-32.89229,11.27196,-100.18225
2175,-81.48078,27.88814,55.11887
2176,-33.73251,11.52614,-102.68403
2177,-40.90541,13.97405,-100.24783
2178,-75.55414,25.50376,70.07469
2179,-34.09632,11.4847,-134.34791
2180,-94.37572,31.63941,59.06004
2181,-57.57409,19.26468,93.20544
2182,-52.14865,17.37654,-97.56311
2183,-115.6727,38.52294,27.58275
2184,-51.91335,17.21419,-51.34674
2185,-60.92596,20.12936,-19.98132
2186,-139.55574,46.03613,-41.39484
2187,-90.19223,29.60148,10.55753
2188,-108.73398,35.38715,-42.3883
2189,-102.81437,33.38517,94.33374
2190,-105.82289,34.26374,-68.66552
2191,-127.65989,41.28035,-51.97832
2192,-51.59902,16.55892,116.91784
2193,-115.91056,37.12475,-64.491
2194,-97.86419,31.30082,18.4094
2195,-95.96785,30.60085,18.75125
2196,-91.12463,29.04286,-6.72799
2197,-128.19358,40.79453,8.08723
2198,-80.37375,25.57662,-49.78719
2199,-83.96084,26.49258,-59.51484
2200,-105.9134,33.2415,-17.37878
2201,-55.37094,17.29647,25.11048
2202,-59.09849,18.41634,-129.65963
2203,-19.07951,5.88915,80.05561
2204,-103.91372,30.80744,-23.89828
2205,-57.20494,16.95073,56.00818
2206,-134.55867,39.55592,-51.69734
2207,-107.74454,31.55601,53.52797
2208,-108.00147,31.47069,-102.18554
2209,-68.14345,19.76407,-92.97996
2210,-127.81319,36.9832,-31.78005
2211,-68.92102,19.94054,-66.95393
2212,-77.28452,22.30186,37.082
2213,-114.16074,32.45706,10.95455
2214,-124.43322,35.28451,-2.63892
2215,-69.98401,19.80472,93.71048
2216,-32.06462,9.03538,-85.30075
2217,-59.11194,16.63472,-75.19988
2218,-103.31431,28.84705,63.57017
2219,-92.10534,25.55077,-86.18286
2220,-131.75684,36.11493,53.83934
2221,-95.40786,25.9391,-73.1697
2222,-9.91523,2.69223,-108.56618
2223,-116.72622,31.67555,-38.42081
2224,-90.28151,24.40606,49.99037
2225,-144.30231,38.96856,26.16977
2226,-118.38878,31.8421,-86.30002
2227,-35.76033,9.55871,-47.0688
2228,-44.74033,11.9559,-42.0297
2229,-125.08077,33.29595,-21.64336
2230,-44.48347,11.764,4.91856
2231,-72.73672,19.20772,-96.55025
2232,-92.60083,24.44832,78.14504
2233,-37.72715,9.91593,77.97036
2234,-13.04884,3.38439,20.27637
2235,-55.42977,14.3577,-128.68073
2236,-46.29825,11.96232,-144.98979
2237,-34.47307,8.86245,13.08177
2238,-45.87644,11.77761,-23.95772
2239,-110.94603,28.40972,18.4937
2240,-60.38466,15.15224,60.81698
2241,-54.02118,13.53206,26.89129
2242,-90.67318,22.49058,-69.68843
2243,-86.17017,21.36339,71.55436
2244,-61.44322,15.17114,49.87715
2245,-55.91539,13.80615,-63.24948
2246,-136.09901,33.58304,31.50635
2247,-91.98628,22.62753,-98.43455
2248,-33.85166,8.31298,-131.51336
2249,-120.34221,29.09892,5.11019
2250,-71.2331,17.17955,-79.8046
2251,-60.02557,14.29863,-131.36774
2252,-117.22028,27.84566,-46.65187
2253,-88.85853,21.04944,-21.0868
2254,-104.22184,24.60901,-46.68708
2255,-62.28351,14.58574,-58.90209
2256,-67.60704,15.71339,29.92637
2257,-118.41322,27.19484,-70.06782
2258,-49.98864,11.37225,-27.35115
2259,-110.91893,25.19096,52.21628
2260,-74.62108,16.80691,-1.78021
2261,-86.42797,19.20427,-56.11605
2262,-81.29325,17.82503,-40.58401
2263,-51.0358,10.95921,72.24116
2264,-73.51238,15.74019,-31.64172
2265,-57.64933,12.32477,15.13651
2266,-99.40675,21.10936,71.17532
2267,-55.11527,11.6724,102.49626
2268,-66.89434,14.16675,-71.47046
2269,-110.9161,23.488,-0.81041
2270,-33.31869,7.05451,85.46005
2271,-146.91023,30.95407,-2.07243
2272,-136.27532,28.65164,-46.59344
2273,-32.00526,6.72233,-37.75553
2274,-93.74075,19.66644,-68.07512
2275,-56.57319,11.834,82.22034
2276,-124.72754,25.55512,-54.04024
2277,-143.23309,29.29755,-0.17736
2278,-48.77333,9.95729,-65.71458
2279,-16.23869,3.29591,6.20311
2280,-51.46007,10.4134,14.49111
2281,-84.76833,16.74858,-30.83202
2282,-111.49592,22.00108,59.3394
2283,-75.63078,14.87493,-75.4699
2284,-113.87505,22.35793,-25.2524
2285,-76.34553,14.94009,-32.88697
2286,-45.2011,8.72134,79.55231
2287,-88.16347,17.00533,-62.09811
2288,-86.93669,16.65981,-6.13821
2289,-58.72863,11.23954,-3.81592
2290,-125.78305,23.89789,-16.02613
2291,-97.59724,18.54034,-104.37241
2292,-55.45545,10.47816,-44.11599
2293,-89.91399,16.97339,-82.19902
2294,-101.2012,18.90152,49.01804
2295,-95.62558,17.83604,50.34115
2296,-55.81878,10.35306,-116.61734
2297,-11.38187,2.08023,-63.47012
2298,-43.40894,7.82372,34.69206
2299,-112.70718,20.29072,-97.80829
2300,-43.0077,7.61297,-142.48757
2301,-143.0707,24.40907,-11.08167
2302,-41.90923,7.04656,65.62793
2303,-78.51364,13.19589,12.84979
2304,-103.93914,17.46478,106.62622
2305,-123.16722,20.69182,86.998
2306,-15.79422,2.64646,-72.88832
2307,-125.46996,20.7269,-19.78396
2308,-36.91737,6.03649,77.83309
2309,-101.17199,16.49913,-38.58254
2310,-101.66273,15.86657,-70.15275
2311,-68.22371,10.56425,-29.0669
2312,-24.20523,3.73818,-7.80892
2313,-93.49869,14.28549,-31.84397
2314,-97.73794,14.75624,5.70155
2315,-86.82937,13.06868,44.2532
2316,-94.0006,14.03435,-35.69047
2317,-130.93998,19.43571,-55.32805
2318,-121.03696,17.64874,-16.73778
2319,-74.39857,10.80076,40.66118
2320,-108.22225,15.4553,-91.32973
2321,-118.16018,16.57525,-1.8698
2322,-55.27373,7.72973,-33.84938
2323,-72.25895,10.09383,106.82859
2324,-45.86169,6.32524,-42.6873
2325,-75.17981,10.35255,-107.91349
2326,-49.15962,6.67517,40.65937
2327,-97.41156,13.09378,88.78417
2328,-112.31123,14.97095,-20.10639
2329,-111.66442,14.87733,-51.25276
2330,-36.91077,4.90402,56.76632
2331,-52.09866,6.83806,130.89041
2332,-58.75279,7.38669,101.3384
2333,-135.48922,17.02329,57.45216
2334,-9.15549,1.13018,59.09289
2335,-83.57677,10.18248,67.99936
2336,-102.27127,12.1777,83.0
2337,-123.04699,14.52942,26.68424
2338,-64.56836,7.61544,-90.56118
2339,-85.14644,9.84384,-73.43092
2340,-20.44012,2.35622,-119.75192
2341,-110.83157,12.54662,21.7294
2342,-79.96173,8.9844,-7.78635
2343,-86.11346,9.19003,-105.89596
2344,-118.93028,12.64526,23.05597
2345,-38.8662,4.0977,-42.86216
2346,-110.45748,11.49244,29.12957
2347,-37.44778,3.82939,-125.89895
2348,-132.30643,13.51044,-21.80978
2349,-105.04231,10.72582,-80.25411
2350,-104.54954,10.54269,-84.9691
2351,-83.00646,8.14585,-25.38926
2352,-128.58491,12.43887,51.52682
2353,-135.67801,13.01459,-44.79195
2354,-118.79892,11.19689,43.66816
2355,-27.04721,2.52907,-85.47308
2356,-98.32778,8.69977,-102.14142
2357,-65.48278,5.68417,28.86418
2358,-99.05766,8.56719,-80.93661
2359,-102.91407,8.82225,1.71672
2360,-72.77973,6.16153,-85.54666
2361,-109.573,9.25263,16.77215
2362,-46.71325,3.81366,-43.85229
2363,-103.44384,8.43994,100.25303
2364,-139.20108,10.44646,-8.64796
2365,-148.63655,10.82913,0.48188
2366,-82.86932,5.94749,-119.52043
2367,-139.61697,10.0166,26.43501
2368,-49.7159,3.56145,-126.39693
2369,-55.25586,3.89284,-108.14577
2370,-111.65772,7.74723,63.53153
2371,-94.81027,6.4973,-58.52307
2372,-83.4797,5.6923,-31.6105
2373,-115.47826,7.81702,16.82518
2374,-149.16492,9.78564,8.02099
2375,-36.18876,2.32699,5.26324
2376,-15.51158,0.97526,-36.13868
2377,-70.87779,4.15573,119.14579
2378,-132.09949,7.59092,35.4591
2379,-103.06721,5.70258,-50.26027
2380,-110.16161,6.03804,-38.41147
2381,-58.23725,3.0736,8.45145
2382,-65.07569,3.41414,24.00058
2383,-94.85912,4.97288,-80.53251
2384,-10.72237,0.512,2.79061
2385,-60.08942,2.82163,17.52581
2386,-77.08343,3.32504,-90.47507
2387,-54.00207,2.13975,11.76281
2388,-52.58141,2.02949,34.66388
2389,-95.44068,3.65837,-92.01818
2390,-41.09499,1.55421,106.21161
2391,-120.31496,4.54338,-21.17971
2392,-131.4477,4.47313,-45.81736
2393,-73.49583,2.34871,112.29448
2394,-99.5296,3.14083,27.49687
2395,-92.89316,2.87491,-62.47064
2396,-61.84055,1.76847,-43.42613
2397,-15.18011,0.40883,20.66873
2398,-94.16019,2.39562,-68.41374
2399,-114.99955,2.44929,6.46846
2400,-88.90315,1.79032,-79.79433
2401,-120.26451,2.39298,-10.8085
2402,-83.65915,1.45429,-25.82204
2403,-96.14277,1.04446,-76.46979
2404,-94.06685,0.94101,29.60258
2405,-40.08891,0.32871,25.31861
2406,-108.31589,0.80524,-89.71393
2407,-22.29255,0.13722,-103.3308
2408,-70.0259,0.41266,-92.15271
2409,-65.7115,0.21395,120.1965
2410,-52.43484,0.13812,-81.2634
2411,-148.37109,0.05454,-19.90687
2412,-84.57336,0.01892,5.40273
2413,-95.1434,0.01795,64.25883
2414,-37.9077,-0.02321,107.95432
2415,-65.33475,-0.11533,-38.23455
2416,-108.44286,-0.41316,12.57496
2417,-30.73765,-0.11779,85.55492
2418,-98.36268,-0.52782,21.58676
2419,-107.52253,-0.68355,-0.68425
2420,-50.87436,-0.33022,-79.86993
2421,-43.62162,-0.30885,93.29148
2422,-103.34524,-0.7832,-92.49756
2423,-30.15487,-0.24318,-100.50525
2424,-93.80508,-0.79803,0.16723
2425,-24.78904,-0.22906,23.15395
2426,-31.64749,-0.41819,-62.96496
2427,-90.56208,-1.22957,-101.27949
2428,-118.20761,-1.85291,-11.3409
2429,-22.82049,-0.38632,91.99782
2430,-113.85957,-1.99035,-20.68704
2431,-124.16215,-2.28398,3.16964
2432,-38.41853,-0.77944,-96.70332
2433,-130.66284,-2.91083,78.01102
2434,-53.82014,-1.26446,-105.54673
2435,-77.39559,-1.97573,7.26037
2436,-20.69451,-0.64077,-104.0037
2437,-137.8082,-4.31869,23.47567
2438,-123.37742,-3.97463,-79.13189
2439,-129.2108,-4.52564,-78.11802
2440,-113.55237,-4.01223,68.40625
2441,-63.56869,-2.34055,73.09584
2442,-71.55536,-2.7793,-69.94379
2443,-18.54963,-0.73939,-93.59653
2444,-91.18062,-3.7673,72.93408
2445,-56.6778,-2.38717,-92.02875
2446,-109.34963,-4.67691,-72.40883
2447,-82.79312,-3.63039,-57.39389
2448,-43.57345,-1.9136,4.43565
2449,-109.36782,-4.99183,-14.94657
2450,-56.48742,-2.60534,-43.9739
2451,-50.38085,-2.35427,-76.0337
2452,-83.75322,-3.93812,43.24179
2453,-75.95736,-3.57842,63.56157
2454,-51.36242,-2.48164,-22.4684
2455,-57.45566,-2.78454,-86.58358
2456,-82.24834,-4.03966,-106.22882
2457,-96.62487,-4.92464,6.86027
2458,-47.00059,-2.46276,-93.90795
2459,-45.03376,-2.39403,-90.27008
2460,-7.21062,-0.38415,32.88663
2461,-63.37661,-3.37705,-88.09711
2462,-69.39299,-3.76554,-120.69868
2463,-115.13289,-6.27598,-76.04334
2464,-79.05743,-4.34977,-104.2267
2465,-48.67752,-2.85643,8.82833
2466,-103.31107,-6.14382,-69.2643
2467,-139.06402,-8.40674,21.99672
2468,-111.7257,-6.88423,-83.52384
2469,-82.48348,-5.13827,-8.27349
2470,-107.37514,-6.86343,-17.02211
2471,-73.3673,-4.78941,-81.50852
2472,-104.41237,-6.84085,-76.64062
2473,-13.5563,-0.91372,20.94832
2474,-58.46117,-4.089,15.59238
2475,-30.47397,-2.18412,-97.57829
2476,-135.50943,-9.7404,17.53749
2477,-72.98636,-5.32876,60.52503
2478,-42.23052,-3.15792,-93.76054
2479,-46.56341,-3.56445,25.81906
2480,-120.60168,-9.37944,-88.19029
2481,-70.74388,-5.71824,45.65051
2482,-47.67555,-3.86229,27.8939
2483,-99.6589,-8.13725,-1.37378
2484,-22.60823,-1.86215,85.61977
2485,-95.73651,-7.96097,-23.13858
2486,-68.16075,-5.67386,33.37157
2487,-98.8123,-8.33099,-109.47653
2488,-80.22748,-6.7792,34.23346
2489,-79.54771,-6.90492,43.28903
2490,-76.27585,-6.64192,-0.89101
2491,-106.94143,-9.31997,10.66089
2492,-53.77463,-4.68733,-60.61927
2493,-93.13459,-8.51806,-101.90074
2494,-139.007,-12.86055,-28.34964
2495,-24.68978,-2.3084,-141.52208
2496,-80.56825,-7.56124,37.7296
2497,-26.18513,-2.49216,-141.4602
2498,-114.84034,-11.07559,34.71196
2499,-39.19127,-3.79493,-95.16241
2500,-90.64388,-8.80029,42.0299
2501,-35.46003,-3.45366,-120.30589
2502,-64.40753,-6.37456,-75.31594
2503,-87.92165,-8.79032,-90.41625
2504,-119.05186,-12.1799,-59.59259
2505,-58.63262,-6.1119,-120.79127
2506,-77.3531,-8.14987,37.6868
2507,-60.02733,-6.36623,-48.73162
2508,-77.85451,-8.28898,38.35374
2509,-27.44396,-2.98944,-88.1127
2510,-70.32217,-7.69984,-84.88311
2511,-62.85503,-6.93833,-12.99274
2512,-139.45698,-15.89804,5.00449
2513,-82.24168,-9.56779,118.94852
2514,-119.80501,-14.05511,-0.38594
2515,-76.66116,-9.06951,39.0379
2516,-88.13071,-10.60272,-48.63075
2517,-81.92037,-9.92778,40.09102
2518,-127.69897,-15.55056,66.74684
2519,-121.10912,-15.03524,9.38309
2520,-41.80084,-5.19209,-87.68354
2521,-91.19437,-11.45427,45.27952
2522,-79.33256,-9.97004,94.06657
2523,-70.49742,-8.88807,34.50171
2524,-73.98937,-9.38375,36.23583
2525,-93.78273,-12.10218,33.14295
2526,-72.14827,-9.40896,27.77848
2527,-43.72345,-5.74788,71.69844
2528,-63.41778,-8.36465,-117.59708
2529,-31.32457,-4.16514,-103.26449
2530,-46.34676,-6.1967,39.94876
2531,-44.01473,-5.89787,-136.86044
2532,-124.41394,-16.88955,-74.48254
2533,-85.90677,-11.69501,39.63394
2534,-83.27292,-11.38406,-51.77843
2535,-121.37942,-16.6506,2.83802
2536,-107.35334,-14.84235,-91.82523
2537,-108.1824,-15.00483,-72.75767
2538,-32.57976,-4.56949,-66.00149
2539,-23.66606,-3.35885,-132.63418
2540,-93.83941,-13.3637,-38.62571
2541,-96.56574,-13.83849,-43.84353
2542,-83.00992,-12.15891,-119.73141
2543,-39.38518,-5.77332,-102.81696
2544,-62.82479,-9.24373,-56.01148
2545,-95.83038,-14.13837,43.70286
2546,-78.24601,-11.61715,-13.16941
2547,-71.65559,-10.75636,-86.53724
2548,-62.89604,-9.45525,-39.88675
2549,-102.95748,-15.54178,20.09114
2550,-102.05395,-15.64013,43.03865
2551,-25.77083,-4.05406,-22.69529
2552,-50.84161,-8.05659,-42.99399
2553,-69.31704,-11.2199,-84.68578
2554,-67.54019,-10.93595,-6.98826
2555,-143.84919,-23.50948,22.55629
2556,-81.63307,-13.38608,-58.14238
2557,-26.36818,-4.37769,-30.25567
2558,-105.99368,-17.6726,8.05837
2559,-61.04491,-10.24868,-91.53208
2560,-42.62649,-7.18516,-96.34314
2561,-37.82426,-6.4508,-98.73876
2562,-48.81127,-8.33723,42.85572
2563,-149.10065,-25.48228,-8.74575
2564,-130.52863,-22.39346,-1.97448
2565,-68.7783,-11.82294,-134.22814
2566,-106.83377,-18.36984,-102.59517
2567,-64.29806,-11.27107,-75.62243
2568,-119.24198,-21.07961,-40.59363
2569,-74.67774,-13.54754,44.59436
2570,-25.82334,-4.73016,-30.15793
2571,-66.25693,-12.15272,12.3952
2572,-35.70838,-6.59937,6.55721
2573,-73.02633,-13.51902,8.86455
2574,-72.42372,-13.50421,75.96271
2575,-50.07761,-9.38401,-91.98486
2576,-143.0279,-26.82256,3.37652
2577,-53.98301,-10.35577,-46.41452
2578,-143.58578,-27.61814,-36.07557
2579,-87.10088,-16.78531,42.65218
2580,-35.38836,-6.861,111.40946
2581,-62.42837,-12.17179,-131.6383
2582,-73.94396,-14.42248,54.27245
2583,-78.10865,-15.24892,-3.9515
2584,-22.68216,-4.45331,139.94784
2585,-59.31089,-11.68558,-94.11489
2586,-32.53016,-6.47189,-86.5401
2587,-117.1041,-23.43872,-65.5632
2588,-72.71537,-14.66816,9.99435
2589,-71.40952,-14.92698,15.45092
2590,-28.24464,-5.91546,56.1051
2591,-118.68884,-25.3577,29.25673
2592,-37.11247,-7.93568,-89.98017
2593,-92.06559,-19.86225,106.33121
2594,-117.01009,-25.35367,30.12322
2595,-7.62988,-1.66055,67.67087
2596,-10.42584,-2.27463,92.40916
2597,-19.38362,-4.23187,149.28982
2598,-86.87681,-18.97869,46.39503
2599,-80.64581,-17.87378,-120.36825
2600,-91.8431,-20.43685,72.24142
2601,-127.79713,-28.78556,-70.59432
2602,-69.15385,-15.63683,-93.36423
2603,-67.93337,-15.65474,114.49419
2604,-52.35925,-12.07993,-27.07081
2605,-123.26042,-28.47179,46.46952
2606,-95.55483,-22.10062,-109.28708
2607,-111.08545,-25.75357,-12.16655
2608,-104.53784,-24.35495,31.02708
2609,-35.34765,-8.39423,-30.6788
2610,-88.27377,-21.01266,-84.83932
2611,-57.91403,-13.85794,13.11284
2612,-19.23477,-4.61598,-6.44056
2613,-13.50599,-3.24419,20.56192
2614,-60.3378,-14.54685,41.13459
2615,-63.55345,-15.34947,-13.47855
2616,-141.04691,-34.15428,-19.39031
2617,-11.63976,-2.87386,26.23351
2618,-83.42627,-20.66555,122.5694
2619,-65.23754,-16.23748,-89.55664
2620,-88.27355,-22.00968,-101.16401
2621,-82.08819,-20.4765,-51.80869
2622,-25.71784,-6.41583,20.94692
2623,-44.64515,-11.19214,63.58213
2624,-56.6751,-14.38599,-82.2401
2625,-88.47537,-22.60669,-50.34263
2626,-40.52621,-10.37473,-103.33628
2627,-45.56266,-11.67044,-124.76226
2628,-65.80309,-17.03403,-55.56965
2629,-71.39646,-18.64106,-119.27198
2630,-63.60937,-16.61788,35.42856
2631,-108.01962,-28.27897,-81.94792
2632,-105.55789,-27.73167,-88.71334
2633,-88.05223,-23.45319,-6.0714
2634,-89.48792,-24.03161,-1.91823
2635,-130.97489,-35.23244,-60.14401
2636,-44.38237,-12.00856,-29.91705
2637,-83.63841,-22.85558,6.60862
2638,-119.64727,-33.11954,-44.63323
2639,-96.42897,-26.79916,-113.44906
2640,-140.50196,-39.46528,-11.76526
2641,-134.79744,-38.01128,58.40681
2642,-67.02603,-18.90609,-120.61429
2643,-41.70257,-11.87059,-50.81593
2644,-132.81021,-38.28352,-42.88426
2645,-105.24211,-30.37726,-59.24346
2646,-39.37049,-11.48194,-85.75528
2647,-90.41845,-26.85679,52.34693
2648,-78.98034,-23.61799,-114.69029
2649,-57.42258,-17.22548,-101.54862
2650,-54.58119,-16.40209,-41.19778
2651,-123.30902,-37.22233,-13.72429
2652,-89.17998,-27.11625,-54.76313
2653,-38.0162,-11.63061,132.87643
2654,-107.15996,-32.81524,-26.11724
2655,-26.37086,-8.10543,-134.94989
2656,-72.26658,-22.22035,-55.38382
2657,-120.77976,-38.05285,-12.28015
2658,-46.29915,-14.61016,38.61657
2659,-140.3953,-44.83113,-26.26015
2660,-60.93899,-19.49923,-83.58559
2661,-115.38908,-37.22229,14.4326
2662,-95.85202,-30.98433,-50.33846
2663,-33.44486,-10.99817,-79.92559
2664,-117.74059,-39.09807,76.5385
2665,-24.70347,-8.20966,84.09101
2666,-107.86937,-36.69221,81.10942
2667,-53.72798,-18.37793,49.1103
2668,-86.16397,-29.77053,-112.3954
2669,-26.4146,-9.14248,15.55725
2670,-91.79123,-31.93912,35.01923
2671,-39.66796,-13.89775,-40.56076
2672,-110.21116,-38.68553,-23.72902
2673,-22.87721,-8.10068,-81.1215
2674,-39.14792,-13.86314,-135.4179
2675,-51.45044,-18.2808,64.34306
2676,-15.59408,-5.55301,-83.77739
2677,-66.58265,-23.71406,-72.59167
2678,-112.05473,-40.02258,58.97739
2679,-128.33934,-45.98535,8.78655
2680,-105.68999,-38.67623,-97.69391
2681,-62.90092,-23.0332,-77.66813
2682,-13.52592,-4.96324,-10.74396
2683,-117.61807,-43.21293,6.44047
2684,-78.34459,-29.096,-29.57718
2685,-61.13029,-22.76289,2.3775
2686,-124.62552,-46.45448,-45.12762
2687,-75.4079,-28.17614,-100.4165
2688,-76.48313,-28.59496,37.87186
2689,-86.52632,-32.37139,-86.30106
2690,-94.77661,-35.46672,97.39378
2691,-59.40361,-22.25802,5.72278
2692,-109.61426,-41.55765,38.72018
2693,-89.75443,-34.27612,-88.13476
2694,-12.85749,-4.93061,19.6119
2695,-84.17339,-32.37196,-123.18912
2696,-114.59724,-44.1658,3.00095
2697,-61.49609,-23.79171,-82.90848
2698,-106.5841,-41.4818,-32.00275
2699,-66.47664,-25.88856,31.54558
2700,-13.30018,-5.1871,20.37899
2701,-43.91407,-17.2628,-134.19353
2702,-69.91803,-27.60889,-1.56475
2703,-69.70721,-27.55641,-85.58136
2704,-50.68138,-20.32327,-127.07766
2705,-53.37084,-21.66944,-141.64034
2706,-33.64618,-13.67135,62.76658
2707,-34.9335,-14.31535,-79.7795
2708,-84.25635,-34.72927,-100.77342
2709,-78.04632,-32.24225,1.61491
2710,-89.11262,-37.37475,47.94844
2711,-87.39078,-36.70147,-45.52904
2712,-70.78181,-29.88254,-41.046
2713,-79.73199,-33.81734,93.64004
2714,-31.66029,-13.43309,-74.84903
2715,-62.53126,-26.55833,-23.03369
2716,-95.80761,-40.95567,-58.46063
2717,-52.89012,-22.61394,-31.48275
2718,-84.46741,-36.13928,-90.1273
2719,-88.36404,-37.91797,-48.12539
2720,-40.4977,-17.52464,-97.42446
2721,-44.29098,-19.28633,69.89168
2722,-51.43123,-22.3981,3.58733
2723,-35.10114,-15.34556,44.09414
2724,-108.71871,-47.53734,-28.15212
2725,-20.55657,-9.01257,-0.23346
2726,-49.05829,-21.64773,-93.46967
2727,-85.29194,-37.80377,-105.51536
2728,-103.3631,-45.97409,5.29884
2729,-61.31706,-27.44007,-61.37401
2730,-81.0665,-36.4235,-56.40817
2731,-106.70481,-47.9585,-58.32245
2732,-96.71894,-43.47152,-52.85822
2733,-73.19136,-33.03811,-35.10983
2734,-85.24488,-38.53284,-81.02873
2735,-43.16256,-19.54798,34.79956
2736,-108.84424,-49.35813,-83.83581
2737,-63.19205,-28.84193,17.7084
2738,-75.16517,-34.53834,-81.33543
2739,-77.59664,-35.73261,-122.1158
2740,-85.196,-39.26024,9.13616
2741,-28.38454,-13.16206,41.40143
2742,-43.33009,-20.28745,74.26129
2743,-78.48165,-36.8587,-84.70208
2744,-78.98948,-37.117,31.68921
2745,-83.86524,-39.41083,33.75171
2746,-24.0367,-11.29573,113.62346
2747,-5.22973,-2.46472,-78.4655
2748,-26.07756,-12.36817,61.39713
2749,-50.46296,-24.09811,121.43205
2750,-65.38411,-31.44206,-68.09595
2751,-79.85264,-38.52274,-51.56499
2752,-54.91296,-26.74473,106.41628
2753,-113.70262,-55.39781,-12.17619
2754,-58.42051,-28.46622,83.37236
2755,-80.84482,-39.5074,47.0124
2756,-63.64372,-31.133,-87.53177
2757,-103.59213,-51.1839,-6.6931
2758,-89.51576,-44.42865,-28.21732
2759,-70.85785,-35.18016,-38.78323
2760,-34.60834,-17.29794,33.73863
2761,-53.47303,-26.73131,-84.38151
2762,-94.6408,-47.67149,-77.70518
2763,-57.56038,-29.06841,-83.33981
2764,-81.41187,-41.13321,-31.86332
2765,-85.77379,-43.43246,-11.30339
2766,-34.28096,-17.36535,-46.20398
2767,-130.11157,-66.23786,13.53389
2768,-82.96375,-42.23968,111.89573
2769,-83.73819,-43.35425,10.48349
2770,-125.96858,-65.39089,20.98015
2771,-46.21735,-23.99512,38.72056
2772,-85.86989,-44.64095,22.68521
2773,-85.91957,-44.77886,-53.88572
2774,-38.15625,-19.96091,70.37949
2775,-82.86297,-43.53291,84.73997
2776,-64.664,-34.04846,50.7402
2777,-20.13827,-10.64505,-75.17949
2778,-85.9926,-45.87069,21.01
2779,-27.00029,-14.5237,-101.98775
2780,-49.98317,-26.90548,31.01087
2781,-80.65797,-43.57963,-119.48301
2782,-70.76195,-38.36094,109.69042
2783,-128.69948,-69.89419,36.0666
2784,-69.08728,-37.64254,-89.53282
2785,-35.29279,-19.27406,-100.72969
2786,-45.11418,-24.65812,-75.47712
2787,-99.76887,-55.34816,62.39308
2788,-73.14841,-40.68596,-115.76754
2789,-90.42315,-50.36241,1.89798
2790,-83.12651,-46.39944,4.96683
2791,-73.92629,-41.70362,116.44001
2792,-108.26389,-61.31826,36.62685
2793,-118.90986,-67.72106,54.44581
2794,-75.00796,-42.83727,115.0723
2795,-46.02687,-26.65798,-55.3247
2796,-130.50983,-75.86421,-5.49012
2797,-76.62677,-44.62753,-103.92095
2798,-89.61005,-52.28922,66.06948
2799,-79.94545,-46.7049,47.96572
2800,-75.26098,-44.04073,13.64718
2801,-57.704,-33.87044,1.8042
2802,-71.98359,-42.30096,-68.67571
2803,-44.73034,-26.55438,96.52455
2804,-52.03611,-30.95708,74.6958
2805,-123.66786,-74.31658,-32.65411
2806,-101.61785,-61.10793,-90.27712
2807,-103.57928,-62.45728,-19.71501
2808,-35.06781,-21.15226,85.38352
2809,-64.18029,-38.7226,-120.89583
2810,-87.05626,-52.59898,69.70342
2811,-58.60639,-35.45936,-81.84037
2812,-95.78158,-58.25531,-32.85858
2813,-64.32504,-39.33182,-106.36608
2814,-90.99735,-55.92515,-16.70991
2815,-98.94588,-60.82244,-58.10846
2816,-104.61812,-64.67986,-59.87907
2817,-30.3277,-18.75662,129.40489
2818,-103.01925,-63.96203,-53.71727
2819,-116.20536,-72.22701,-46.50084
2820,-16.16212,-10.10647,-117.22513
2821,-93.87791,-58.93701,-23.21617
2822,-58.31274,-37.1692,-52.09784
2823,-85.23457,-54.41433,-59.85372
2824,-78.20051,-50.20206,1.29704
2825,-21.43344,-13.79071,-68.97099
2826,-80.91644,-52.08804,-111.77405
2827,-105.86109,-68.66217,-13.54427
2828,-46.22954,-30.3609,-113.32746
2829,-99.61579,-65.44244,-33.33323
2830,-24.56329,-16.17844,37.36323
2831,-69.62893,-45.92956,-86.33546
2832,-25.72939,-17.1087,-121.76912
2833,-45.56492,-30.35422,21.97977
2834,-46.6606,-31.26119,73.29039
2835,-63.16598,-42.36656,-25.00767
2836,-38.46031,-25.9405,98.82332
2837,-15.42447,-10.42037,23.29043
2838,-42.86825,-29.0122,-6.00887
2839,-17.10326,-11.57828,21.45339
2840,-82.05446,-55.6614,-12.99511
2841,-45.06827,-30.67284,-86.75181
2842,-52.45872,-35.83615,79.32023
2843,-62.11778,-42.47803,-27.33585
2844,-56.3413,-38.64592,132.69825
2845,-68.31494,-46.86301,120.20259
2846,-5.51043,-3.79546,-42.28206
2847,-67.51146,-46.57163,-53.71195
2848,-51.4445,-35.52875,80.11877
2849,-67.01313,-46.31372,15.11315
2850,-70.31141,-48.61256,-28.95988
2851,-110.75594,-76.61005,-16.56795
2852,-97.84966,-67.7855,-90.77906
2853,-39.94515,-27.67818,55.10839
2854,-48.51009,-33.63136,83.87548
2855,-45.74171,-31.76469,-13.23745
2856,-37.3099,-25.93186,94.70657
2857,-44.889,-31.25639,-41.22288
2858,-102.37674,-71.30648,-41.802
2859,-44.47575,-30.99159,128.29328
2860,-57.37763,-40.05805,0.46944
2861,-87.51347,-61.16118,85.8251
2862,-19.0374,-13.31302,-42.38365
2863,-39.874,-27.89812,119.14479
2864,-98.99061,-69.40365,-64.41457
2865,-61.28531,-42.97006,43.96462
2866,-100.88133,-70.99901,61.70143
2867,-48.93139,-34.43997,-46.55665
2868,-95.1789,-67.1699,85.8628
2869,-53.35421,-37.67908,-76.11757
2870,-41.56319,-29.40922,124.78297
2871,-69.8748,-49.47072,-76.29815
2872,-103.07737,-73.2175,-23.13918
2873,-99.71619,-71.11166,-4.25139
2874,-107.13722,-76.96729,-1.46692
2875,-106.30972,-76.41136,34.93082
2876,-52.85524,-38.18319,9.68281
2877,-85.53072,-62.10101,-60.23102
2878,-94.30149,-68.52326,16.88917
2879,-37.30807,-27.15314,4.70341
2880,-43.36713,-31.64451,109.99743
2881,-77.40946,-56.5603,-103.45066
2882,-115.69183,-84.54258,-37.62742
2883,-69.21233,-50.75665,-65.73261
2884,-75.40629,-55.49029,-23.49067
2885,-107.95208,-79.51532,-48.72001
2886,-41.73213,-30.78539,-117.42857
2887,-113.70771,-84.0868,2.4507
2888,-78.73043,-58.23823,-6.35521
2889,-54.36506,-40.29415,-68.57146
2890,-108.21698,-80.83461,4.04419
2891,-32.33545,-24.19111,-42.01417
2892,-57.52921,-43.11847,-7.70892
2893,-70.23257,-52.71303,-91.61458
2894,-100.10512,-75.26711,81.1819
2895,-65.56622,-49.29932,-80.13673
2896,-86.65972,-65.48058,-40.74971
2897,-80.26343,-60.95939,-111.90539
2898,-75.83657,-57.6291,102.68101
2899,-51.0891,-38.83742,112.90619
2900,-72.1623,-55.28612,56.3449
2901,-60.58704,-46.42367,1.10433
2902,-82.61267,-63.48636,-100.13681
2903,-35.0913,-27.01171,-51.88406
2904,-39.10683,-30.25091,122.87647
2905,-62.39131,-48.45711,74.65907
2906,-16.14462,-12.62256,16.18926
2907,-69.19011,-54.09944,-46.12893
2908,-50.12932,-39.28447,32.0004
2909,-56.59349,-44.42153,-104.53906
2910,-72.31526,-56.98387,-84.0863
2911,-44.40303,-35.23894,52.87571
2912,-68.15807,-54.15456,125.42099
2913,-71.14344,-56.63276,96.78711
2914,-93.23179,-74.23081,22.13586
2915,-70.00555,-56.19319,20.88302
2916,-66.2392,-53.20511,-80.77889
2917,-92.98501,-75.16718,-18.03002
2918,-34.31721,-27.80253,-90.61616
2919,-59.51133,-49.16797,106.34123
2920,-72.96891,-60.37356,-66.99793
2921,-91.79136,-76.19411,-43.28181
2922,-33.18819,-27.56267,42.25362
2923,-74.59205,-62.63665,-84.37484
2924,-95.53717,-80.46293,-61.61252
2925,-41.00835,-34.76183,13.13328
2926,-93.41429,-79.43432,-4.36996
2927,-71.92019,-61.78417,70.81887
2928,-35.81491,-30.88025,-89.72008
2929,-96.99653,-84.15028,-5.6189
2930,-38.98829,-34.18777,-36.56825
2931,-43.05361,-37.75285,29.26968
2932,-15.74281,-13.84104,-40.92034
2933,-67.356,-59.35176,-45.62917
2934,-68.76879,-60.82063,-91.38203
2935,-29.49998,-26.15677,1.30303
2936,-52.72237,-46.84359,-76.80732
2937,-36.81314,-32.86888,84.48985
2938,-101.54886,-90.71017,-27.37913
2939,-20.22882,-18.08199,109.16465
2940,-82.95453,-74.24487,49.0516
2941,-104.47847,-93.55169,10.67244
2942,-82.0666,-73.52268,3.91665
2943,-82.97141,-74.49626,-77.308
2944,-64.87066,-58.94471,42.18991
2945,-51.72125,-47.11149,-17.63666
2946,-68.68871,-62.71332,-88.95291
2947,-99.65988,-91.16259,25.01565
2948,-58.52522,-53.61585,43.30329
2949,-64.85495,-59.87071,-118.71107
2950,-16.71175,-15.43191,-6.54048
2951,-69.05702,-63.82381,-87.14472
2952,-99.57394,-92.16163,1.31857
2953,-75.17808,-70.18066,38.02446
2954,-58.76794,-55.05195,118.24638
2955,-87.94842,-82.62888,-80.25915
2956,-69.77017,-65.59972,25.89785
2957,-72.39105,-68.62941,-44.35869
2958,-56.37817,-53.6986,-52.79926
2959,-59.04169,-56.7235,-118.82362
2960,-77.53554,-74.53387,23.70722
2961,-103.1203,-99.1898,-39.25091
2962,-17.44947,-16.80047,-123.27079
2963,-45.30394,-43.65216,-42.20487
2964,-70.6825,-68.11526,-101.55718
2965,-58.41388,-56.39838,51.33077
2966,-58.63334,-56.62037,71.19647
2967,-28.79908,-27.88075,-52.82698
2968,-68.32365,-66.21791,-94.16964
2969,-66.78705,-64.83216,-76.4995
2970,-90.84198,-88.26668,11.97072
2971,-64.66197,-62.94038,-64.83066
2972,-77.95551,-75.91292,-53.74222
2973,-90.74046,-88.44187,50.05477
2974,-79.92334,-78.08327,-72.10133
2975,-60.10294,-58.78748,70.9513
2976,-71.13102,-69.58168,83.98199
2977,-78.60796,-76.93311,-52.32567
2978,-73.6474,-72.19376,101.22685
2979,-58.28959,-57.17721,-74.81225
2980,-80.6349,-79.3945,-22.31365
2981,-67.59421,-66.80532,-49.80493
2982,-37.36568,-36.96022,-112.72826
2983,-105.85638,-104.87455,-2.46582
2984,-63.20471,-62.92261,-52.97869
2985,-73.67206,-73.61482,-108.78589
2986,-65.19305,-65.52909,112.44392
2987,-38.49604,-38.84625,-115.05156
2988,-34.9833,-35.42936,86.95429
2989,-50.23877,-51.03942,-43.96237
2990,-69.72234,-70.93038,-67.99684
2991,-61.5763,-62.71867,-46.85299
2992,-65.60733,-67.05459,-12.918
2993,-65.31828,-66.90392,-4.95149
2994,-81.47022,-83.70906,62.80963
2995,-29.33576,-30.17102,-120.75475
2996,-62.81718,-64.80963,-65.43782
2997,-40.32434,-41.7433,129.86838
2998,-37.69899,-39.13874,92.38365
2999,-97.64641,-101.47687,-2.22582
3000,-45.14486,-47.10988,-129.88026
3001,-25.33098,-26.4892,126.91405
3002,-36.68918,-38.47076,59.35494
3003,-79.13583,-83.61014,-81.83172
3004,-56.42093,-59.74358,-49.21618
3005,-83.34267,-88.45525,-35.96361
3006,-69.65061,-74.18884,-65.85731
3007,-57.88505,-61.66786,-47.86108
3008,-48.61215,-51.82966,23.69615
3009,-29.22328,-31.56154,-122.89865
3010,-42.57294,-46.07093,-49.95842
3011,-60.30332,-65.25893,-22.1535
3012,-56.3832,-61.03638,-44.85837
3013,-71.41949,-77.33233,-62.45387
3014,-80.59122,-88.62825,71.04805
3015,-40.87916,-45.17899,134.55905
3016,-82.73223,-91.43828,-90.41248
3017,-83.84701,-92.71284,6.1759
3018,-80.28914,-89.01019,21.60396
3019,-26.12933,-29.01008,-44.50952
3020,-76.49029,-84.95082,91.48401
3021,-72.62447,-80.81485,-39.09936
3022,-40.65265,-45.53357,90.6547
3023,-53.16149,-59.57187,-60.70682
3024,-53.33695,-59.88849,-15.59874
3025,-42.05043,-47.24628,-22.58104
3026,-52.80067,-59.43459,33.71852
3027,-81.52365,-91.95861,-53.53917
3028,-60.6956,-68.59293,101.61197
3029,-52.12699,-58.91262,73.47798
3030,-78.99505,-89.41725,-94.87883
3031,-27.19857,-30.80022,-116.41804
3032,-53.89452,-61.16394,-87.53646
3033,-40.08521,-45.50245,33.84128
3034,-32.50698,-37.33541,0.3215
3035,-22.70158,-26.09088,-38.50953
3036,-90.0992,-104.12631,-32.34015
3037,-68.95362,-79.74025,18.04418
3038,-80.5748,-93.35495,-28.55918
3039,-77.04051,-89.55102,-81.42231
3040,-63.15667,-73.50097,89.00483
3041,-9.99271,-11.65005,-25.34436
3042,-39.30106,-46.07929,-52.76015
3043,-38.71013,-45.55,-66.10798
3044,-67.82791,-79.85743,-48.85824
3045,-13.16684,-15.54113,-52.18829
3046,-72.75793,-86.13798,72.82676
3047,-78.94101,-93.55782,-91.23548
3048,-46.36828,-55.01597,45.86337
3049,-25.84399,-30.82306,51.4076
3050,-80.98784,-96.96687,-67.98981
3051,-29.40236,-35.26763,139.93476
3052,-61.85866,-74.70905,-76.37827
3053,-76.93049,-92.9731,54.59661
3054,-47.20659,-57.05717,-63.80762
3055,-79.37215,-96.47672,58.90556
3056,-84.52445,-102.89014,29.68488
3057,-27.63319,-33.70415,-73.0152
3058,-42.03357,-51.27313,124.94113
3059,-25.23864,-31.27468,139.68245
3060,-75.33349,-93.61026,-87.03466
3061,-56.85937,-70.6875,-75.34243
3062,-72.11244,-89.9366,-90.61372
3063,-87.72264,-109.56608,37.76632
3064,-55.89033,-69.8484,-71.75459
3065,-58.91424,-73.73664,-69.07563
3066,-70.07892,-87.8032,-31.03982
3067,-40.56168,-51.23863,90.01395
3068,-39.64613,-50.10242,90.9044
3069,-67.78,-85.94533,-106.09866
3070,-79.28459,-100.66309,-36.21269
3071,-33.49474,-42.57466,-63.32412
3072,-23.89083,-30.4908,73.70497
3073,-90.25569,-115.27435,-1.57015
3074,-54.34069,-69.69651,-17.8984
3075,-1.28837,-1.65416,-64.31589
3076,-62.62591,-80.55528,1.08108
3077,-22.98155,-29.58447,1.20488
3078,-61.16926,-78.81645,107.74562
3079,-32.09824,-41.43572,75.39925
3080,-58.3838,-75.66814,105.08365
3081,-26.57613,-34.49371,-70.64578
3082,-51.93232,-67.42316,-26.73709
3083,-70.44593,-91.72608,51.05174
3084,-46.07811,-59.99739,-113.75396
3085,-63.47689,-82.81413,88.75668
3086,-87.86834,-114.77171,-20.45346
3087,-58.66947,-76.6832,45.73679
3088,-73.21792,-95.74746,73.2454
3089,-40.73204,-53.37375,-25.40845
3090,-54.6726,-71.74734,61.91603
3091,-65.32179,-85.77891,34.2296
3092,-50.30511,-66.32683,-55.76976
3093,-41.45263,-54.87197,-25.25438
3094,-60.00779,-79.47649,86.26251
3095,-70.45795,-93.33815,34.05227
3096,-25.21418,-33.48175,-33.4863
3097,-88.94705,-118.35635,-25.00521
3098,-39.24156,-52.36561,-23.39181
3099,-79.67923,-106.80611,-18.92107
3100,-55.28336,-74.14057,-42.12803
3101,-36.45671,-49.06781,132.33633
3102,-31.89403,-43.04364,109.38879
3103,-65.36334,-88.46213,-42.90843
3104,-59.07295,-79.95554,-64.98142
3105,-51.92902,-70.51667,7.24709
3106,-12.12313,-16.48652,10.299
3107,-73.5703,-100.08252,-17.71292
3108,-27.40872,-37.46116,100.81523
3109,-71.96358,-98.38758,-58.75445
3110,-60.40528,-82.64192,-56.8594
3111,-25.70519,-35.36435,61.58887
3112,-78.22021,-108.3651,35.62265
3113,-56.55755,-78.76819,-60.72844
3114,-67.0243,-93.55108,-46.77008
3115,-67.0675,-93.70749,-18.34406
3116,-39.97144,-56.05677,-96.60003
3117,-54.34231,-76.45247,89.33591
3118,-55.36054,-78.12233,58.79438
3119,-5.95145,-8.42092,125.04606
3120,-63.19462,-89.9226,-57.56388
3121,-57.40133,-81.72405,29.22995
3122,-14.97653,-21.42724,-72.7237
3123,-62.02949,-89.0031,81.80054
3124,-46.13924,-66.37769,-57.50713
3125,-35.1565,-50.6106,-60.81692
3126,-68.09833,-98.18889,11.53621
3127,-31.51859,-45.66813,19.83562
3128,-38.72288,-56.23163,15.57125
3129,-28.6234,-41.61331,16.86406
3130,-85.67395,-124.68339,1.20686
3131,-22.48194,-32.93999,19.70645
3132,-55.18281,-81.23982,68.28783
3133,-3.60761,-5.31184,-66.26753
3134,-10.04415,-14.8144,144.66961
3135,-13.61516,-20.19628,112.60317
3136,-24.22989,-35.94721,-12.16305
3137,-72.50995,-107.79926,-58.9203
3138,-58.80073,-87.48669,-94.31115
3139,-51.51432,-76.68925,-6.19837
3140,-52.31988,-78.08263,29.21047
3141,-21.98983,-32.83647,101.25689
3142,-34.607,-51.78988,-76.33334
3143,-38.11548,-57.04555,-114.74313
3144,-56.70584,-84.95154,-71.78922
3145,-64.97618,-97.60391,11.18145
3146,-24.93702,-37.74257,12.47888
3147,-21.07398,-32.0412,73.98441
3148,-63.38497,-96.42451,19.90318
3149,-38.08474,-58.00575,-111.59046
3150,-58.38946,-89.12191,-76.02736
3151,-40.98183,-62.68004,18.83193
3152,-24.69886,-37.89951,65.51787
3153,-58.40088,-89.80319,-84.47887
3154,-28.21084,-43.39316,-113.26804
3155,-64.52816,-99.30811,-57.72939
3156,-42.05788,-65.03923,-34.21578
3157,-68.21073,-105.91223,-71.22595
3158,-26.54709,-41.25107,-3.27416
3159,-25.67947,-40.16201,-2.85728
3160,-44.00507,-68.9812,3.57352
3161,-20.99999,-32.95027,-44.81007
3162,-54.10127,-84.91916,-47.27522
3163,-59.56199,-93.67208,11.57862
3164,-11.48236,-18.16591,1.68288
3165,-41.8016,-66.35933,103.7266
3166,-25.98325,-41.28498,-2.6337
3167,-28.03594,-45.28114,-115.01008
3168,-69.43474,-112.60627,-53.37247
3169,-69.95039,-113.91227,42.44629
3170,-37.97482,-62.37862,11.0189
3171,-64.51811,-106.26762,85.00406
3172,-42.69705,-70.566,-35.63607
3173,-41.92473,-69.31948,-76.58669
3174,-68.0718,-112.65522,74.58192
3175,-61.39475,-101.67663,-58.61428
3176,-13.46205,-22.30317,-45.4463
3177,-37.9853,-63.1106,122.16442
3178,-61.55306,-102.52796,-58.15992
3179,-46.56293,-77.55942,-77.82347
3180,-16.73744,-27.88314,-57.43917
3181,-26.25057,-43.92914,-13.54902
3182,-58.98506,-98.94612,-49.33401
3183,-25.95648,-43.58189,-34.17132
3184,-70.59693,-118.72,-7.21144
3185,-55.46498,-93.30624,-78.6544
3186,-75.47645,-127.02189,-17.69228
3187,-59.65603,-100.41604,-12.88786
3188,-67.21084,-113.25103,7.83629
3189,-47.54238,-80.2904,-112.27159
3190,-48.07563,-81.60749,-58.56349
3191,-39.7717,-67.78951,-76.11283
3192,-56.59844,-96.59207,-103.46131
3193,-60.74533,-104.62275,-39.8989
3194,-49.49696,-85.66016,-65.19742
3195,-43.57075,-75.48973,103.50772
3196,-66.53248,-115.55816,-11.85738
3197,-69.24656,-120.904,-20.60261
3198,-42.95352,-75.07319,-73.70368
3199,-47.87454,-83.6915,78.57273
3200,-39.47355,-69.1403,-111.93726
3201,-46.17035,-81.14518,53.57883
3202,-53.6682,-94.67007,75.80867
3203,-48.3944,-85.52047,-75.49397
3204,-50.88278,-90.00914,-77.19209
3205,-62.27244,-110.1904,-1.81388
3206,-9.3397,-16.55295,-64.22606
3207,-24.5874,-43.58882,21.0416
3208,-58.07609,-103.30287,38.76661
3209,-43.81777,-78.03711,37.63204
3210,-57.99233,-103.29632,-50.7267
3211,-59.93181,-106.76495,50.06127
3212,-52.66428,-94.25664,-76.41248
3213,-23.01366,-41.25555,-109.27344
3214,-11.15499,-20.0286,-36.3697
3215,-57.52397,-104.01676,80.71504
3216,-23.10795,-42.04007,133.69953
3217,-59.4316,-108.13103,20.96904
3218,-38.80469,-71.02352,-49.51197
3219,-58.93545,-107.95688,-82.97572
3220,-48.06766,-88.07626,61.68894
3221,-58.49363,-107.32082,17.3872
3222,-64.05479,-117.63535,-53.67902
3223,-51.40546,-94.45242,-89.73241
3224,-15.07857,-27.86656,77.67922
3225,-32.17247,-59.53727,-134.7954
3226,-12.68662,-23.48556,-26.85505
3227,-57.6043,-107.07813,-35.20072
3228,-31.76041,-59.19341,77.50361
3229,-25.12386,-46.96318,-60.03672
3230,-44.14051,-82.58011,-41.59315
3231,-38.27655,-71.70507,14.17388
3232,-47.32697,-88.76083,-106.09321
3233,-13.90141,-26.13528,-90.80773
3234,-50.31174,-94.71786,19.06663
3235,-50.18003,-95.15213,33.31118
3236,-30.15061,-57.3287,-11.01123
3237,-66.28019,-126.03587,-49.02018
3238,-30.38954,-57.79075,104.24013
3239,-21.90918,-42.08112,-92.97964
3240,-43.2286,-83.18741,-42.88664
3241,-57.01353,-109.90999,-50.42045
3242,-51.23489,-98.86618,-47.51092
3243,-50.3278,-97.63959,68.64835
3244,-58.95545,-115.05914,38.70266
3245,-41.16813,-80.66207,-47.24855
3246,-22.5874,-44.33028,-8.83028
3247,-34.36634,-67.53622,-11.38932
3248,-47.05802,-92.63561,-94.79323
3249,-31.22504,-61.52818,-129.37898
3250,-51.60746,-102.07709,98.66749
3251,-60.47573,-119.93308,30.51781
3252,-37.29764,-74.10417,32.78993
3253,-54.20175,-107.76033,-49.92733
3254,-37.89458,-75.34319,-100.098
3255,-65.45324,-130.29834,15.42263
3256,-37.43202,-74.60941,-5.91245
3257,-65.58037,-131.003,-33.91681
3258,-57.14378,-114.57364,-68.80227
3259,-38.97864,-79.02835,-23.01699
3260,-40.20448,-82.02623,-20.55302
3261,-26.44265,-54.11368,-96.05842
3262,-42.11593,-86.19978,-35.06359
3263,-39.7594,-82.32852,-39.01634
3264,-20.65333,-42.78124,-3.28307
3265,-8.99202,-18.66139,-51.11958
3266,-20.14775,-41.93396,-61.93188
3267,-62.0347,-129.78618,26.10248
3268,-35.09483,-73.68666,-115.03025
3269,-37.60619,-79.0018,-115.00976
3270,-55.65857,-117.04456,-69.03277
3271,-16.22466,-34.13011,-20.6157
3272,-44.87371,-95.46312,-97.24897
3273,-11.08033,-23.71362,106.10895
3274,-6.65489,-14.25087,142.40052
3275,-43.8853,-94.02946,-39.38057
3276,-43.77734,-94.11567,-108.80581
3277,-32.82212,-70.71678,99.92777
3278,-39.26389,-84.65351,-36.77499
3279,-14.74789,-31.81144,-12.8415
3280,-52.74337,-114.75762,-73.21584
3281,-52.66767,-114.70889,-51.27635
3282,-14.41852,-31.5019,-105.83226
3283,-29.92818,-65.49172,-64.84286
3284,-33.44446,-73.31063,-117.4694
3285,-23.48924,-51.49523,19.65801
3286,-57.15776,-125.73427,1.2012
3287,-52.58966,-116.21918,-57.81969
3288,-42.66966,-94.46444,100.39073
3289,-50.29738,-111.47815,-52.21239
3290,-52.26495,-116.1576,-1.90347
3291,-46.97798,-105.25005,-56.89169
3292,-39.78123,-89.29287,-63.96652
3293,-48.0357,-107.91063,67.14464
3294,-16.66755,-37.44352,-67.15977
3295,-42.20266,-94.98994,12.66716
3296,-25.9708,-58.62172,92.2696
3297,-32.63724,-73.68492,104.23056
3298,-43.54494,-98.38907,-55.17996
3299,-52.35792,-118.64667,53.40754
3300,-25.94477,-58.89584,-65.1471
3301,-28.91213,-65.71123,90.9566
3302,-23.83595,-54.40891,-117.21376
3303,-40.78657,-93.12008,93.22057
3304,-38.035,-86.85394,-37.71018
3305,-25.03493,-57.16853,47.70571
3306,-47.35357,-108.36843,-51.18947
3307,-45.05717,-104.063,4.96655
3308,-35.5795,-83.05652,-75.34283
3309,-51.58924,-120.79568,-73.67522
3310,-58.57971,-137.50461,-2.05419
3311,-14.5237,-34.13442,-5.4591
3312,-21.31385,-50.20269,140.37982
3313,-42.49899,-100.4273,-51.9066
3314,-39.01299,-94.08127,-47.44858
3315,-27.88779,-67.41135,83.80727
3316,-38.69514,-93.61313,27.38518
3317,-37.80904,-91.78842,-110.85863
3318,-37.74742,-91.92384,-56.18328
3319,-19.29539,-47.11378,1.76373
3320,-46.01302,-112.59954,-16.10224
3321,-40.57503,-99.41963,-85.05674
3322,-36.50957,-89.81084,64.2019
3323,-30.73575,-75.73357,7.77461
3324,-31.16865,-76.82555,-77.90359
3325,-48.49045,-119.66703,-4.56617
3326,-18.14289,-44.78549,49.3405
3327,-53.32703,-132.21314,-31.4269
3328,-18.65525,-46.25263,-19.61183
3329,-44.21727,-109.90012,54.86031
3330,-36.87593,-91.72579,-32.12737
3331,-18.70149,-46.53762,89.82724
3332,-40.7571,-101.5034,33.12312
3333,-38.75217,-96.63414,-99.61263
3334,-15.46241,-38.60926,81.11698
3335,-33.69334,-84.3769,-16.94162
3336,-25.21364,-63.26763,-122.38123
3337,-32.02861,-80.8612,15.91407
3338,-39.30047,-99.80352,2.68141
3339,-54.09641,-139.15771,17.93406
3340,-52.62906,-136.10073,44.89361
3341,-18.05502,-46.84377,79.66273
3342,-16.45948,-42.77958,-140.18939
3343,-20.10797,-52.7502,-133.02571
3344,-19.65703,-51.74449,-117.6701
3345,-38.73005,-102.90704,104.57862
3346,-50.24718,-134.26817,23.94913
3347,-43.91721,-117.50252,-14.37651
3348,-34.04034,-91.67354,-79.61962
3349,-28.00807,-76.36479,45.49264
3350,-46.99876,-128.57438,-63.85985
3351,-46.78423,-129.0619,-60.8221
3352,-15.68801,-43.31173,128.21566
3353,-44.96164,-124.32333,75.89344
3354,-31.56587,-87.42117,6.83727
3355,-31.45493,-87.18411,6.83857
3356,-10.3087,-28.60995,-38.20192
3357,-35.24709,-97.97765,22.8839
3358,-32.164,-89.67768,69.73119
3359,-15.88482,-44.35983,-0.82268
3360,-27.97551,-78.22673,-104.05966
3361,-33.90417,-94.83524,-32.83924
3362,-41.8818,-117.46092,10.6293
3363,-24.54279,-68.92757,-33.29453
3364,-30.53699,-86.07488,-77.91105
3365,-11.22198,-31.66953,116.30964
3366,-35.37481,-100.71935,-21.08804
3367,-16.83867,-48.20057,74.81876
3368,-32.62833,-93.49631,5.97752
3369,-11.77047,-33.88041,-86.30156
3370,-43.51841,-125.76137,-36.26562
3371,-32.4545,-93.93735,-86.75817
3372,-26.40689,-77.00766,-42.30006
3373,-23.38754,-68.20523,129.92145
3374,-30.12915,-88.38635,3.80432
3375,-27.8616,-82.38399,-102.2439
3376,-15.1418,-45.22078,-116.56691
3377,-19.22294,-57.4093,-112.26714
3378,-29.94331,-89.62922,-99.69199
3379,-40.78368,-122.3492,16.65856
3380,-43.96831,-132.91995,-33.1954
3381,-12.76321,-38.66339,-101.29362
3382,-47.17323,-143.39947,5.44193
3383,-21.16456,-65.2272,-70.87484
3384,-34.9207,-107.65516,59.87821
3385,-33.75911,-104.52518,33.86138
3386,-40.65883,-125.97566,-35.24538
3387,-27.92773,-87.27612,-32.64338
3388,-27.56053,-86.14212,80.47841
3389,-20.22052,-63.25464,74.36564
3390,-11.3403,-35.55349,38.62186
3391,-21.65483,-68.12146,-20.0492
3392,-25.96088,-81.81172,20.22845
3393,-31.22121,-99.29072,-52.44536
3394,-17.16598,-54.71188,7.29244
3395,-36.84843,-117.85176,82.65391
3396,-14.42027,-46.15729,-57.72201
3397,-39.47245,-127.088,12.78814
3398,-35.1455,-113.65857,-28.77571
3399,-29.21165,-94.60111,0.51812
3400,-31.1897,-101.09428,2.24563
3401,-15.56666,-50.85051,131.06466
3402,-25.81179,-85.07828,117.68394
3403,-13.69074,-45.85665,-94.88428
3404,-24.06703,-81.65836,89.83215
3405,-26.18109,-89.01309,-61.35453
3406,-24.95691,-85.16703,-18.52826
3407,-21.28558,-73.05359,42.24571
3408,-17.2063,-59.42894,-122.85186
3409,-37.78067,-130.64566,58.75546
3410,-19.77298,-69.04338,78.02233
3411,-26.39143,-92.40463,-105.70259
3412,-23.55095,-82.5431,112.67095
3413,-19.43714,-68.19572,135.46785
3414,-24.8206,-87.08644,26.45472
3415,-16.17293,-56.85087,-76.42984
3416,-27.84792,-98.41352,-43.73134
3417,-30.59415,-109.0165,14.51968
3418,-33.83797,-120.74104,-60.61625
3419,-30.21818,-110.43146,-50.94283
3420,-17.21105,-62.98958,-50.32377
3421,-11.52351,-42.48353,112.77935
3422,-19.01132,-70.74724,119.36953
3423,-7.58278,-28.35118,-41.29166
3424,-11.02661,-41.36124,25.64549
3425,-18.63124,-70.13168,8.3752
3426,-27.24232,-103.55538,31.90835
3427,-19.08506,-72.79549,98.44635
3428,-19.00543,-72.97081,50.03893
3429,-15.64749,-60.25775,-77.24026
3430,-27.83605,-107.38448,-26.37133
3431,-10.74182,-41.46398,-81.03535
3432,-28.80628,-111.35087,17.0881
3433,-36.82714,-142.73806,18.65803
3434,-26.36485,-102.89955,59.60258
3435,-29.55669,-115.37822,41.91084
3436,-24.0798,-94.04474,16.80377
3437,-13.3369,-52.26317,-75.78927
3438,-28.00979,-110.21035,-12.65935
3439,-19.10756,-76.14807,19.00114
3440,-23.07677,-92.02708,-0.24161
3441,-10.7593,-43.06808,30.84181
3442,-18.9376,-76.99205,-38.06474
3443,-24.67798,-101.00778,99.75465
3444,-16.27429,-66.62066,-69.79211
3445,-10.15308,-41.79038,9.72406
3446,-11.09593,-46.04771,-45.90875
3447,-27.13955,-113.05788,16.04011
3448,-20.64367,-86.11626,-115.52341
3449,-21.27127,-88.93755,-36.14029
3450,-23.89923,-100.19551,-78.26413
3451,-25.11069,-105.59304,-20.71714
3452,-26.71404,-112.7742,82.12947
3453,-20.17612,-85.48812,-2.5396
3454,-4.64981,-19.86848,-83.22478
3455,-13.92452,-59.8221,-65.13249
3456,-25.18019,-108.58839,95.25839
3457,-9.81235,-42.53135,31.6372
3458,-24.05177,-104.37471,-95.14574
3459,-18.66196,-81.20167,-1.56979
3460,-31.75251,-139.03231,-52.52049
3461,-22.75898,-99.68878,46.57084
3462,-15.51197,-68.10071,-82.97719
3463,-19.9731,-89.261,54.32205
3464,-5.33375,-24.24808,-6.99053
3465,-16.0009,-72.89102,-119.44958
3466,-24.28992,-111.31539,25.18991
3467,-16.93855,-78.10109,35.97912
3468,-26.91884,-124.24971,-34.584
3469,-19.49977,-90.75152,-27.48108
3470,-13.09335,-61.16738,73.88101
3471,-25.808,-121.99033,45.70239
3472,-21.24432,-100.43585,-48.42771
3473,-23.32021,-110.31747,-35.00387
3474,-10.3185,-48.8278,-41.14938
3475,-26.21976,-125.99158,-38.1556
3476,-19.58288,-95.26949,-105.47253
3477,-21.2811,-103.70141,-29.47826
3478,-17.80506,-86.7831,-14.48159
3479,-17.54991,-85.57498,113.03576
3480,-4.25794,-21.42178,10.1102
3481,-22.36248,-112.67162,6.87262
3482,-16.91518,-86.46439,9.85126
3483,-18.27667,-94.59531,95.54143
3484,-27.04868,-140.73315,12.86119
3485,-4.99067,-26.03546,-95.80354
3486,-26.34425,-138.58362,-7.07998
3487,-7.96627,-42.64092,33.03534
3488,-21.38395,-115.60888,36.65928
3489,-25.88578,-140.56895,23.96425
3490,-13.88526,-75.65493,-92.35649
3491,-21.39392,-117.35508,-21.50492
3492,-8.51949,-47.06475,137.25382
3493,-21.0194,-116.63732,-85.60383
3494,-4.04231,-22.49352,121.01359
3495,-13.8595,-77.17678,-47.7904
3496,-13.23944,-74.10313,-105.00388
3497,-13.0035,-72.83405,-106.12115
3498,-18.97359,-107.30123,-34.89382
3499,-19.76165,-114.34939,86.46927
3500,-9.83597,-56.98461,-13.1878
3501,-16.57458,-96.06611,-98.92779
3502,-21.91194,-127.19956,58.82047
3503,-13.54084,-78.81521,-18.58802
3504,-22.37137,-131.68412,-66.59947
3505,-4.86743,-29.62544,109.4649
3506,-5.40657,-33.01511,-54.53577
3507,-4.58479,-28.23218,-117.78922
3508,-12.471,-76.89933,131.29977
3509,-8.58606,-53.27368,83.12999
3510,-22.12812,-139.71784,48.29691
3511,-19.59891,-125.60596,37.17678
3512,-15.75912,-103.70886,-16.29276
3513,-21.02956,-138.62898,8.11203
3514,-7.77305,-51.53284,90.44331
3515,-8.3841,-56.23492,93.33574
3516,-3.42372,-23.16464,-10.51143
3517,-21.43688,-146.34466,-2.58593
3518,-10.72218,-73.35757,83.09291
3519,-10.21464,-69.95349,48.94391
3520,-15.76698,-110.40119,80.19645
3521,-18.88056,-133.49418,-29.11697
3522,-12.8376,-90.88607,18.49453
3523,-13.20909,-93.60527,19.04481
3524,-17.33609,-125.25264,-21.16102
3525,-8.54926,-62.46835,0.36378
3526,-10.58669,-78.88833,-63.35158
3527,-11.95374,-91.96787,19.58423
3528,-0.32206,-2.51264,47.82567
3529,-10.95485,-85.51432,-66.00298
3530,-14.85973,-118.52453,-53.09018
3531,-7.52723,-60.10752,84.47514
3532,-9.09414,-73.60446,40.11284
3533,-2.09802,-17.19472,24.9087
3534,-16.11361,-132.15267,51.80911
3535,-0.40342,-3.31134,55.923
3536,-2.11229,-17.36906,25.14945
3537,-8.15603,-67.44536,33.78229
3538,-17.57648,-147.64909,-35.64846
3539,-5.55665,-47.83799,-4.84481
3540,-10.91506,-97.2271,34.15105
3541,-11.42639,-102.72438,17.45705
3542,-11.95024,-107.76817,93.95442
3543,-2.17755,-19.65759,-125.84385
3544,-1.52553,-13.89224,3.11385
3545,-12.63338,-115.51965,27.12327
3546,-10.65507,-97.78208,-23.86467
3547,-8.62412,-80.89903,-85.74959
3548,-8.71023,-81.90251,-63.063
3549,-11.1656,-105.73776,-7.7785
3550,-11.48442,-109.23367,42.1538
3551,-9.38975,-90.44651,106.26438
3552,-5.80739,-56.7102,33.96289
3553,-8.87982,-86.71699,21.43255
3554,-14.48676,-141.9007,-23.17499
3555,-10.55089,-105.11799,38.9934
3556,-14.46421,-146.19698,-20.74314
3557,-6.56759,-66.7366,30.29234
3558,-2.33757,-24.38005,-34.3364
3559,-5.88822,-61.41526,-94.35944
3560,-4.30555,-47.00661,-84.9478
3561,-7.34871,-81.97394,79.48206
3562,-10.867,-121.42353,-12.50985
3563,-10.55154,-119.18784,5.04924
3564,-7.58904,-85.87712,101.94511
3565,-6.76331,-80.57581,-49.6324
3566,-10.4683,-124.87727,76.12965
3567,-10.19977,-123.95157,33.74035
3568,-5.97353,-72.68094,-64.95029
3569,-4.0683,-50.05947,-11.48004
3570,-8.07912,-102.80744,54.01552
3571,-10.99599,-141.70673,44.07453
3572,-10.19988,-132.37081,22.09672
3573,-7.45155,-98.03004,55.43918
3574,-5.21932,-74.57466,102.14916
3575,-10.11387,-145.17152,-11.60501
3576,-5.81826,-84.65452,107.77997
3577,-9.5743,-139.43207,35.91045
3578,-8.05413,-118.4293,-36.62148
3579,-9.48027,-140.58152,6.34752
3580,-4.04308,-60.47289,-55.98476
3581,-6.23449,-98.23616,71.23665
3582,-2.62389,-42.10864,-107.92107
3583,-4.16439,-70.64183,95.90895
3584,-4.56627,-79.60052,-128.57036
3585,-5.16835,-91.87869,-72.18736
3586,-6.03316,-107.35625,34.30969
3587,-4.97701,-88.56353,97.1841
3588,-7.32161,-130.94505,-19.73425
3589,-7.145,-130.36439,-42.69153
3590,-6.82361,-125.29782,42.93654
3591,-1.53235,-28.97996,1.37235
3592,-4.80754,-93.93107,-60.31455
3593,-4.77555,-93.36762,-101.15471
3594,-5.08131,-99.62119,-3.14918
3595,-1.43752,-28.96422,-42.04057
3596,-2.65404,-54.56055,-44.91783
3597,-3.10453,-64.85785,90.01172
3598,-2.00513,-42.02087,51.54556
3599,-5.71921,-122.91907,-53.17073
3600,-6.09823,-132.21248,-74.69456
3601,-1.77042,-38.49934,98.79327
3602,-5.45079,-118.64481,-18.43602
3603,-4.18138,-92.05701,7.05302
3604,-4.62085,-109.70768,-56.09711
3605,-5.87546,-142.03232,5.16241
3606,-3.6196,-90.18116,37.04591
3607,-4.21371,-106.70622,61.64446
3608,-1.32579,-35.43565,-48.51911
3609,-2.73483,-75.89795,113.10746
3610,-2.67299,-74.75346,-26.52526
3611,-3.75634,-113.10066,-36.96573
3612,-4.97942,-150.99731,7.90245
3613,-3.59061,-108.95006,-61.80946
3614,-2.48617,-76.30855,39.22753
3615,-3.97496,-125.64566,9.97175
3616,-2.66266,-86.48452,78.49086
3617,-3.02091,-112.15375,65.74613
3618,-2.66892,-127.13681,-27.18916
3619,-2.48066,-129.65007,-74.79954
3620,-1.31767,-70.49649,129.30024
3621,-1.87629,-105.28221,-35.85099
3622,-1.17924,-73.38177,-20.78473
3623,-1.80105,-113.23004,-45.65251
3624,-1.70082,-108.57261,39.2837
3625,-0.64,-44.40462,-23.67782
3626,-1.22148,-95.59442,0.11127
3627,-1.60183,-127.348,-30.9364
3628,-1.02274,-84.9139,31.98553
3629,-1.16676,-104.85231,20.46714
3630,-0.93555,-104.37462,-75.85767
3631,-0.49105,-58.907,75.99529
3632,-1.0422,-138.43282,24.83621
3633,-0.50682,-89.5242,-27.12738
3634,-0.52446,-129.21595,11.20217
3635,-0.31092,-91.87047,-69.07607
3636,0.13787,-121.05799,1.33007
3637,0.39383,-85.47691,-27.93916
3638,1.03896,-142.51577,42.8071
3639,0.62124,-81.21131,1.85024
3640,0.50958,-46.47972,76.23197
3641,1.06859,-89.28206,-121.56121
3642,0.41068,-33.0358,130.47145
3643,0.90052,-71.62471,107.92619
3644,1.66389,-117.58877,41.9061
3645,1.98582,-138.3985,-20.06908
3646,1.49714,-102.39308,15.15709
3647,0.74356,-35.31447,-115.1878
3648,1.64866,-76.33965,85.20955
3649,2.7179,-112.79026,-21.97165
3650,3.17517,-127.15589,27.04519
3651,0.957,-36.05506,-125.82258
3652,3.88475,-146.14434,-0.9151
3653,3.32029,-119.75256,-14.11503
3654,0.94977,-31.85399,-30.16252
3655,0.80255,-25.01508,4.21683
3656,1.56013,-45.67557,22.38658
3657,2.1485,-62.89381,30.83099
3658,2.7984,-80.25534,67.20015
3659,4.88936,-137.93137,5.34715
3660,0.70496,-18.82209,-38.05686
3661,4.15213,-109.12469,88.63483
3662,3.58208,-92.39338,33.73648
3663,3.96259,-93.78914,113.481
3664,4.46066,-104.82877,8.44768
3665,4.10742,-95.23499,79.65506
3666,4.60197,-102.44785,83.26928
3667,6.23054,-137.21507,1.30269
3668,3.83742,-82.83583,27.40654
3669,6.04716,-129.05451,43.23936
3670,3.36826,-69.36938,122.30337
3671,5.16108,-105.08955,-37.96706
3672,3.97905,-76.86205,-115.84563
3673,7.83038,-150.35394,-14.82598
3674,3.87955,-73.72705,-111.24095
3675,8.47885,-149.85108,30.40435
3676,6.67773,-117.02173,6.10306
3677,5.4916,-95.48457,-6.70752
3678,7.91574,-135.47938,-63.71964
3679,4.23879,-70.35458,-73.78748
3680,7.82852,-127.63516,-69.98306
3681,3.11233,-50.02522,144.20976
3682,8.50231,-134.22677,-13.12968
3683,7.11124,-104.19068,-66.12876
3684,10.05319,-144.07906,-9.13223
3685,9.99138,-138.08354,39.19144
3686,9.14434,-126.3496,18.61854
3687,6.00633,-82.32826,91.3924
3688,10.60599,-140.73029,14.21999
3689,9.04967,-120.00292,56.15876
3690,8.10792,-106.57973,-58.40303
3691,9.86316,-129.64263,-22.36083
3692,10.74319,-123.93389,75.17485
3693,9.04927,-101.1789,-61.80284
3694,2.56579,-28.25156,83.99123
3695,4.56019,-49.74851,28.67881
3696,6.80188,-73.9643,40.95177
3697,4.53962,-49.34988,-47.48296
3698,11.90649,-128.30695,-63.0855
3699,12.27004,-127.41636,-69.29898
3700,8.93625,-91.98024,116.35416
3701,13.20482,-134.65074,23.73403
3702,14.13226,-142.92118,30.60466
3703,13.83949,-138.49141,37.29832
3704,4.32717,-42.83343,-76.87126
3705,9.04446,-88.72668,-100.3144
3706,1.59951,-15.4734,-58.23542
3707,6.45953,-61.98058,83.60632
3708,3.11653,-29.76323,49.41476
3709,15.48632,-147.11614,-0.0042
3710,7.91957,-74.77719,68.82414
3711,11.01737,-103.82086,86.08604
3712,12.72821,-119.64518,-8.59998
3713,13.60181,-127.24343,-75.94981
3714,15.43309,-143.2662,-7.69066
3715,11.33839,-104.98983,-29.07202
3716,11.48149,-104.94538,54.71099
3717,4.63759,-42.27797,-144.00046
3718,3.59412,-32.13458,-63.51925
3719,12.86085,-112.96804,65.19173
3720,15.30843,-134.06909,1.83826
3721,16.75437,-146.34984,-21.10188
3722,6.01164,-50.68107,-135.64394
3723,16.81812,-139.84874,58.89095
3724,8.97753,-74.57346,88.94112
3725,8.33119,-68.52105,-34.61786
3726,14.32797,-117.5472,-34.91336
3727,14.27328,-116.61717,-2.24243
3728,9.02625,-73.24116,-37.20743
3729,14.71514,-117.92251,-96.21717
3730,8.39992,-66.69397,85.86926
3731,13.70907,-107.92775,-54.43784
3732,10.9893,-85.79228,-22.47468
3733,16.76394,-129.11446,63.65859
3734,10.94213,-83.73734,-21.96908
3735,15.42734,-116.6727,-34.17218
3736,17.00959,-126.98671,-70.4212
3737,15.7949,-117.88146,76.18429
3738,3.12128,-23.24196,-17.29346
3739,16.4908,-122.42624,9.7457
3740,7.87678,-57.78467,-52.35197
3741,16.41061,-120.29036,36.95176
3742,12.16764,-89.171,-58.42038
3743,9.84839,-71.91581,-54.32026
3744,7.66699,-55.88243,123.40521
3745,17.00336,-121.60271,-33.32025
3746,10.07336,-70.90268,-18.71325
3747,7.29966,-51.36222,-43.07621
3748,15.16102,-104.92872,81.15038
3749,13.81188,-94.25767,-14.35085
3750,16.49775,-112.47442,-11.77083
3751,9.17058,-62.00933,-16.62451
3752,17.43876,-116.56525,-37.25203
3753,19.57949,-129.74628,48.97176
3754,19.21848,-125.65707,50.03793
3755,15.8286,-101.05652,8.83408
3756,17.50501,-111.74006,96.02489
3757,18.77111,-118.75555,50.43025
3758,12.53246,-77.89077,90.2937
3759,14.35225,-88.9178,-69.50006
3760,0.97021,-5.96774,4.85823
3761,9.82587,-59.42006,115.82558
3762,15.88623,-95.98672,107.98361
3763,14.76868,-88.47441,-35.14809
3764,23.09845,-137.34686,37.74693
3765,13.16342,-77.76899,57.41821
3766,22.87733,-134.63979,36.80753
3767,12.24343,-72.01157,-85.37622
3768,11.52375,-66.64982,-74.883
3769,11.35312,-65.53423,135.12015
3770,21.59471,-123.02483,33.67709
3771,13.16154,-74.84402,-27.76599
3772,11.35097,-64.28895,-138.26816
3773,19.04825,-107.62399,32.49554
3774,12.30027,-69.03811,-90.4078
3775,16.30708,-90.78661,-99.00923
3776,22.54006,-123.58003,-85.94703
3777,14.79123,-80.49843,84.51066
3778,10.57584,-57.25709,-25.72106
3779,16.61177,-88.30388,24.41148
3780,9.0137,-47.65414,53.06705
3781,17.83619,-93.13519,67.7616
3782,14.41634,-75.24728,-101.16583
3783,24.36294,-126.20531,75.42541
3784,24.93332,-129.12902,-41.58119
3785,16.94975,-87.75076,52.45047
3786,9.2237,-47.69362,-38.39617
3787,18.85569,-97.31998,-30.19645
3788,13.23972,-67.95867,-127.31975
3789,7.28841,-37.16689,31.34677
3790,7.24377,-36.60699,28.74305
3791,25.76796,-128.64525,41.94051
3792,2.44548,-12.17003,-26.46457
3793,20.12762,-99.77894,-114.101
3794,3.04887,-15.10906,86.90494
3795,19.65312,-97.26859,27.94094
3796,4.71012,-22.96067,90.20108
3797,15.95689,-77.60461,-1.32987
3798,15.36443,-74.7032,-1.28257
3799,28.85365,-139.90925,-20.38131
3800,16.0319,-77.42642,-75.79402
3801,5.50348,-26.44722,8.87187
3802,25.20466,-120.81138,-12.75031
3803,18.15408,-86.30781,-25.26243
3804,19.54777,-92.62343,109.1858
3805,7.7368,-36.1905,42.22574
3806,6.14185,-28.50797,-62.75975
3807,16.27221,-75.19657,-73.47127
3808,17.17747,-79.29885,28.45986
3809,2.54105,-11.66975,111.8501
3810,20.1193,-92.20164,44.09947
3811,24.99934,-114.51919,-2.00805
3812,24.27533,-110.87237,75.69664
3813,26.0358,-118.44396,-42.09448
3814,13.28584,-60.07484,39.27382
3815,24.71987,-111.66654,56.83621
3816,24.88784,-110.83011,-57.30491
3817,28.55436,-125.96064,-7.35891
3818,20.00046,-87.4642,-72.26847
3819,13.74954,-60.12185,-119.22046
3820,15.39286,-66.74952,-109.34753
3821,19.26989,-83.27412,44.0415
3822,18.46734,-79.76991,-32.95096
3823,30.00241,-127.60412,51.52063
3824,10.7753,-45.74772,142.84243
3825,23.0043,-97.63863,-16.92249
3826,13.53469,-57.43557,-66.37147
3827,26.89068,-113.91006,3.58701
3828,29.44973,-120.61811,-50.04839
3829,28.44341,-115.68098,-31.23253
3830,34.14219,-138.49585,49.71464
3831,20.98779,-83.95273,-48.91341
3832,9.79365,-39.12067,2.96399
3833,10.60857,-42.35685,3.20814
3834,31.55413,-125.86874,55.26958
3835,36.89671,-147.17562,-2.12937
3836,22.06638,-87.63051,96.11695
3837,36.38246,-143.77124,-14.71297
3838,15.21268,-59.38465,98.96644
3839,11.77746,-45.89245,-39.50782
3840,18.20843,-69.88598,-29.95773
3841,9.22671,-34.74492,-101.33946
3842,15.59089,-58.62664,119.13359
3843,18.25243,-68.17325,66.39816
3844,20.46859,-76.38496,-42.1374
3845,7.08173,-25.78064,28.60531
3846,31.29803,-113.1951,48.08132
3847,1.75117,-6.32583,-4.93756
3848,21.548,-77.51357,-72.21283
3849,6.39018,-22.80559,-13.60794
3850,31.71521,-113.04305,71.66484
3851,33.15607,-117.91451,-16.61701
3852,41.42269,-147.09932,-9.87977
3853,11.36749,-40.22956,-37.76686
3854,32.9381,-115.96218,12.65825
3855,15.09703,-53.05361,1.75171
3856,14.55019,-51.0135,83.13655
3857,26.89192,-93.5992,70.19643
3858,39.75768,-138.24549,8.37114
3859,17.84295,-61.29656,85.95097
3860,6.97664,-23.77729,6.1157
3861,19.95604,-67.55018,118.59046
3862,34.8821,-116.71198,14.72042
3863,26.61818,-88.94953,41.82595
3864,20.52692,-68.28274,-80.02442
3865,28.39419,-93.78906,-107.06253
3866,34.20712,-112.86874,12.73434
3867,40.32108,-132.81014,46.60908
3868,29.22354,-95.89518,80.97245
3869,9.56731,-31.32199,102.41791
3870,20.28056,-65.98794,99.81157
3871,36.3344,-117.49608,85.35075
3872,1.8853,-6.05651,26.54522
3873,35.90943,-115.21587,-12.80138
3874,9.36508,-29.94293,-24.42718
3875,12.02073,-38.26261,89.98939
3876,28.57168,-90.93882,73.92378
3877,29.639,-93.95794,-117.23948
3878,23.6097,-74.65411,77.105
3879,36.79646,-116.22659,87.26349
3880,26.52578,-82.92967,12.42518
3881,33.63444,-105.12009,-12.8128
3882,33.7118,-104.70807,93.71493
3883,29.27559,-89.03351,-64.25881
3884,38.26816,-114.37686,15.91536
3885,39.86929,-118.9048,-50.82369
3886,36.89485,-110.00002,15.81903
3887,5.52906,-16.25738,149.84886
3888,29.31123,-85.99171,35.29696
3889,36.85161,-106.95283,-52.07223
3890,35.71511,-103.39455,-64.33124
3891,36.48636,-104.88281,89.54506
3892,42.93343,-123.41388,27.40461
3893,45.86538,-131.56448,52.26305
3894,11.90416,-33.99122,-83.47065
3895,28.10704,-79.58911,2.99443
3896,49.20344,-137.94526,43.93319
3897,10.77886,-30.04927,108.12524
3898,32.08858,-89.41043,77.66103
3899,27.3483,-75.54161,112.11826
3900,28.02829,-77.40263,-103.76096
3901,28.57782,-78.64074,17.07642
3902,50.46596,-138.04463,12.28578
3903,18.18589,-49.53721,-21.75298
3904,9.76538,-26.58882,62.77595
3905,21.80324,-59.29286,129.96818
3906,36.2115,-98.23717,1.67208
3907,19.15428,-51.92167,19.21302
3908,5.962,-16.01622,93.1421
3909,43.31879,-116.25207,-31.00848
3910,9.80803,-25.93807,-38.76748
3911,46.48045,-121.37754,-40.2227
3912,49.28849,-128.27829,44.69989
3913,37.50064,-97.22569,31.73558
3914,52.67519,-135.90785,-13.82427
3915,43.16266,-111.34275,36.41134
3916,36.41369,-93.60719,-8.5835
3917,22.38137,-57.3504,-28.0668
3918,41.8397,-107.07404,42.45998
3919,37.30916,-94.60418,92.62025
3920,43.11198,-109.28772,64.17481
3921,23.09406,-58.46252,23.00026
3922,45.56933,-115.08163,-32.1285
3923,11.04867,-27.69593,-90.54533
3924,25.22979,-62.8936,87.74304
3925,26.90328,-66.93317,-94.34644
3926,26.98289,-66.69722,23.16496
3927,8.48288,-20.94755,-74.34072
3928,48.16739,-117.88616,-70.50238
3929,22.33013,-54.57091,2.00805
3930,43.56669,-106.20656,-73.71611
3931,15.84808,-38.5476,-39.47513
3932,8.87305,-21.49951,29.4816
3933,40.44219,-97.5418,-0.82002
3934,45.22492,-107.49358,92.43434
3935,48.46868,-113.82131,-48.7733
3936,47.38598,-111.20154,85.27468
3937,29.353,-68.40611,-99.45103
3938,40.53427,-94.1831,106.32451
3939,51.38782,-119.20064,48.31044
3940,37.3248,-86.50035,-95.10733
3941,41.88975,-96.92115,76.77498
3942,39.90981,-92.21822,80.68114
3943,42.35607,-97.73874,88.52402
3944,40.81943,-93.72014,-85.88124
3945,41.91109,-96.04145,94.11075
3946,24.473,-55.84068,68.10472
3947,23.11588,-52.54592,29.53453
3948,40.52425,-91.96318,68.29664
3949,32.90887,-73.89068,-37.23674
3950,41.14084,-92.28404,52.00296
3951,53.76603,-119.20351,52.84949
3952,48.81444,-107.73824,67.23411
3953,31.66672,-69.84341,-0.17308
3954,31.23071,-68.47778,-91.69012
3955,40.2223,-88.05699,-86.5701
3956,41.77912,-91.29414,0.60533
3957,18.62278,-40.63507,-99.99294
3958,43.62251,-95.01075,63.36359
3959,33.2001,-72.24637,-14.24385
3960,45.63574,-99.05791,-19.89723
3961,47.72662,-103.27102,-34.58201
3962,44.89576,-96.64224,-12.53423
3963,29.506,-63.49513,-70.70012
3964,50.81819,-109.29265,81.23367
3965,48.21184,-103.59797,-49.51308
3966,17.18706,-36.91292,-94.48
3967,27.54969,-59.13109,-53.64632
3968,54.69968,-117.23064,-0.71394
3969,48.3855,-103.66325,-28.61759
3970,25.02873,-53.54013,104.49183
3971,26.52339,-56.70621,92.09585
3972,37.59029,-80.2506,38.49568
3973,37.18932,-79.1013,-0.94784
3974,53.93384,-114.52943,64.87297
3975,48.27561,-102.15506,-83.09367
3976,52.56463,-110.423,-91.78081
3977,27.37011,-57.40815,53.84816
3978,47.68996,-99.98154,-98.04257
3979,57.68277,-120.49863,44.61066
3980,23.37153,-48.41372,45.10515
3981,38.65545,-79.99834,52.70774
3982,65.66007,-135.59566,10.9959
3983,25.02329,-51.41122,74.8144
3984,56.11729,-115.13864,79.64608
3985,21.04637,-43.00529,126.95696
3986,57.80339,-117.84378,-41.13451
3987,41.3269,-84.08762,18.06393
3988,43.22276,-87.78087,101.30964
3989,23.86193,-48.0352,7.16904
3990,47.52415,-95.4691,74.70819
3991,24.81834,-49.42191,25.94588
3992,44.59526,-88.1156,60.35578
3993,31.04037,-61.3218,62.9424
3994,55.322,-109.28306,-3.86644
3995,35.37885,-69.43942,47.76887
3996,13.10698,-25.7188,-43.38492
3997,27.57854,-54.09668,-14.80615
3998,56.23178,-109.80663,41.64971
3999,43.29079,-84.07456,32.82383
4000,55.80713,-108.28053,-71.48745
4001,13.24735,-25.67504,-124.23591
4002,31.50629,-60.94412,-134.57899
4003,5.73715,-11.08922,-39.60692
4004,19.24208,-36.94213,-70.05143
4005,63.90243,-122.41889,-20.88901
4006,47.26786,-90.39938,26.40825
4007,18.96072,-36.13543,-68.43848
4008,2.36166,-4.49935,0.79277
4009,53.63378,-101.6229,19.49696
4010,28.9391,-54.60525,37.3356
4011,37.4047,-70.4643,-66.64303
4012,44.08154,-82.94663,71.75441
4013,42.53445,-79.88259,117.01529
4014,68.69207,-128.97688,40.04002
4015,22.89738,-42.76979,-69.22368
4016,61.4399,-114.25389,-74.70913
4017,53.4295,-99.32649,-29.38477
4018,40.1881,-74.55006,-4.60826
4019,67.24675,-124.65972,52.49919
4020,64.81805,-120.12323,50.56539
4021,54.52174,-100.99188,-14.96453
4022,24.96195,-46.17115,89.85125
4023,24.78438,-45.77491,-104.73687
4024,63.27904,-115.9203,59.68446
4025,38.44946,-70.32425,10.04041
4026,21.57943,-39.46706,-81.72212
4027,50.79493,-92.83056,0.50542
4028,47.70671,-86.77751,104.95839
4029,33.78373,-61.36347,-78.57172
4030,26.07807,-47.22556,70.15088
4031,30.05632,-54.09094,12.50397
4032,22.87299,-41.12969,71.60947
4033,69.71785,-124.82401,31.54551
4034,33.0345,-59.13692,83.35917
4035,38.75557,-69.33196,-46.91818
4036,58.76741,-105.05608,85.98021
4037,52.18028,-92.96472,0.65507
4038,42.42867,-75.03036,-23.8901
4039,27.42977,-48.35675,-70.89045
4040,29.05875,-51.11164,118.10033
4041,24.3697,-42.80325,124.47834
4042,12.50573,-21.95019,-66.37788
4043,65.71067,-115.13977,27.12746
4044,18.78512,-32.90643,-97.49856
4045,28.58733,-50.0214,138.90121
4046,64.687,-113.12258,-42.23884
4047,43.81731,-76.50056,71.0868
4048,4.16048,-7.25474,89.61963
4049,50.21905,-87.56312,103.70143
4050,56.19215,-97.90373,-77.2738
4051,55.05371,-95.89303,53.18602
4052,68.24855,-118.72786,-28.40224
4053,48.21474,-83.77024,-3.32514
4054,19.73244,-34.2277,-27.35442
4055,4.80279,-8.26945,-31.10462
4056,39.14017,-67.24591,-78.11456
4057,30.41262,-52.09705,31.74298
4058,32.8364,-56.05456,-56.10375
4059,55.19331,-93.94639,97.47754
4060,39.52181,-67.24349,79.30635
4061,46.78777,-79.44868,-22.36943
4062,61.14414,-103.62023,-10.50459
4063,35.25542,-59.4478,-60.97185
4064,43.72853,-73.5968,16.50358
4065,41.23788,-69.21063,71.21344
4066,47.08308,-78.96829,120.14418
4067,54.72525,-91.50507,-79.17305
4068,48.99515,-81.72997,66.40119
4069,62.62683,-104.22514,-19.53431
4070,17.88737,-29.55247,70.48286
4071,54.54288,-89.90479,45.09247
4072,30.00859,-49.36894,49.89346
4073,73.82483,-121.45055,42.5759
4074,68.68495,-112.93036,-18.82522
4075,62.6848,-102.85677,-27.06802
4076,69.67034,-113.76594,11.14495
4077,12.36604,-20.16389,-126.67651
4078,65.53064,-106.27015,16.56583
4079,69.28329,-112.34804,17.55577
4080,42.17532,-68.26217,-17.70045
4081,38.45943,-62.08731,54.68943
4082,25.28772,-40.68739,103.61702
4083,24.73477,-39.68943,101.06271
4084,50.08948,-80.36941,4.04034
4085,66.48837,-106.25045,67.26432
4086,80.45112,-127.2269,19.17024
4087,34.2386,-53.65657,-128.35097
4088,71.81192,-112.21658,62.26381
4089,61.90181,-96.64562,58.23669
4090,47.71101,-74.36198,77.47435
4091,56.38407,-87.79621,-99.37418
4092,40.32128,-62.61222,-117.00664
4093,70.93732,-109.6146,34.12891
4094,67.3255,-103.64052,84.87305
4095,48.67711,-74.73456,55.90721
4096,69.54395,-105.69225,11.75793
4097,14.14672,-21.4961,38.97878
4098,51.50784,-78.05986,42.10694
4099,61.90388,-93.59397,91.38555
4100,48.63844,-73.31634,48.15896
4101,25.12264,-37.85688,12.34211
4102,11.22725,-16.89285,121.62481
4103,18.19735,-27.35475,24.58388
4104,74.55307,-111.54196,31.19012
4105,63.3035,-94.18905,15.56363
4106,73.56365,-109.35286,-5.90263
4107,38.85218,-57.75247,83.63988
4108,47.17831,-69.91424,-24.65662
4109,54.69355,-81.04291,78.88656
4110,79.00113,-116.06928,46.58035
4111,69.88899,-102.64085,-41.38344
4112,15.55093,-22.8057,-66.49239
4113,72.49875,-106.03394,-36.41445
4114,17.50519,-25.42833,88.58344
4115,28.76854,-41.69745,73.42625
4116,27.07176,-39.21452,35.90761
4117,52.0596,-75.3238,36.10598
4118,56.91826,-82.3352,1.11998
4119,32.28388,-46.65558,-106.28688
4120,75.41771,-108.84897,51.39046
4121,45.31133,-65.30001,101.647
4122,65.01237,-93.3406,-43.55244
4123,70.82424,-101.65428,52.58009
4124,65.06166,-93.33453,71.22394
4125,81.12714,-116.08666,-2.24237
4126,64.31825,-91.88196,-71.77277
4127,50.28195,-71.80795,21.12367
4128,48.35526,-68.89602,69.14757
4129,28.76928,-40.84459,-82.26429
4130,71.80021,-101.87259,65.60516
4131,58.86945,-83.29004,-26.91264
4132,55.03459,-77.84582,-113.68495
4133,67.8121,-95.72313,31.66187
4134,72.91551,-102.78994,-4.42984
4135,55.9762,-78.90933,-40.62834
4136,58.76568,-82.77349,60.01113
4137,15.43828,-21.69982,-145.06843
4138,63.71494,-89.21636,60.37368
4139,24.01578,-33.57168,136.9773
4140,32.39091,-45.21898,-50.17006
4141,51.59979,-71.9831,61.994
4142,86.0797,-120.03203,-22.93287
4143,12.68854,-17.67656,-111.53368
4144,64.28924,-89.5321,-102.62543
4145,50.12473,-69.75483,115.69071
4146,71.11668,-98.91836,16.93742
4147,23.39916,-32.49687,56.50028
4148,67.79935,-93.9522,22.69979
4149,68.83836,-95.33956,32.30707
4150,49.27258,-67.8886,-76.65881
4151,13.64036,-18.79089,-120.02397
4152,64.31768,-88.40386,60.60522
4153,80.29155,-110.15801,41.35842
4154,78.19324,-106.90941,67.82674
4155,76.31855,-104.26723,34.30444
4156,52.85684,-72.18522,111.63353
4157,5.31613,-7.25605,-76.69438
4158,80.70172,-110.01663,32.47032
4159,84.10402,-114.56262,-29.44352
4160,48.21812,-65.4977,73.00193
4161,24.72357,-33.38786,-44.02501
4162,26.75177,-36.00871,68.12296
4163,56.07399,-75.33985,-104.16508
4164,41.66386,-55.88372,105.08663
4165,75.56405,-100.87282,55.56386
4166,38.95633,-51.89852,51.50802
4167,83.99524,-111.62079,-16.3453
4168,20.92583,-27.80409,77.27151
4169,76.71817,-101.74404,-47.1488
4170,83.8308,-110.62759,-27.20242
4171,86.07016,-113.18223,-54.30175
4172,76.46701,-100.53624,68.47387
4173,5.71132,-7.50757,84.43647
4174,42.63638,-55.89102,25.70795
4175,11.47119,-15.00634,37.06156
4176,24.13586,-31.48964,-13.34158
4177,42.24823,-55.10964,-23.34636
4178,78.46729,-102.27896,76.10627
4179,57.24631,-74.54875,106.76936
4180,25.53734,-33.19378,-109.49731
4181,65.64532,-85.04506,-10.96182
4182,70.43439,-91.17666,-65.69219
4183,56.68863,-73.2945,107.39658
4184,60.75787,-78.49233,37.32128
4185,45.93121,-59.32048,37.38423
4186,65.63216,-84.40041,16.78281
4187,20.3804,-26.20179,123.49369
4188,41.661,-53.37969,117.58165
4189,44.94521,-57.54289,35.30495
4190,79.87518,-101.75361,1.32163
4191,78.29308,-99.56809,-77.26213
4192,60.25244,-76.51735,-45.29837
4193,88.91013,-112.90865,-13.00598
4194,26.40377,-33.50654,-107.59215
4195,43.50977,-54.87574,94.53243
4196,67.183,-84.64626,57.15213
4197,41.37196,-52.09444,-37.32036
4198,75.34948,-94.81637,21.48518
4199,32.16586,-40.45616,11.95828
4200,79.29918,-99.66577,-27.87151
4201,32.96029,-41.09545,-41.2916
4202,88.93198,-110.58446,-22.48537
4203,42.2369,-52.48123,17.64081
4204,43.29619,-53.68786,-20.46383
4205,43.24183,-53.27069,115.15776
4206,65.27046,-80.26906,90.07445
4207,50.72885,-62.3616,-81.96998
4208,63.23709,-77.50344,99.71887
4209,65.73791,-80.15613,-96.81545
4210,78.61919,-95.7439,14.11716
4211,33.85749,-41.13885,10.7215
4212,28.98146,-35.19809,-21.36679
4213,76.15446,-92.31627,-53.85591
4214,58.94051,-71.27871,120.00917
4215,38.94313,-47.02336,23.68328
4216,51.08945,-60.92401,-107.03228
4217,72.7967,-86.3041,-58.99221
4218,45.86143,-54.36372,40.74233
4219,40.89987,-48.26476,-116.96603
4220,63.83127,-74.82837,37.19308
4221,67.39643,-78.97773,85.64211
4222,25.98211,-30.39802,-115.68236
4223,51.24911,-59.85675,123.14542
4224,5.33861,-6.21992,-83.7039
4225,9.29444,-10.82632,108.83815
4226,41.47965,-48.28368,126.08604
4227,11.02094,-12.76979,39.08692
4228,39.41115,-45.55404,16.22444
4229,66.46995,-76.68872,9.57576
4230,80.69914,-93.00132,-47.84261
4231,83.25837,-95.84963,-67.26295
4232,67.34582,-77.47212,40.23011
4233,9.78004,-11.24703,-19.0227
4234,50.9551,-58.3139,-41.53084
4235,81.39256,-92.99034,46.17952
4236,11.21838,-12.7967,-38.59057
4237,51.03053,-57.5953,-30.3332
4238,57.95894,-65.14123,91.98421
4239,20.15095,-22.64719,8.76388
4240,87.65521,-98.13612,34.59291
4241,70.69054,-78.96952,-52.64764
4242,46.37043,-51.64643,-11.60967
4243,74.26153,-82.65408,20.52437
4244,95.61049,-106.37498,8.26307
4245,57.70688,-64.16059,45.10478
4246,30.67924,-33.9256,123.37283
4247,62.74855,-69.37213,-106.36203
4248,20.51887,-22.37662,29.37889
4249,82.6854,-89.76224,73.07679
4250,63.84757,-69.30195,30.71037
4251,72.09036,-78.23133,44.56693
4252,45.66735,-49.51684,96.28549
4253,92.16999,-99.33476,70.32753
4254,58.81387,-63.2892,-45.9294
4255,23.05244,-24.79869,-64.84562
4256,21.06438,-22.62106,112.51768
4257,76.03772,-81.09538,-89.7216
4258,32.16039,-34.29126,-7.43196
4259,75.91617,-80.54152,32.4526
4260,42.91018,-45.44565,70.07139
4261,35.23958,-37.32127,-106.16726
4262,70.11418,-74.24761,93.28271
4263,73.57559,-77.83439,65.95905
4264,78.03036,-82.17353,98.16459
4265,69.19813,-72.86856,-7.98318
4266,57.13206,-59.85567,86.38001
4267,54.94426,-57.32652,-1.9033
4268,41.40159,-43.00663,13.30928
4269,40.44333,-41.89274,-127.37748
4270,95.42792,-98.69615,53.91339
4271,78.87472,-81.5164,47.18056
4272,89.93069,-92.59878,-15.75057
4273,96.86898,-99.53132,-0.19357
4274,66.75245,-68.55355,104.71022
4275,86.73877,-89.02192,38.23121
4276,57.32815,-58.75991,71.78391
4277,5.44097,-5.56732,150.17431
4278,38.26414,-39.04784,-15.70913
4279,27.53867,-28.07797,-99.45829
4280,66.39319,-67.28606,40.60737
4281,57.54312,-58.20073,-21.14066
4282,84.84482,-85.7737,-8.10114
4283,62.95224,-63.55351,93.45349
4284,101.57154,-102.49202,-1.06574
4285,102.83037,-103.63147,-17.68416
4286,88.03162,-88.33774,-43.02764
4287,67.44188,-67.49249,-22.11841
4288,60.90997,-60.90735,80.13176
4289,50.63052,-50.60142,9.44448
4290,81.59522,-80.84763,-65.59412
4291,22.01346,-21.7334,-77.379
4292,58.0907,-57.20802,-41.32887
4293,37.46256,-36.88166,51.09999
4294,50.5584,-49.69638,-126.88735
4295,105.10236,-102.44576,33.75563
4296,104.68886,-101.64378,9.10388
4297,78.57911,-75.84382,27.98655
4298,42.6541,-41.15209,118.2533
4299,91.79181,-88.35645,78.59814
4300,32.83593,-31.59723,-16.45541
4301,54.17278,-51.94339,109.56093
4302,33.60785,-31.90762,-14.37425
4303,88.97472,-83.86049,82.88126
4304,36.8259,-34.55946,128.96858
4305,57.4164,-53.86796,93.13268
4306,96.28742,-90.23188,-19.09751
4307,78.60846,-73.54028,27.53569
4308,57.3458,-53.61315,-2.81306
4309,48.54954,-45.37559,-67.33909
4310,73.44182,-68.6101,100.37859
4311,28.39777,-26.51537,-53.90235
4312,57.23337,-53.41895,-89.87155
4313,68.65985,-64.06402,-38.58125
4314,77.11051,-71.89551,-111.07054
4315,60.62212,-56.45387,-1.43101
4316,40.06099,-37.17482,-21.19104
4317,30.80924,-28.48126,4.94623
4318,38.21575,-35.2981,-115.75021
4319,75.39529,-69.53249,-0.42051
4320,40.33312,-36.91836,-112.23316
4321,71.80381,-65.71868,-27.36696
4322,106.82524,-97.4407,25.62235
4323,76.68345,-69.53469,77.03179
4324,26.03022,-23.53248,100.91047
4325,104.96222,-94.7954,1.67452
4326,56.55641,-51.07648,103.91826
4327,89.49855,-80.51382,-31.26411
4328,84.13043,-75.25057,5.21005
4329,87.60599,-78.03464,-8.75292
4330,64.32917,-57.17466,24.65021
4331,70.56284,-62.71359,11.87144
4332,66.72286,-59.1376,-109.80366
4333,91.28098,-80.74023,-24.0894
4334,96.44714,-85.30718,-52.57804
4335,50.93279,-45.0291,110.06279
4336,95.24989,-84.06556,84.25018
4337,84.09339,-74.19657,-90.80584
4338,26.96685,-23.78871,118.90496
4339,101.59875,-89.28982,-65.71105
4340,54.8685,-47.79577,-97.4927
4341,62.18389,-54.14686,51.61349
4342,31.49588,-27.33343,-116.03839
4343,54.8482,-47.24623,99.62959
4344,100.29104,-86.15808,20.96061
4345,52.84244,-45.1916,90.53627
4346,32.56552,-27.82896,-26.94685
4347,73.58371,-62.74801,39.29593
4348,22.36392,-19.05506,-112.36633
4349,5.24926,-4.46051,13.28094
4350,83.59142,-70.76508,91.08688
4351,13.5789,-11.40772,-23.92286
4352,24.79546,-20.78261,86.84788
4353,33.2429,-27.70684,-37.36685
4354,84.48082,-70.1661,-57.73164
4355,46.73565,-38.75227,64.49329
4356,83.13748,-68.40223,8.45142
4357,24.24329,-19.92161,136.89936
4358,84.83819,-69.38177,13.09012
4359,88.42234,-71.98997,5.50936
4360,82.08657,-66.71482,88.81716
4361,67.10408,-54.25855,98.64174
4362,105.99706,-85.64391,-65.1773
4363,51.44138,-41.52772,-69.94712
4364,83.42548,-67.30788,-93.20272
4365,47.09207,-37.94215,29.7242
4366,117.87167,-94.52222,24.96958
4367,83.81331,-67.03256,-107.93022
4368,68.25407,-54.36021,0.81372
4369,70.88,-56.37036,88.6686
4370,34.04325,-26.97182,15.27437
4371,61.72854,-48.72425,89.94245
4372,53.48568,-42.19355,137.15191
4373,31.15816,-24.55701,-36.41395
4374,56.28993,-44.27,-11.07281
4375,38.83577,-30.43276,25.80335
4376,60.45436,-47.27697,54.55851
4377,95.32598,-74.00544,55.43063
4378,64.81297,-50.27018,97.04458
4379,78.17271,-60.49387,-59.954
4380,90.56331,-70.07291,97.12435
4381,66.95221,-51.34201,-126.40414
4382,94.45996,-72.31628,-9.36667
4383,70.36144,-53.82532,117.38142
4384,69.08193,-52.80252,86.57204
4385,113.85334,-86.61448,42.56785
4386,84.67146,-64.20204,7.09198
4387,10.74001,-8.14001,-110.29084
4388,63.58174,-47.97513,-37.8426
4389,83.71957,-62.94821,-70.50394
4390,50.45239,-37.82787,-28.85776
4391,75.09914,-56.10831,111.63164
4392,15.33185,-11.41229,-108.83167
4393,47.66092,-35.36542,95.70435
4394,88.36188,-65.52056,-10.43421
4395,71.65773,-52.96257,-6.80653
4396,13.31468,-9.78248,-116.48112
4397,39.12187,-28.37633,-23.75114
4398,49.40934,-35.63105,-39.63225
4399,39.12748,-28.18082,41.05758
4400,90.11084,-64.58126,9.08046
4401,99.38723,-71.17862,-0.83317
4402,63.72255,-45.56754,9.08959
4403,44.1321,-31.55161,-7.48366
4404,43.29377,-30.72999,5.36629
4405,84.86787,-60.15048,-90.57777
4406,111.04307,-77.99089,44.00946
4407,65.46528,-45.88381,65.93569
4408,106.27148,-74.39072,20.97476
4409,33.43145,-23.3896,-12.21164
4410,100.68704,-69.82513,10.76441
4411,43.71576,-30.22572,143.62102
4412,112.37054,-77.6778,55.03692
4413,87.012,-60.04173,91.2697
4414,55.70696,-38.41523,26.7948
4415,119.84837,-82.36369,-31.57313
4416,70.99999,-48.62274,75.00833
4417,70.2895,-48.09588,76.20626
4418,100.4763,-68.36483,-31.20273
4419,85.99482,-58.42846,-37.06354
4420,54.27375,-36.80583,51.75892
4421,73.34321,-49.65219,69.95964
4422,42.02086,-28.33908,-13.34338
4423,110.37981,-74.3516,62.56542
4424,87.86052,-59.08715,-30.30394
4425,55.98933,-37.65174,37.06499
4426,8.01105,-5.38457,92.43418
4427,89.52159,-60.15716,-8.92594
4428,52.02948,-34.76117,-116.93694
4429,76.98207,-51.26852,59.56272
4430,101.01096,-66.63112,51.23111
4431,73.76506,-48.57693,-17.75445
4432,104.62517,-68.7452,30.56321
4433,42.89534,-28.11954,142.08314
4434,9.49948,-6.22587,-3.28399
4435,70.45805,-46.09802,34.0601
4436,119.75971,-78.3442,6.71413
4437,93.56123,-61.10053,-9.00771
4438,65.41151,-42.62631,-8.09143
4439,74.67374,-48.61597,-53.32459
4440,97.43972,-63.4311,-38.25592
4441,118.20763,-76.75773,-15.96614
4442,78.16387,-50.38131,38.38254
4443,55.44369,-35.67294,-82.48686
4444,92.35191,-59.21451,-36.46543
4445,64.14628,-41.1032,45.33259
4446,72.64532,-46.54655,51.34742
4447,123.38098,-78.78957,21.26791
4448,67.60644,-43.13448,46.62633
4449,94.1556,-60.04267,-57.89437
4450,27.72204,-17.38648,72.65193
4451,59.59173,-37.28609,13.78017
4452,83.6455,-52.29658,15.76472
4453,20.72048,-12.84962,83.38976
4454,85.25201,-52.71914,89.00405
4455,56.5644,-34.7909,23.73594
4456,81.9059,-50.23469,51.82715
4457,111.25493,-68.22187,-63.02464
4458,80.87901,-49.22303,105.88951
4459,70.425,-42.77866,22.42698
4460,28.15587,-17.0086,-90.94573
4461,27.40644,-16.53764,-88.27222
4462,65.98574,-39.49955,-58.48738
4463,77.4674,-46.32411,-119.99143
4464,56.67129,-33.86026,-119.81564
4465,113.39481,-67.50315,28.23454
4466,59.36237,-35.33642,-129.0898
4467,121.97605,-72.1214,12.43784
4468,112.44896,-66.46535,48.3252
4469,109.53098,-64.65354,-34.37372
4470,77.91412,-45.88389,9.40851
4471,69.21098,-40.54522,-110.35343
4472,105.56291,-61.80375,12.8868
4473,68.25425,-39.65551,53.60731
4474,118.32816,-68.09996,-42.74853
4475,100.28363,-56.89775,57.18007
4476,17.73969,-10.04916,-93.21622
4477,71.4773,-40.33562,-116.18255
4478,120.43045,-67.83317,-42.16541
4479,64.01919,-35.99171,48.38877
4480,101.07601,-56.70507,89.47015
4481,78.63565,-43.69639,95.07505
4482,11.68002,-6.4886,28.17408
4483,97.87092,-54.07275,-103.26852
4484,45.66091,-25.14385,-110.41425
4485,62.14022,-34.16521,-1.12171
4486,116.94064,-64.02287,29.81277
4487,98.69747,-53.49011,19.9834
4488,9.22742,-4.99981,1.86779
4489,61.34918,-33.23918,70.38349
4490,105.33219,-56.85856,10.88223
4491,77.55539,-41.86177,19.45004
4492,111.24144,-59.91373,-14.90833
4493,102.87117,-55.25354,85.1312
4494,29.81743,-15.9915,106.48566
4495,127.4687,-68.07077,-37.34667
4496,92.76868,-49.45042,69.35896
4497,104.38342,-55.45612,67.37598
4498,80.72437,-42.78999,-109.29151
4499,29.63837,-15.6956,-21.77006
4500,58.31971,-30.77758,-43.02979
4501,78.60365,-41.28828,4.24003
4502,47.89027,-24.94908,-36.44367
4503,84.52943,-44.00219,-51.29576
4504,91.29367,-47.46913,72.62357
4505,26.12438,-13.57096,3.19694
4506,98.40765,-51.03603,-7.5456
4507,98.12138,-50.61082,65.17125
4508,47.75186,-24.61627,85.77988
4509,30.801,-15.83586,42.50007
4510,96.24069,-49.4704,-51.31256
4511,117.08893,-60.05571,73.70921
4512,46.47378,-23.43531,-25.75522
4513,57.87788,-29.12078,109.11756
4514,62.1759,-31.20401,92.83652
4515,48.28327,-24.12061,54.80949
4516,81.76257,-40.81741,-63.41908
4517,120.95353,-60.23224,-52.98417
4518,85.98946,-42.59043,58.93613
4519,56.21706,-27.80287,58.38993
4520,68.01618,-33.51098,126.76434
4521,107.73337,-52.54689,18.02006
4522,86.19774,-41.98543,-40.71691
4523,47.69989,-23.18445,101.0872
4524,117.39177,-56.99249,58.63125
4525,72.30832,-35.0482,-2.23941
4526,97.43355,-47.16852,45.7182
4527,104.19876,-50.30644,-42.1719
4528,50.38967,-24.30049,83.49324
4529,68.88516,-33.13545,-106.46134
4530,100.41097,-47.79128,-45.60503
4531,109.25102,-51.8642,66.32712
4532,118.32234,-55.96183,63.2011
4533,86.71948,-40.95772,27.96829
4534,47.06147,-22.21167,40.32139
4535,115.52975,-54.24633,31.98795
4536,36.38467,-17.05803,85.35304
4537,38.16548,-17.60255,98.84711
4538,136.06609,-62.441,-16.37759
4539,118.99677,-54.55667,33.53867
4540,135.97576,-62.27934,30.6682
4541,43.98013,-20.12291,-1.17133
4542,60.17793,-27.42979,75.67679
4543,126.46052,-57.57359,38.93005
4544,92.55466,-41.90112,11.52768
4545,92.41549,-41.75234,-81.40186
4546,121.94469,-54.8435,-33.86225
4547,115.07458,-51.6362,77.29508
4548,101.84527,-45.6321,1.18555
4549,118.39977,-52.64413,-10.96506
4550,89.05026,-39.55195,76.80448
4551,89.40982,-39.70857,111.8375
4552,8.05662,-3.56292,-27.52647
4553,79.81327,-35.27452,-70.98335
4554,76.56935,-33.67353,53.88852
4555,81.67885,-35.92004,44.70384
4556,127.4832,-55.3134,-60.95101
4557,73.64574,-31.75722,-15.92122
4558,11.17545,-4.81826,61.38344
4559,112.27492,-48.36274,-18.29395
4560,62.38137,-26.68724,-108.58566
4561,15.36728,-6.4737,-40.23542
4562,116.82181,-48.92342,-47.12395
4563,46.76204,-19.4877,142.55165
4564,102.5041,-42.69798,64.08077
4565,86.81819,-36.13128,68.1657
4566,86.26746,-35.85046,67.19283
4567,13.02008,-5.40089,71.34818
4568,73.95767,-30.38998,-15.07626
4569,76.89665,-31.57089,-80.53634
4570,65.26901,-26.70871,-79.19623
4571,97.30664,-39.67101,85.83766
4572,18.57278,-7.57094,24.14324
4573,35.59023,-14.46891,-24.33065
4574,100.75366,-40.92572,61.63427
4575,62.79764,-25.4714,-13.05652
4576,132.89461,-53.8275,19.61793
4577,110.78994,-44.22091,84.89305
4578,24.33377,-9.70266,71.63801
4579,38.29742,-15.22504,115.57095
4580,93.27554,-36.94713,75.87318
4581,53.42673,-21.03822,-100.03175
4582,64.67315,-25.3742,-96.67402
4583,91.41035,-35.76521,7.24684
4584,96.94646,-37.92685,7.68006
4585,104.17618,-40.1425,71.91875
4586,56.14019,-21.58778,89.4101
4587,92.09235,-35.20554,102.25693
4588,126.39772,-48.31543,-0.44024
4589,49.24385,-18.78277,-45.1452
4590,105.4284,-40.15083,23.35593
4591,119.49161,-45.41998,76.17777
4592,83.22334,-31.62197,-34.33473
4593,47.78568,-18.10906,-43.78554
4594,75.46569,-28.51246,35.03288
4595,47.64934,-17.97697,134.129
4596,30.7079,-11.57684,41.32458
4597,95.36176,-35.89299,-37.84933
4598,92.36319,-34.51665,-65.18943
4599,85.39307,-31.68218,-22.82224
4600,40.89655,-15.15834,87.80309
4601,81.94652,-30.29918,6.92241
4602,104.79022,-38.73307,-72.77729
4603,10.87881,-3.96012,-97.83959
4604,76.79228,-27.2853,45.74761
4605,139.75274,-49.48973,-26.47679
4606,105.38291,-37.26122,-6.78444
4607,120.8895,-42.6,11.60561
4608,75.92837,-26.55155,61.60402
4609,105.68937,-36.78556,-13.66706
4610,100.74757,-34.5576,94.28706
4611,42.057,-14.3654,-90.93532
4612,80.72218,-27.56314,125.7808
4613,59.39659,-20.10544,49.98646
4614,79.02067,-26.69075,-14.17382
4615,1.95639,-0.65941,-100.0788
4616,79.74229,-26.85976,-39.66163
4617,6.11801,-2.04521,-42.5617
4618,47.97717,-15.88383,-54.08089
4619,81.89768,-26.88107,115.98678
4620,107.68808,-35.33613,68.20076
4621,139.72795,-45.75008,19.90166
4622,42.77844,-13.99473,-120.22035
4623,80.61262,-26.29618,49.21182
4624,111.40497,-36.13592,95.76302
4625,108.2902,-34.92294,-21.20229
4626,23.64424,-7.61942,-31.02594
4627,121.82304,-38.98584,-59.43552
4628,91.11133,-29.14348,112.26511
4629,32.10678,-10.23256,-94.36402
4630,102.33807,-32.54145,-21.55411
4631,21.77551,-6.89906,-99.34455
4632,118.09648,-37.10137,-16.20858
4633,107.71081,-33.79155,79.2558
4634,106.18376,-33.11963,-1.12174
4635,124.2384,-38.31312,64.513
4636,106.10724,-32.65921,71.5901
4637,90.26938,-27.70106,-68.3229
4638,127.14358,-39.01197,35.84927
4639,56.93979,-17.46118,79.58667
4640,54.78639,-16.61249,-37.00167
4641,103.69096,-30.98066,-11.35135
4642,106.52802,-31.76623,66.16854
4643,35.41401,-10.54571,36.62876
4644,30.77961,-9.08117,132.02532
4645,45.16981,-13.24053,-13.338
4646,90.46874,-26.37298,1.75162
4647,69.0476,-20.12069,133.09777
4648,82.16283,-23.85998,13.26956
4649,27.16788,-7.86546,78.98108
4650,122.51002,-35.3778,41.91551
4651,98.49268,-27.91624,98.47225
4652,53.77555,-15.21769,-62.00211
4653,76.81762,-21.71645,16.7473
4654,81.72164,-23.004,-4.81378
4655,77.83784,-21.81821,-123.88794
4656,71.5254,-20.02945,114.43292
4657,6.43705,-1.79583,-3.79976
4658,123.43099,-34.30217,-8.18112
4659,91.88768,-25.1761,12.27292
4660,77.06879,-20.94034,16.5809
4661,130.42025,-35.42869,-41.73017
4662,80.38279,-21.62618,39.96086
4663,79.93928,-21.36566,-104.77833
4664,128.2601,-34.17449,33.09667
4665,84.11311,-22.29641,101.49299
4666,59.01553,-15.59541,-71.34803
4667,48.02538,-12.64064,-80.84155
4668,106.16962,-27.94442,-83.81337
4669,21.34443,-5.59501,135.96215
4670,96.85837,-25.38467,97.36699
4671,89.46196,-23.39324,-38.85336
4672,126.96446,-33.19944,0.27796
4673,65.42565,-16.98676,-67.22001
4674,76.24076,-19.5024,72.76535
4675,65.70832,-16.80288,115.62445
4676,78.1738,-19.98817,-27.06336
4677,22.77887,-5.73264,-16.29477
4678,88.01229,-21.66758,105.49014
4679,88.91683,-21.82496,-46.92437
4680,74.58856,-18.096,-127.23048
4681,116.06583,-28.10579,31.90719
4682,103.43344,-24.91313,-20.46764
4683,68.307,-16.11772,-56.61483
4684,116.80482,-27.39907,-16.20949
4685,143.12042,-33.433,-30.72208
4686,90.99707,-21.24704,-63.52809
4687,123.24448,-28.75795,81.63861
4688,36.27598,-8.46213,14.39921
4689,24.21628,-5.63683,149.69423
4690,77.67151,-17.9604,48.77445
4691,13.24101,-3.03306,-73.15425
4692,130.6163,-29.87781,32.73634
4693,121.379,-27.14814,56.05418
4694,56.05846,-12.51484,-131.92304
4695,99.99935,-22.2492,-26.51407
4696,74.75949,-16.61689,63.06185
4697,44.48608,-9.77061,-80.71437
4698,76.34395,-16.67827,39.0007
4699,74.98867,-16.02944,11.76168
4700,118.45771,-25.09476,-57.50616
4701,132.65327,-26.92439,-6.22927
4702,101.84294,-20.66201,-37.19943
4703,78.32279,-15.84989,97.34659
4704,37.21293,-7.46679,134.40871
4705,104.49113,-20.92763,-18.19341
4706,15.94428,-3.17859,141.51932
4707,115.69323,-23.03128,62.90952
4708,116.67236,-23.03725,-55.08163
4709,124.8261,-24.63238,-26.03726
4710,69.51326,-13.64706,-4.32827
4711,20.16088,-3.89761,97.86903
4712,114.9965,-21.48588,-24.25432
4713,62.14914,-11.54444,-114.02919
4714,106.30771,-19.51645,96.54931
4715,101.85799,-18.46808,-56.77084
4716,74.06102,-13.40548,-12.74453
4717,87.20859,-15.75438,89.0443
4718,88.34666,-15.92493,102.97625
4719,110.18512,-19.1918,-93.82244
4720,46.25184,-8.02295,20.64577
4721,116.28876,-20.15518,42.5857
4722,56.59344,-9.79189,55.68932
4723,109.00145,-18.85088,29.73996
4724,62.28881,-10.7145,19.62836
4725,98.72633,-16.87563,-15.28015
4726,138.97365,-23.65583,-11.52241
4727,136.27556,-23.08835,64.29272
4728,98.80139,-16.30065,74.03405
4729,69.30563,-11.39529,-18.87148
4730,130.73251,-21.35737,6.52115
4731,63.44713,-10.08278,-87.82521
4732,85.88756,-13.6388,-118.85854
4733,129.67395,-19.71574,36.84065
4734,113.15324,-16.90257,93.77437
4735,32.65104,-4.85114,94.1833
4736,68.11765,-10.0399,-136.5254
4737,90.91601,-13.34599,99.58303
4738,74.2534,-10.85816,65.3397
4739,49.1735,-7.14477,1.0893
4740,112.8586,-16.38849,-31.08657
4741,4.37349,-0.63415,93.96951
4742,21.04311,-3.02545,59.57127
4743,91.56086,-13.04986,-47.69101
4744,100.79646,-14.31279,47.8362
4745,115.07033,-16.25971,75.35144
4746,107.91572,-14.96456,-51.78025
4747,52.23105,-7.10473,-103.94888
4748,121.08308,-16.35063,78.33612
4749,134.94991,-17.72003,-56.82074
4750,54.25824,-7.0146,114.14863
4751,127.44136,-16.16404,43.6795
4752,106.33496,-13.39179,-23.16171
4753,103.6259,-13.00432,98.67103
4754,128.75073,-15.96972,70.15903
4755,105.2574,-12.60525,104.74881
4756,130.82497,-15.52819,-6.9428
4757,110.01177,-13.02887,-23.522
4758,113.36064,-13.30061,-25.53194
4759,91.13666,-10.67502,-35.06628
4760,137.53797,-15.99398,62.64269
4761,36.04045,-4.08548,118.00836
4762,70.10655,-7.94139,-1.53647
4763,54.30995,-6.03765,46.23799
4764,53.56854,-5.90477,-49.70367
4765,61.3734,-6.70101,-56.80117
4766,113.87797,-12.15752,29.81801
4767,127.5453,-13.45256,5.47755
4768,57.19944,-5.97128,-29.14674
4769,59.97691,-6.1541,-60.06657
4770,106.20371,-10.38481,32.26955
4771,42.91101,-4.16041,-43.85956
4772,69.19287,-6.6789,23.12522
4773,145.4848,-13.43747,31.57417
4774,20.38957,-1.85834,78.0029
4775,144.5323,-13.171,15.76942
4776,58.24979,-5.23313,-61.92751
4777,39.6055,-3.50265,-10.07712
4778,94.05857,-8.29513,66.00691
4779,52.18562,-4.59293,106.11633
4780,57.22538,-5.02759,9.79599
4781,74.29668,-6.16914,118.56488
4782,75.44729,-6.19428,95.8007
4783,102.58577,-8.0984,13.09233
4784,30.7737,-2.41545,0.95951
4785,121.94149,-8.99797,-91.42194
4786,99.22987,-6.82529,-92.83131
4787,136.31334,-9.11366,-20.32666
4788,109.87988,-7.31909,105.40634
4789,74.18815,-4.74462,13.34884
4790,116.02537,-7.11665,75.65789
4791,130.09637,-7.95845,46.28139
4792,49.77626,-3.04016,-42.11645
4793,77.71736,-4.68378,95.41836
4794,57.84224,-3.39976,-51.40685
4795,110.43046,-5.98043,76.06938
4796,123.82129,-6.67708,-9.67566
4797,34.41655,-1.81687,84.48134
4798,60.77782,-3.15747,123.77825
4799,97.89467,-4.79301,95.97094
4800,52.65874,-2.55276,91.23725
4801,38.75276,-1.87419,-20.74236
4802,103.65882,-4.84067,43.73805
4803,81.93322,-3.77146,1.54077
4804,71.60871,-3.23423,39.47634
4805,109.58236,-4.86743,-51.92372
4806,71.73849,-3.16004,-65.34187
4807,130.81091,-5.60902,60.6595
4808,96.2276,-4.00741,-25.77707
4809,86.00906,-3.5409,-31.72858
4810,93.04731,-3.51134,-31.89651
4811,56.68937,-1.82644,10.97091
4812,78.37013,-2.50929,-26.32989
4813,22.4141,-0.70725,125.07026
4814,87.98589,-2.75219,99.43496
4815,141.48424,-4.27382,5.16723
4816,83.78002,-2.4328,-37.7195
4817,103.39212,-2.73753,-79.09984
4818,82.2917,-2.0268,-42.02011
4819,72.7028,-1.6439,98.26755
4820,131.59998,-2.95586,54.44951
4821,131.76273,-2.51365,19.04545
4822,74.95135,-1.31713,29.0249
4823,132.0346,-2.25799,34.99441
4824,66.45902,-1.11809,-129.73664
4825,10.93579,-0.16896,91.60028
4826,28.57537,-0.33296,-55.98129
4827,21.12348,-0.22279,-43.89003
4828,108.47688,-0.7799,75.99504
4829,139.71211,-0.90158,-62.70067
4830,91.81666,-0.4061,-52.83149
4831,125.99244,-0.47721,-18.80196
4832,64.60439,-0.2366,-58.65603
4833,35.60671,-0.1278,131.12087
4834,52.74707,-0.18435,71.44871
4835,115.56028,-0.27711,43.00881
4836,59.48603,-0.13896,93.99229
4837,9.39109,1.35051,-18.64539
4838,12.52509,15.30193,10.13902
4839,-5.38418,12.29192,8.35021
4840,-12.96121,-4.97105,19.76713
4841,-5.33503,-24.24741,-6.99186
4842,12.04284,-12.3766,16.06354
4843,10.88197,-9.14301,-19.17264
4844,42.96122,-9.54055,-18.19022
